t_s,x_m,y_m,z_m,vx_ms,vy_ms,vz_ms
0.0,10.0,-8.0,100.0,15.0,0.0,0.0
0.1,11.529996705039466,-8.00044461934359,100.0,14.999997568152617,-0.008541394241952957,0.0
0.2,13.059993221988833,-8.001739645308964,100.0,14.999990724229995,-0.016681517139752643,0.0
0.30000000000000004,14.589989111487322,-8.003844792125665,100.0,14.999980101270978,-0.024432795064549567,0.0
0.4,16.119983997280254,-8.006721026086737,100.0,14.999966276361718,-0.03180735781514955,0.0
0.5,17.649977560628294,-8.010330535769475,100.0,14.999949774476727,-0.03881704748659058,0.0
0.6000000000000001,19.179969535101463,-8.01463670311995,100.0,14.99993107209081,-0.04547342657697843,0.0
0.7000000000000001,20.709959701734967,-8.019604075328244,100.0,14.999910600576301,-0.051787785419790476,0.0
0.8,22.239947884525222,-8.025198337429767,100.0,14.99988874939881,-0.05777114901924879,0.0
0.9,23.769933946245878,-8.031386285575426,100.0,14.999865869123461,-0.06343428335779419,0.0
1.0,25.29991778456479,-8.038135800920115,100.0,14.999842274242704,-0.06878770123706197,0.0
1.1,26.829899328444046,-8.04541582408485,100.0,14.999818245835856,-0.07384166770697065,0.0
1.2000000000000002,28.35987853480612,-8.05319633015313,100.0,14.999794034069764,-0.07860620513150006,0.0
1.3,29.889855385450232,-8.06144830416679,100.0,14.999769860549328,-0.08309109793437375,0.0
1.4000000000000001,31.419829884203832,-8.070143717090756,100.0,14.999745920526054,-0.08730589706309962,0.0
1.5,32.94980205429498,-8.079255502219794,100.0,14.999722384972127,-0.09125992420559519,0.0
1.6,34.479771935932085,-8.08875753200366,100.0,14.999699402527266,-0.09496227578987164,0.0
1.7000000000000002,36.00973958407831,-8.098624595269982,100.0,14.9996771013249,-0.09842182679391752,0.0
1.8,37.53970506640847,-8.108832374826795,100.0,14.999655590704103,-0.10164723438996444,0.0
1.9000000000000001,39.069668461437004,-8.119357425429012,100.0,14.999634962813138,-0.10464694144468617,0.0
2.0,40.59962985680615,-8.130177152095143,100.0,14.999615294110287,-0.10742917989454451,0.0
2.1,42.12958934772406,-8.141269788762473,100.0,14.99959664676731,-0.1100019740134139,0.0
2.2,43.65954703554297,-8.152614377270506,100.0,14.999579069980603,-0.11237314358776233,0.0
2.3000000000000003,45.189503026468415,-8.164190746663998,100.0,14.99956260119485,-0.11455030701301157,0.0
2.4000000000000004,46.71945743039042,-8.175979492808175,100.0,14.999547267243807,-0.11654088432322157,0.0
2.5,48.24941035982866,-8.187961958309934,100.0,14.999533085412576,-0.11835210016491966,0.0
2.6,49.77936192898352,-8.200120212739831,100.0,14.999520064425555,-0.11999098672470769,0.0
2.7,51.309312252885725,-8.21243703315061,100.0,14.999508205364041,-0.12146438661921106,0.0
2.8000000000000003,52.83926144663746,-8.224895884888847,100.0,14.999497502517332,-0.12277895575496997,0.0
2.9000000000000004,54.3692096247383,-8.237480902696987,100.0,14.99948794417095,-0.12394116616500006,0.0
3.0,55.89915690048978,-8.250176872103738,100.0,14.999479513335471,-0.12495730882795773,0.0
3.1,57.42910338547247,-8.262969211101312,100.0,14.999472188419325,-0.12583349647512312,0.0
3.2,58.95904918909017,-8.27584395210852,100.0,14.999465943848735,-0.12657566638975282,0.0
3.3000000000000003,60.488994418175736,-8.288787724219159,100.0,14.999460750637827,-0.1271895832027483,0.0
3.4000000000000004,62.01893917665374,-8.301787735735505,100.0,14.999456576911907,-0.12768084168802735,0.0
3.5,63.54888356525514,-8.314831756987026,100.0,14.999453388386586,-0.12805486956046683,0.0
3.6,65.07882768127966,-8.327908103434709,100.0,14.999451148805539,-0.12831693027880786,0.0
3.7,66.60877161840168,-8.34100561906163,100.0,14.99944982033935,-0.12847212585546464,0.0
3.8000000000000003,68.13871546651572,-8.354113660050535,100.0,14.999449363947946,-0.128525399674763,0.0
3.9000000000000004,69.6686593116181,-8.367222078749373,100.0,14.999449739708913,-0.12848153932074324,0.0
4.0,71.198603235721,-8.380321207925789,100.0,14.999450907113928,-0.12834517941529563,0.0
4.1000000000000005,72.7285473167961,-8.393401845311667,100.0,14.99945282533542,-0.12812080446705568,0.0
4.2,74.25849162874464,-8.406455238438818,100.0,14.999455453465465,-0.12781275173116183,0.0
4.3,75.78843624139114,-8.419473069766937,100.0,14.999458750728866,-0.12742521407967927,0.0
4.4,77.31838122049831,-8.432447442104861,100.0,14.999462676672199,-0.1269622428822096,0.0
4.5,78.84832662780063,-8.445370864326165,100.0,14.999467191330613,-0.12642775089594355,0.0
4.6000000000000005,80.37827252105446,-8.458236237379996,100.0,14.999472255373977,-0.12582551516416843,0.0
4.7,81.9082189541026,-8.47103684059794,100.0,14.999477830234,-0.12515917992201636,0.0
4.800000000000001,83.43816597695145,-8.483766318297606,100.0,14.999483878213736,-0.12443225950802858,0.0
4.9,84.96811363585894,-8.496418666683427,100.0,14.999490362580923,-0.12364814127992237,0.0
5.0,86.49806197343166,-8.508988221045014,100.0,14.999497247646488,-0.12281008853277343,0.0
5.1000000000000005,88.02801102872974,-8.521469643253223,100.0,14.999504498829403,-0.1219212434176714,0.0
5.2,89.55796083737812,-8.53385790955387,100.0,14.999512082709154,-0.12098462985877065,0.0
5.300000000000001,91.0879114316829,-8.546148298658805,100.0,14.999519967066881,-0.12000315646653865,0.0
5.4,92.61786284075178,-8.558336380133865,100.0,14.99952812091623,-0.11897961944490437,0.0
5.5,94.14781509061744,-8.570418003082944,100.0,14.999536514524921,-0.11791670548992558,0.0
5.6000000000000005,95.67776820436299,-8.58238928512719,100.0,14.999545119427939,-0.11681699467752947,0.0
5.7,97.20772220224872,-8.594246601678089,100.0,14.999553908433189,-0.11568296333783264,0.0
5.800000000000001,98.73767710183932,-8.60598657550294,100.0,14.999562855620432,-0.11451698691351628,0.0
5.9,100.26763291813091,-8.617606066580953,100.0,14.999571936334254,-0.113321342799718,0.0
6.0,101.79758966367733,-8.629102162247973,100.0,14.999581127171709,-0.11209821316290389,0.0
6.1000000000000005,103.32754734871511,-8.640472167627529,100.0,14.999590405965384,-0.11084968773620246,0.0
6.2,104.85750598128683,-8.651713596345694,100.0,14.999599751762359,-0.10957776658871352,0.0
6.300000000000001,106.38746556736216,-8.662824161526983,100.0,14.999609144799695,-0.10828436286635239,0.0
6.4,107.91742611095648,-8.673801767068237,100.0,14.999618566476926,-0.10697130550184916,0.0
6.5,109.44738761424684,-8.684644499187257,100.0,14.999627999326016,-0.10564034189159428,0.0
6.6000000000000005,110.97735007768468,-8.695350618242655,100.0,14.999637426979259,-0.1042931405371059,0.0
6.7,112.50731350010551,-8.70591855082124,100.0,14.999646834135387,-0.10293129364898629,0.0
6.800000000000001,114.03727787883504,-8.71634688208898,100.0,14.999656206524426,-0.10155631971134012,0.0
6.9,115.56724320979187,-8.726634348401412,100.0,14.99966553087143,-0.10016966600473529,0.0
7.0,117.09720948758651,-8.73677983016919,100.0,14.999674794859546,-0.0987727110859081,0.0
7.1000000000000005,118.6271767056167,-8.746782344974262,100.0,14.99968398709255,-0.09736676722253669,0.0
7.2,120.15714485615901,-8.756641040931994,100.0,14.999693097057177,-0.09595308278153718,0.0
7.300000000000001,121.68711393045658,-8.766355190294465,100.0,14.999702115085407,-0.09453284456946952,0.0
7.4,123.2170839188032,-8.775924183289952,100.0,14.999711032316903,-0.09310718012377645,0.0
7.5,124.74705481062357,-8.78534752219353,100.0,14.999719840661786,-0.09167715995371666,0.0
7.6000000000000005,126.27702659454984,-8.794624815623626,100.0,14.99972853276386,-0.0902437997299922,0.0
7.7,127.80699925849451,-8.803755773059212,100.0,14.999737101964447,-0.08880806242220943,0.0
7.800000000000001,129.3369727897197,-8.812740199572312,100.0,14.999745542266906,-0.08737086038345042,0.0
7.9,130.86694717490286,-8.82157799077038,100.0,14.99975384830195,-0.0859330573813685,0.0
8.0,132.396922400199,-8.83026912794307,100.0,14.99976201529385,-0.08449547057535586,0.0
8.1,133.92689845129968,-8.838813673407877,100.0,14.999770039027567,-0.0830588724394617,0.0
8.200000000000001,135.45687531348858,-8.847211766049115,100.0,14.999777915816853,-0.08162399263086705,0.0
8.3,136.9868529716939,-8.855463617044666,100.0,14.999785642473414,-0.08019151980384599,0.0
8.4,138.5168314105378,-8.863569505774944,100.0,14.99979321627711,-0.07876210336926065,0.0
8.5,140.04681061438274,-8.871529775908519,100.0,14.999800634947267,-0.07733635519975143,0.0
8.6,141.57679056737504,-8.879344831658885,100.0,14.999807896615042,-0.07591485128089151,0.0
8.700000000000001,143.10677125348565,-8.887015134206875,100.0,14.999814999796948,-0.07449813330867702,0.0
8.8,144.63675265654834,-8.894541198283264,100.0,14.999821943369435,-0.07308671023382056,0.0
8.9,146.16673476029527,-8.901923588906179,100.0,14.999828726544601,-0.07168105975340548,0.0
9.0,147.69671754839024,-8.909162918267958,100.0,14.999835348846988,-0.07028162975054283,0.0
9.1,149.22670100445953,-8.91625984276621,100.0,14.999841810091437,-0.06888883968274982,0.0
9.200000000000001,150.75668511212064,-8.92321506017388,100.0,14.999848110362029,-0.06750308191984017,0.0
9.3,152.28666985500888,-8.930029306943199,100.0,14.999854249992028,-0.06612472303218168,0.0
9.4,153.81665521680196,-8.936703355638521,100.0,14.999860229544865,-0.06475410503023488,0.0
9.5,155.34664118124266,-8.943238012493127,100.0,14.999866049796085,-0.06339154655633913,0.0
9.600000000000001,156.87662773215985,-8.949634115085157,100.0,14.999871711716262,-0.06203734402975976,0.0
9.700000000000001,158.4066148534876,-8.955892530127983,100.0,14.999877216454838,-0.06069177274604931,0.0
9.8,159.9366025292829,-8.962014151370395,100.0,14.999882565324855,-0.05935508793181253,0.0
9.9,161.46659074374165,-8.967999897602132,100.0,14.99988775978856,-0.058027525755993396,0.0
10.0,162.99657948121336,-8.973850710760356,100.0,14.999892801443814,-0.0567093042988273,0.0
10.100000000000001,164.52656872621458,-8.979567554132837,100.0,14.999897692011345,-0.055400624479621303,0.0
10.200000000000001,166.05655846344075,-8.985151410653689,100.0,14.999902433322726,-0.05410167094453948,0.0
10.3,167.58654867777727,-8.990603281287655,100.0,14.999907027309105,-0.052812612915581585,0.0
10.4,169.11653935430905,-8.995924183499028,100.0,14.999911475990634,-0.051533605001948854,0.0
10.5,170.64653047832934,-9.001115149801446,100.0,14.99991578146657,-0.050264787974993154,0.0
10.600000000000001,172.17652203534735,-9.006177226384906,100.0,14.999919945906,-0.04900628950794457,0.0
10.700000000000001,173.7065140110951,-9.011111471816463,100.0,14.999923971539195,-0.04775822488160731,0.0
10.8,175.23650639153334,-9.015918955811198,100.0,14.999927860649514,-0.046520697657206296,0.0
10.9,176.76649916285666,-9.020600758070186,100.0,14.999931615565878,-0.04529380031755592,0.0
11.0,178.2964923114979,-9.02515796718226,100.0,14.999935238655755,-0.044077614877709156,0.0
11.100000000000001,179.8264858241318,-9.029591679586549,100.0,14.999938732318626,-0.04287221346622934,0.0
11.200000000000001,181.35647968767807,-9.033902998592836,100.0,14.999942098979929,-0.04167765887820958,0.0
11.3,182.88647388930383,-9.038093033456912,100.0,14.999945341085443,-0.04049400510114438,0.0
11.4,184.41646841642552,-9.042162898508208,100.0,14.999948461096064,-0.03932129781473729,0.0
11.5,185.9464632567102,-9.04611371232712,100.0,14.999951461483004,-0.03815957486570536,0.0
11.600000000000001,187.47645839807646,-9.049946596969514,100.0,14.999954344723326,-0.03700886671861686,0.0
11.700000000000001,189.00645382869502,-9.053662677236018,100.0,14.999957113295855,-0.035869196883773984,0.0
11.8,190.53644953698853,-9.057263079983818,100.0,14.999959769677377,-0.03474058232312584,0.0
11.9,192.06644551163146,-9.060748933478774,100.0,14.99996231633919,-0.03362303383517051,0.0
12.0,193.59644174154928,-9.064121366785738,100.0,14.999964755743882,-0.03251655641977728,0.0
12.100000000000001,195.12643821591757,-9.067381509195096,100.0,14.999967090342443,-0.03142114962383271,0.0
12.200000000000001,196.6564349241607,-9.07053048968361,100.0,14.999969322571575,-0.030336807868585967,0.0
12.3,198.1864318559503,-9.073569436407748,100.0,14.999971454851266,-0.02926352075954034,0.0
12.4,199.71642900120355,-9.076499476227738,100.0,14.999973489582565,-0.028201273379710005,0.0
12.5,201.24642635008107,-9.079321734260741,100.0,14.99997542914559,-0.02715004656703243,0.0
12.600000000000001,202.7764238929848,-9.082037333461505,100.0,14.999977275897686,-0.026109817176698778,0.0
12.700000000000001,204.30642162055565,-9.08464739422905,100.0,14.999979032171808,-0.025080558329136915,0.0
12.8,205.83641952367088,-9.087153034037929,100.0,14.999980700275026,-0.024062239644353577,0.0
12.9,207.36641759344155,-9.089555367092718,100.0,14.999982282487226,-0.023054827463315445,0.0
13.0,208.8964158212096,-9.091855504004446,100.0,14.999983781059909,-0.022058285057021693,0.0
13.100000000000001,210.42641419854493,-9.09405455148775,100.0,14.999985198215184,-0.021072572823894496,0.0
13.200000000000001,211.95641271724256,-9.096153612077568,100.0,14.999986536144814,-0.020097648476087665,0.0
13.3,213.48641136931923,-9.098153783864316,100.0,14.999987797009446,-0.019133467215288982,0.0
13.4,215.01641014701045,-9.100056160246446,100.0,14.999988982937893,-0.018179981898566396,0.0
13.5,216.54640904276715,-9.101861829699459,100.0,14.999990096026547,-0.017237143194784792,0.0
13.600000000000001,218.07640804925234,-9.103571875560393,100.0,14.999991138338872,-0.016304899732096135,0.0
13.700000000000001,219.6064071593378,-9.10518737582691,100.0,14.99999211190499,-0.015383198236983482,0.0
13.8,221.13640636610066,-9.106709402970164,100.0,14.999993018721336,-0.014471983665316893,0.0
13.9,222.6664056628199,-9.108139023760634,100.0,14.999993860750372,-0.013571199325858218,0.0
14.0,224.19640504297303,-9.109477299106178,100.0,14.999994639920413,-0.012680786996630864,0.0
14.100000000000001,225.7264045002325,-9.110725283901623,100.0,14.999995358125465,-0.011800687034550693,0.0
14.200000000000001,227.25640402846219,-9.111884026889186,100.0,14.999996017225143,-0.010930838478694983,0.0
14.3,228.78640362171404,-9.11295457052913,100.0,14.999996619044639,-0.010071179147567865,0.0
14.4,230.31640327422443,-9.113937950880036,100.0,14.999997165374733,-0.009221645730702492,0.0
14.5,231.8464029804107,-9.11483519748815,100.0,14.999997657971855,-0.008382173874923304,0.0
14.600000000000001,233.37640273486767,-9.115647333285256,100.0,14.999998098558176,-0.007552698265575059,0.0
14.700000000000001,234.9064025323642,-9.116375374494597,100.0,14.999998488821745,-0.0067331527030094675,0.0
14.8,236.43640236783975,-9.117020330544355,100.0,14.999998830416658,-0.005923470174605042,0.0
14.9,237.96640223640074,-9.11758320398827,100.0,14.99999912496324,-0.005123582922581273,0.0
15.0,239.49640213331736,-9.118064990432952,100.0,14.9999993740483,-0.004333422507854255,0.0
15.100000000000001,241.02640205402005,-9.118466678471536,100.0,14.999999579225339,-0.0035529198701675525,0.0
15.200000000000001,242.55640199409612,-9.118789249623266,100.0,14.999999742014866,-0.00278200538471937,0.0
15.3,244.08640194928643,-9.119033678278688,100.0,14.999999863904653,-0.002020608915494918,0.0
15.4,245.61640191548204,-9.119200931650138,100.0,14.999999946350071,-0.0012686598655013686,0.0
15.5,247.14640188872102,-9.119291969727177,100.0,14.999999990774405,-0.0005260872240915652,0.0
15.600000000000001,248.67640186518506,-9.119307745236728,100.0,14.999999998569209,0.00020718038844771833,0.0
15.700000000000001,250.2064018411963,-9.119249203607623,100.0,14.99999997109464,0.0009312146788772075,0.0
15.8,251.7364018132143,-9.119117282939303,100.0,14.999999909679849,0.0016460876414001238,0.0
15.9,253.26640177783258,-9.118912913974453,100.0,14.999999815623344,0.002351871520323554,0.0
16.0,254.79640173177586,-9.118637020075319,100.0,14.999999690193384,0.0030486387748475926,0.0
16.1,256.32640167189675,-9.118290517203526,100.0,14.99999953462837,0.003736462045851958,0.0
16.2,257.8564015951728,-9.117874313903178,100.0,14.999999350137257,0.004415414124557317,0.0
16.3,259.3864014987037,-9.117389311287061,100.0,14.999999137899938,0.005085567922946048,0.0
16.400000000000002,260.91640137970796,-9.116836403025792,100.0,14.999998899067688,0.005746996445834043,0.0
16.5,262.44640123552034,-9.11621647533971,100.0,14.999998634763557,0.006399772764491707,0.0
16.6,263.9764010635888,-9.115530406993411,100.0,14.9999983460828,0.007043969991718606,0.0
16.7,265.5064008614719,-9.114779069292728,100.0,14.999998034093304,0.007679661258282036,0.0
16.8,267.0364006268357,-9.113963326084068,100.0,14.999997699835998,0.00830691969063532,0.0
16.900000000000002,268.5664003574514,-9.113084033755946,100.0,14.999997344325301,0.00892581838983696,0.0
17.0,270.09640005119246,-9.112142041242617,100.0,14.999996968549526,0.009536430411596707,0.0
17.1,271.62639970603186,-9.111138190029683,100.0,14.999996573471329,0.010138828747379222,0.0
17.2,273.1563993200397,-9.110073314161584,100.0,14.99999616002812,0.010733086306500383,0.0
17.3,274.6863988913807,-9.108948240250857,100.0,14.999995729132497,0.011319275899155675,0.0
17.400000000000002,276.21639841831126,-9.10776378748909,100.0,14.99999528167267,0.011897470220323692,0.0
17.5,277.74639789917757,-9.106520767659461,100.0,14.999994818512889,0.012467741834491588,0.0
17.6,279.27639733241284,-9.105219985150816,100.0,14.999994340493865,0.013030163161152944,0.0
17.7,280.80639671653495,-9.103862236973164,100.0,14.999993848433187,0.013584806461031418,0.0
17.8,282.3363960501442,-9.102448312774563,100.0,14.999993343125741,0.014131743822986879,0.0
17.900000000000002,283.8663953319209,-9.10097899485929,100.0,14.999992825344133,0.014671047151563558,0.0
18.0,285.39639456062326,-9.099455058207267,100.0,14.999992295839098,0.0152027881551423,0.0
18.1,286.92639373508507,-9.097877270494653,100.0,14.99999175533991,0.015727038334661624,0.0
18.2,288.45639285421356,-9.096246392115562,100.0,14.99999120455478,0.01624386897287476,0.0
18.3,289.9863919169873,-9.09456317620485,100.0,14.999990644171286,0.016753351124111863,0.0
18.400000000000002,291.51639092245415,-9.09282836866193,100.0,14.999990074856743,0.017255555604518732,0.0
18.5,293.046389869729,-9.091042708175543,100.0,14.999989497258616,0.017750552982745495,0.0
18.6,294.57638875799205,-9.089206926249469,100.0,14.999988912004914,0.018238413571060257,0.0
18.7,296.1063875864867,-9.08732174722912,100.0,14.999988319704576,0.01871920741686457,0.0
18.8,297.6363863545175,-9.085387888328981,100.0,14.999987720947846,0.01919300429458921,0.0
18.900000000000002,299.16638506144864,-9.083406059660852,100.0,14.999987116306674,0.01965987369795012,0.0
19.0,300.6963837067016,-9.081376964262867,100.0,14.999986506335073,0.02011988483254577,0.0
19.1,302.22638228975376,-9.079301298129257,100.0,14.999985891569516,0.02057310660877865,0.0
19.200000000000003,303.7563808101364,-9.077179750240802,100.0,14.999985272529266,0.02101960763508448,0.0
19.3,305.28637926743306,-9.07501300259598,100.0,14.999984649716781,0.02145945621145442,0.0
19.400000000000002,306.8163776612778,-9.072801730242745,100.0,14.999984023618055,0.0218927203232357,0.0
19.5,308.3463759913535,-9.070546601310928,100.0,14.999983394702959,0.022319467635198105,0.0
19.6,309.8763742573904,-9.068248277045242,100.0,14.999982763425617,0.022739765485853932,0.0
19.700000000000003,311.40637245916423,-9.065907411838834,100.0,14.999982130224742,0.02315368088202004,0.0
19.8,312.9363705964949,-9.06352465326739,100.0,14.99998149552397,0.02356128049361162,0.0
19.900000000000002,314.4663686692449,-9.061100642123764,100.0,14.999980859732203,0.023962630648657748,0.0
20.0,315.9963666773178,-9.058636012453096,100.0,14.99998022324394,0.024357797328529645,0.0
20.1,317.5263646206567,-9.05613139158841,100.0,14.999979586439611,0.0247468461633731,0.0
20.200000000000003,319.05636249924305,-9.053587400186666,100.0,14.99997894968588,0.0251298424277371,0.0
20.3,320.58636031309504,-9.05100465226525,100.0,14.999978313335998,0.025506851036391383,0.0
20.400000000000002,322.11635806226633,-9.048383755238882,100.0,14.99997767773007,0.025877936540325806,0.0
20.5,323.64635574684473,-9.045725309956916,100.0,14.99997704319541,0.02624316312292527,0.0
20.6,325.1763533669509,-9.043029910741033,100.0,14.99997641004681,0.0266025945963141,0.0
20.700000000000003,326.70635092273704,-9.04029814542329,100.0,14.999975778586856,0.026956294397864202,0.0
20.8,328.2363484143858,-9.037530595384514,100.0,14.999975149106223,0.027304325586861827,0.0
20.900000000000002,329.76634584210893,-9.034727835593038,100.0,14.99997452188396,0.027646750841327915,0.0
21.0,331.2963432061461,-9.031890434643751,100.0,14.999973897187775,0.027983632454987386,0.0
21.1,332.82634050676387,-9.02901895479744,100.0,14.999973275274325,0.028315032334383143,0.0
21.200000000000003,334.3563377442546,-9.02611395202043,100.0,14.99997265638947,0.028641011996130474,0.0
21.3,335.88633491893506,-9.023175976024492,100.0,14.999972040768583,0.02896163256430829,0.0
21.400000000000002,337.4163320311459,-9.020205570307017,100.0,14.999971428636773,0.02927695476798322,0.0
21.5,338.94632908125,-9.01720327219142,100.0,14.99997082020918,0.029587038938863483,0.0
21.6,340.47632606963197,-9.014169612867796,100.0,14.999970215691217,0.029891945009078956,0.0
21.700000000000003,342.00632299669695,-9.011105117433782,100.0,14.999969615278829,0.03019173250908464,0.0
21.8,343.5363198628696,-9.008010304935635,100.0,14.999969019158746,0.030486460565684406,0.0
21.900000000000002,345.0663166685933,-9.004885688409496,100.0,14.999968427508717,0.03077618790017225,0.0
22.0,346.5963134143292,-9.001731774922856,100.0,14.999967840497762,0.031060972826588557,0.0
22.1,348.1263101005553,-8.998549065616166,100.0,14.999967258286397,0.03134087325008864,0.0
22.200000000000003,349.6563067277657,-8.995338055744636,100.0,14.999966681026875,0.031615946665421224,0.0
22.3,351.1863032964696,-8.992099234720165,100.0,14.999966108863413,0.03188625015551453,0.0
22.400000000000002,352.71629980719064,-8.988833086153418,100.0,14.999965541932406,0.032151840390167684,0.0
22.5,354.24629626046607,-8.985540087896029,100.0,14.999964980362652,0.03241277362484533,0.0
22.6,355.7762926568459,-8.98222071208292,100.0,14.999964424275573,0.03266910569957335,0.0
22.700000000000003,357.30628899689236,-8.978875425174733,100.0,14.99996387378541,0.03292089203793364,0.0
22.8,358.8362852811789,-8.97550468800035,100.0,14.999963328999451,0.033168187646156026,0.0
22.900000000000002,360.36628151028975,-8.972108955799513,100.0,14.999962790018209,0.03341104711230529,0.0
23.0,361.89627768481904,-8.968688678265508,100.0,14.999962256935643,0.03364952460556175,0.0
23.1,363.4262738053703,-8.965244299587935,100.0,14.999961729839336,0.033883673875593205,0.0
23.200000000000003,364.95626987255565,-8.961776258495517,100.0,14.999961208810696,0.03411354825201679,0.0
23.3,366.48626588699534,-8.95828498829898,100.0,14.99996069392514,0.03433920064394882,0.0
23.400000000000002,368.01626184931706,-8.954770916933953,100.0,14.999960185252267,0.03456068353964101,0.0
23.5,369.5462577601554,-8.951234467003925,100.0,14.999959682856062,0.0347780490062015,0.0
23.6,371.07625362015125,-8.947676055823202,100.0,14.99995918679504,0.0349913486893988,0.0
23.700000000000003,372.60624942995116,-8.944096095459898,100.0,14.99995869712244,0.03520063381354733,0.0
23.8,374.13624519020703,-8.940494992778921,100.0,14.999958213886387,0.035405955181472853,0.0
23.900000000000002,375.6662409015754,-8.936873149484972,100.0,14.999957737130053,0.03560736317455612,0.0
24.0,377.1962365647171,-8.933230962165519,100.0,14.999957266891823,0.035804907752853485,0.0
24.1,378.72623218029656,-8.929568822333767,100.0,14.999956803205448,0.03599863845529267,0.0
24.200000000000003,380.2562277489816,-8.925887116471603,100.0,14.999956346100197,0.03618860439994239,0.0
24.3,381.7862232714428,-8.922186226072505,100.0,14.999955895601019,0.0363748542843542,0.0
24.400000000000002,383.31621874835315,-8.91846652768441,100.0,14.999955451728678,0.036557436385975216,0.0
24.5,384.84621418038756,-8.914728392952552,100.0,14.999955014499898,0.03673639856263023,0.0
24.6,386.3762095682225,-8.910972188662226,100.0,14.999954583927511,0.03691178825307165,0.0
24.700000000000003,387.9062049125357,-8.90719827678151,100.0,14.999954160020588,0.037083652477596034,0.0
24.8,389.43620021400557,-8.903407014503909,100.0,14.999953742784571,0.03725203783872572,0.0
24.900000000000002,390.96619547331096,-8.89959875429093,100.0,14.999953332221413,0.037416990521954054,0.0
25.0,392.4961906911308,-8.895773843914585,100.0,14.999952928329696,0.03757855629655294,0.0
25.1,394.0261858681437,-8.891932626499797,100.0,14.999952531104766,0.037736780516441366,0.0
25.200000000000003,395.55618100502784,-8.888075440566718,100.0,14.999952140538838,0.03789170812111334,0.0
25.3,397.08617610246034,-8.884202620072955,100.0,14.999951756621135,0.03804338363662413,0.0
25.400000000000002,398.61617116111717,-8.880314494455686,100.0,14.999951379337991,0.038191851176633276,0.0
25.5,400.14616618167275,-8.876411388673668,100.0,14.99995100867297,0.038337154443503094,0.0
25.6,401.67616116479985,-8.872493623249133,100.0,14.999950644606963,0.03847933672945136,0.0
25.700000000000003,403.20615611116904,-8.868561514309556,100.0,14.999950287118324,0.038618440917756895,0.0
25.8,404.73615102144873,-8.864615373629313,100.0,14.999949936182942,0.03875450948401657,0.0
25.900000000000002,406.2661458963047,-8.86065550867119,100.0,14.999949591774365,0.03888758449745276,0.0
26.0,407.7961407364,-8.856682222627768,100.0,14.99994925386389,0.039017707622269616,0.0
26.1,409.32613554239464,-8.85269581446266,100.0,14.999948922420666,0.039144920119057076,0.0
26.200000000000003,410.85613031494546,-8.848696578951609,100.0,14.999948597411775,0.0392692628462414,0.0
26.3,412.3861250547058,-8.844684806723434,100.0,14.999948278802348,0.039390776261580836,0.0
26.400000000000002,413.9161197623255,-8.840660784300814,100.0,14.999947966555627,0.03950950042370522,0.0
26.5,415.4461144384504,-8.836624794140924,100.0,14.99994766063307,0.03962547499369841,0.0
26.6,416.97610908372263,-8.832577114675901,100.0,14.999947360994433,0.039738739236722165,0.0
26.700000000000003,418.5061036987799,-8.828518020353139,100.0,14.999947067597848,0.039849332023680385,0.0
26.8,420.0360982842557,-8.824447781675419,100.0,14.999946780399902,0.03995729183292247,0.0
26.900000000000002,421.56609284077905,-8.820366665240863,100.0,14.999946499355723,0.04006265675198468,0.0
27.0,423.0960873689744,-8.816274933782704,100.0,14.999946224419045,0.04016546447936827,0.0
27.1,424.6260818694613,-8.812172846208874,100.0,14.999945955542293,0.04026575232635329,0.0
27.200000000000003,426.1560763428546,-8.808060657641404,100.0,14.999945692676647,0.04036355721884686,0.0
27.3,427.6860707897639,-8.803938619455643,100.0,14.999945435772107,0.04045891569926494,0.0
27.400000000000002,429.21606521079394,-8.799806979319271,100.0,14.999945184777575,0.0405518639284463,0.0
27.5,430.746059606544,-8.79566598123112,100.0,14.999944939640907,0.0406424376875977,0.0
27.6,432.2760539776081,-8.791515865559798,100.0,14.99994470030898,0.0407306723802692,0.0
27.700000000000003,433.8060483245749,-8.787356869082105,100.0,14.999944466727758,0.04081660303435851,0.0
27.8,435.3360426480273,-8.783189225021246,100.0,14.999944238842351,0.04090026430414335,0.0
27.900000000000002,436.8660369485428,-8.779013163084837,100.0,14.999944016597063,0.04098169047234064,0.0
28.0,438.39603122669314,-8.774828909502693,100.0,14.99994379993546,0.04106091545219186,0.0
28.1,439.92602548304427,-8.770636687064412,100.0,14.999943588800416,0.04113797278957303,0.0
28.200000000000003,441.45601971815626,-8.76643671515673,100.0,14.999943383134182,0.04121289566512889,0.0
28.3,442.9860139325834,-8.762229209800674,100.0,14.999943182878404,0.04128571689642974,0.0
28.400000000000002,444.5160081268739,-8.75801438368847,100.0,14.999942987974213,0.041356468940150576,0.0
28.5,446.04600230157,-8.753792446220256,100.0,14.999942798362243,0.04142518389427092,0.0
28.6,447.5759964572079,-8.749563603540544,100.0,14.999942613982688,0.041491893500294946,0.0
28.700000000000003,449.1059905943177,-8.745328058574472,100.0,14.999942434775342,0.04155662914549067,0.0
28.8,450.63598471342334,-8.741086011063818,100.0,14.999942260679658,0.04161942186514752,0.0
28.900000000000002,452.1659788150426,-8.736837657602784,100.0,14.999942091634768,0.04168030234485106,0.0
29.0,453.695972899687,-8.732583191673553,100.0,14.999941927579535,0.04173930092277436,0.0
29.1,455.22596696786184,-8.7283228036816,100.0,14.999941768452592,0.041796447591984955,0.0
29.200000000000003,456.7559610200663,-8.724056680990778,100.0,14.999941614192377,0.04185177200276654,0.0
29.3,458.2859550567931,-8.719785007958158,100.0,14.999941464737171,0.04190530346495463,0.0
29.400000000000002,459.81594907852883,-8.715507965968644,100.0,14.999941320025131,0.04195707095028533,0.0
29.5,461.3459430857537,-8.711225733469323,100.0,14.999941179994325,0.04200710309475646,0.0
29.6,462.87593707894155,-8.706938486003601,100.0,14.99994104458277,0.042055428201000146,0.0
29.700000000000003,464.40593105856004,-8.702646396245077,100.0,14.999940913728446,0.04210207424066624,0.0
29.8,465.93592502507045,-8.698349634031185,100.0,14.999940787369354,0.04214706885681567,0.0
29.900000000000002,467.46591897892773,-8.694048366396581,100.0,14.999940665443516,0.042190439366323086,0.0
30.0,468.99591292058057,-8.689742757606295,100.0,14.999940547889022,0.042232212762288036,0.0
30.1,470.52590685047136,-8.685432969188629,100.0,14.999940434644047,0.042272415716453925,0.0
30.200000000000003,472.0559007690362,-8.68111915996781,100.0,14.999940325646891,0.04231107458163411,0.0
30.3,473.5858946767049,-8.676801486096403,100.0,14.99994022083598,0.04234821539414434,0.0
30.400000000000002,475.11588857390103,-8.672480101087459,100.0,14.99994012014991,0.04238386387624108,0.0
30.5,476.6458824610418,-8.668155155846424,100.0,14.999940023527465,0.042418045438564804,0.0
30.6,478.17587633853844,-8.663826798702807,100.0,14.999939930907637,0.042450785182587776,0.0
30.700000000000003,479.70587020679574,-8.659495175441583,100.0,14.999939842229638,0.042482107903065655,0.0
30.8,481.2358640662124,-8.655160429334348,100.0,14.99993975743294,0.04251203809049234,0.0
30.900000000000002,482.76585791718105,-8.650822701170235,100.0,14.999939676457279,0.04254059993355729,0.0
31.0,484.29585176008806,-8.646482129286566,100.0,14.999939599242673,0.042567817321605,0.0
31.1,485.8258455953138,-8.642138849599265,100.0,14.999939525729454,0.042593713847095815,0.0
31.200000000000003,487.3558394232325,-8.637792995633005,100.0,14.99993945585826,0.0426183128080676,0.0
31.3,488.8858332442125,-8.633444698551116,100.0,14.999939389570079,0.042641637210597834,0.0
31.400000000000002,490.415827058616,-8.629094087185246,100.0,14.999939326806244,0.04266370977126538,0.0
31.5,491.9458208667993,-8.62474128806475,100.0,14.999939267508452,0.04268455291961155,0.0
31.6,493.47581466911276,-8.620386425445847,100.0,14.99993921161879,0.042704188800599965,0.0
31.700000000000003,495.00580846590094,-8.616029621340527,100.0,14.999939159079718,0.04272263927707457,0.0
31.8,496.53580225750244,-8.611670995545191,100.0,14.999939109834125,0.04273992593221555,0.0
31.900000000000002,498.06579604425013,-8.607310665669056,100.0,14.999939063825293,0.04275607007199236,0.0
32.0,499.59578982647116,-8.6029487471623,100.0,14.999939020996948,0.04277109272761377,0.0
32.1,501.12578360448686,-8.598585353343967,100.0,14.999938981293248,0.042785014657974185,0.0
32.2,502.655777378613,-8.594220595429617,100.0,14.999938944658796,0.042797856352095875,0.0
32.300000000000004,504.1857711491597,-8.58985458255872,100.0,14.999938911038658,0.04280963803156686,0.0
32.4,505.7157649164314,-8.58548742182182,100.0,14.999938880378359,0.04282037965297374,0.0
32.5,507.2457586807272,-8.581119218287432,100.0,14.999938852623899,0.04283010091032939,0.0
32.6,508.7757524423406,-8.576750075028702,100.0,14.999938827721763,0.042838821237494766,0.0
32.7,510.3057462015597,-8.572380093149821,100.0,14.999938805618923,0.04284655981059482,0.0
32.800000000000004,511.83573995866726,-8.568009371812185,100.0,14.999938786262838,0.04285333555042785,0.0
32.9,513.3657337139406,-8.563638008260318,100.0,14.999938769601474,0.04285916712486812,0.0
33.0,514.8957274676519,-8.559266097847548,100.0,14.999938755583305,0.04286407295126131,0.0
33.1,516.425721220068,-8.554893734061434,100.0,14.999938744157314,0.042868071198812474,0.0
33.2,517.9557149714507,-8.550521008548957,100.0,14.999938735273,0.042871179790966114,0.0
33.300000000000004,519.4857087220564,-8.546148011141465,100.0,14.99993872888038,0.04287341640777822,0.0
33.4,521.0157024721368,-8.541774829879376,100.0,14.999938724929999,0.042874798488279825,0.0
33.5,522.5456962219384,-8.53740155103664,100.0,14.99993872337293,0.042875343232831806,0.0
33.6,524.0756899717028,-8.533028259144965,100.0,14.99993872416077,0.04287506760547064,0.0
33.7,525.6056837216665,-8.528655037017803,100.0,14.99993872724566,0.04287398833624491,0.0
33.800000000000004,527.1356774720615,-8.524281965774092,100.0,14.999938732580269,0.04287212192354211,0.0
33.9,528.6656712231146,-8.519909124861773,100.0,14.999938740117807,0.04286948463640572,0.0
34.0,530.1956649750482,-8.515536592081054,100.0,14.999938749812026,0.042866092516842154,0.0
34.1,531.7256587280798,-8.51116444360746,100.0,14.99993876161721,0.0428619613821173,0.0
34.2,533.2556524824224,-8.506792754014633,100.0,14.999938775488198,0.042857106827042565,0.0
34.300000000000004,534.7856462382844,-8.502421596296907,100.0,14.999938791380364,0.04285154422625008,0.0
34.4,536.3156399958696,-8.498051041891651,100.0,14.999938809249626,0.04284528873645686,0.0
34.5,537.8456337553773,-8.493681160701374,100.0,14.999938829052446,0.0428383552987178,0.0
34.6,539.3756275170026,-8.489312021115616,100.0,14.999938850745835,0.042830758640667134,0.0
34.7,540.9056212809361,-8.484943690032596,100.0,14.999938874287338,0.042822513278748336,0.0
34.800000000000004,542.435615047364,-8.480576232880638,100.0,14.999938899635051,0.04281363352043221,0.0
34.9,543.9656088164685,-8.476209713639381,100.0,14.999938926747607,0.042804133466422895,0.0
35.0,545.4956025884275,-8.471844194860745,100.0,14.999938955584186,0.04279402701285185,0.0
35.1,547.0255963634146,-8.467479737689693,100.0,14.999938986104503,0.04278332785345931,0.0
35.2,548.5555901415995,-8.463116401884761,100.0,14.999939018268812,0.04277204948176342,0.0
35.300000000000004,550.085583923148,-8.458754245838367,100.0,14.999939052037908,0.042760205193216626,0.0
35.4,551.6155777082216,-8.454393326596907,100.0,14.999939087373114,0.04274780808734931,0.0
35.5,553.1455714969782,-8.450033699880628,100.0,14.999939124236292,0.0427348710699005,0.0
35.6,554.6755652895716,-8.445675420103283,100.0,14.99993916258984,0.04272140685493555,0.0
35.7,556.205559086152,-8.441318540391578,100.0,14.999939202396671,0.04270742796695051,0.0
35.800000000000004,557.7355528868657,-8.436963112604394,100.0,14.999939243620236,0.042692946742963395,0.0
35.9,559.2655466918552,-8.43260918735181,100.0,14.999939286224507,0.042677975334591875,0.0
36.0,560.7955405012597,-8.428256814013903,100.0,14.999939330173973,0.04266252571011751,0.0
36.1,562.3255343152143,-8.423906040759343,100.0,14.999939375433648,0.0426466096565364,0.0
36.2,563.8555281338512,-8.41955691456378,100.0,14.999939421969058,0.04263023878159601,0.0
36.300000000000004,565.3855219572986,-8.415209481228018,100.0,14.999939469746238,0.042613424515818316,0.0
36.4,566.9155157856814,-8.410863785396002,100.0,14.999939518731734,0.042596178114509005,0.0
36.5,568.4455096191211,-8.40651987057257,100.0,14.999939568892604,0.042578510659752676,0.0
36.6,569.9755034577362,-8.40217777914103,100.0,14.999939620196393,0.04256043306239405,0.0
36.7,571.5054973016413,-8.397837552380526,100.0,14.999939672611163,0.042541956064005085,0.0
36.800000000000004,573.0354911509482,-8.393499230483195,100.0,14.999939726105453,0.04252309023883783,0.0
36.9,574.5654850057656,-8.389162852571143,100.0,14.999939780648306,0.042503845995763165,0.0
37.0,576.0954788661986,-8.384828456713207,100.0,14.999939836209249,0.042484233580195166,0.0
37.1,577.6254727323497,-8.38049607994153,100.0,14.999939892758285,0.0424642630760012,0.0
37.2,579.1554666043181,-8.37616575826795,100.0,14.999939950265906,0.042443944407397606,0.0
37.300000000000004,580.6854604822,-8.371837526700176,100.0,14.999940008703074,0.042423287340830944,0.0
37.4,582.2154543660889,-8.36751141925779,100.0,14.999940068041226,0.042402301486844866,0.0
37.5,583.7454482560752,-8.363187468988052,100.0,14.99994012825226,0.0423809963019324,0.0
37.6,585.2754421522463,-8.358865707981519,100.0,14.999940189308543,0.04235938109037382,0.0
37.7,586.8054360546873,-8.354546167387477,100.0,14.999940251182897,0.042337465006059914,0.0
37.800000000000004,588.3354299634802,-8.35022887742919,100.0,14.9999403138486,0.042315257054300726,0.0
37.9,589.8654238787044,-8.345913867418954,100.0,14.999940377279376,0.042292766093619746,0.0
38.0,591.3954178004365,-8.341601165772987,100.0,14.9999404414494,0.04227000083753344,0.0
38.1,592.9254117287506,-8.337290800026125,100.0,14.999940506333283,0.04224696985631629,0.0
38.2,594.4554056637184,-8.332982796846341,100.0,14.999940571906073,0.04222368157875118,0.0
38.300000000000004,595.9853996054087,-8.32867718204909,100.0,14.99994063814326,0.042200144293865184,0.0
38.400000000000006,597.5153935538882,-8.324373980611472,100.0,14.999940705020741,0.04217636615265079,0.0
38.5,599.0453875092209,-8.320073216686229,100.0,14.999940772514858,0.04215235516977252,0.0
38.6,600.5753814714685,-8.315774913615558,100.0,14.999940840602358,0.042128119225258935,0.0
38.7,602.1053754406904,-8.31147909394476,100.0,14.999940909260403,0.04210366606618011,0.0
38.800000000000004,603.6353694169436,-8.307185779435716,100.0,14.999940978466569,0.04207900330831057,0.0
38.900000000000006,605.1653634002829,-8.302894991080192,100.0,14.999941048198831,0.04205413843777762,0.0
39.0,606.6953573907609,-8.298606749112981,100.0,14.99994111843557,0.04202907881269522,0.0
39.1,608.225351388428,-8.294321073024877,100.0,14.999941189155559,0.04200383166478333,0.0
39.2,609.7553453933323,-8.29003798157548,100.0,14.99994126033796,0.04197840410097279,0.0
39.300000000000004,611.28533940552,-8.285757492805851,100.0,14.999941331962324,0.04195280310499574,0.0
39.400000000000006,612.8153334250351,-8.281479624050988,100.0,14.99994140400858,0.04192703553896167,0.0
39.5,614.3453274519197,-8.277204391952155,100.0,14.99994147645704,0.04190110814491909,0.0
39.6,615.8753214862138,-8.272931812469052,100.0,14.999941549288383,0.04187502754640278,0.0
39.7,617.4053155279555,-8.268661900891814,100.0,14.999941622483657,0.04184880024996679,0.0
39.800000000000004,618.935309577181,-8.264394671852878,100.0,14.999941696024273,0.041822432646703205,0.0
39.900000000000006,620.4653036339245,-8.26013013933867,100.0,14.999941769891997,0.04179593101374661,0.0
40.0,621.9952976982185,-8.255868316701163,100.0,14.999941844068958,0.041769301515764426,0.0
40.1,623.5252917700936,-8.251609216669262,100.0,14.999941918537626,0.04174255020643308,0.0
40.2,625.0552858495788,-8.24735285136006,100.0,14.99994199328082,0.041715683029900155,0.0
40.300000000000004,626.5852799367012,-8.243099232289921,100.0,14.999942068281694,0.04168870582223236,0.0
40.400000000000006,628.1152740314863,-8.238848370385451,100.0,14.999942143523741,0.04166162431284966,0.0
40.5,629.6452681339576,-8.234600275994282,100.0,14.99994221899079,0.04163444412594542,0.0
40.6,631.1752622441376,-8.230354958895743,100.0,14.999942294666987,0.041607170781892626,0.0
40.7,632.7052563620465,-8.22611242831138,100.0,14.99994237053681,0.041579809698636366,0.0
40.800000000000004,634.2352504877035,-8.221872692915325,100.0,14.999942446585045,0.04155236619307247,0.0
40.900000000000006,635.765244621126,-8.217635760844537,100.0,14.9999425227968,0.04152484548241252,0.0
41.0,637.29523876233,-8.2134016397089,100.0,14.99994259915749,0.041497252685535155,0.0
41.1,638.8252329113297,-8.209170336601185,100.0,14.99994267565283,0.04146959282432383,0.0
41.2,640.3552270681384,-8.204941858106869,100.0,14.999942752268842,0.04144187082499106,0.0
41.300000000000004,641.8852212327677,-8.200716210313834,100.0,14.999942828991838,0.041414091519389185,0.0
41.400000000000006,643.4152154052276,-8.19649339882192,100.0,14.999942905808425,0.0413862596463078,0.0
41.5,644.9452095855272,-8.192273428752353,100.0,14.999942982705498,0.04135837985275785,0.0
41.6,646.4752037736739,-8.188056304757039,100.0,14.999943059670239,0.04133045669524244,0.0
41.7,648.0051979696741,-8.183842031027734,100.0,14.9999431366901,0.041302494641014514,0.0
41.800000000000004,649.5351921735327,-8.179630611305077,100.0,14.999943213752816,0.04127449806932144,0.0
41.900000000000006,651.0651863852535,-8.175422048887512,100.0,14.999943290846387,0.04124647127263647,0.0
42.0,652.595180604839,-8.171216346640069,100.0,14.999943367959087,0.041218418457877416,0.0
42.1,654.1251748322907,-8.16701350700303,100.0,14.99994344507945,0.041190343747612254,0.0
42.2,655.6551690676087,-8.162813532000476,100.0,14.999943522196263,0.04116225118125201,0.0
42.300000000000004,657.1851633107921,-8.158616423248699,100.0,14.99994359929858,0.041134144716230926,0.0
42.400000000000006,658.7151575618389,-8.15442218196451,100.0,14.999943676375695,0.041106028229173905,0.0
42.5,660.2451518207458,-8.150230808973422,100.0,14.999943753417154,0.04107790551705143,0.0
42.6,661.7751460875089,-8.146042304717714,100.0,14.999943830412747,0.04104978029832196,0.0
42.7,663.305140362123,-8.141856669264378,100.0,14.999943907352504,0.04102165621406193,0.0
42.800000000000004,664.8351346445818,-8.13767390231296,100.0,14.99994398422668,0.04099353682908333,0.0
42.900000000000006,666.3651289348782,-8.133494003203278,100.0,14.999944061025785,0.04096542563303913,0.0
43.0,667.8951232330039,-8.129316970923036,100.0,14.999944137740533,0.040937326041516425,0.0
43.1,669.4251175389501,-8.125142804115315,100.0,14.999944214361877,0.04090924139711755,0.0
43.2,670.9551118527066,-8.120971501085972,100.0,14.999944290880984,0.040881174970529156,0.0
43.300000000000004,672.4851061742627,-8.11680305981091,100.0,14.999944367289245,0.04085312996157928,0.0
43.400000000000006,674.0151005036065,-8.112637477943267,100.0,14.99994444357826,0.040825109500282675,0.0
43.5,675.5450948407256,-8.108474752820465,100.0,14.99994451973984,0.04079711664787431,0.0
43.6,677.0750891856064,-8.104314881471186,100.0,14.999944595766001,0.04076915439783115,0.0
43.7,678.6050835382349,-8.100157860622229,100.0,14.99994467164897,0.04074122567688245,0.0
43.800000000000004,680.1350778985959,-8.096003686705263,100.0,14.999944747381166,0.04071333334600835,0.0
43.900000000000006,681.6650722666739,-8.091852355863484,100.0,14.999944822955207,0.04068548020142721,0.0
44.0,683.195066642452,-8.08770386395817,100.0,14.99994489836391,0.040657668975571534,0.0
44.1,684.7250610259134,-8.083558206575141,100.0,14.999944973600272,0.04062990233805252,0.0
44.2,686.25505541704,-8.079415379031113,100.0,14.99994504865748,0.04060218289661365,0.0
44.300000000000004,687.7850498158132,-8.07527537637996,100.0,14.999945123528908,0.04057451319807302,0.0
44.400000000000006,689.3150442222136,-8.071138193418884,100.0,14.999945198208117,0.0405468957292547,0.0
44.5,690.8450386362214,-8.067003824694485,100.0,14.999945272688826,0.040519332917909164,0.0
44.6,692.375033057816,-8.062872264508737,100.0,14.999945346964948,0.040491827133622996,0.0
44.7,693.9050274869763,-8.058743506924879,100.0,14.999945421030553,0.040464380688717654,0.0
44.800000000000004,695.4350219236806,-8.054617545773205,100.0,14.99994549487989,0.040436995839137756,0.0
44.900000000000006,696.9650163679063,-8.050494374656774,100.0,14.999945568507364,0.040409674785328635,0.0
45.0,698.4950108196307,-8.046373986957024,100.0,14.999945641907551,0.04038241967310355,0.0
45.1,700.0250052788302,-8.042256375839298,100.0,14.999945715075178,0.04035523259450036,0.0
45.2,701.5549997454809,-8.038141534258289,100.0,14.999945788005137,0.040328115588628026,0.0
45.300000000000004,703.0849942195583,-8.034029454963395,100.0,14.999945860692465,0.040301070642502684,0.0
45.400000000000006,704.6149887010374,-8.02992013050399,100.0,14.999945933132357,0.040274099691873795,0.0
45.5,706.1449831898927,-8.025813553234608,100.0,14.999946005320156,0.040247204622040074,0.0
45.6,707.6749776860984,-8.021709715320048,100.0,14.999946077251343,0.04022038726865554,0.0
45.7,709.2049721896279,-8.017608608740401,100.0,14.999946148921548,0.040193649418525615,0.0
45.800000000000004,710.7349667004545,-8.01351022529599,100.0,14.999946220326542,0.04016699281039349,0.0
45.900000000000006,712.2649612185509,-8.009414556612228,100.0,14.999946291462233,0.04014041913571672,0.0
46.0,713.7949557438893,-8.005321594144405,100.0,14.999946362324659,0.04011393003943422,0.0
46.1,715.3249502764419,-8.001231329182396,100.0,14.999946432909997,0.04008752712072372,0.0
46.2,716.85494481618,-7.997143752855286,100.0,14.99994650321455,0.04006121193374975,0.0
46.300000000000004,718.3849393630749,-7.993058856135926,100.0,14.99994657323475,0.040034985988402244,0.0
46.400000000000006,719.9149339170973,-7.98897662984541,100.0,14.999946642967153,0.04000885075102593,0.0
46.5,721.4449284782178,-7.984897064657478,100.0,14.999946712408441,0.039982807645140395,0.0
46.6,722.9749230464065,-7.980820151102851,100.0,14.999946781555412,0.039956858052151156,0.0
46.7,724.5049176216332,-7.976745879573486,100.0,14.999946850404987,0.03993100331205161,0.0
46.800000000000004,726.0349122038675,-7.9726742403267705,100.0,14.999946918954196,0.039905244724116086,0.0
46.900000000000006,727.5649067930785,-7.968605223489634,100.0,14.999946987200191,0.039879583547584,0.0
47.0,729.0949013892352,-7.964538819062599,100.0,14.999947055140225,0.03985402100233527,0.0
47.1,730.6248959923063,-7.9604750169237635,100.0,14.999947122771673,0.039828558269557,0.0
47.2,732.1548906022601,-7.95641380683271,100.0,14.999947190092003,0.03980319649240152,0.0
47.300000000000004,733.6848852190648,-7.952355178434356,100.0,14.9999472570988,0.03977793677663602,0.0
47.400000000000006,735.2148798426882,-7.948299121262727,100.0,14.999947323789742,0.039752780191283546,0.0
47.5,736.7448744730981,-7.944245624744681,100.0,14.999947390162616,0.03972772776925578,0.0
47.6,738.2748691102619,-7.940194678203552,100.0,14.999947456215304,0.0397027805079775,0.0
47.7,739.8048637541468,-7.93614627086274,100.0,14.99994752194578,0.039677939370002746,0.0
47.800000000000004,741.3348584047199,-7.93210039184924,100.0,14.999947587352121,0.039653205283623025,0.0
47.900000000000006,742.8648530619479,-7.928057030197101,100.0,14.999947652432494,0.03962857914346733,0.0
48.0,744.3948477257976,-7.92401617485083,100.0,14.999947717185153,0.03960406181109424,0.0
48.1,745.9248423962355,-7.919977814668737,100.0,14.999947781608444,0.03957965411557617,0.0
48.2,747.4548370732278,-7.915941938426219,100.0,14.999947845700802,0.03955535685407579,0.0
48.300000000000004,748.9848317567408,-7.911908534818981,100.0,14.999947909460746,0.0395311707924147,0.0
48.400000000000006,750.5148264467405,-7.907877592466208,100.0,14.999947972886874,0.03950709666563451,0.0
48.5,752.0448211431927,-7.903849099913677,100.0,14.999948035977875,0.03948313517855032,0.0
48.6,753.5748158460633,-7.899823045636807,100.0,14.999948098732508,0.03945928700629668,0.0
48.7,755.1048105553177,-7.895799418043662,100.0,14.999948161149618,0.03943555279486621,0.0
48.800000000000004,756.6348052709216,-7.891778205477896,100.0,14.99994822322812,0.039411933161640836,0.0
48.900000000000006,758.1647999928402,-7.887759396221645,100.0,14.999948284967015,0.03938842869591576,0.0
49.0,759.6947947210391,-7.8837429784983595,100.0,14.999948346365363,0.03936503995941628,0.0
49.1,761.2247894554833,-7.879728940475599,100.0,14.999948407422307,0.0393417674868075,0.0
49.2,762.7547841961382,-7.875717270267759,100.0,14.999948468137056,0.03931861178619696,0.0
49.300000000000004,764.2847789429685,-7.871707955938758,100.0,14.999948528508886,0.03929557333963038,0.0
49.400000000000006,765.8147736959394,-7.86770098550467,100.0,14.999948588537144,0.03927265260358046,0.0
49.5,767.3447684550158,-7.863696346936306,100.0,14.999948648221242,0.03924985000942892,0.0
49.6,768.8747632201625,-7.859694028161752,100.0,14.999948707560652,0.03922716596394174,0.0
49.7,770.4047579913445,-7.855694017068854,100.0,14.999948766554914,0.03920460084973783,0.0
49.800000000000004,771.9347527685263,-7.851696301507654,100.0,14.999948825203623,0.03918215502575101,0.0
49.900000000000006,773.4647475516729,-7.847700869292789,100.0,14.999948883506443,0.03915982882768556,0.0
50.0,774.9947423407488,-7.843707708205833,100.0,14.99994894146309,0.03913762256846525,0.0
50.1,776.5247371357187,-7.839716805997596,100.0,14.99994899907334,0.039115536538676034,0.0
50.2,778.0547319365473,-7.835728150390384,100.0,14.999949056337023,0.039093571007002434,0.0
50.300000000000004,779.5847267431993,-7.83174172908021,100.0,14.999949113254022,0.03907172622065768,0.0
50.400000000000006,781.1147215556393,-7.8277575297389586,100.0,14.999949169824282,0.0390500024058077,0.0
50.5,782.6447163738319,-7.823775540016515,100.0,14.999949226047786,0.039028399767988976,0.0
50.6,784.1747111977418,-7.819795747542848,100.0,14.99994928192458,0.03900691849252042,0.0
50.7,785.7047060273335,-7.815818139930047,100.0,14.999949337454753,0.038985558744909256,0.0
50.800000000000004,787.2347008625717,-7.811842704774328,100.0,14.99994939263845,0.03896432067125101,0.0
50.900000000000006,788.7646957034211,-7.8078694296579885,100.0,14.999949447475855,0.03894320439862369,0.0
51.0,790.2946905498465,-7.803898302151329,100.0,14.999949501967198,0.0389222100354762,0.0
51.1,791.8246854018124,-7.799929309814535,100.0,14.999949556112758,0.038901337672011045,0.0
51.2,793.3546802592837,-7.795962440199514,100.0,14.999949609912859,0.03888058738056144,0.0
51.300000000000004,794.8846751222251,-7.791997680851704,100.0,14.999949663367865,0.03885995921596282,0.0
51.400000000000006,796.4146699906014,-7.788035019311839,100.0,14.999949716478183,0.03883945321591887,0.0
51.5,797.9446648643775,-7.784074443117673,100.0,14.999949769244257,0.03881906940136212,0.0
51.6,799.4746597435184,-7.780115939805676,100.0,14.999949821666572,0.03879880777680916,0.0
51.7,801.0046546279889,-7.776159496912691,100.0,14.999949873745662,0.03877866833071059,0.0
51.800000000000004,802.5346495177541,-7.772205101977554,100.0,14.999949925482081,0.0387586510357956,0.0
51.900000000000006,804.0646444127791,-7.7682527425426775,100.0,14.999949976876431,0.038738755849411534,0.0
52.0,805.594639313029,-7.764302406155607,100.0,14.999950027929346,0.03871898271385821,0.0
52.1,807.124634218469,-7.760354080370534,100.0,14.999950078641497,0.03869933155671723,0.0
52.2,808.6546291290645,-7.756407752749785,100.0,14.999950129013587,0.03867980229117628,0.0
52.300000000000004,810.1846240447807,-7.752463410865269,100.0,14.999950179046351,0.03866039481634844,0.0
52.400000000000006,811.714618965583,-7.748521042299899,100.0,14.999950228740557,0.038641109017586724,0.0
52.5,813.244613891437,-7.7445806346489805,100.0,14.999950278097005,0.03862194476679366,0.0
52.6,814.7746088223082,-7.7406421755215655,100.0,14.999950327116526,0.03860290192272622,0.0
52.7,816.3046037581624,-7.7367056525417786,100.0,14.999950375799974,0.038583980331295946,0.0
52.800000000000004,817.8345986989654,-7.732771053350113,100.0,14.99995042414824,0.038565179825864535,0.0
52.900000000000006,819.3645936446828,-7.728838365604695,100.0,14.99995047216224,0.03854650022753473,0.0
53.0,820.8945885952808,-7.724907576982517,100.0,14.999950519842914,0.03852794134543672,0.0
53.1,822.4245835507253,-7.72097867518065,100.0,14.999950567191227,0.03850950297701003,0.0
53.2,823.9545785109825,-7.7170516479174145,100.0,14.99995061420818,0.038491184908281066,0.0
53.300000000000004,825.4845734760187,-7.7131264829335375,100.0,14.999950660894784,0.038472986914136184,0.0
53.400000000000006,827.0145684458001,-7.7092031679932695,100.0,14.999950707252088,0.03845490875859049,0.0
53.5,828.5445634202933,-7.705281690885482,100.0,14.99995075328115,0.038436950195052395,0.0
53.6,830.074558399465,-7.701362039424737,100.0,14.99995079898306,0.03841911096658393,0.0
53.7,831.6045533832817,-7.697444201452325,100.0,14.99995084435893,0.038401390806156926,0.0
53.800000000000004,833.1345483717101,-7.693528164837287,100.0,14.999950889409886,0.038383789436905055,0.0
53.900000000000006,834.6645433647174,-7.689613917477399,100.0,14.999950934137084,0.038366306572371875,0.0
54.0,836.1945383622704,-7.685701447300144,100.0,14.99995097854169,0.0383489419167548,0.0
54.1,837.7245333643363,-7.681790742263648,100.0,14.9999510226249,0.03833169516514521,0.0
54.2,839.2545283708824,-7.677881790357598,100.0,14.999951066387915,0.038314566003764546,0.0
54.300000000000004,840.7845233818762,-7.673974579604135,100.0,14.999951109831965,0.03829755411019668,0.0
54.400000000000006,842.314518397285,-7.670069098058723,100.0,14.999951152958289,0.038280659153616406,0.0
54.5,843.8445134170768,-7.666165333810996,100.0,14.999951195768155,0.038263880795014193,0.0
54.6,845.3745084412191,-7.66226327498558,100.0,14.999951238262833,0.03824721868741722,0.0
54.7,846.9045034696799,-7.658362909742895,100.0,14.999951280443614,0.03823067247610679,0.0
54.800000000000004,848.4344985024272,-7.6544642262799325,100.0,14.999951322311809,0.038214241798832135,0.0
54.900000000000006,849.9644935394293,-7.650567212831016,100.0,14.999951363868734,0.0381979262860206,0.0
55.0,851.4944885806544,-7.646671857668532,100.0,14.999951405115723,0.03818172556098442,0.0
55.1,853.0244836260711,-7.642778149103653,100.0,14.99995144605413,0.038165639240123894,0.0
55.2,854.5544786756477,-7.638886075487024,100.0,14.999951486685314,0.03814966693312726,0.0
55.300000000000004,856.0844737293532,-7.6349956252094415,100.0,14.99995152701064,0.0381338082431671,0.0
55.400000000000006,857.6144687871565,-7.6311067867025075,100.0,14.999951567031506,0.038118062767093515,0.0
55.5,859.1444638490265,-7.627219548439264,100.0,14.999951606749297,0.03810243009562384,0.0
55.6,860.6744589149323,-7.62333389893481,100.0,14.999951646165426,0.03808690981352934,0.0
55.7,862.2044539848432,-7.619449826746896,100.0,14.999951685281307,0.03807150149981851,0.0
55.800000000000004,863.7344490587287,-7.615567320476505,100.0,14.999951724098372,0.03805620472791729,0.0
55.900000000000006,865.2644441365585,-7.611686368768413,100.0,14.999951762618052,0.03804101906584621,0.0
56.0,866.7944392183022,-7.607806960311728,100.0,14.9999518008418,0.03802594407639438,0.0
56.1,868.3244343039297,-7.603929083840419,100.0,14.99995183877106,0.03801097931729047,0.0
56.2,869.8544293934111,-7.600052728133821,100.0,14.999951876407305,0.03799612434137077,0.0
56.300000000000004,871.3844244867166,-7.596177882017124,100.0,14.999951913752001,0.03798137869674417,0.0
56.400000000000006,872.9144195838164,-7.592304534361852,100.0,14.999951950806624,0.03796674192695434,0.0
56.5,874.4444146846812,-7.588432674086316,100.0,14.999951987572663,0.03795221357113897,0.0
56.6,875.9744097892815,-7.584562290156055,100.0,14.999952024051606,0.03793779316418622,0.0
56.7,877.5044048975881,-7.580693371584265,100.0,14.99995206024495,0.03792348023688835,0.0
56.800000000000004,879.0344000095719,-7.576825907432205,100.0,14.999952096154201,0.03790927431609264,0.0
56.900000000000006,880.564395125204,-7.572959886809597,100.0,14.99995213178087,0.0378951749248495,0.0
57.0,882.0943902444558,-7.569095298874999,100.0,14.999952167126462,0.03788118158255801,0.0
57.1,883.6243853672985,-7.565232132836176,100.0,14.999952202192507,0.03786729380510876,0.0
57.2,885.1543804937038,-7.561370377950445,100.0,14.999952236980523,0.03785351110502408,0.0
57.300000000000004,886.6843756236434,-7.557510023525019,100.0,14.999952271492038,0.037839832991595726,0.0
57.400000000000006,888.2143707570892,-7.553651058917321,100.0,14.999952305728582,0.037826258971020016,0.0
57.5,889.7443658940132,-7.549793473535299,100.0,14.999952339691694,0.037812788546530515,0.0
57.6,891.2743610343875,-7.545937256837719,100.0,14.999952373382909,0.03779942121852816,0.0
57.7,892.8043561781847,-7.542082398334449,100.0,14.999952406803766,0.03778615648470906,0.0
57.800000000000004,894.3343513253769,-7.538228887586724,100.0,14.999952439955813,0.037772993840189874,0.0
57.900000000000006,895.864346475937,-7.53437671420741,100.0,14.999952472840592,0.03775993277763079,0.0
58.0,897.394341629838,-7.53052586786124,100.0,14.999952505459655,0.037746972787356226,0.0
58.1,898.9243367870525,-7.5266763382650534,100.0,14.999952537814549,0.03773411335747322,0.0
58.2,900.4543319475539,-7.522828115188012,100.0,14.999952569906826,0.03772135397398758,0.0
58.300000000000004,901.9843271113153,-7.518981188451809,100.0,14.999952601738036,0.03770869412091777,0.0
58.400000000000006,903.5143222783104,-7.515135547930868,100.0,14.999952633309737,0.03769613328040666,0.0
58.5,905.0443174485125,-7.511291183552525,100.0,14.99995266462348,0.03768367093283106,0.0
58.6,906.5743126218956,-7.507448085297208,100.0,14.99995269568082,0.03767130655690912,0.0
58.7,908.1043077984335,-7.503606243198593,100.0,14.999952726483313,0.03765903962980573,0.0
58.800000000000004,909.6343029781004,-7.499765647343767,100.0,14.999952757032514,0.037646869627235686,0.0
58.900000000000006,911.1642981608704,-7.495926287873362,100.0,14.999952787329976,0.03763479602356499,0.0
59.0,912.694293346718,-7.492088154981694,100.0,14.999952817377253,0.03762281829191,0.0
59.1,914.2242885356178,-7.488251238916879,100.0,14.9999528471759,0.037610935904234706,0.0
59.2,915.7542837275444,-7.484415529980952,100.0,14.999952876727471,0.03759914833144599,0.0
59.300000000000004,917.2842789224727,-7.480581018529964,100.0,14.999952906033519,0.03758745504348697,0.0
59.400000000000006,918.8142741203778,-7.476747694974082,100.0,14.999952935095587,0.0375758555094285,0.0
59.5,920.344269321235,-7.472915549777668,100.0,14.999952963915232,0.03756434919755879,0.0
59.6,921.8742645250193,-7.469084573459356,100.0,14.999952992493998,0.037552935575471125,0.0
59.7,923.4042597317065,-7.465254756592119,100.0,14.999953020833432,0.037541614110149855,0.0
59.800000000000004,924.9342549412721,-7.461426089803326,100.0,14.999953048935076,0.03753038426805458,0.0
59.900000000000006,926.4642501536921,-7.457598563774793,100.0,14.999953076800471,0.03751924551520256,0.0
60.0,927.9942453689424,-7.4537721692428205,100.0,14.999953104431158,0.03750819731724944,0.0
60.1,929.5242405869991,-7.44994689699823,100.0,14.999953131828677,0.03749723913956822,0.0
60.2,931.0542358078385,-7.4461227378863875,100.0,14.999953158994552,0.03748637044732655,0.0
60.300000000000004,932.5842310314371,-7.442299682807218,100.0,14.999953185930323,0.03747559070556248,0.0
60.400000000000006,934.1142262577714,-7.438477722715219,100.0,14.999953212637514,0.03746489937925845,0.0
60.5,935.6442214868183,-7.43465684861946,100.0,14.999953239117652,0.037454295933413706,0.0
60.6,937.1742167185547,-7.430837051583579,100.0,14.999953265372257,0.037443779833115254,0.0
60.7,938.7042119529576,-7.427018322725765,100.0,14.999953291402845,0.03743335054360713,0.0
60.800000000000004,940.2342071900042,-7.4232006532187444,100.0,14.999953317210936,0.03742300753035818,0.0
60.900000000000006,941.764202429672,-7.419384034289753,100.0,14.999953342798038,0.03741275025912837,0.0
61.0,943.2941976719384,-7.415568457220502,100.0,14.99995336816566,0.037402578196033605,0.0
61.1,944.8241929167812,-7.411753913347137,100.0,14.9999533933153,0.03739249080760905,0.0
61.2,946.3541881641781,-7.407940394060194,100.0,14.999953418248463,0.03738248756087109,0.0
61.300000000000004,947.8841834141074,-7.404127890804549,100.0,14.999953442966643,0.03737256792337781,0.0
61.400000000000006,949.414178666547,-7.400316395079356,100.0,14.999953467471327,0.037362731363288104,0.0
61.5,950.9441739214751,-7.396505898437983,100.0,14.999953491764003,0.03735297734941949,0.0
61.6,952.4741691788704,-7.392696392487946,100.0,14.999953515846157,0.03734330535130444,0.0
61.7,954.0041644387113,-7.388887868890828,100.0,14.99995353971926,0.03733371483924548,0.0
61.800000000000004,955.5341597009767,-7.385080319362201,100.0,14.999953563384784,0.037324205284369034,0.0
61.900000000000006,957.0641549656455,-7.381273735671538,100.0,14.999953586844201,0.03731477615867785,0.0
62.0,958.5941502326966,-7.377468109642122,100.0,14.999953610098974,0.03730542693510226,0.0
62.1,960.1241455021094,-7.373663433150948,100.0,14.999953633150554,0.03729615708755021,0.0
62.2,961.6541407738631,-7.369859698128618,100.0,14.999953656000399,0.03728696609095597,0.0
62.300000000000004,963.1841360479373,-7.366056896559241,100.0,14.999953678649954,0.037277853421327785,0.0
62.400000000000006,964.7141313243116,-7.362255020480314,100.0,14.999953701100663,0.03726881855579421,0.0
62.5,966.2441266029657,-7.3584540619826075,100.0,14.99995372335396,0.037259860972649377,0.0
62.6,967.7741218838796,-7.354654013210047,100.0,14.999953745411275,0.03725098015139706,0.0
62.7,969.3041171670334,-7.350854866359585,100.0,14.999953767274038,0.03724217557279366,0.0
62.800000000000004,970.8341124524073,-7.34705661368107,100.0,14.999953788943667,0.037233446718890055,0.0
62.900000000000006,972.3641077399818,-7.343259247477113,100.0,14.999953810421571,0.037224793073072374,0.0
63.0,973.8941030297373,-7.339462760102953,100.0,14.999953831709169,0.03721621412010171,0.0
63.1,975.4240983216544,-7.335667143966309,100.0,14.999953852807856,0.037207709346152744,0.0
63.2,976.954093615714,-7.331872391527237,100.0,14.99995387371903,0.03719927823885139,0.0
63.300000000000004,978.484088911897,-7.328078495297981,100.0,14.999953894444081,0.037190920287311385,0.0
63.400000000000006,980.0140842101845,-7.324285447842816,100.0,14.999953914984397,0.03718263498216988,0.0
63.5,981.5440795105577,-7.320493241777894,100.0,14.999953935341356,0.03717442181562208,0.0
63.6,983.0740748129981,-7.316701869771082,100.0,14.99995395551633,0.0371662802814549,0.0
63.7,984.604070117487,-7.3129113245417985,100.0,14.999953975510687,0.037158209875079624,0.0
63.800000000000004,986.1340654240063,-7.309121598860845,100.0,14.999953995325786,0.037150210093563736,0.0
63.900000000000006,987.6640607325376,-7.305332685550236,100.0,14.99995401496298,0.03714228043566171,0.0
64.0,989.1940560430628,-7.3015445774830265,100.0,14.99995403442362,0.037134420401845024,0.0
64.10000000000001,990.724051355564,-7.297757267583134,100.0,14.999954053709045,0.03712662949433119,0.0
64.2,992.2540466700234,-7.293970748825159,100.0,14.99995407282059,0.037118907217111946,0.0
64.3,993.7840419864234,-7.290185014234204,100.0,14.999954091759585,0.03711125307598061,0.0
64.4,995.3140373047464,-7.286400056885687,100.0,14.999954110527352,0.037103666578558556,0.0
64.5,996.8440326249751,-7.282615869905152,100.0,14.999954129125207,0.03709614723432094,0.0
64.60000000000001,998.374027947092,-7.278832446468084,100.0,14.99995414755446,0.037088694554621486,0.0
64.7,999.9040232710802,-7.275049779799711,100.0,14.99995416581641,0.0370813080527166,0.0
64.8,1001.4340185969226,-7.271267863174811,100.0,14.999954183912356,0.03707398724378865,0.0
64.9,1002.9640139246023,-7.267486689917513,100.0,14.999954201843588,0.03706673164496845,0.0
65.0,1004.4940092541027,-7.263706253401099,100.0,14.999954219611391,0.03705954077535707,0.0
65.10000000000001,1006.024004585407,-7.259926547047801,100.0,14.999954237217032,0.03705241415604676,0.0
65.2,1007.5539999184989,-7.256147564328596,100.0,14.999954254661791,0.037045351310141326,0.0
65.3,1009.083995253362,-7.252369298763001,100.0,14.99995427194692,0.03703835176277565,0.0
65.4,1010.6139905899801,-7.248591743918865,100.0,14.999954289073687,0.03703141504113461,0.0
65.5,1012.143985928337,-7.244814893412158,100.0,14.999954306043332,0.037024540674471175,0.0
65.60000000000001,1013.6739812684168,-7.24103874090676,100.0,14.999954322857096,0.037017728194123974,0.0
65.7,1015.2039766102038,-7.237263280114244,100.0,14.999954339516226,0.037010977133534136,0.0
65.8,1016.733971953682,-7.233488504793669,100.0,14.999954356021938,0.03700428702826141,0.0
65.9,1018.2639672988362,-7.229714408751353,100.0,14.999954372375461,0.036997657415999786,0.0
66.0,1019.7939626456506,-7.225940985840662,100.0,14.999954388578008,0.03699108783659236,0.0
66.10000000000001,1021.3239579941101,-7.2221682299617855,100.0,14.999954404630788,0.03698457783204564,0.0
66.2,1022.8539533441992,-7.218396135061519,100.0,14.999954420535001,0.03697812694654326,0.0
66.3,1024.3839486959032,-7.214624695133036,100.0,14.999954436291844,0.03697173472645907,0.0
66.4,1025.9139440492067,-7.2108539042156705,100.0,14.9999544519025,0.03696540072036964,0.0
66.5,1027.443939404095,-7.207083756394686,100.0,14.999954467368152,0.03695912447906621,0.0
66.60000000000001,1028.9739347605537,-7.203314245801054,100.0,14.999954482689972,0.036952905555566094,0.0
66.7,1030.5039301185677,-7.19954536661122,100.0,14.99995449786913,0.036946743505123496,0.0
66.8,1032.033925478123,-7.195777113046881,100.0,14.999954512906784,0.03694063788523981,0.0
66.9,1033.5639208392047,-7.192009479374752,100.0,14.999954527804087,0.03693458825567337,0.0
67.0,1035.0939162017987,-7.188242459906338,100.0,14.999954542562188,0.03692859417844872,0.0
67.10000000000001,1036.6239115658911,-7.184476048997698,100.0,14.999954557182221,0.036922655217865356,0.0
67.2,1038.1539069314679,-7.18071024104922,100.0,14.99995457166532,0.03691677094050593,0.0
67.3,1039.6839022985148,-7.1769450305053795,100.0,14.99995458601261,0.036910940915244043,0.0
67.4,1041.2138976670183,-7.173180411854511,100.0,14.999954600225212,0.036905164713251476,0.0
67.5,1042.7438930369647,-7.16941637962857,100.0,14.999954614304233,0.03689944190800503,0.0
67.60000000000001,1044.2738884083403,-7.165652928402901,100.0,14.999954628250782,0.036893772075292854,0.0
67.7,1045.8038837811316,-7.161890052795996,100.0,14.999954642065953,0.0368881547932203,0.0
67.8,1047.3338791553253,-7.158127747469264,100.0,14.99995465575084,0.03688258964221543,0.0
67.9,1048.8638745309083,-7.15436600712679,100.0,14.999954669306522,0.036877076205033964,0.0
68.0,1050.3938699078676,-7.150604826515099,100.0,14.999954682734083,0.03687161406676396,0.0
68.10000000000001,1051.92386528619,-7.146844200422916,100.0,14.999954696034585,0.0368662028148299,0.0
68.2,1053.4538606658625,-7.1430841236809295,100.0,14.999954709209097,0.0368608420389965,0.0
68.3,1054.9838560468725,-7.139324591161552,100.0,14.999954722258675,0.036855531331372066,0.0
68.4,1056.513851429207,-7.13556559777868,100.0,14.999954735184364,0.036850270286411475,0.0
68.5,1058.0438468128539,-7.131807138487455,100.0,14.99995474798721,0.03684505850091879,0.0
68.60000000000001,1059.5738421978,-7.1280492082840246,100.0,14.99995476066825,0.03683989557404947,0.0
68.7,1061.1038375840337,-7.124291802205303,100.0,14.999954773228511,0.036834781107312184,0.0
68.8,1062.6338329715422,-7.120534915328726,100.0,14.999954785669015,0.03682971470457039,0.0
68.9,1064.1638283603136,-7.116778542772018,100.0,14.999954797990776,0.0368246959720434,0.0
69.0,1065.6938237503357,-7.113022679692945,100.0,14.99995481019481,0.036819724518307256,0.0
69.10000000000001,1067.2238191415968,-7.1092673212890825,100.0,14.99995482228211,0.03681479995429513,0.0
69.2,1068.7538145340848,-7.105512462797564,100.0,14.999954834253677,0.03680992189329752,0.0
69.3,1070.283809927788,-7.101758099494849,100.0,14.999954846110494,0.03680508995096203,0.0
69.4,1071.8138053226949,-7.098004226696481,100.0,14.999954857853549,0.03680030374529288,0.0
69.5,1073.3438007187935,-7.094250839756843,100.0,14.999954869483812,0.03679556289665011,0.0
69.60000000000001,1074.873796116073,-7.090497934068925,100.0,14.999954881002253,0.03679086702774847,0.0
69.7,1076.4037915145216,-7.086745505064076,100.0,14.999954892409836,0.03678621576365603,0.0
69.8,1077.933786914128,-7.0829935482117685,100.0,14.999954903707515,0.03678160873179251,0.0
69.9,1079.4637823148812,-7.079242059019356,100.0,14.999954914896236,0.03677704556192724,0.0
70.0,1080.9937777167702,-7.075491033031837,100.0,14.999954925976942,0.03677252588617702,0.0
70.10000000000001,1082.523773119784,-7.071740465831613,100.0,14.999954936950571,0.03676804933900356,0.0
70.2,1084.0537685239115,-7.06799035303825,100.0,14.99995494781805,0.03676361555721071,0.0
70.3,1085.5837639291422,-7.064240690308241,100.0,14.999954958580298,0.03675922417994142,0.0
70.4,1087.1137593354651,-7.060491473334764,100.0,14.999954969238237,0.03675487484867456,0.0
70.5,1088.64375474287,-7.056742697847449,100.0,14.999954979792772,0.03675056720722127,0.0
70.60000000000001,1090.1737501513462,-7.0529943596121365,100.0,14.999954990244804,0.0367463009017213,0.0
70.7,1091.7037455608831,-7.049246454430642,100.0,14.999955000595238,0.036742075580639,0.0
70.8,1093.2337409714708,-7.045498978140517,100.0,14.999955010844953,0.03673789089475907,0.0
70.9,1094.7637363830986,-7.0417519266148165,100.0,14.99995502099484,0.036733746497182196,0.0
71.0,1096.2937317957567,-7.038005295761858,100.0,14.999955031045772,0.03672964204332036,0.0
71.10000000000001,1097.823727209435,-7.03425908152499,100.0,14.999955040998625,0.03672557719089197,0.0
71.2,1099.3537226241235,-7.030513279882355,100.0,14.999955050854256,0.036721551599916843,0.0
71.3,1100.8837180398123,-7.026767886846655,100.0,14.999955060613528,0.036717564932710896,0.0
71.4,1102.4137134564917,-7.023022898464921,100.0,14.999955070277293,0.036713616853880734,0.0
71.5,1103.943708874152,-7.019278310818273,100.0,14.999955079846398,0.03670970703031798,0.0
71.60000000000001,1105.4737042927834,-7.015534120021694,100.0,14.999955089321679,0.03670583513119343,0.0
71.7,1107.0036997123766,-7.011790322223791,100.0,14.99995509870397,0.0367020008279511,0.0
71.8,1108.533695132922,-7.008046913606572,100.0,14.999955107994099,0.03669820379430199,0.0
71.9,1110.0636905544104,-7.004303890385207,100.0,14.999955117192888,0.03669444370621775,0.0
72.0,1111.5936859768324,-7.000561248807801,100.0,14.99995512630115,0.036690720241924164,0.0
72.10000000000001,1113.1236814001788,-6.996818985155167,100.0,14.999955135319693,0.03668703308189447,0.0
72.2,1114.6536768244405,-6.993077095740594,100.0,14.999955144249322,0.03668338190884255,0.0
72.3,1116.1836722496084,-6.989335576909617,100.0,14.999955153090834,0.0366797664077159,0.0
72.4,1117.7136676756738,-6.985594425039794,100.0,14.999955161845019,0.0366761862656885,0.0
72.5,1119.2436631026278,-6.981853636540478,100.0,14.999955170512658,0.03667264117215358,0.0
72.60000000000001,1120.7736585304613,-6.978113207852588,100.0,14.999955179094536,0.036669130818716186,0.0
72.7,1122.3036539591658,-6.9743731354483876,100.0,14.999955187591421,0.03666565489918558,0.0
72.8,1123.8336493887327,-6.970633415831258,100.0,14.999955196004082,0.03666221310956762,0.0
72.9,1125.3636448191535,-6.966894045535476,100.0,14.999955204333283,0.036658805148056924,0.0
73.0,1126.8936402504196,-6.96315502112599,100.0,14.999955212579772,0.036655430715028914,0.0
73.10000000000001,1128.4236356825227,-6.9594163391982,100.0,14.999955220744306,0.036652089513031824,0.0
73.2,1129.9536311154543,-6.955677996377733,100.0,14.999955228827622,0.036648781246778464,0.0
73.3,1131.4836265492063,-6.951939989320225,100.0,14.999955236830465,0.03664550562313799,0.0
73.4,1133.0136219837705,-6.948202314711101,100.0,14.999955244753558,0.03664226235112746,0.0
73.5,1134.5436174191386,-6.944464969265357,100.0,14.999955252597637,0.03663905114190342,0.0
73.60000000000001,1136.073612855303,-6.94072794972734,100.0,14.999955260363416,0.03663587170875322,0.0
73.7,1137.6036082922556,-6.936991252870534,100.0,14.999955268051615,0.0366327237670864,0.0
73.8,1139.1336037299882,-6.933254875497342,100.0,14.999955275662941,0.03662960703442582,0.0
73.9,1140.6635991684934,-6.929518814438872,100.0,14.9999552831981,0.03662652123039884,0.0
74.0,1142.1935946077633,-6.925783066554721,100.0,14.999955290657788,0.036623466076728346,0.0
74.10000000000001,1143.7235900477901,-6.922047628732765,100.0,14.999955298042698,0.03662044129722367,0.0
74.2,1145.2535854885664,-6.918312497888942,100.0,14.99995530535352,0.036617446617771485,0.0
74.3,1146.7835809300846,-6.914577670967046,100.0,14.999955312590934,0.03661448176632656,0.0
74.4,1148.3135763723374,-6.910843144938513,100.0,14.99995531975562,0.0366115464729025,0.0
74.5,1149.8435718153173,-6.907108916802211,100.0,14.999955326848243,0.03660864046956235,0.0
74.60000000000001,1151.373567259017,-6.903374983584235,100.0,14.999955333869474,0.03660576349040922,0.0
74.7,1152.903562703429,-6.899641342337694,100.0,14.999955340819971,0.0366029152715767,0.0
74.8,1154.4335581485466,-6.89590799014251,100.0,14.999955347700395,0.03660009555121938,0.0
74.9,1155.9635535943623,-6.89217492410521,100.0,14.999955354511387,0.03659730406950316,0.0
75.0,1157.4935490408693,-6.888442141358718,100.0,14.9999553612536,0.036594540568595596,0.0
75.10000000000001,1159.0235444880605,-6.884709639062158,100.0,14.999955367927667,0.03659180479265617,0.0
75.2,1160.553539935929,-6.880977414400647,100.0,14.999955374534228,0.036589096487826454,0.0
75.3,1162.0835353844677,-6.8772454645850924,100.0,14.999955381073907,0.0365864154022203,0.0
75.4,1163.6135308336702,-6.873513786851995,100.0,14.999955387547331,0.036583761285913945,0.0
75.5,1165.1435262835296,-6.869782378463247,100.0,14.999955393955117,0.03658113389093603,0.0
75.60000000000001,1166.6735217340392,-6.866051236705934,100.0,14.999955400297885,0.03657853297125767,0.0
75.7,1168.2035171851926,-6.862320358892135,100.0,14.999955406576237,0.03657595828278236,0.0
75.8,1169.733512636983,-6.858589742358732,100.0,14.999955412790781,0.03657340958333598,0.0
75.9,1171.263508089404,-6.854859384467207,100.0,14.999955418942115,0.03657088663265663,0.0
76.0,1172.7935035424493,-6.851129282603452,100.0,14.999955425030832,0.03656838919238454,0.0
76.10000000000001,1174.3234989961124,-6.847399434177575,100.0,14.999955431057522,0.03656591702605185,0.0
76.2,1175.8534944503872,-6.8436698366237065,100.0,14.99995543702277,0.036563469899072464,0.0
76.3,1177.3834899052672,-6.839940487399809,100.0,14.999955442927154,0.03656104757873176,0.0
76.4,1178.9134853607463,-6.836211383987485,100.0,14.99995544877125,0.036558649834176386,0.0
76.5,1180.4434808168185,-6.83248252389179,100.0,14.999955454555627,0.036556276436403926,0.0
76.60000000000001,1181.9734762734777,-6.828753904641043,100.0,14.999955460280852,0.03655392715825265,0.0
76.7,1183.5034717307178,-6.825025523786638,100.0,14.999955465947483,0.03655160177439113,0.0
76.80000000000001,1185.033467188533,-6.821297378902861,100.0,14.999955471556074,0.036549300061307945,0.0
76.9,1186.5634626469173,-6.817569467586702,100.0,14.999955477107182,0.036547021797301314,0.0
77.0,1188.0934581058648,-6.813841787457672,100.0,14.99995548260135,0.03654476676246868,0.0
77.10000000000001,1189.6234535653698,-6.810114336157622,100.0,14.999955488039118,0.03654253473869634,0.0
77.2,1191.1534490254267,-6.806387111350557,100.0,14.999955493421027,0.03654032550964909,0.0
77.30000000000001,1192.6834444860297,-6.802660110722457,100.0,14.999955498747608,0.036538138860759746,0.0
77.4,1194.2134399471731,-6.798933331981099,100.0,14.999955504019388,0.036535974579218734,0.0
77.5,1195.7434354088516,-6.7952067728558765,100.0,14.999955509236894,0.03653383245396371,0.0
77.60000000000001,1197.2734308710594,-6.791480431097621,100.0,14.999955514400641,0.03653171227566907,0.0
77.7,1198.803426333791,-6.787754304478427,100.0,14.999955519511147,0.036529613836735565,0.0
77.80000000000001,1200.3334217970414,-6.784028390791476,100.0,14.999955524568922,0.03652753693127982,0.0
77.9,1201.863417260805,-6.780302687850861,100.0,14.999955529574471,0.036525481355123915,0.0
78.0,1203.3934127250764,-6.776577193491416,100.0,14.999955534528299,0.03652344690578495,0.0
78.10000000000001,1204.9234081898505,-6.77285190556854,100.0,14.9999555394309,0.03652143338246457,0.0
78.2,1206.4534036551222,-6.769126821958028,100.0,14.999955544282765,0.03651944058603862,0.0
78.30000000000001,1207.9833991208861,-6.765401940555899,100.0,14.99995554908439,0.036517468319046634,0.0
78.4,1209.5133945871373,-6.761677259278228,100.0,14.999955553836253,0.036515516385681415,0.0
78.5,1211.0433900538706,-6.757952776060979,100.0,14.999955558538842,0.03651358459177868,0.0
78.60000000000001,1212.573385521081,-6.754228488859838,100.0,14.999955563192623,0.0365116727448066,0.0
78.7,1214.1033809887635,-6.750504395650043,100.0,14.99995556779808,0.036509780653855434,0.0
78.80000000000001,1215.6333764569135,-6.746780494426222,100.0,14.999955572355672,0.036507908129627106,0.0
78.9,1217.1633719255258,-6.74305678320223,100.0,14.999955576865869,0.036506054984424906,0.0
79.0,1218.6933673945957,-6.739333260010986,100.0,14.999955581329127,0.036504221032143035,0.0
79.10000000000001,1220.2233628641186,-6.7356099229043105,100.0,14.999955585745905,0.036502406088256355,0.0
79.2,1221.7533583340896,-6.731886769952762,100.0,14.999955590116652,0.03650060996980997,0.0
79.30000000000001,1223.283353804504,-6.728163799245484,100.0,14.999955594441822,0.03649883249540899,0.0
79.4,1224.8133492753573,-6.72444100889004,100.0,14.99995559872185,0.03649707348520817,0.0
79.5,1226.3433447466448,-6.720718397012259,100.0,14.999955602957186,0.036495332760901715,0.0
79.60000000000001,1227.873340218362,-6.716995961756079,100.0,14.99995560714826,0.03649361014571293,0.0
79.7,1229.4033356905045,-6.7132737012833905,100.0,14.999955611295508,0.03649190546438405,0.0
79.80000000000001,1230.9333311630678,-6.7095516137738835,100.0,14.999955615399356,0.03649021854316601,0.0
79.9,1232.4633266360474,-6.7058296974248925,100.0,14.99995561946023,0.036488549209808235,0.0
80.0,1233.993322109439,-6.702107950451245,100.0,14.999955623478554,0.03648689729354851,0.0
80.10000000000001,1235.5233175832384,-6.69838637108511,100.0,14.999955627454742,0.036485262625102786,0.0
80.2,1237.0533130574413,-6.69466495757585,100.0,14.999955631389208,0.0364836450366551,0.0
80.30000000000001,1238.5833085320432,-6.6909437081898675,100.0,14.999955635282365,0.03648204436184748,0.0
80.4,1240.1133040070404,-6.687222621210459,100.0,14.999955639134617,0.03648046043576985,0.0
80.5,1241.6432994824283,-6.68350169493767,100.0,14.999955642946368,0.03647889309495002,0.0
80.60000000000001,1243.1732949582029,-6.679780927688144,100.0,14.999955646718016,0.03647734217734366,0.0
80.7,1244.70329043436,-6.676060317794982,100.0,14.999955650449957,0.03647580752232434,0.0
80.80000000000001,1246.233285910896,-6.672339863607595,100.0,14.999955654142584,0.03647428897067354,0.0
80.9,1247.7632813878065,-6.668619563491564,100.0,14.999955657796287,0.036472786364570776,0.0
81.0,1249.2932768650878,-6.664899415828494,100.0,14.999955661411446,0.036471299547583665,0.0
81.10000000000001,1250.823272342736,-6.661179419015879,100.0,14.999955664988448,0.036469828364658105,0.0
81.2,1252.3532678207469,-6.657459571466953,100.0,14.99995566852767,0.03646837266210843,0.0
81.30000000000001,1253.8832632991168,-6.6537398716105605,100.0,14.999955672029484,0.036466932287607605,0.0
81.4,1255.4132587778422,-6.650020317891011,100.0,14.999955675494265,0.03646550709017749,0.0
81.5,1256.943254256919,-6.646300908767946,100.0,14.999955678922383,0.03646409692017913,0.0
81.60000000000001,1258.4732497363436,-6.642581642716204,100.0,14.999955682314196,0.03646270162930298,0.0
81.7,1260.0032452161124,-6.638862518225678,100.0,14.999955685670068,0.03646132107055937,0.0
81.80000000000001,1261.5332406962216,-6.635143533801191,100.0,14.999955688990358,0.03645995509826881,0.0
81.9,1263.0632361766677,-6.631424687962356,100.0,14.999955692275424,0.03645860356805244,0.0
82.0,1264.593231657447,-6.627705979243449,100.0,14.999955695525612,0.03645726633682242,0.0
82.10000000000001,1266.123227138556,-6.623987406193271,100.0,14.999955698741273,0.03645594326277253,0.0
82.2,1267.6532226199915,-6.620268967375025,100.0,14.999955701922753,0.03645463420536861,0.0
82.30000000000001,1269.1832181017496,-6.6165506613661815,100.0,14.999955705070397,0.03645333902533916,0.0
82.4,1270.7132135838272,-6.6128324867583546,100.0,14.999955708184537,0.03645205758466595,0.0
82.5,1272.2432090662205,-6.6091144421571695,100.0,14.999955711265512,0.03645078974657466,0.0
82.60000000000001,1273.7732045489265,-6.60539652618214,100.0,14.999955714313655,0.036449535375525574,0.0
82.7,1275.3032000319417,-6.601678737466543,100.0,14.9999557173293,0.03644829433720429,0.0
82.80000000000001,1276.8331955152628,-6.59796107465729,100.0,14.999955720312766,0.03644706649851249,0.0
82.9,1278.3631909988867,-6.59424353641481,100.0,14.999955723264382,0.03644585172755876,0.0
83.0,1279.8931864828098,-6.590526121412921,100.0,14.999955726184464,0.0364446498936494,0.0
83.10000000000001,1281.4231819670292,-6.586808828338712,100.0,14.999955729073337,0.036443460867279384,0.0
83.2,1282.9531774515417,-6.583091655892418,100.0,14.999955731931312,0.03644228452012321,0.0
83.30000000000001,1284.4831729363443,-6.579374602787307,100.0,14.999955734758696,0.03644112072502591,0.0
83.4,1286.0131684214336,-6.575657667749554,100.0,14.999955737555807,0.03643996935599408,0.0
83.5,1287.5431639068067,-6.571940849518127,100.0,14.999955740322942,0.03643883028818689,0.0
83.60000000000001,1289.0731593924606,-6.568224146844669,100.0,14.999955743060415,0.036437703397907265,0.0
83.7,1290.6031548783922,-6.564507558493381,100.0,14.999955745768517,0.03643658856259292,0.0
83.80000000000001,1292.1331503645984,-6.560791083240909,100.0,14.99995574844755,0.03643548566080764,0.0
83.9,1293.6631458510765,-6.557074719876227,100.0,14.999955751097806,0.03643439457223246,0.0
84.0,1295.1931413378234,-6.553358467200524,100.0,14.999955753719581,0.03643331517765695,0.0
84.10000000000001,1296.7231368248363,-6.549642324027092,100.0,14.999955756313161,0.03643224735897055,0.0
84.2,1298.2531323121123,-6.545926289181215,100.0,14.999955758878835,0.03643119099915389,0.0
84.30000000000001,1299.7831277996486,-6.5422103615000555,100.0,14.999955761416889,0.036430145982270255,0.0
84.4,1301.3131232874423,-6.538494539832549,100.0,14.999955763927598,0.036429112193456986,0.0
84.5,1302.8431187754907,-6.53477882303929,100.0,14.999955766411246,0.036428089518917,0.0
84.60000000000001,1304.373114263791,-6.531063209992427,100.0,14.999955768868107,0.03642707784591034,0.0
84.7,1305.9031097523407,-6.527347699575553,100.0,14.999955771298454,0.03642607706274572,0.0
84.80000000000001,1307.433105241137,-6.523632290683601,100.0,14.99995577370256,0.03642508705877222,0.0
84.9,1308.9631007301768,-6.519916982222735,100.0,14.999955776080691,0.03642410772437091,0.0
85.0,1310.493096219458,-6.516201773110252,100.0,14.999955778433115,0.036423138950946586,0.0
85.10000000000001,1312.023091708978,-6.512486662274469,100.0,14.999955780760091,0.03642218063091955,0.0
85.2,1313.553087198734,-6.508771648654626,100.0,14.999955783061885,0.03642123265771743,0.0
85.30000000000001,1315.0830826887234,-6.505056731200782,100.0,14.999955785338754,0.036420294925767,0.0
85.4,1316.6130781789439,-6.501341908873714,100.0,14.99995578759095,0.036419367330486126,0.0
85.5,1318.1430736693928,-6.497627180644814,100.0,14.99995578981873,0.0364184497682757,0.0
85.60000000000001,1319.6730691600678,-6.493912545495993,100.0,14.999955792022346,0.03641754213651166,0.0
85.7,1321.2030646509663,-6.49019800241958,100.0,14.999955794202045,0.036416644333536995,0.0
85.80000000000001,1322.7330601420858,-6.48648355041822,100.0,14.999955796358073,0.03641575625865387,0.0
85.9,1324.263055633424,-6.4827691885047845,100.0,14.999955798490673,0.036414877812115734,0.0
86.0,1325.7930511249788,-6.479054915702268,100.0,14.999955800600087,0.03641400889511953,0.0
86.10000000000001,1327.3230466167474,-6.475340731043697,100.0,14.999955802686555,0.03641314940979791,0.0
86.2,1328.8530421087278,-6.47162663357203,100.0,14.999955804750314,0.03641229925921151,0.0
86.30000000000001,1330.3830376009173,-6.467912622340068,100.0,14.999955806791599,0.03641145834734128,0.0
86.4,1331.913033093314,-6.4641986964103575,100.0,14.999955808810641,0.036410626579080854,0.0
86.5,1333.4430285859155,-6.4604848548551015,100.0,14.999955810807672,0.036409803860228934,0.0
86.60000000000001,1334.9730240787196,-6.4567710967560625,100.0,14.999955812782918,0.03640899009748181,0.0
86.7,1336.503019571724,-6.453057421204476,100.0,14.999955814736607,0.0364081851984258,0.0
86.80000000000001,1338.0330150649265,-6.449343827300958,100.0,14.99995581666896,0.03640738907152985,0.0
86.9,1339.5630105583252,-6.445630314155415,100.0,14.9999558185802,0.03640660162613813,0.0
87.0,1341.0930060519177,-6.441916880886956,100.0,14.999955820470548,0.03640582277246267,0.0
87.10000000000001,1342.623001545702,-6.438203526623806,100.0,14.999955822340217,0.036405052421576045,0.0
87.2,1344.152997039676,-6.434490250503212,100.0,14.999955824189424,0.036404290485404146,0.0
87.30000000000001,1345.6829925338375,-6.430777051671366,100.0,14.999955826018384,0.03640353687671894,0.0
87.4,1347.2129880281846,-6.427063929283311,100.0,14.999955827827304,0.036402791509131296,0.0
87.5,1348.7429835227151,-6.423350882502861,100.0,14.999955829616397,0.036402054297083895,0.0
87.60000000000001,1350.2729790174271,-6.419637910502512,100.0,14.999955831385867,0.03640132515584413,0.0
87.7,1351.8029745123185,-6.415925012463362,100.0,14.99995583313592,0.03640060400149707,0.0
87.80000000000001,1353.3329700073875,-6.412212187575028,100.0,14.999955834866759,0.0363998907509385,0.0
87.9,1354.862965502632,-6.408499435035559,100.0,14.999955836578586,0.03639918532186796,0.0
88.0,1356.3929609980503,-6.40478675405136,100.0,14.999955838271593,0.03639848763278188,0.0
88.10000000000001,1357.9229564936402,-6.401074143837107,100.0,14.999955839945985,0.03639779760296673,0.0
88.2,1359.4529519894,-6.397361603615671,100.0,14.999955841601954,0.036397115152492165,0.0
88.30000000000001,1360.9829474853277,-6.393649132618035,100.0,14.999955843239693,0.03639644020220435,0.0
88.4,1362.5129429814215,-6.389936730083213,100.0,14.999955844859395,0.036395772673719226,0.0
88.5,1364.0429384776796,-6.386224395258179,100.0,14.999955846461244,0.03639511248941579,0.0
88.60000000000001,1365.5729339741001,-6.382512127397784,100.0,14.999955848045435,0.03639445957242957,0.0
88.7,1367.1029294706814,-6.37879992576468,100.0,14.999955849612148,0.03639381384664597,0.0
88.80000000000001,1368.6329249674216,-6.375087789629244,100.0,14.999955851161568,0.036393175236693796,0.0
88.9,1370.1629204643189,-6.371375718269506,100.0,14.99995585269388,0.036392543667938745,0.0
89.0,1371.6929159613717,-6.367663710971066,100.0,14.999955854209258,0.03639191906647697,0.0
89.10000000000001,1373.2229114585782,-6.3639517670270305,100.0,14.999955855707888,0.03639130135912871,0.0
89.2,1374.7529069559366,-6.360239885737928,100.0,14.999955857189942,0.0363906904734319,0.0
89.30000000000001,1376.2829024534453,-6.356528066411646,100.0,14.999955858655598,0.036390086337635894,0.0
89.4,1377.8128979511027,-6.3528163083633515,100.0,14.999955860105022,0.03638948888069518,0.0
89.5,1379.3428934489073,-6.349104610915424,100.0,14.999955861538394,0.036388898032263244,0.0
89.60000000000001,1380.872888946857,-6.345392973397381,100.0,14.99995586295588,0.03638831372268627,0.0
89.7,1382.4028844449508,-6.34168139514581,100.0,14.999955864357647,0.03638773588299712,0.0
89.80000000000001,1383.9328799431867,-6.337969875504299,100.0,14.999955865743862,0.03638716444490919,0.0
89.9,1385.462875441563,-6.334258413823364,100.0,14.99995586711469,0.0363865993408104,0.0
90.0,1386.9928709400785,-6.330547009460386,100.0,14.999955868470296,0.036386040503757176,0.0
90.10000000000001,1388.5228664387316,-6.32683566177954,100.0,14.999955869810838,0.03638548786746851,0.0
90.2,1390.0528619375207,-6.323124370151724,100.0,14.999955871136482,0.03638494136632006,0.0
90.30000000000001,1391.582857436444,-6.319413133954502,100.0,14.999955872447378,0.036384400935338235,0.0
90.4,1393.1128529355005,-6.315701952572026,100.0,14.999955873743689,0.03638386651019444,0.0
90.5,1394.6428484346884,-6.311990825394982,100.0,14.999955875025565,0.03638333802719924,0.0
90.60000000000001,1396.1728439340063,-6.308279751820517,100.0,14.999955876293164,0.03638281542329663,0.0
90.7,1397.7028394334527,-6.304568731252176,100.0,14.999955877546638,0.03638229863605838,0.0
90.80000000000001,1399.2328349330262,-6.300857763099843,100.0,14.999955878786135,0.03638178760367831,0.0
90.9,1400.7628304327254,-6.297146846779672,100.0,14.999955880011806,0.03638128226496672,0.0
91.0,1402.292825932549,-6.293435981714028,100.0,14.999955881223796,0.036380782559344856,0.0
91.10000000000001,1403.8228214324956,-6.289725167331424,100.0,14.999955882422254,0.03638028842683928,0.0
91.2,1405.3528169325637,-6.286014403066459,100.0,14.999955883607322,0.03637979980807649,0.0
91.30000000000001,1406.882812432752,-6.282303688359757,100.0,14.999955884779144,0.0363793166442774,0.0
91.4,1408.4128079330592,-6.278593022657909,100.0,14.999955885937863,0.03637883887725196,0.0
91.5,1409.9428034334837,-6.274882405413409,100.0,14.999955887083615,0.03637836644939382,0.0
91.60000000000001,1411.4727989340245,-6.271171836084599,100.0,14.999955888216546,0.036377899303674965,0.0
91.7,1413.0027944346803,-6.2674613141356055,100.0,14.999955889336789,0.03637743738364044,0.0
91.80000000000001,1414.5327899354497,-6.263750839036288,100.0,14.999955890444477,0.03637698063340311,0.0
91.9,1416.0627854363315,-6.260040410262175,100.0,14.999955891539752,0.0363765289976385,0.0
92.0,1417.5927809373243,-6.2563300272944105,100.0,14.99995589262274,0.036376082421579546,0.0
92.10000000000001,1419.1227764384269,-6.252619689619695,100.0,14.999955893693578,0.036375640851011574,0.0
92.2,1420.6527719396381,-6.248909396730232,100.0,14.999955894752395,0.03637520423226714,0.0
92.30000000000001,1422.1827674409567,-6.245199148123671,100.0,14.999955895799317,0.03637477251222101,0.0
92.4,1423.7127629423815,-6.241488943303052,100.0,14.999955896834477,0.03637434563828519,0.0
92.5,1425.2427584439113,-6.237778781776752,100.0,14.999955897858,0.03637392355840392,0.0
92.60000000000001,1426.772753945545,-6.234068663058431,100.0,14.99995589887001,0.036373506221048776,0.0
92.7,1428.3027494472813,-6.230358586666977,100.0,14.999955899870631,0.03637309357521375,0.0
92.80000000000001,1429.832744949119,-6.226648552126455,100.0,14.99995590085999,0.036372685570410436,0.0
92.9,1431.362740451057,-6.222938558966051,100.0,14.999955901838202,0.03637228215666321,0.0
93.0,1432.8927359530944,-6.219228606720026,100.0,14.999955902805393,0.03637188328450445,0.0
93.10000000000001,1434.4227314552297,-6.215518694927659,100.0,14.999955903761677,0.036371488904969794,0.0
93.2,1435.9527269574621,-6.211808823133197,100.0,14.999955904707178,0.036371098969593486,0.0
93.30000000000001,1437.4827224597905,-6.208098990885806,100.0,14.999955905642008,0.03637071343040368,0.0
93.4,1439.0127179622136,-6.20438919773952,100.0,14.999955906566283,0.03637033223991782,0.0
93.5,1440.5427134647305,-6.200679443253191,100.0,14.99995590748012,0.036369955351138086,0.0
93.60000000000001,1442.0727089673398,-6.196969726990439,100.0,14.999955908383628,0.0363695827175468,0.0
93.7,1443.6027044700409,-6.1932600485196065,100.0,14.999955909276924,0.036369214293101956,0.0
93.80000000000001,1445.1326999728326,-6.189550407413707,100.0,14.999955910160113,0.036368850032232725,0.0
93.9,1446.662695475714,-6.185840803250377,100.0,14.99995591103331,0.03636848988983504,0.0
94.0,1448.1926909786837,-6.182131235611831,100.0,14.99995591189662,0.03636813382126717,0.0
94.10000000000001,1449.722686481741,-6.178421704084815,100.0,14.999955912750151,0.03636778178234535,0.0
94.2,1451.252681984885,-6.174712208260554,100.0,14.999955913594011,0.03636743372933948,0.0
94.30000000000001,1452.7826774881144,-6.171002747734716,100.0,14.999955914428304,0.036367089618968826,0.0
94.4,1454.3126729914286,-6.167293322107355,100.0,14.999955915253134,0.03636674940839772,0.0
94.5,1455.8426684948263,-6.163583930982876,100.0,14.999955916068602,0.0363664130552314,0.0
94.60000000000001,1457.3726639983067,-6.159874573969983,100.0,14.999955916874816,0.03636608051751177,0.0
94.7,1458.902659501869,-6.156165250681639,100.0,14.99995591767187,0.036365751753713274,0.0
94.80000000000001,1460.432655005512,-6.152455960735019,100.0,14.999955918459868,0.03636542672273874,0.0
94.9,1461.9626505092351,-6.148746703751471,100.0,14.999955919238909,0.036365105383915346,0.0
95.0,1463.492646013037,-6.145037479356467,100.0,14.99995592000909,0.03636478769699052,0.0
95.10000000000001,1465.0226415169172,-6.141328287179564,100.0,14.999955920770507,0.036364473622127975,0.0
95.2,1466.5526370208745,-6.1376191268543625,100.0,14.999955921523256,0.036364163119903654,0.0
95.30000000000001,1468.0826325249081,-6.133909998018462,100.0,14.999955922267432,0.03636385615130185,0.0
95.4,1469.6126280290173,-6.13020090031342,100.0,14.999955923003128,0.03636355267771125,0.0
95.5,1471.142623533201,-6.126491833384714,100.0,14.999955923730438,0.03636325266092103,0.0
95.60000000000001,1472.6726190374586,-6.122782796881697,100.0,14.999955924449457,0.036362956063117076,0.0
95.7,1474.202614541789,-6.119073790457558,100.0,14.99995592516027,0.03636266284687807,0.0
95.80000000000001,1475.7326100461914,-6.115364813769285,100.0,14.999955925862968,0.0363623729751718,0.0
95.9,1477.2626055506653,-6.111655866477623,100.0,14.999955926557645,0.03636208641135133,0.0
96.0,1478.7926010552096,-6.107946948247034,100.0,14.999955927244383,0.0363618031191513,0.0
96.10000000000001,1480.3225965598235,-6.104238058745661,100.0,14.999955927923272,0.03636152306268425,0.0
96.2,1481.8525920645063,-6.100529197645288,100.0,14.999955928594401,0.03636124620643696,0.0
96.30000000000001,1483.382587569257,-6.0968203646213,100.0,14.99995592925785,0.036360972515266765,0.0
96.4,1484.9125830740752,-6.093111559352653,100.0,14.999955929913707,0.03636070195439807,0.0
96.5,1486.4425785789597,-6.089402781521826,100.0,14.999955930562052,0.03636043448941868,0.0
96.60000000000001,1487.97257408391,-6.085694030814791,100.0,14.999955931202974,0.03636017008627632,0.0
96.7,1489.5025695889253,-6.081985306920977,100.0,14.999955931836551,0.03635990871127509,0.0
96.80000000000001,1491.032565094005,-6.07827660953323,100.0,14.999955932462864,0.03635965033107203,0.0
96.9,1492.562560599148,-6.074567938347779,100.0,14.99995593308199,0.036359394912673655,0.0
97.0,1494.0925561043537,-6.070859293064201,100.0,14.999955933694014,0.03635914242343256,0.0
97.10000000000001,1495.6225516096215,-6.067150673385385,100.0,14.99995593429901,0.03635889283104399,0.0
97.2,1497.1525471149507,-6.063442079017498,100.0,14.99995593489706,0.03635864610354253,0.0
97.30000000000001,1498.6825426203407,-6.059733509669949,100.0,14.999955935488238,0.03635840220929878,0.0
97.4,1500.2125381257906,-6.05602496505536,100.0,14.999955936072618,0.03635816111701601,0.0
97.5,1501.7425336312997,-6.052316444889523,100.0,14.99995593665028,0.03635792279572695,0.0
97.60000000000001,1503.2725291368674,-6.048607948891375,100.0,14.999955937221296,0.03635768721479051,0.0
97.7,1504.8025246424932,-6.044899476782961,100.0,14.999955937785739,0.0363574543438886,0.0
97.80000000000001,1506.332520148176,-6.0411910282894015,100.0,14.999955938343682,0.03635722415302291,0.0
97.9,1507.8625156539154,-6.037482603138861,100.0,14.999955938895198,0.03635699661251178,0.0
98.0,1509.3925111597107,-6.033774201062517,100.0,14.999955939440358,0.03635677169298708,0.0
98.10000000000001,1510.9225066655613,-6.0300658217945236,100.0,14.999955939979232,0.036356549365391094,0.0
98.2,1512.4525021714667,-6.026357465071984,100.0,14.999955940511892,0.03635632960097346,0.0
98.30000000000001,1513.982497677426,-6.02264913063492,100.0,14.999955941038403,0.036356112371288114,0.0
98.4,1515.5124931834387,-6.018940818226238,100.0,14.999955941558836,0.036355897648190305,0.0
98.5,1517.0424886895041,-6.0152325275916985,100.0,14.999955942073258,0.03635568540383355,0.0
98.60000000000001,1518.5724841956219,-6.011524258479889,100.0,14.999955942581737,0.03635547561066672,0.0
98.7,1520.102479701791,-6.007816010642191,100.0,14.999955943084338,0.03635526824143107,0.0
98.80000000000001,1521.632475208011,-6.004107783832754,100.0,14.999955943581124,0.03635506326915738,0.0
98.9,1523.1624707142817,-6.00039957780846,100.0,14.999955944072166,0.03635486066716298,0.0
99.0,1524.692466220602,-5.9966913923289,100.0,14.999955944557524,0.03635466040904898,0.0
99.10000000000001,1526.2224617269715,-5.992983227156344,100.0,14.999955945037259,0.03635446246869741,0.0
99.2,1527.7524572333896,-5.98927508205571,100.0,14.99995594551144,0.036354266820268384,0.0
99.30000000000001,1529.282452739856,-5.985566956794537,100.0,14.999955945980124,0.03635407343819737,0.0
99.4,1530.8124482463697,-5.9818588511429605,100.0,14.999955946443373,0.036353882297192365,0.0
99.5,1532.3424437529304,-5.978150764873679,100.0,14.999955946901252,0.03635369337223123,0.0
99.60000000000001,1533.8724392595377,-5.974442697761932,100.0,14.999955947353815,0.036353506638558956,0.0
99.7,1535.402434766191,-5.9707346495854665,100.0,14.999955947801125,0.03635332207168498,0.0
99.80000000000001,1536.9324302728894,-5.967026620124519,100.0,14.999955948243242,0.03635313964738053,0.0
99.9,1538.4624257796327,-5.96331860916178,100.0,14.999955948680219,0.036352959341675976,0.0
100.0,1539.9924212864203,-5.959610616482373,100.0,14.999955949112119,0.03635278113085827,0.0
100.10000000000001,1541.5224167932518,-5.955902641873829,100.0,14.999955949538997,0.03635260499146829,0.0
100.2,1543.0524123001264,-5.952194685126056,100.0,14.999955949960908,0.036352430900298355,0.0
100.30000000000001,1544.5824078070439,-5.9484867460313176,100.0,14.999955950377908,0.0363522588343896,0.0
100.4,1546.1124033140036,-5.9447788243842075,100.0,14.999955950790055,0.03635208877102954,0.0
100.5,1547.6423988210051,-5.941070919981622,100.0,14.9999559511974,0.03635192068774955,0.0
100.60000000000001,1549.172394328048,-5.937363032622738,100.0,14.999955951599999,0.03635175456232239,0.0
100.7,1550.7023898351317,-5.933655162108986,100.0,14.999955951997904,0.036351590372759764,0.0
100.80000000000001,1552.2323853422558,-5.929947308244027,100.0,14.99995595239117,0.03635142809730988,0.0
100.9,1553.7623808494197,-5.926239470833731,100.0,14.999955952779848,0.03635126771445508,0.0
101.0,1555.292376356623,-5.922531649686148,100.0,14.999955953163985,0.036351109202909446,0.0
101.10000000000001,1556.8223718638653,-5.918823844611489,100.0,14.99995595354364,0.03635095254161645,0.0
101.2,1558.352367371146,-5.915116055422101,100.0,14.99995595391886,0.036350797709746606,0.0
101.30000000000001,1559.8823628784648,-5.911408281932443,100.0,14.999955954289694,0.036350644686695154,0.0
101.4,1561.4123583858213,-5.907700523959066,100.0,14.999955954656194,0.036350493452079795,0.0
101.5,1562.9423538932149,-5.903992781320586,100.0,14.999955955018406,0.036350343985738415,0.0
101.60000000000001,1564.4723494006453,-5.900285053837667,100.0,14.999955955376379,0.03635019626772681,0.0
101.7,1566.0023449081118,-5.896577341332995,100.0,14.999955955730162,0.03635005027831648,0.0
101.80000000000001,1567.5323404156143,-5.892869643631258,100.0,14.999955956079802,0.036349905997992434,0.0
101.9,1569.0623359231522,-5.889161960559122,100.0,14.999955956425346,0.03634976340745097,0.0
102.0,1570.5923314307252,-5.885454291945213,100.0,14.99995595676684,0.03634962248759755,0.0
102.10000000000001,1572.1223269383327,-5.881746637620093,100.0,14.99995595710433,0.03634948321954462,0.0
102.2,1573.6523224459745,-5.878038997416241,100.0,14.99995595743786,0.03634934558460951,0.0
102.30000000000001,1575.1823179536502,-5.874331371168029,100.0,14.999955957767478,0.036349209564312326,0.0
102.4,1576.7123134613594,-5.870623758711707,100.0,14.999955958093226,0.03634907514037384,0.0
102.5,1578.2423089691015,-5.866916159885376,100.0,14.999955958415148,0.03634894229471345,0.0
102.60000000000001,1579.7723044768761,-5.863208574528972,100.0,14.999955958733286,0.036348811009447146,0.0
102.7,1581.302299984683,-5.859501002484246,100.0,14.999955959047684,0.03634868126688544,0.0
102.80000000000001,1582.8322954925218,-5.855793443594744,100.0,14.999955959358388,0.03634855304953141,0.0
102.9,1584.3622910003921,-5.852085897705785,100.0,14.999955959665435,0.036348426340078684,0.0
103.0,1585.8922865082936,-5.848378364664444,100.0,14.999955959968869,0.03634830112140948,0.0
103.10000000000001,1587.4222820162258,-5.844670844319533,100.0,14.99995596026873,0.03634817737659265,0.0
103.2,1588.9522775241885,-5.840963336521582,100.0,14.99995596056506,0.036348055088881746,0.0
103.30000000000001,1590.4822730321812,-5.837255841122818,100.0,14.999955960857898,0.03634793424171312,0.0
103.4,1592.0122685402036,-5.8335483579771505,100.0,14.999955961147284,0.036347814818704034,0.0
103.5,1593.5422640482554,-5.829840886940148,100.0,14.999955961433256,0.036347696803650756,0.0
103.60000000000001,1595.0722595563361,-5.826133427869025,100.0,14.999955961715855,0.03634758018052673,0.0
103.7,1596.6022550644454,-5.82242598062262,100.0,14.99995596199512,0.036347464933480726,0.0
103.80000000000001,1598.1322505725832,-5.818718545061382,100.0,14.999955962271086,0.036347351046835,0.0
103.9,1599.662246080749,-5.815011121047347,100.0,14.999955962543792,0.03634723850508353,0.0
104.0,1601.1922415889421,-5.811303708444126,100.0,14.999955962813278,0.036347127292890184,0.0
104.10000000000001,1602.7222370971629,-5.807596307116885,100.0,14.999955963079575,0.036347017395086986,0.0
104.2,1604.2522326054104,-5.803888916932328,100.0,14.999955963342725,0.03634690879667234,0.0
104.30000000000001,1605.7822281136848,-5.800181537758681,100.0,14.999955963602758,0.0363468014828093,0.0
104.4,1607.3122236219856,-5.796474169465677,100.0,14.999955963859717,0.03634669543882386,0.0
104.5,1608.8422191303123,-5.792766811924534,100.0,14.999955964113632,0.03634659065020322,0.0
104.60000000000001,1610.372214638665,-5.789059465007945,100.0,14.999955964364538,0.03634648710259415,0.0
104.7,1611.9022101470428,-5.785352128590056,100.0,14.999955964612472,0.036346384781801286,0.0
104.80000000000001,1613.4322056554458,-5.781644802546457,100.0,14.999955964857469,0.03634628367378547,0.0
104.9,1614.9622011638737,-5.777937486754157,100.0,14.999955965099556,0.03634618376466214,0.0
105.0,1616.4921966723261,-5.774230181091577,100.0,14.999955965338772,0.03634608504069969,0.0
105.10000000000001,1618.022192180803,-5.77052288543853,100.0,14.999955965575149,0.03634598748831786,0.0
105.2,1619.5521876893035,-5.766815599676207,100.0,14.999955965808718,0.03634589109408619,0.0
105.30000000000001,1621.0821831978278,-5.763108323687159,100.0,14.999955966039513,0.036345795844722376,0.0
105.4,1622.6121787063755,-5.759401057355286,100.0,14.999955966267567,0.036345701727090764,0.0
105.5,1624.1421742149464,-5.755693800565822,100.0,14.999955966492909,0.03634560872820078,0.0
105.60000000000001,1625.67216972354,-5.751986553205314,100.0,14.99995596671557,0.03634551683520541,0.0
105.7,1627.2021652321564,-5.748279315161617,100.0,14.99995596693558,0.03634542603539971,0.0
105.80000000000001,1628.732160740795,-5.744572086323871,100.0,14.999955967152973,0.036345336316219265,0.0
105.9,1630.2621562494558,-5.740864866582493,100.0,14.999955967367775,0.03634524766523872,0.0
106.0,1631.7921517581383,-5.737157655829159,100.0,14.99995596758002,0.03634516007017035,0.0
106.10000000000001,1633.3221472668422,-5.733450453956792,100.0,14.999955967789736,0.036345073518862535,0.0
106.2,1634.8521427755675,-5.7297432608595456,100.0,14.999955967996952,0.03634498799929838,0.0
106.30000000000001,1636.3821382843137,-5.726036076432795,100.0,14.999955968201693,0.03634490349959426,0.0
106.4,1637.9121337930806,-5.722328900573119,100.0,14.999955968403993,0.036344820007998414,0.0
106.5,1639.4421293018681,-5.71862173317829,100.0,14.99995596860388,0.03634473751288956,0.0
106.60000000000001,1640.972124810676,-5.714914574147257,100.0,14.999955968801377,0.036344656002775484,0.0
106.7,1642.5021203195038,-5.711207423380136,100.0,14.999955968996515,0.0363445754662917,0.0
106.80000000000001,1644.0321158283514,-5.707500280778195,100.0,14.999955969189323,0.03634449589220007,0.0
106.9,1645.5621113372185,-5.703793146243842,100.0,14.999955969379823,0.03634441726938747,0.0
107.0,1647.092106846105,-5.700086019680613,100.0,14.999955969568044,0.036344339586864456,0.0
107.10000000000001,1648.6221023550106,-5.696378900993158,100.0,14.999955969754014,0.036344262833763984,0.0
107.2,1650.152097863935,-5.6926717900872275,100.0,14.999955969937758,0.036344186999340035,0.0
107.30000000000001,1651.6820933728782,-5.6889646868696655,100.0,14.9999559701193,0.03634411207296639,0.0
107.4,1653.2120888818395,-5.685257591248391,100.0,14.99995597029867,0.03634403804413533,0.0
107.5,1654.742084390819,-5.68155050313239,100.0,14.999955970475886,0.03634396490245635,0.0
107.60000000000001,1656.2720798998164,-5.677843422431701,100.0,14.999955970650978,0.03634389263765496,0.0
107.7,1657.8020754088318,-5.674136349057407,100.0,14.999955970823972,0.03634382123957139,0.0
107.80000000000001,1659.3320709178647,-5.670429282921619,100.0,14.999955970994888,0.036343750698159386,0.0
107.9,1660.862066426915,-5.666722223937468,100.0,14.999955971163754,0.036343681003485014,0.0
108.0,1662.3920619359822,-5.663015172019092,100.0,14.99995597133059,0.03634361214572543,0.0
108.10000000000001,1663.9220574450665,-5.659308127081627,100.0,14.999955971495421,0.03634354411516769,0.0
108.2,1665.4520529541674,-5.655601089041192,100.0,14.999955971658272,0.036343476902207614,0.0
108.30000000000001,1666.9820484632849,-5.651894057814881,100.0,14.999955971819166,0.03634341049734856,0.0
108.4,1668.5120439724185,-5.6481870333207524,100.0,14.999955971978123,0.0363433448912003,0.0
108.5,1670.0420394815683,-5.644480015477814,100.0,14.999955972135165,0.036343280074477895,0.0
108.60000000000001,1671.572034990734,-5.640773004206018,100.0,14.999955972290321,0.036343216038000545,0.0
108.7,1673.1020304999154,-5.637065999426246,100.0,14.999955972443605,0.03634315277269044,0.0
108.80000000000001,1674.6320260091125,-5.6333590010603025,100.0,14.999955972595043,0.036343090269571714,0.0
108.9,1676.1620215183248,-5.629652009030899,100.0,14.999955972744655,0.0363430285197693,0.0
109.0,1677.6920170275523,-5.62594502326165,100.0,14.999955972892463,0.03634296751450787,0.0
109.10000000000001,1679.2220125367949,-5.622238043677059,100.0,14.999955973038487,0.03634290724511073,0.0
109.2,1680.7520080460522,-5.6185310702025095,100.0,14.99995597318275,0.036342847702998796,0.0
109.30000000000001,1682.282003555324,-5.614824102764255,100.0,14.999955973325271,0.03634278887968952,0.0
109.4,1683.8119990646105,-5.61111714128941,100.0,14.99995597346607,0.03634273076679584,0.0
109.5,1685.3419945739113,-5.6074101857059375,100.0,14.999955973605168,0.03634267335602515,0.0
109.60000000000001,1686.8719900832261,-5.603703235942644,100.0,14.999955973742585,0.036342616639178316,0.0
109.7,1688.4019855925549,-5.599996291929168,100.0,14.99995597387834,0.03634256060814861,0.0
109.80000000000001,1689.9319811018975,-5.596289353595966,100.0,14.999955974012451,0.03634250525492074,0.0
109.9,1691.4619766112535,-5.5925824208743125,100.0,14.999955974144939,0.036342450571569866,0.0
110.0,1692.991972120623,-5.588875493696283,100.0,14.999955974275824,0.0363423965502606,0.0
110.10000000000001,1694.5219676300057,-5.585168571994747,100.0,14.999955974405122,0.036342343183246036,0.0
110.2,1696.0519631394016,-5.581461655703362,100.0,14.999955974532856,0.03634229046286683,0.0
110.30000000000001,1697.5819586488103,-5.57775474475656,100.0,14.99995597465904,0.036342238381550186,0.0
110.4,1699.111954158232,-5.574047839089543,100.0,14.999955974783694,0.03634218693180897,0.0
110.5,1700.6419496676663,-5.570340938638271,100.0,14.999955974906834,0.036342136106240756,0.0
110.60000000000001,1702.171945177113,-5.566634043339455,100.0,14.999955975028481,0.03634208589752691,0.0
110.7,1703.701940686572,-5.562927153130548,100.0,14.99995597514865,0.03634203629843166,0.0
110.80000000000001,1705.2319361960433,-5.559220267949739,100.0,14.99995597526736,0.03634198730180124,0.0
110.9,1706.7619317055266,-5.555513387735938,100.0,14.999955975384626,0.03634193890056295,0.0
111.0,1708.2919272150218,-5.551806512428777,100.0,14.999955975500468,0.03634189108772429,0.0
111.10000000000001,1709.8219227245288,-5.548099641968594,100.0,14.9999559756149,0.03634184385637208,0.0
111.2,1711.3519182340474,-5.544392776296431,100.0,14.99995597572794,0.03634179719967162,0.0
111.30000000000001,1712.8819137435773,-5.540685915354019,100.0,14.999955975839603,0.03634175111086581,0.0
111.4,1714.4119092531187,-5.536979059083778,100.0,14.999955975949907,0.036341705583274285,0.0
111.5,1715.9419047626711,-5.533272207428805,100.0,14.999955976058866,0.03634166061029261,0.0
111.60000000000001,1717.4719002722347,-5.529565360332864,100.0,14.999955976166499,0.036341616185391466,0.0
111.7,1719.0018957818093,-5.525858517740383,100.0,14.999955976272817,0.03634157230211576,0.0
111.80000000000001,1720.5318912913945,-5.522151679596447,100.0,14.99995597637784,0.03634152895408387,0.0
111.9,1722.0618868009904,-5.518444845846784,100.0,14.999955976481582,0.03634148613498683,0.0
112.0,1723.5918823105967,-5.514738016437765,100.0,14.999955976584054,0.03634144383858752,0.0
112.10000000000001,1725.1218778202135,-5.511031191316391,100.0,14.999955976685278,0.036341402058719885,0.0
112.2,1726.6518733298406,-5.5073243704302905,100.0,14.999955976785264,0.036341360789288166,0.0
112.30000000000001,1728.1818688394778,-5.503617553727709,100.0,14.999955976884028,0.036341320024266106,0.0
112.4,1729.711864349125,-5.499910741157503,100.0,14.999955976981585,0.03634127975769621,0.0
112.5,1731.2418598587822,-5.496203932669134,100.0,14.99995597707795,0.036341239983688975,0.0
112.60000000000001,1732.771855368449,-5.492497128212661,100.0,14.999955977173132,0.036341200696422146,0.0
112.7,1734.3018508781256,-5.488790327738732,100.0,14.999955977267149,0.036341161890139986,0.0
112.80000000000001,1735.8318463878115,-5.48508353119858,100.0,14.999955977360015,0.03634112355915253,0.0
112.9,1737.361841897507,-5.4813767385440135,100.0,14.999955977451746,0.03634108569783489,0.0
113.0,1738.8918374072118,-5.477669949727413,100.0,14.999955977542347,0.036341048300626455,0.0
113.10000000000001,1740.4218329169257,-5.473963164701722,100.0,14.99995597763184,0.0363410113620303,0.0
113.2,1741.9518284266487,-5.470256383420442,100.0,14.999955977720235,0.03634097487661241,0.0
113.30000000000001,1743.4818239363806,-5.466549605837626,100.0,14.999955977807545,0.036340938839001,0.0
113.4,1745.0118194461213,-5.462842831907871,100.0,14.999955977893784,0.03634090324388583,0.0
113.5,1746.541814955871,-5.459136061586312,100.0,14.999955977978962,0.03634086808601753,0.0
113.60000000000001,1748.0718104656291,-5.455429294828617,100.0,14.999955978063092,0.03634083336020694,0.0
113.7,1749.6018059753958,-5.45172253159098,100.0,14.99995597814619,0.0363407990613244,0.0
113.80000000000001,1751.1318014851709,-5.448015771830116,100.0,14.999955978228265,0.036340765184299115,0.0
113.9,1752.6617969949543,-5.444309015503253,100.0,14.99995597830933,0.036340731724118544,0.0
114.0,1754.191792504746,-5.440602262568129,100.0,14.999955978389396,0.0363406986758277,0.0
114.10000000000001,1755.7217880145458,-5.436895512982982,100.0,14.999955978468476,0.036340666034528527,0.0
114.2,1757.2517835243536,-5.433188766706549,100.0,14.999955978546582,0.036340633795379294,0.0
114.30000000000001,1758.7817790341694,-5.429482023698057,100.0,14.999955978623726,0.03634060195359395,0.0
114.4,1760.311774543993,-5.425775283917218,100.0,14.999955978699917,0.036340570504441484,0.0
114.5,1761.8417700538241,-5.422068547324225,100.0,14.999955978775171,0.03634053944324536,0.0
114.60000000000001,1763.371765563663,-5.418361813879744,100.0,14.999955978849494,0.03634050876538289,0.0
114.7,1764.9017610735095,-5.414655083544909,100.0,14.9999559789229,0.036340478466284624,0.0
114.80000000000001,1766.4317565833635,-5.41094835628132,100.0,14.9999559789954,0.03634044854143378,0.0
114.9,1767.9617520932247,-5.407241632051034,100.0,14.999955979067002,0.03634041898636562,0.0
115.0,1769.4917476030932,-5.403534910816559,100.0,14.99995597913772,0.03634038979666695,0.0
115.10000000000001,1771.0217431129688,-5.399828192540852,100.0,14.999955979207563,0.036340360967975466,0.0
115.2,1772.5517386228514,-5.396121477187314,100.0,14.999955979276542,0.03634033249597922,0.0
115.30000000000001,1774.081734132741,-5.392414764719779,100.0,14.999955979344668,0.03634030437641606,0.0
115.4,1775.6117296426378,-5.388708055102517,100.0,14.999955979411949,0.03634027660507308,0.0
115.5,1777.1417251525413,-5.385001348300223,100.0,14.999955979478395,0.03634024917778604,0.0
115.60000000000001,1778.6717206624514,-5.381294644278017,100.0,14.999955979544021,0.03634022209043887,0.0
115.7,1780.2017161723682,-5.3775879430014335,100.0,14.999955979608831,0.03634019533896309,0.0
115.80000000000001,1781.7317116822915,-5.37388124443642,100.0,14.999955979672837,0.03634016891933731,0.0
115.9,1783.2617071922214,-5.370174548549334,100.0,14.99995597973605,0.03634014282758668,0.0
116.0,1784.7917027021576,-5.366467855306934,100.0,14.999955979798477,0.036340117059782386,0.0
116.10000000000001,1786.3216982121003,-5.362761164676376,100.0,14.999955979860129,0.03634009161204113,0.0
116.2,1787.851693722049,-5.359054476625213,100.0,14.999955979921015,0.036340066480524624,0.0
116.30000000000001,1789.3816892320042,-5.355347791121384,100.0,14.999955979981143,0.03634004166143905,0.0
116.4,1790.9116847419652,-5.351641108133214,100.0,14.999955980040523,0.03634001715103466,0.0
116.5,1792.4416802519324,-5.34793442762941,100.0,14.999955980099166,0.03633999294560516,0.0
116.60000000000001,1793.9716757619055,-5.3442277495790504,100.0,14.999955980157077,0.03633996904148729,0.0
116.7,1795.5016712718846,-5.3405210739515905,100.0,14.999955980214267,0.036339945435060354,0.0
116.80000000000001,1797.0316667818693,-5.3368144007168485,100.0,14.999955980270746,0.036339922122745706,0.0
116.9,1798.5616622918596,-5.333107729845008,100.0,14.99995598032652,0.03633989910100628,0.0
117.0,1800.0916578018557,-5.3294010613066085,100.0,14.999955980381598,0.03633987636634614,0.0
117.10000000000001,1801.6216533118575,-5.3256943950725475,100.0,14.99995598043599,0.03633985391531003,0.0
117.2,1803.1516488218647,-5.321987731114071,100.0,14.999955980489702,0.03633983174448288,0.0
117.30000000000001,1804.6816443318774,-5.3182810694027705,100.0,14.999955980542746,0.036339809850489395,0.0
117.4,1806.2116398418955,-5.314574409910581,100.0,14.999955980595123,0.036339788229993564,0.0
117.5,1807.7416353519188,-5.310867752609776,100.0,14.999955980646847,0.03633976687969825,0.0
117.60000000000001,1809.2716308619474,-5.307161097472963,100.0,14.999955980697925,0.03633974579634475,0.0
117.7,1810.8016263719812,-5.303454444473079,100.0,14.999955980748364,0.03633972497671235,0.0
117.80000000000001,1812.33162188202,-5.299747793583388,100.0,14.999955980798171,0.03633970441761789,0.0
117.9,1813.861617392064,-5.296041144777479,100.0,14.999955980847355,0.03633968411591537,0.0
118.0,1815.391612902113,-5.2923344980292555,100.0,14.999955980895924,0.0363396640684955,0.0
118.10000000000001,1816.9216084121667,-5.28862785331294,100.0,14.999955980943884,0.03633964427228531,0.0
118.2,1818.4516039222256,-5.284921210603066,100.0,14.999955980991242,0.036339624724247725,0.0
118.30000000000001,1819.9815994322892,-5.281214569874474,100.0,14.999955981038005,0.03633960542138116,0.0
118.4,1821.5115949423573,-5.277507931102309,100.0,14.999955981084183,0.03633958636071914,0.0
118.5,1823.0415904524302,-5.273801294262017,100.0,14.999955981129782,0.036339567539329855,0.0
118.60000000000001,1824.5715859625077,-5.270094659329342,100.0,14.999955981174805,0.03633954895431582,0.0
118.7,1826.1015814725897,-5.266388026280319,100.0,14.999955981219264,0.03633953060281346,0.0
118.80000000000001,1827.6315769826763,-5.2626813950912785,100.0,14.999955981263165,0.036339512481992735,0.0
118.9,1829.1615724927674,-5.2589747657388335,100.0,14.999955981306513,0.03633949458905676,0.0
119.0,1830.6915680028628,-5.255268138199882,100.0,14.999955981349315,0.036339476921241426,0.0
119.10000000000001,1832.2215635129626,-5.251561512451602,100.0,14.999955981391578,0.036339459475815024,0.0
119.2,1833.7515590230666,-5.247854888471449,100.0,14.999955981433311,0.03633944225007789,0.0
119.30000000000001,1835.281554533175,-5.244148266237152,100.0,14.999955981474518,0.036339425241362015,0.0
119.4,1836.8115500432875,-5.240441645726712,100.0,14.999955981515203,0.036339408447030735,0.0
119.5,1838.341545553404,-5.236735026918393,100.0,14.999955981555377,0.036339391864478335,0.0
119.60000000000001,1839.8715410635248,-5.2330284097907285,100.0,14.999955981595043,0.036339375491129686,0.0
119.7,1841.4015365736495,-5.22932179432251,100.0,14.99995598163421,0.036339359324439956,0.0
119.80000000000001,1842.9315320837782,-5.225615180492787,100.0,14.999955981672882,0.036339343361894205,0.0
119.9,1844.4615275939107,-5.221908568280867,100.0,14.999955981711063,0.036339327601007075,0.0
120.0,1845.991523104047,-5.218201957666305,100.0,14.999955981748762,0.036339312039322454,0.0
120.10000000000001,1847.5215186141872,-5.214495348628908,100.0,14.999955981785988,0.036339296674413143,0.0
120.2,1849.0515141243313,-5.210788741148728,100.0,14.99995598182274,0.0363392815038805,0.0
120.30000000000001,1850.581509634479,-5.207082135206061,100.0,14.999955981859026,0.03633926652535415,0.0
120.4,1852.1115051446304,-5.203375530781443,100.0,14.999955981894855,0.03633925173649165,0.0
120.5,1853.6415006547854,-5.199668927855647,100.0,14.99995598193023,0.036339237134978164,0.0
120.60000000000001,1855.171496164944,-5.195962326409682,100.0,14.999955981965156,0.03633922271852616,0.0
120.7,1856.7014916751064,-5.192255726424787,100.0,14.999955981999637,0.03633920848487508,0.0
120.80000000000001,1858.231487185272,-5.188549127882433,100.0,14.999955982033683,0.03633919443179107,0.0
120.9,1859.7614826954411,-5.184842530764313,100.0,14.999955982067297,0.03633918055706662,0.0
121.0,1861.2914782056137,-5.181135935052349,100.0,14.999955982100483,0.03633916685852031,0.0
121.10000000000001,1862.8214737157896,-5.177429340728681,100.0,14.999955982133248,0.03633915333399648,0.0
121.2,1864.351469225969,-5.173722747775669,100.0,14.999955982165595,0.036339139981364975,0.0
121.30000000000001,1865.8814647361514,-5.170016156175887,100.0,14.999955982197532,0.03633912679852081,0.0
121.4,1867.4114602463371,-5.166309565912124,100.0,14.999955982229062,0.03633911378338391,0.0
121.5,1868.941455756526,-5.1626029769673805,100.0,14.999955982260191,0.036339100933898805,0.0
121.60000000000001,1870.471451266718,-5.158896389324864,100.0,14.999955982290926,0.03633908824803437,0.0
121.7,1872.0014467769133,-5.155189802967989,100.0,14.999955982321266,0.03633907572378351,0.0
121.80000000000001,1873.5314422871115,-5.151483217880372,100.0,14.99995598235122,0.036339063359162954,0.0
121.9,1875.061437797313,-5.147776634045833,100.0,14.999955982380794,0.036339051152212906,0.0
122.0,1876.5914333075173,-5.144070051448389,100.0,14.99995598240999,0.03633903910099682,0.0
122.10000000000001,1878.1214288177246,-5.140363470072252,100.0,14.999955982438813,0.036339027203601104,0.0
122.2,1879.6514243279348,-5.136656889901832,100.0,14.999955982467267,0.03633901545813489,0.0
122.30000000000001,1881.181419838148,-5.132950310921726,100.0,14.999955982495358,0.03633900386272977,0.0
122.4,1882.711415348364,-5.129243733116724,100.0,14.99995598252309,0.036338992415539485,0.0
122.5,1884.2414108585826,-5.125537156471803,100.0,14.999955982550468,0.03633898111473974,0.0
122.60000000000001,1885.7714063688043,-5.121830580972122,100.0,14.999955982577495,0.03633896995852791,0.0
122.7,1887.3014018790286,-5.118124006603026,100.0,14.999955982604176,0.036338958945122804,0.0
122.80000000000001,1888.8313973892557,-5.114417433350038,100.0,14.999955982630514,0.036338948072764415,0.0
122.9,1890.3613928994853,-5.1107108611988625,100.0,14.999955982656518,0.0363389373397137,0.0
123.0,1891.8913884097176,-5.107004290135378,100.0,14.999955982682186,0.03633892674425228,0.0
123.10000000000001,1893.4213839199524,-5.103297720145637,100.0,14.999955982707526,0.03633891628468226,0.0
123.2,1894.95137943019,-5.099591151215865,100.0,14.999955982732539,0.03633890595932597,0.0
123.30000000000001,1896.48137494043,-5.095884583332459,100.0,14.999955982757232,0.03633889576652575,0.0
123.4,1898.0113704506725,-5.092178016481981,100.0,14.999955982781609,0.036338885704643664,0.0
123.5,1899.5413659609176,-5.088471450651161,100.0,14.999955982805671,0.03633887577206135,0.0
123.60000000000001,1901.071361471165,-5.084764885826893,100.0,14.999955982829425,0.03633886596717974,0.0
123.7,1902.6013569814147,-5.081058321996232,100.0,14.999955982852871,0.03633885628841882,0.0
123.80000000000001,1904.1313524916668,-5.077351759146396,100.0,14.999955982876019,0.03633884673421751,0.0
123.9,1905.6613480019214,-5.073645197264757,100.0,14.999955982898866,0.03633883730303333,0.0
124.0,1907.1913435121783,-5.069938636338848,100.0,14.999955982921419,0.03633882799334225,0.0
124.10000000000001,1908.7213390224374,-5.066232076356352,100.0,14.999955982943682,0.03633881880363846,0.0
124.2,1910.2513345326988,-5.062525517305108,100.0,14.999955982965657,0.036338809732434155,0.0
124.30000000000001,1911.7813300429625,-5.058818959173105,100.0,14.99995598298735,0.03633880077825932,0.0
124.4,1913.3113255532282,-5.05511240194848,100.0,14.999955983008764,0.036338791939661566,0.0
124.5,1914.8413210634963,-5.051405845619518,100.0,14.9999559830299,0.03633878321520586,0.0
124.60000000000001,1916.3713165737663,-5.04769929017465,100.0,14.999955983050762,0.03633877460347438,0.0
124.7,1917.9013120840386,-5.04399273560245,100.0,14.999955983071354,0.036338766103066286,0.0
124.80000000000001,1919.431307594313,-5.040286181891634,100.0,14.999955983091683,0.03633875771259754,0.0
124.9,1920.9613031045894,-5.036579629031059,100.0,14.999955983111745,0.036338749430700694,0.0
125.0,1922.491298614868,-5.03287307700972,100.0,14.99995598313155,0.036338741256024716,0.0
125.10000000000001,1924.0212941251484,-5.029166525816749,100.0,14.999955983151096,0.03633873318723477,0.0
125.2,1925.5512896354307,-5.025459975441414,100.0,14.99995598317039,0.03633872522301207,0.0
125.30000000000001,1927.0812851457151,-5.021753425873117,100.0,14.999955983189432,0.036338717362053664,0.0
125.4,1928.6112806560013,-5.018046877101389,100.0,14.999955983208231,0.03633870960307227,0.0
125.5,1930.1412761662896,-5.014340329115895,100.0,14.999955983226783,0.03633870194479604,0.0
125.60000000000001,1931.6712716765796,-5.010633781906428,100.0,14.999955983245096,0.03633869438596847,0.0
125.7,1933.2012671868715,-5.006927235462908,100.0,14.999955983263169,0.03633868692534815,0.0
125.80000000000001,1934.7312626971652,-5.003220689775381,100.0,14.999955983281007,0.0363386795617086,0.0
125.9,1936.2612582074607,-4.999514144834016,100.0,14.999955983298616,0.03633867229383815,0.0
126.0,1937.791253717758,-4.995807600629108,100.0,14.999955983315992,0.03633866512053967,0.0
126.10000000000001,1939.3212492280572,-4.992101057151071,100.0,14.999955983333145,0.0363386580406305,0.0
126.2,1940.851244738358,-4.988394514390439,100.0,14.999955983350073,0.03633865105294222,0.0
126.30000000000001,1942.3812402486606,-4.984687972337865,100.0,14.999955983366782,0.03633864415632049,0.0
126.4,1943.9112357589647,-4.980981430984119,100.0,14.999955983383272,0.03633863734962492,0.0
126.5,1945.4412312692707,-4.977274890320087,100.0,14.999955983399545,0.03633863063172887,0.0
126.60000000000001,1946.9712267795783,-4.973568350336769,100.0,14.999955983415607,0.03633862400151932,0.0
126.7,1948.5012222898874,-4.969861811025276,100.0,14.999955983431459,0.03633861745789668,0.0
126.80000000000001,1950.0312178001982,-4.966155272376834,100.0,14.999955983447105,0.036338610999774666,0.0
126.9,1951.5612133105105,-4.962448734382775,100.0,14.999955983462545,0.036338604626080094,0.0
127.0,1953.0912088208245,-4.958742197034543,100.0,14.999955983477784,0.03633859833575279,0.0
127.10000000000001,1954.62120433114,-4.955035660323689,100.0,14.999955983492825,0.036338592127745394,0.0
127.2,1956.1511998414571,-4.951329124241869,100.0,14.999955983507666,0.03633858600102322,0.0
127.30000000000001,1957.6811953517756,-4.9476225887808445,100.0,14.999955983522316,0.03633857995456413,0.0
127.4,1959.2111908620957,-4.9439160539324805,100.0,14.99995598353677,0.03633857398735835,0.0
127.5,1960.7411863724171,-4.940209519688745,100.0,14.999955983551038,0.036338568098408346,0.0
127.60000000000001,1962.2711818827402,-4.936502986041706,100.0,14.999955983565117,0.03633856228672869,0.0
127.7,1963.8011773930646,-4.932796452983533,100.0,14.999955983579012,0.03633855655134589,0.0
127.80000000000001,1965.3311729033903,-4.929089920506493,100.0,14.999955983592722,0.03633855089129827,0.0
127.9,1966.8611684137175,-4.925383388602949,100.0,14.999955983606254,0.03633854530563586,0.0
128.0,1968.391163924046,-4.921676857265364,100.0,14.999955983619609,0.036338539793420166,0.0
128.1,1969.9211594343758,-4.9179703264862935,100.0,14.999955983632786,0.03633853435372414,0.0
128.20000000000002,1971.451154944707,-4.914263796258387,100.0,14.99995598364579,0.036338528985631995,0.0
128.3,1972.9811504550396,-4.910557266574389,100.0,14.999955983658625,0.036338523688239074,0.0
128.4,1974.5111459653733,-4.906850737427133,100.0,14.999955983671288,0.036338518460651725,0.0
128.5,1976.0411414757084,-4.903144208809545,100.0,14.999955983683787,0.03633851330198718,0.0
128.6,1977.5711369860448,-4.899437680714638,100.0,14.999955983696118,0.0363385082113734,0.0
128.70000000000002,1979.1011324963824,-4.895731153135517,100.0,14.999955983708288,0.03633850318794899,0.0
128.8,1980.6311280067214,-4.892024626065372,100.0,14.999955983720296,0.03633849823086302,0.0
128.9,1982.1611235170615,-4.8883180994974795,100.0,14.999955983732148,0.036338493339274955,0.0
129.0,1983.6911190274027,-4.884611573425202,100.0,14.99995598374384,0.03633848851235451,0.0
129.1,1985.221114537745,-4.880905047841985,100.0,14.99995598375538,0.036338483749281524,0.0
129.20000000000002,1986.7511100480888,-4.877198522741358,100.0,14.999955983766766,0.036338479049245836,0.0
129.3,1988.2811055584336,-4.873491998116932,100.0,14.999955983778001,0.036338474411447205,0.0
129.4,1989.8111010687796,-4.869785473962399,100.0,14.999955983789087,0.03633846983509514,0.0
129.5,1991.3410965791268,-4.866078950271533,100.0,14.999955983800028,0.03633846531940881,0.0
129.6,1992.871092089475,-4.862372427038186,100.0,14.999955983810821,0.036338460863616945,0.0
129.70000000000002,1994.4010875998242,-4.858665904256286,100.0,14.999955983821472,0.03633845646695771,0.0
129.8,1995.9310831101745,-4.854959381919842,100.0,14.999955983831981,0.03633845212867856,0.0
129.9,1997.461078620526,-4.851252860022937,100.0,14.999955983842353,0.036338447848036214,0.0
130.0,1998.9910741308784,-4.84754633855973,100.0,14.999955983852585,0.03633844362429644,0.0
130.1,2000.5210696412319,-4.8438398175244535,100.0,14.999955983862682,0.03633843945673403,0.0
130.20000000000002,2002.0510651515863,-4.840133296911414,100.0,14.999955983872644,0.03633843534463268,0.0
130.3,2003.5810606619418,-4.836426776714993,100.0,14.999955983882472,0.036338431287284825,0.0
130.4,2005.1110561722983,-4.8327202569296395,100.0,14.99995598389217,0.036338427283991614,0.0
130.5,2006.6410516826559,-4.829013737549876,100.0,14.99995598390174,0.03633842333406278,0.0
130.6,2008.1710471930144,-4.825307218570295,100.0,14.999955983911182,0.036338419436816496,0.0
130.70000000000002,2009.7010427033738,-4.821600699985557,100.0,14.999955983920497,0.03633841559157934,0.0
130.8,2011.231038213734,-4.817894181790391,100.0,14.999955983929688,0.036338411797686154,0.0
130.9,2012.7610337240953,-4.814187663979594,100.0,14.999955983938754,0.03633840805447995,0.0
131.0,2014.2910292344575,-4.81048114654803,100.0,14.999955983947704,0.03633840436131184,0.0
131.1,2015.8210247448205,-4.8067746294906275,100.0,14.99995598395653,0.036338400717540895,0.0
131.20000000000002,2017.3510202551845,-4.80306811280238,100.0,14.99995598396524,0.036338397122534095,0.0
131.3,2018.8810157655494,-4.799361596478348,100.0,14.99995598397383,0.036338393575666206,0.0
131.4,2020.4110112759151,-4.79565508051365,100.0,14.999955983982307,0.03633839007631971,0.0
131.5,2021.9410067862818,-4.791948564903472,100.0,14.999955983990672,0.0363383866238847,0.0
131.6,2023.4710022966492,-4.78824204964306,100.0,14.999955983998923,0.03633838321775877,0.0
131.70000000000002,2025.0009978070175,-4.784535534727721,100.0,14.999955984007064,0.03633837985734697,0.0
131.8,2026.5309933173867,-4.780829020152821,100.0,14.999955984015097,0.03633837654206168,0.0
131.9,2028.0609888277565,-4.777122505913789,100.0,14.999955984023021,0.03633837327132253,0.0
132.0,2029.5909843381273,-4.77341599200611,100.0,14.999955984030837,0.03633837004455632,0.0
132.1,2031.1209798484988,-4.7697094784253276,100.0,14.999955984038548,0.03633836686119696,0.0
132.20000000000002,2032.6509753588712,-4.7660029651670435,100.0,14.999955984046156,0.03633836372068533,0.0
132.3,2034.1809708692442,-4.7622964522269156,100.0,14.999955984053663,0.03633836062246924,0.0
132.4,2035.7109663796182,-4.7585899396006575,100.0,14.999955984061067,0.036338357566003336,0.0
132.5,2037.2409618899928,-4.754883427284039,100.0,14.999955984068372,0.03633835455074901,0.0
132.6,2038.7709574003682,-4.751176915272882,100.0,14.999955984075578,0.036338351576174335,0.0
132.70000000000002,2040.3009529107442,-4.747470403563067,100.0,14.999955984082687,0.03633834864175394,0.0
132.8,2041.8309484211209,-4.743763892150524,100.0,14.999955984089699,0.036338345746969015,0.0
132.9,2043.3609439314985,-4.740057381031235,100.0,14.999955984096617,0.03633834289130717,0.0
133.0,2044.8909394418768,-4.736350870201237,100.0,14.999955984103442,0.03633834007426236,0.0
133.1,2046.4209349522557,-4.732644359656617,100.0,14.999955984110175,0.036338337295334824,0.0
133.20000000000002,2047.9509304626354,-4.728937849393511,100.0,14.999955984116816,0.03633833455403102,0.0
133.3,2049.4809259730155,-4.725231339408108,100.0,14.999955984123366,0.036338331849863535,0.0
133.4,2051.0109214833965,-4.721524829696643,100.0,14.999955984129828,0.036338329182351,0.0
133.5,2052.540916993778,-4.717818320255404,100.0,14.999955984136204,0.03633832655101807,0.0
133.6,2054.0709125041603,-4.714111811080723,100.0,14.99995598414249,0.03633832395539527,0.0
133.70000000000002,2055.600908014543,-4.710405302168983,100.0,14.999955984148693,0.03633832139501901,0.0
133.8,2057.1309035249265,-4.706698793516611,100.0,14.999955984154813,0.036338318869431445,0.0
133.9,2058.6608990353106,-4.702992285120082,100.0,14.999955984160847,0.03633831637818043,0.0
134.0,2060.1908945456953,-4.699285776975918,100.0,14.999955984166801,0.03633831392081949,0.0
134.1,2061.7208900560804,-4.6955792690806835,100.0,14.999955984172674,0.03633831149690771,0.0
134.20000000000002,2063.2508855664664,-4.691872761430989,100.0,14.999955984178463,0.03633830910600963,0.0
134.3,2064.780881076853,-4.68816625402349,100.0,14.999955984184178,0.036338306747695295,0.0
134.4,2066.31087658724,-4.684459746854885,100.0,14.999955984189812,0.036338304421540076,0.0
134.5,2067.8408720976277,-4.6807532399219145,100.0,14.999955984195372,0.03633830212712466,0.0
134.6,2069.370867608016,-4.6770467332213626,100.0,14.999955984200854,0.03633829986403499,0.0
134.70000000000002,2070.9008631184047,-4.673340226750056,100.0,14.999955984206261,0.03633829763186216,0.0
134.8,2072.430858628794,-4.66963372050486,100.0,14.999955984211594,0.0363382954302024,0.0
134.9,2073.9608541391835,-4.665927214482685,100.0,14.999955984216855,0.03633829325865699,0.0
135.0,2075.490849649574,-4.662220708680478,100.0,14.999955984222044,0.0363382911168322,0.0
135.1,2077.020845159965,-4.658514203095228,100.0,14.999955984227162,0.03633828900433925,0.0
135.20000000000002,2078.5508406703557,-4.6548076972887245,100.0,14.99995598421201,0.036338295259272985,0.0
135.3,2080.0808361807444,-4.651101190871223,100.0,14.999955984198115,0.03633830099424594,0.0
135.4,2081.610831691132,-4.647394683894684,100.0,14.99995598418543,0.03633830623005986,0.0
135.5,2083.1408272015183,-4.643688176408972,100.0,14.999955984173909,0.036338310986972516,0.0
135.6,2084.6708227119034,-4.639981668461913,100.0,14.999955984163496,0.03633831528470634,0.0
135.70000000000002,2086.2008182222876,-4.636275160099349,100.0,14.99995598415415,0.036338319142457096,0.0
135.8,2087.730813732671,-4.632568651365192,100.0,14.999955984145824,0.03633832257890238,0.0
135.9,2089.2608092430532,-4.628862142301473,100.0,14.999955984138477,0.036338325612210134,0.0
136.0,2090.790804753435,-4.625155632948396,100.0,14.999955984132063,0.03633832826004709,0.0
136.1,2092.320800263816,-4.621449123344392,100.0,14.999955984126542,0.036338330539587106,0.0
136.20000000000002,2093.8507957741967,-4.61774261352616,100.0,14.99995598412187,0.036338332467519496,0.0
136.3,2095.380791284577,-4.614036103528726,100.0,14.999955984118012,0.03633833406005732,0.0
136.4,2096.9107867949565,-4.610329593385483,100.0,14.999955984114928,0.03633833533294557,0.0
136.5,2098.440782305336,-4.606623083128244,100.0,14.999955984112582,0.03633833630146935,0.0
136.6,2099.9707778157153,-4.602916572787285,100.0,14.999955984110937,0.036338336980461974,0.0
136.70000000000002,2101.5007733260945,-4.599210062391392,100.0,14.999955984109958,0.036338337384313045,0.0
136.8,2103.0307688364737,-4.595503551967907,100.0,14.999955984109613,0.03633833752697648,0.0
136.9,2104.560764346853,-4.59179704154277,100.0,14.999955984109867,0.0363383374219785,0.0
137.0,2106.090759857232,-4.588090531140562,100.0,14.99995598411069,0.03633833708242553,0.0
137.1,2107.6207553676113,-4.58438402078455,100.0,14.99995598411205,0.036338336521012114,0.0
137.20000000000002,2109.150750877991,-4.580677510496727,100.0,14.999955984113917,0.036338335750028705,0.0
137.3,2110.6807463883706,-4.576971000297852,100.0,14.999955984116264,0.03633833478136954,0.0
137.4,2112.2107418987507,-4.573264490207491,100.0,14.999955984119062,0.03633833362654028,0.0
137.5,2113.740737409131,-4.569557980244056,100.0,14.999955984122282,0.036338332296665776,0.0
137.6,2115.2707329195114,-4.565851470424845,100.0,14.999955984125902,0.036338330802497674,0.0
137.70000000000002,2116.8007284298924,-4.562144960766077,100.0,14.999955984129896,0.036338329154422054,0.0
137.8,2118.330723940274,-4.55843845128293,100.0,14.999955984134237,0.03633832736246691,0.0
137.9,2119.860719450656,-4.554731941989577,100.0,14.999955984138904,0.03633832543630968,0.0
138.0,2121.390714961038,-4.551025432899223,100.0,14.999955984143872,0.036338323385284685,0.0
138.1,2122.920710471421,-4.547318924024138,100.0,14.999955984149121,0.03633832121839047,0.0
138.20000000000002,2124.4507059818043,-4.54361241537569,100.0,14.99995598415463,0.03633831894429718,0.0
138.3,2125.9807014921885,-4.539905906964379,100.0,14.99995598416038,0.03633831657135377,0.0
138.4,2127.510697002573,-4.536199398799872,100.0,14.999955984166347,0.03633831410759527,0.0
138.5,2129.0406925129582,-4.532492890891031,100.0,14.999955984172518,0.03633831156074987,0.0
138.6,2130.5706880233442,-4.528786383245944,100.0,14.99995598417887,0.036338308938246015,0.0
138.70000000000002,2132.1006835337307,-4.525079875871958,100.0,14.99995598418539,0.036338306247219475,0.0
138.8,2133.630679044118,-4.5213733687757065,100.0,14.999955984192058,0.036338303494520226,0.0
138.9,2135.160674554506,-4.517666861963139,100.0,14.999955984198861,0.03633830068671939,0.0
139.0,2136.6906700648947,-4.513960355439549,100.0,14.99995598420578,0.03633829783011598,0.0
139.1,2138.220665575284,-4.5102538492096,100.0,14.999955984212804,0.03633829493074376,0.0
139.20000000000002,2139.750661085674,-4.506547343277354,100.0,14.99995598421992,0.03633829199437781,0.0
139.3,2141.280656596065,-4.502840837646299,100.0,14.999955984227109,0.03633828902654116,0.0
139.4,2142.8106521064565,-4.499134332319368,100.0,14.999955984234363,0.03633828603251138,0.0
139.5,2144.340647616849,-4.495427827298973,100.0,14.999955984241666,0.03633828301732691,0.0
139.6,2145.8706431272417,-4.49172132258702,100.0,14.99995598424901,0.03633827998579357,0.0
139.70000000000002,2147.4006386376354,-4.48801481818494,100.0,14.999955984256383,0.03633827694249075,0.0
139.8,2148.93063414803,-4.484308314093706,100.0,14.999955984263773,0.03633827389177768,0.0
139.9,2150.460629658425,-4.480601810313858,100.0,14.999955984271171,0.036338270837799565,0.0
140.0,2151.990625168821,-4.476895306845524,100.0,14.999955984278568,0.036338267784493616,0.0
140.1,2153.520620679218,-4.473188803688441,100.0,14.999955984285954,0.03633826473559504,0.0
140.20000000000002,2155.0506161896155,-4.469482300841975,100.0,14.999955984293322,0.03633826169464292,0.0
140.3,2156.580611700014,-4.465775798305141,100.0,14.999955984300662,0.03633825866498603,0.0
140.4,2158.110607210413,-4.462069296076622,100.0,14.999955984307965,0.036338255649788515,0.0
140.5,2159.6406027208127,-4.458362794154788,100.0,14.999955984315228,0.036338252652035594,0.0
140.6,2161.1705982312133,-4.454656292537713,100.0,14.99995598432244,0.036338249674539004,0.0
140.70000000000002,2162.7005937416147,-4.450949791223192,100.0,14.999955984329599,0.03633824671994256,0.0
140.8,2164.2305892520167,-4.447243290208761,100.0,14.999955984336694,0.03633824379072743,0.0
140.9,2165.7605847624195,-4.443536789491709,100.0,14.999955984343723,0.03633824088921747,0.0
141.0,2167.290580272823,-4.439830289069096,100.0,14.99995598435068,0.03633823801758439,0.0
141.1,2168.820575783227,-4.4361237889377705,100.0,14.99995598435756,0.03633823517785281,0.0
141.20000000000002,2170.3505712936317,-4.432417289094379,100.0,14.999955984364357,0.03633823237190537,0.0
141.3,2171.8805668040372,-4.428710789535383,100.0,14.999955984371068,0.03633822960148755,0.0
141.4,2173.4105623144433,-4.4250042902570765,100.0,14.99995598437769,0.036338226868212496,0.0
141.5,2174.94055782485,-4.421297791255592,100.0,14.999955984384219,0.03633822417356581,0.0
141.6,2176.4705533352576,-4.417591292526917,100.0,14.999955984390649,0.03633822151891016,0.0
141.70000000000002,2178.000548845666,-4.413884794066908,100.0,14.99995598439698,0.036338218905489814,0.0
141.8,2179.5305443560746,-4.410178295871299,100.0,14.99995598440321,0.03633821633443507,0.0
141.9,2181.0605398664843,-4.406471797935716,100.0,14.999955984409333,0.036338213806766696,0.0
142.0,2182.5905353768944,-4.402765300255685,100.0,14.999955984415347,0.03633821132340014,0.0
142.1,2184.120530887305,-4.3990588028266435,100.0,14.999955984421256,0.03633820888514973,0.0
142.20000000000002,2185.6505263977165,-4.395352305643953,100.0,14.999955984427052,0.036338206492732734,0.0
142.3,2187.1805219081284,-4.391645808702903,100.0,14.999955984432734,0.036338204146773426,0.0
142.4,2188.710517418541,-4.387939311998729,100.0,14.999955984438303,0.036338201847806915,0.0
142.5,2190.2405129289536,-4.384232815526612,100.0,14.999955984443757,0.03633819959628301,0.0
142.6,2191.7705084393674,-4.380526319281694,100.0,14.999955984449096,0.03633819739256992,0.0
142.70000000000002,2193.3005039497816,-4.3768198232590825,100.0,14.999955984454319,0.03633819523695789,0.0
142.8,2194.8304994601963,-4.373113327453859,100.0,14.999955984459424,0.03633819312966277,0.0
142.9,2196.3604949706114,-4.3694068318610855,100.0,14.99995598446441,0.036338191070829445,0.0
143.0,2197.890490481027,-4.3657003364758165,100.0,14.999955984469281,0.036338189060535216,0.0
143.1,2199.420485991443,-4.361993841293098,100.0,14.999955984474035,0.03633818709879311,0.0
143.20000000000002,2200.9504815018595,-4.358287346307981,100.0,14.999955984478667,0.036338185185555,0.0
143.3,2202.4804770122764,-4.354580851515522,100.0,14.999955984483186,0.0363381833207148,0.0
143.4,2204.010472522694,-4.350874356910793,100.0,14.999955984487588,0.03633818150411146,0.0
143.5,2205.5404680331117,-4.347167862488883,100.0,14.999955984491873,0.03633817973553188,0.0
143.6,2207.07046354353,-4.343461368244907,100.0,14.99995598449604,0.03633817801471378,0.0
143.70000000000002,2208.6004590539487,-4.339754874174009,100.0,14.999955984500094,0.036338176341348526,0.0
143.8,2210.130454564368,-4.336048380271366,100.0,14.999955984504034,0.03633817471508374,0.0
143.9,2211.6604500747876,-4.332341886532195,100.0,14.99995598450786,0.03633817313552599,0.0
144.0,2213.1904455852077,-4.328635392951751,100.0,14.999955984511574,0.03633817160224326,0.0
144.1,2214.7204410956283,-4.32492889952534,100.0,14.999955984515179,0.036338170114767435,0.0
144.20000000000002,2216.250436606049,-4.321222406248315,100.0,14.999955984518673,0.036338168672596684,0.0
144.3,2217.78043211647,-4.317515913116081,100.0,14.999955984522057,0.036338167275197744,0.0
144.4,2219.3104276268914,-4.3138094201241,100.0,14.999955984525336,0.03633816592200817,0.0
144.5,2220.8404231373133,-4.310102927267893,100.0,14.999955984528508,0.03633816461243846,0.0
144.6,2222.3704186477353,-4.306396434543044,100.0,14.999955984531576,0.03633816334587414,0.0
144.70000000000002,2223.9004141581577,-4.302689941945196,100.0,14.999955984534543,0.036338162121677786,0.0
144.8,2225.4304096685805,-4.298983449470063,100.0,14.999955984537408,0.036338160939190935,0.0
144.9,2226.9604051790034,-4.295276957113424,100.0,14.999955984540172,0.036338159797735976,0.0
145.0,2228.4904006894267,-4.291570464871131,100.0,14.99995598454284,0.03633815869661794,0.0
145.1,2230.02039619985,-4.287863972739105,100.0,14.99995598454541,0.036338157635126205,0.0
145.20000000000002,2231.5503917102737,-4.284157480713342,100.0,14.99995598454789,0.036338156612536206,0.0
145.3,2233.080387220698,-4.2804509887899105,100.0,14.999955984550272,0.036338155628110984,0.0
145.4,2234.610382731122,-4.276744496964957,100.0,14.999955984552567,0.036338154681102824,0.0
145.5,2236.140378241547,-4.273038005234704,100.0,14.999955984554774,0.03633815377075457,0.0
145.6,2237.6703737519715,-4.269331513595451,100.0,14.999955984556891,0.03633815289630117,0.0
145.70000000000002,2239.2003692623966,-4.265625022043577,100.0,14.999955984558925,0.03633815205697098,0.0
145.8,2240.7303647728218,-4.261918530575539,100.0,14.999955984560874,0.036338151251987076,0.0
145.9,2242.260360283247,-4.258212039187873,100.0,14.999955984562742,0.03633815048056849,0.0
146.0,2243.7903557936725,-4.254505547877197,100.0,14.999955984564533,0.03633814974193135,0.0
146.1,2245.320351304098,-4.250799056640207,100.0,14.999955984566244,0.03633814903529009,0.0
146.20000000000002,2246.850346814524,-4.24709256547368,100.0,14.99995598456788,0.036338148359858484,0.0
146.3,2248.38034232495,-4.243386074374473,100.0,14.999955984569443,0.036338147714850645,0.0
146.4,2249.910337835376,-4.239679583339523,100.0,14.999955984570935,0.03633814709948205,0.0
146.5,2251.4403333458026,-4.235973092365848,100.0,14.999955984572356,0.036338146512970425,0.0
146.6,2252.970328856229,-4.232266601450544,100.0,14.999955984573708,0.036338145954536646,0.0
146.70000000000002,2254.5003243666556,-4.228560110590787,100.0,14.999955984574994,0.03633814542340554,0.0
146.8,2256.030319877082,-4.224853619783833,100.0,14.999955984576218,0.03633814491880672,0.0
146.9,2257.560315387509,-4.221147129027013,100.0,14.999955984577378,0.03633814443997525,0.0
147.0,2259.090310897936,-4.21744063831774,100.0,14.999955984578477,0.036338143986152434,0.0
147.1,2260.620306408363,-4.2137341476535,100.0,14.999955984579517,0.036338143556586384,0.0
147.20000000000002,2262.15030191879,-4.210027657031858,100.0,14.9999559845805,0.03633814315053268,0.0
147.3,2263.6802974292173,-4.206321166450454,100.0,14.99995598458143,0.03633814276725495,0.0
147.4,2265.2102929396447,-4.202614675907003,100.0,14.999955984582305,0.03633814240602539,0.0
147.5,2266.740288450072,-4.198908185399292,100.0,14.999955984583128,0.03633814206612525,0.0
147.6,2268.2702839604995,-4.195201694925182,100.0,14.999955984583902,0.03633814174684534,0.0
147.70000000000002,2269.800279470927,-4.191495204482607,100.0,14.999955984584625,0.03633814144748641,0.0
147.8,2271.3302749813547,-4.187788714069569,100.0,14.999955984585306,0.036338141167359596,0.0
147.9,2272.8602704917826,-4.184082223684142,100.0,14.99995598458594,0.036338140905786735,0.0
148.0,2274.3902660022104,-4.180375733324469,100.0,14.99995598458653,0.03633814066210072,0.0
148.1,2275.9202615126383,-4.176669242988758,100.0,14.999955984587077,0.03633814043564582,0.0
148.20000000000002,2277.450257023066,-4.172962752675286,100.0,14.999955984587586,0.03633814022577794,0.0
148.3,2278.980252533494,-4.169256262382392,100.0,14.999955984588055,0.03633814003186483,0.0
148.4,2280.510248043922,-4.165549772108482,100.0,14.999955984588487,0.03633813985328634,0.0
148.5,2282.0402435543497,-4.161843281852024,100.0,14.999955984588887,0.036338139689434626,0.0
148.6,2283.570239064778,-4.158136791611545,100.0,14.999955984589247,0.036338139539714265,0.0
148.70000000000002,2285.1002345752063,-4.154430301385634,100.0,14.999955984589578,0.03633813940354246,0.0
148.8,2286.6302300856346,-4.15072381117294,100.0,14.999955984589876,0.036338139280349104,0.0
148.9,2288.160225596063,-4.147017320972166,100.0,14.999955984590144,0.03633813916957691,0.0
149.0,2289.690221106491,-4.143310830782075,100.0,14.999955984590386,0.036338139070681466,0.0
149.1,2291.2202166169195,-4.1396043406014815,100.0,14.999955984590597,0.036338138983131305,0.0
149.20000000000002,2292.750212127348,-4.135897850429256,100.0,14.999955984590782,0.03633813890640794,0.0
149.3,2294.280207637776,-4.132191360264319,100.0,14.999955984590944,0.03633813884000588,0.0
149.4,2295.8102031482044,-4.128484870105646,100.0,14.99995598459108,0.03633813878343263,0.0
149.5,2297.3401986586327,-4.124778379952256,100.0,14.999955984591194,0.03633813873620869,0.0
149.6,2298.870194169061,-4.121071889803222,100.0,14.999955984591287,0.0363381386978675,0.0
149.70000000000002,2300.4001896794894,-4.11736539965766,100.0,14.99995598459136,0.036338138667955405,0.0
149.8,2301.9301851899177,-4.113658909514734,100.0,14.999955984591415,0.03633813864603161,0.0
149.9,2303.460180700346,-4.10995241937365,100.0,14.999955984591448,0.03633813863166805,0.0
150.0,2304.9901762107743,-4.10624592923366,100.0,14.999955984591464,0.03633813862444937,0.0
150.1,2306.5201717212026,-4.1025394390940555,100.0,14.999955984591466,0.0363381386239728,0.0
150.20000000000002,2308.050167231631,-4.098832948954168,100.0,14.999955984591454,0.03633813862984803,0.0
150.3,2309.580162742059,-4.095126458813371,100.0,14.999955984591423,0.036338138641697076,0.0
150.4,2311.1101582524875,-4.091419968671073,100.0,14.99995598459138,0.036338138659154216,0.0
150.5,2312.640153762916,-4.087713478526721,100.0,14.999955984591328,0.036338138681865764,0.0
150.6,2314.170149273344,-4.084006988379796,100.0,14.999955984591258,0.03633813870948999,0.0
150.70000000000002,2315.7001447837724,-4.080300498229814,100.0,14.999955984591182,0.03633813874169691,0.0
150.8,2317.2301402942007,-4.0765940080763245,100.0,14.999955984591095,0.03633813877816815,0.0
150.9,2318.760135804629,-4.072887517918908,100.0,14.999955984590995,0.03633813881859675,0.0
151.0,2320.2901313150574,-4.069181027757177,100.0,14.999955984590889,0.036338138862687046,0.0
151.1,2321.8201268254857,-4.065474537590772,100.0,14.999955984590773,0.0363381389101544,0.0
151.20000000000002,2323.350122335914,-4.0617680474193625,100.0,14.999955984590652,0.03633813896072507,0.0
151.3,2324.8801178463423,-4.058061557242646,100.0,14.999955984590523,0.03633813901413596,0.0
151.4,2326.4101133567706,-4.054355067060347,100.0,14.999955984590386,0.0363381390701345,0.0
151.5,2327.940108867199,-4.050648576872212,100.0,14.999955984590246,0.0363381391284784,0.0
151.6,2329.470104377627,-4.0469420866780155,100.0,14.999955984590096,0.03633813918893541,0.0
151.70000000000002,2331.0000998880555,-4.043235596477553,100.0,14.999955984589947,0.03633813925128317,0.0
151.8,2332.530095398484,-4.039529106270643,100.0,14.999955984589791,0.03633813931530896,0.0
151.9,2334.060090908912,-4.035822616057124,100.0,14.999955984589635,0.03633813938080952,0.0
152.0,2335.5900864193404,-4.032116125836857,100.0,14.999955984589471,0.03633813944759078,0.0
152.1,2337.1200819297687,-4.028409635609719,100.0,14.999955984589306,0.036338139515467695,0.0
152.20000000000002,2338.650077440197,-4.02470314537561,100.0,14.99995598458914,0.03633813958426401,0.0
152.3,2340.1800729506253,-4.020996655134443,100.0,14.999955984588972,0.03633813965381201,0.0
152.4,2341.710068461053,-4.017290164886149,100.0,14.999955984588802,0.03633813972395235,0.0
152.5,2343.240063971481,-4.013583674630677,100.0,14.999955984588631,0.03633813979453378,0.0
152.6,2344.770059481909,-4.00987718436799,100.0,14.999955984588459,0.036338139865412976,0.0
152.70000000000002,2346.3000549923368,-4.006170694098063,100.0,14.999955984588286,0.03633813993645432,0.0
152.8,2347.8300505027646,-4.002464203820886,100.0,14.999955984588114,0.03633814000752964,0.0
152.9,2349.3600460131925,-3.9987577135364636,100.0,14.999955984587944,0.036338140078518016,0.0
153.0,2350.8900415236203,-3.9950512232448094,100.0,14.999955984587771,0.03633814014930558,0.0
153.1,2352.420037034048,-3.99134473294595,100.0,14.999955984587599,0.036338140219785264,0.0
153.20000000000002,2353.950032544476,-3.9876382426399215,100.0,14.99995598458743,0.036338140289856644,0.0
153.3,2355.480028054904,-3.9839317523267708,100.0,14.999955984587261,0.03633814035942563,0.0
153.4,2357.0100235653317,-3.9802252620065537,100.0,14.999955984587094,0.03633814042840437,0.0
153.5,2358.5400190757596,-3.9765187716793347,100.0,14.999955984586931,0.03633814049671097,0.0
153.60000000000002,2360.0700145861874,-3.972812281345186,100.0,14.999955984586766,0.0363381405642693,0.0
153.70000000000002,2361.6000100966153,-3.969105791004188,100.0,14.999955984586604,0.03633814063100883,0.0
153.8,2363.130005607043,-3.965399300656427,100.0,14.999955984586444,0.03633814069686438,0.0
153.9,2364.660001117471,-3.9616928103019973,100.0,14.999955984586288,0.03633814076177593,0.0
154.0,2366.189996627899,-3.9579863199409973,100.0,14.999955984586132,0.03633814082568847,0.0
154.10000000000002,2367.7199921383267,-3.9542798295735317,100.0,14.99995598458598,0.036338140888551765,0.0
154.20000000000002,2369.2499876487545,-3.95057333919971,100.0,14.99995598458583,0.036338140950320195,0.0
154.3,2370.7799831591824,-3.946866848819646,100.0,14.999955984585684,0.03633814101095257,0.0
154.4,2372.3099786696102,-3.943160358433458,100.0,14.99995598458554,0.0363381410704119,0.0
154.5,2373.839974180038,-3.9394538680412663,100.0,14.9999559845854,0.03633814112866529,0.0
154.60000000000002,2375.369969690466,-3.9357473776431964,100.0,14.999955984585261,0.03633814118568372,0.0
154.70000000000002,2376.899965200894,-3.932040887239375,100.0,14.999955984585126,0.036338141241441885,0.0
154.8,2378.4299607113217,-3.9283343968299325,100.0,14.999955984584993,0.03633814129591802,0.0
154.9,2379.9599562217495,-3.924627906415,100.0,14.999955984584865,0.03633814134909375,0.0
155.0,2381.4899517321774,-3.920921415994711,100.0,14.99995598458474,0.03633814140095394,0.0
155.10000000000002,2383.019947242605,-3.917214925569201,100.0,14.999955984584618,0.036338141451486505,0.0
155.20000000000002,2384.549942753033,-3.913508435138605,100.0,14.999955984584497,0.03633814150068229,0.0
155.3,2386.0799382634605,-3.90980194470306,100.0,14.999955984584382,0.036338141548534916,0.0
155.4,2387.609933773888,-3.9060954542627035,100.0,14.999955984584268,0.0363381415950406,0.0
155.5,2389.1399292843153,-3.902388963817673,100.0,14.99995598458416,0.036338141640198066,0.0
155.60000000000002,2390.6699247947427,-3.8986824733681056,100.0,14.999955984584053,0.03633814168400839,0.0
155.70000000000002,2392.19992030517,-3.8949759829141386,100.0,14.99995598458395,0.03633814172647484,0.0
155.8,2393.7299158155975,-3.8912694924559093,100.0,14.99995598458385,0.03633814176760281,0.0
155.9,2395.259911326025,-3.8875630019935534,100.0,14.999955984583755,0.036338141807399624,0.0
156.0,2396.7899068364522,-3.8838565115272066,100.0,14.99995598458366,0.03633814184587445,0.0
156.10000000000002,2398.3199023468796,-3.880150021057003,100.0,14.99995598458357,0.036338141883038196,0.0
156.20000000000002,2399.849897857307,-3.8764435305830753,100.0,14.999955984583485,0.03633814191890335,0.0
156.3,2401.3798933677344,-3.8727370401055556,100.0,14.9999559845834,0.036338141953483886,0.0
156.4,2402.909888878162,-3.8690305496245743,100.0,14.99995598458332,0.036338141986795205,0.0
156.5,2404.4398843885892,-3.86532405914026,100.0,14.999955984583243,0.03633814201885398,0.0
156.60000000000002,2405.9698798990166,-3.8616175686527394,100.0,14.999955984583167,0.03633814204967805,0.0
156.70000000000002,2407.499875409444,-3.8579110781621373,100.0,14.999955984583096,0.03633814207928637,0.0
156.8,2409.0298709198714,-3.854204587668577,100.0,14.999955984583027,0.03633814210769889,0.0
156.9,2410.559866430299,-3.850498097172179,100.0,14.99995598458296,0.03633814213493645,0.0
157.0,2412.089861940726,-3.8467916066730625,100.0,14.999955984582899,0.03633814216102072,0.0
157.10000000000002,2413.6198574511536,-3.843085116171344,100.0,14.999955984582838,0.03633814218597412,0.0
157.20000000000002,2415.149852961581,-3.839378625667137,100.0,14.99995598458278,0.036338142209819735,0.0
157.3,2416.6798484720084,-3.8356721351605545,100.0,14.999955984582725,0.036338142232581215,0.0
157.4,2418.209843982436,-3.8319656446517047,100.0,14.999955984582671,0.03633814225428275,0.0
157.5,2419.739839492863,-3.828259154140695,100.0,14.999955984582622,0.03633814227494895,0.0
157.60000000000002,2421.2698350032906,-3.8245526636276295,100.0,14.999955984582575,0.036338142294604824,0.0
157.70000000000002,2422.799830513718,-3.82084617311261,100.0,14.99995598458253,0.03633814231327568,0.0
157.8,2424.3298260241454,-3.8171396825957356,100.0,14.999955984582487,0.03633814233098709,0.0
157.9,2425.859821534573,-3.813433192077103,100.0,14.999955984582446,0.03633814234776482,0.0
158.0,2427.389817045,-3.809726701556806,100.0,14.999955984582407,0.036338142363634786,0.0
158.10000000000002,2428.9198125554276,-3.806020211034936,100.0,14.999955984582371,0.03633814237862298,0.0
158.20000000000002,2430.449808065855,-3.8023137205115813,100.0,14.999955984582337,0.03633814239275543,0.0
158.3,2431.9798035762824,-3.7986072299868283,100.0,14.999955984582305,0.036338142406058184,0.0
158.4,2433.50979908671,-3.79490073946076,100.0,14.999955984582273,0.03633814241855722,0.0
158.5,2435.039794597137,-3.791194248933457,100.0,14.999955984582245,0.03633814243027844,0.0
158.60000000000002,2436.5697901075646,-3.787487758404997,100.0,14.99995598458222,0.03633814244124761,0.0
158.70000000000002,2438.099785617992,-3.7837812678754563,100.0,14.999955984582193,0.03633814245149032,0.0
158.8,2439.6297811284194,-3.780074777344907,100.0,14.999955984582172,0.03633814246103197,0.0
158.9,2441.159776638847,-3.7763682868134194,100.0,14.999955984582149,0.036338142469897715,0.0
159.0,2442.689772149274,-3.7726617962810614,100.0,14.999955984582131,0.03633814247811247,0.0
159.10000000000002,2444.2197676597016,-3.7689553057478977,100.0,14.999955984582112,0.03633814248570083,0.0
159.20000000000002,2445.749763170129,-3.7652488152139916,100.0,14.999955984582094,0.036338142492687096,0.0
159.3,2447.2797586805564,-3.7615423246794024,100.0,14.99995598458208,0.03633814249909521,0.0
159.4,2448.8097541909838,-3.7578358341441884,100.0,14.999955984582064,0.03633814250494876,0.0
159.5,2450.339749701411,-3.754129343608405,100.0,14.999955984582051,0.03633814251027095,0.0
159.60000000000002,2451.8697452118386,-3.7504228530721053,100.0,14.99995598458204,0.03633814251508457,0.0
159.70000000000002,2453.399740722266,-3.7467163625353397,100.0,14.99995598458203,0.03633814251941201,0.0
159.8,2454.9297362326934,-3.7430098719981566,100.0,14.999955984582021,0.03633814252327522,0.0
159.9,2456.4597317431208,-3.7393033814606027,100.0,14.999955984582012,0.036338142526695684,0.0
160.0,2457.989727253548,-3.7355968909227215,100.0,14.999955984582003,0.036338142529694445,0.0
160.10000000000002,2459.5197227639756,-3.7318904003845557,100.0,14.999955984582,0.03633814253229207,0.0
160.20000000000002,2461.049718274403,-3.7281839098461447,100.0,14.999955984581995,0.036338142534508636,0.0
160.3,2462.5797137848303,-3.7244774193075263,100.0,14.99995598458199,0.03633814253636375,0.0
160.4,2464.1097092952577,-3.7207709287687365,100.0,14.999955984581986,0.036338142537876504,0.0
160.5,2465.639704805685,-3.717064438229809,100.0,14.999955984581982,0.0363381425390655,0.0
160.60000000000002,2467.1697003161125,-3.7133579476907763,100.0,14.99995598458198,0.03633814253994883,0.0
160.70000000000002,2468.69969582654,-3.7096514571516686,100.0,14.999955984581979,0.03633814254054409,0.0
160.8,2470.2296913369673,-3.705944966612514,100.0,14.999955984581979,0.036338142540868354,0.0
160.9,2471.7596868473947,-3.70223847607334,100.0,14.999955984581979,0.03633814254093818,0.0
161.0,2473.289682357822,-3.6985319855341707,100.0,14.999955984581979,0.03633814254076961,0.0
161.10000000000002,2474.8196778682495,-3.6948254949950305,100.0,14.999955984581979,0.036338142540378184,0.0
161.20000000000002,2476.349673378677,-3.691119004455941,100.0,14.99995598458198,0.03633814253977894,0.0
161.3,2477.8796688891043,-3.6874125139169225,100.0,14.999955984581982,0.0363381425389864,0.0
161.4,2479.4096643995317,-3.6837060233779946,100.0,14.999955984581986,0.03633814253801457,0.0
161.5,2480.939659909959,-3.679999532839174,100.0,14.999955984581987,0.03633814253687696,0.0
161.60000000000002,2482.4696554203865,-3.6762930423004776,100.0,14.999955984581991,0.03633814253558661,0.0
161.70000000000002,2483.999650930814,-3.67258655176192,100.0,14.999955984581995,0.03633814253415603,0.0
161.8,2485.5296464412413,-3.6688800612235153,100.0,14.999955984581998,0.036338142532597255,0.0
161.9,2487.0596419516687,-3.6651735706852757,100.0,14.999955984582002,0.03633814253092185,0.0
162.0,2488.589637462096,-3.6614670801472124,100.0,14.999955984582005,0.03633814252914091,0.0
162.10000000000002,2490.1196329725235,-3.6577605896093357,100.0,14.99995598458201,0.03633814252726504,0.0
162.20000000000002,2491.649628482951,-3.654054099071655,100.0,14.999955984582016,0.036338142525304394,0.0
162.3,2493.1796239933783,-3.6503476085341777,100.0,14.999955984582021,0.03633814252326868,0.0
162.4,2494.7096195038057,-3.646641117996912,100.0,14.999955984582025,0.03633814252116716,0.0
162.5,2496.239615014233,-3.6429346274598635,100.0,14.99995598458203,0.03633814251900868,0.0
162.60000000000002,2497.7696105246605,-3.639228136923038,100.0,14.999955984582037,0.036338142516801626,0.0
162.70000000000002,2499.299606035088,-3.6355216463864397,100.0,14.999955984582042,0.03633814251455397,0.0
162.8,2500.8296015455153,-3.6318151558500724,100.0,14.999955984582046,0.036338142512273325,0.0
162.9,2502.3595970559427,-3.628108665313939,100.0,14.999955984582051,0.03633814250996685,0.0
163.0,2503.88959256637,-3.624402174778042,100.0,14.999955984582058,0.03633814250764135,0.0
163.10000000000002,2505.4195880767975,-3.620695684242383,100.0,14.999955984582064,0.03633814250530323,0.0
163.20000000000002,2506.949583587225,-3.616989193706963,100.0,14.99995598458207,0.036338142502958526,0.0
163.3,2508.4795790976523,-3.613282703171782,100.0,14.999955984582074,0.036338142500612944,0.0
163.4,2510.0095746080797,-3.6095762126368403,100.0,14.999955984582082,0.03633814249827181,0.0
163.5,2511.539570118507,-3.6058697221021365,100.0,14.999955984582087,0.03633814249594013,0.0
163.60000000000002,2513.0695656289345,-3.60216323156767,100.0,14.999955984582092,0.03633814249362258,0.0
163.70000000000002,2514.599561139362,-3.598456741033439,100.0,14.999955984582098,0.03633814249132351,0.0
163.8,2516.1295566497893,-3.5947502504994415,100.0,14.999955984582103,0.03633814248904697,0.0
163.9,2517.6595521602167,-3.591043759965675,100.0,14.999955984582108,0.036338142486796725,0.0
164.0,2519.189547670644,-3.587337269432136,100.0,14.999955984582115,0.03633814248457623,0.0
164.10000000000002,2520.7195431810715,-3.583630778898822,100.0,14.99995598458212,0.03633814248238867,0.0
164.20000000000002,2522.249538691499,-3.5799242883657296,100.0,14.999955984582126,0.03633814248023696,0.0
164.3,2523.7795342019263,-3.5762177978328547,100.0,14.99995598458213,0.03633814247812377,0.0
164.4,2525.3095297123537,-3.572511307300193,100.0,14.999955984582135,0.036338142476051535,0.0
164.5,2526.839525222781,-3.56880481676774,100.0,14.999955984582138,0.036338142474022415,0.0
164.60000000000002,2528.3695207332084,-3.5650983262354923,100.0,14.999955984582144,0.036338142472038384,0.0
164.70000000000002,2529.899516243636,-3.5613918357034446,100.0,14.999955984582149,0.03633814247010117,0.0
164.8,2531.4295117540632,-3.557685345171592,100.0,14.999955984582154,0.03633814246821231,0.0
164.9,2532.9595072644906,-3.5539788546399294,100.0,14.999955984582158,0.036338142466373125,0.0
165.0,2534.489502774918,-3.550272364108452,100.0,14.999955984582163,0.03633814246458476,0.0
165.10000000000002,2536.0194982853454,-3.546565873577154,100.0,14.999955984582167,0.03633814246284818,0.0
165.20000000000002,2537.549493795773,-3.5428593830460304,100.0,14.99995598458217,0.03633814246116417,0.0
165.3,2539.0794893062002,-3.539152892515076,100.0,14.999955984582176,0.03633814245953337,0.0
165.4,2540.6094848166276,-3.5354464019842853,100.0,14.99995598458218,0.036338142457956225,0.0
165.5,2542.139480327055,-3.5317399114536525,100.0,14.999955984582181,0.03633814245643308,0.0
165.60000000000002,2543.6694758374824,-3.5280334209231725,100.0,14.999955984582186,0.03633814245496412,0.0
165.70000000000002,2545.19947134791,-3.5243269303928395,100.0,14.999955984582188,0.03633814245354938,0.0
165.8,2546.729466858337,-3.520620439862648,100.0,14.999955984582192,0.036338142452188825,0.0
165.9,2548.2594623687646,-3.5169139493325927,100.0,14.999955984582195,0.03633814245088225,0.0
166.0,2549.789457879192,-3.513207458802668,100.0,14.999955984582199,0.03633814244962937,0.0
166.10000000000002,2551.3194533896194,-3.5095009682728677,100.0,14.999955984582202,0.03633814244842979,0.0
166.20000000000002,2552.849448900047,-3.5057944777431875,100.0,14.999955984582204,0.03633814244728302,0.0
166.3,2554.379444410474,-3.5020879872136215,100.0,14.999955984582208,0.03633814244618849,0.0
166.4,2555.9094399209016,-3.498381496684164,100.0,14.99995598458221,0.03633814244514555,0.0
166.5,2557.439435431329,-3.494675006154811,100.0,14.999955984582211,0.036338142444153454,0.0
166.60000000000002,2558.9694309417564,-3.490968515625556,100.0,14.999955984582215,0.036338142443211416,0.0
166.70000000000002,2560.499426452184,-3.487262025096395,100.0,14.999955984582218,0.03633814244231857,0.0
166.8,2562.029421962611,-3.4835555345673224,100.0,14.99995598458222,0.03633814244147398,0.0
166.9,2563.5594174730386,-3.4798490440383336,100.0,14.999955984582222,0.036338142440676686,0.0
167.0,2565.089412983466,-3.4761425535094235,100.0,14.999955984582224,0.03633814243992567,0.0
167.10000000000002,2566.6194084938934,-3.472436062980588,100.0,14.999955984582224,0.03633814243921986,0.0
167.20000000000002,2568.149404004321,-3.468729572451822,100.0,14.999955984582225,0.036338142438558166,0.0
167.3,2569.679399514748,-3.4650230819231216,100.0,14.999955984582227,0.03633814243793945,0.0
167.4,2571.2093950251756,-3.461316591394482,100.0,14.999955984582227,0.03633814243736255,0.0
167.5,2572.739390535603,-3.457610100865899,100.0,14.999955984582229,0.03633814243682629,0.0
167.60000000000002,2574.2693860460304,-3.4539036103373686,100.0,14.99995598458223,0.03633814243632945,0.0
167.70000000000002,2575.799381556458,-3.450197119808887,100.0,14.99995598458223,0.03633814243587081,0.0
167.8,2577.329377066885,-3.4464906292804502,100.0,14.999955984582233,0.03633814243544914,0.0
167.9,2578.8593725773126,-3.442784138752055,100.0,14.999955984582234,0.03633814243506319,0.0
168.0,2580.38936808774,-3.4390776482236967,100.0,14.999955984582234,0.03633814243471171,0.0
168.10000000000002,2581.9193635981674,-3.4353711576953727,100.0,14.999955984582234,0.036338142434393435,0.0
168.20000000000002,2583.4493591085948,-3.4316646671670794,100.0,14.999955984582236,0.03633814243410713,0.0
168.3,2584.979354619022,-3.427958176638814,100.0,14.999955984582236,0.03633814243385152,0.0
168.4,2586.5093501294496,-3.424251686110573,100.0,14.999955984582238,0.036338142433625376,0.0
168.5,2588.039345639877,-3.4205451955823536,100.0,14.999955984582238,0.03633814243342745,0.0
168.60000000000002,2589.5693411503044,-3.416838705054153,100.0,14.999955984582238,0.03633814243325651,0.0
168.70000000000002,2591.0993366607318,-3.4131322145259686,100.0,14.999955984582238,0.03633814243311134,0.0
168.8,2592.629332171159,-3.409425723997798,100.0,14.999955984582238,0.036338142432990744,0.0
168.9,2594.1593276815865,-3.405719233469638,100.0,14.99995598458224,0.03633814243289353,0.0
169.0,2595.689323192014,-3.4020127429414866,100.0,14.99995598458224,0.036338142432818514,0.0
169.10000000000002,2597.2193187024413,-3.398306252413342,100.0,14.99995598458224,0.03633814243276455,0.0
169.20000000000002,2598.7493142128687,-3.394599761885202,100.0,14.99995598458224,0.036338142432730515,0.0
169.3,2600.279309723296,-3.3908932713570645,100.0,14.99995598458224,0.03633814243271529,0.0
169.4,2601.8093052337235,-3.3871867808289275,100.0,14.99995598458224,0.036338142432717796,0.0
169.5,2603.339300744151,-3.3834802903007897,100.0,14.99995598458224,0.03633814243273697,0.0
169.60000000000002,2604.8692962545783,-3.3797737997726487,100.0,14.99995598458224,0.03633814243277176,0.0
169.70000000000002,2606.3992917650057,-3.3760673092445037,100.0,14.99995598458224,0.03633814243282117,0.0
169.8,2607.929287275433,-3.372360818716353,100.0,14.99995598458224,0.0363381424328842,0.0
169.9,2609.4592827858605,-3.368654328188195,100.0,14.999955984582238,0.03633814243295989,0.0
170.0,2610.989278296288,-3.364947837660029,100.0,14.999955984582238,0.03633814243304732,0.0
170.10000000000002,2612.5192738067153,-3.361241347131853,100.0,14.999955984582238,0.03633814243314558,0.0
170.20000000000002,2614.0492693171427,-3.357534856603667,100.0,14.999955984582238,0.0363381424332538,0.0
170.3,2615.57926482757,-3.353828366075469,100.0,14.999955984582238,0.036338142433371114,0.0
170.4,2617.1092603379975,-3.350121875547259,100.0,14.999955984582238,0.03633814243349671,0.0
170.5,2618.639255848425,-3.3464153850190352,100.0,14.999955984582238,0.0363381424336298,0.0
170.60000000000002,2620.1692513588523,-3.342708894490798,100.0,14.999955984582236,0.03633814243376963,0.0
170.70000000000002,2621.6992468692797,-3.339002403962546,100.0,14.999955984582236,0.03633814243391546,0.0
170.8,2623.229242379707,-3.335295913434279,100.0,14.999955984582236,0.0363381424340666,0.0
170.9,2624.7592378901345,-3.331589422905996,100.0,14.999955984582236,0.03633814243422237,0.0
171.0,2626.289233400562,-3.327882932377697,100.0,14.999955984582234,0.03633814243438213,0.0
171.10000000000002,2627.8192289109893,-3.3241764418493815,100.0,14.999955984582234,0.036338142434545265,0.0
171.20000000000002,2629.3492244214167,-3.3204699513210496,100.0,14.999955984582234,0.03633814243471118,0.0
171.3,2630.879219931844,-3.3167634607927003,100.0,14.999955984582234,0.036338142434879324,0.0
171.4,2632.4092154422715,-3.3130569702643338,100.0,14.999955984582234,0.03633814243504916,0.0
171.5,2633.939210952699,-3.30935047973595,100.0,14.999955984582233,0.03633814243522018,0.0
171.60000000000002,2635.4692064631263,-3.3056439892075486,100.0,14.999955984582233,0.03633814243539192,0.0
171.70000000000002,2636.9992019735537,-3.3019374986791297,100.0,14.999955984582233,0.03633814243556392,0.0
171.8,2638.529197483981,-3.2982310081506934,100.0,14.999955984582233,0.03633814243573576,0.0
171.9,2640.0591929944085,-3.2945245176222393,100.0,14.99995598458223,0.03633814243590702,0.0
172.0,2641.589188504836,-3.290818027093768,100.0,14.99995598458223,0.03633814243607735,0.0
172.10000000000002,2643.1191840152633,-3.287111536565279,100.0,14.99995598458223,0.03633814243624639,0.0
172.20000000000002,2644.6491795256907,-3.2834050460367736,100.0,14.99995598458223,0.03633814243641381,0.0
172.3,2646.179175036118,-3.2796985555082507,100.0,14.999955984582229,0.036338142436579304,0.0
172.4,2647.7091705465455,-3.2759920649797114,100.0,14.999955984582229,0.0363381424367426,0.0
172.5,2649.239166056973,-3.272285574451155,100.0,14.999955984582229,0.03633814243690343,0.0
172.60000000000002,2650.7691615674003,-3.268579083922583,100.0,14.999955984582229,0.036338142437061544,0.0
172.70000000000002,2652.2991570778277,-3.264872593393995,100.0,14.999955984582229,0.03633814243721674,0.0
172.8,2653.829152588255,-3.2611661028653907,100.0,14.999955984582227,0.036338142437368805,0.0
172.9,2655.3591480986825,-3.2574596123367714,100.0,14.999955984582227,0.03633814243751757,0.0
173.0,2656.88914360911,-3.253753121808137,100.0,14.999955984582227,0.036338142437662854,0.0
173.10000000000002,2658.4191391195372,-3.250046631279488,100.0,14.999955984582227,0.03633814243780453,0.0
173.20000000000002,2659.9491346299646,-3.2463401407508248,100.0,14.999955984582227,0.036338142437942464,0.0
173.3,2661.479130140392,-3.242633650222148,100.0,14.999955984582225,0.036338142438076544,0.0
173.4,2663.0091256508194,-3.2389271596934575,100.0,14.999955984582225,0.03633814243820667,0.0
173.5,2664.539121161247,-3.235220669164754,100.0,14.999955984582225,0.03633814243833277,0.0
173.60000000000002,2666.0691166716742,-3.2315141786360377,100.0,14.999955984582225,0.03633814243845477,0.0
173.70000000000002,2667.5991121821016,-3.2278076881073092,100.0,14.999955984582225,0.036338142438572626,0.0
173.8,2669.129107692529,-3.2241011975785687,100.0,14.999955984582225,0.03633814243868629,0.0
173.9,2670.6591032029564,-3.220394707049817,100.0,14.999955984582224,0.036338142438795726,0.0
174.0,2672.189098713384,-3.2166882165210544,100.0,14.999955984582224,0.036338142438900926,0.0
174.10000000000002,2673.719094223811,-3.2129817259922815,100.0,14.999955984582224,0.03633814243900188,0.0
174.20000000000002,2675.2490897342386,-3.2092752354634984,100.0,14.999955984582224,0.0363381424390986,0.0
174.3,2676.779085244666,-3.2055687449347054,100.0,14.999955984582224,0.036338142439191104,0.0
174.4,2678.3090807550934,-3.201862254405903,100.0,14.999955984582224,0.0363381424392794,0.0
174.5,2679.839076265521,-3.1981557638770926,100.0,14.999955984582224,0.036338142439363535,0.0
174.60000000000002,2681.369071775948,-3.1944492733482734,100.0,14.999955984582224,0.03633814243944354,0.0
174.70000000000002,2682.8990672863756,-3.1907427828194463,100.0,14.999955984582224,0.036338142439519466,0.0
174.8,2684.429062796803,-3.1870362922906117,100.0,14.999955984582224,0.03633814243959137,0.0
174.9,2685.9590583072304,-3.18332980176177,100.0,14.999955984582224,0.0363381424396593,0.0
175.0,2687.489053817658,-3.1796233112329215,100.0,14.999955984582224,0.03633814243972334,0.0
175.10000000000002,2689.019049328085,-3.1759168207040664,100.0,14.999955984582224,0.036338142439783554,0.0
175.20000000000002,2690.5490448385126,-3.1722103301752056,100.0,14.999955984582224,0.036338142439840015,0.0
175.3,2692.07904034894,-3.168503839646339,100.0,14.999955984582224,0.036338142439892814,0.0
175.4,2693.6090358593674,-3.1647973491174675,100.0,14.999955984582224,0.03633814243994203,0.0
175.5,2695.139031369795,-3.161090858588591,100.0,14.999955984582224,0.03633814243998776,0.0
175.60000000000002,2696.669026880222,-3.1573843680597102,100.0,14.999955984582224,0.036338142440030086,0.0
175.70000000000002,2698.1990223906496,-3.153677877530825,100.0,14.999955984582224,0.03633814244006911,0.0
175.8,2699.729017901077,-3.149971387001936,100.0,14.999955984582224,0.03633814244010493,0.0
175.9,2701.2590134115044,-3.1462648964730437,100.0,14.999955984582224,0.036338142440137645,0.0
176.0,2702.789008921932,-3.1425584059441483,100.0,14.999955984582222,0.036338142440167365,0.0
176.10000000000002,2704.319004432359,-3.1388519154152497,100.0,14.999955984582222,0.036338142440194184,0.0
176.20000000000002,2705.8489999427866,-3.1351454248863484,100.0,14.999955984582222,0.036338142440218206,0.0
176.3,2707.378995453214,-3.131438934357445,100.0,14.999955984582222,0.03633814244023953,0.0
176.4,2708.9089909636414,-3.1277324438285397,100.0,14.999955984582222,0.03633814244025827,0.0
176.5,2710.4389864740688,-3.1240259532996326,100.0,14.999955984582222,0.036338142440274536,0.0
176.60000000000002,2711.968981984496,-3.120319462770724,100.0,14.999955984582222,0.03633814244028843,0.0
176.70000000000002,2713.4989774949236,-3.1166129722418137,100.0,14.999955984582222,0.03633814244030004,0.0
176.8,2715.028973005351,-3.1129064817129026,100.0,14.999955984582222,0.036338142440309494,0.0
176.9,2716.5589685157784,-3.1091999911839907,100.0,14.999955984582222,0.03633814244031688,0.0
177.0,2718.0889640262058,-3.105493500655078,100.0,14.999955984582222,0.036338142440322296,0.0
177.10000000000002,2719.618959536633,-3.1017870101261646,100.0,14.999955984582222,0.03633814244032585,0.0
177.20000000000002,2721.1489550470606,-3.0980805195972514,100.0,14.999955984582222,0.03633814244032764,0.0
177.3,2722.678950557488,-3.094374029068338,100.0,14.999955984582222,0.03633814244032777,0.0
177.4,2724.2089460679153,-3.090667538539425,100.0,14.999955984582222,0.03633814244032635,0.0
177.5,2725.7389415783427,-3.0869610480105116,100.0,14.999955984582222,0.03633814244032345,0.0
177.60000000000002,2727.26893708877,-3.083254557481599,100.0,14.999955984582222,0.036338142440319174,0.0
177.70000000000002,2728.7989325991975,-3.0795480669526865,100.0,14.999955984582222,0.03633814244031361,0.0
177.8,2730.328928109625,-3.075841576423775,100.0,14.999955984582222,0.03633814244030684,0.0
177.9,2731.8589236200523,-3.072135085894864,100.0,14.999955984582222,0.03633814244029896,0.0
178.0,2733.3889191304797,-3.068428595365954,100.0,14.999955984582222,0.03633814244029005,0.0
178.10000000000002,2734.918914640907,-3.0647221048370445,100.0,14.999955984582222,0.0363381424402802,0.0
178.20000000000002,2736.4489101513345,-3.0610156143081366,100.0,14.999955984582222,0.03633814244026947,0.0
178.3,2737.978905661762,-3.0573091237792296,100.0,14.999955984582222,0.03633814244025796,0.0
178.4,2739.5089011721893,-3.053602633250324,100.0,14.999955984582222,0.03633814244024572,0.0
178.5,2741.0388966826167,-3.0498961427214195,100.0,14.999955984582222,0.03633814244023283,0.0
178.60000000000002,2742.568892193044,-3.0461896521925165,100.0,14.999955984582222,0.03633814244021938,0.0
178.70000000000002,2744.0988877034715,-3.0424831616636148,100.0,14.999955984582222,0.03633814244020542,0.0
178.8,2745.628883213899,-3.0387766711347144,100.0,14.999955984582222,0.036338142440191006,0.0
178.9,2747.1588787243263,-3.035070180605816,100.0,14.999955984582222,0.036338142440176205,0.0
179.0,2748.6888742347537,-3.0313636900769185,100.0,14.999955984582222,0.03633814244016108,0.0
179.10000000000002,2750.218869745181,-3.027657199548023,100.0,14.999955984582224,0.036338142440145695,0.0
179.20000000000002,2751.7488652556085,-3.023950709019129,100.0,14.999955984582224,0.03633814244013009,0.0
179.3,2753.278860766036,-3.0202442184902365,100.0,14.999955984582224,0.03633814244011432,0.0
179.4,2754.8088562764633,-3.0165377279613454,100.0,14.999955984582224,0.03633814244009843,0.0
179.5,2756.3388517868907,-3.012831237432456,100.0,14.999955984582224,0.03633814244008247,0.0
179.60000000000002,2757.868847297318,-3.0091247469035687,100.0,14.999955984582224,0.03633814244006648,0.0
179.70000000000002,2759.3988428077455,-3.0054182563746825,100.0,14.999955984582224,0.03633814244005051,0.0
179.8,2760.928838318173,-3.001711765845798,100.0,14.999955984582224,0.036338142440034575,0.0
179.9,2762.4588338286003,-2.9980052753169155,100.0,14.999955984582224,0.036338142440018734,0.0
180.0,2763.9888293390277,-2.9942987847880342,100.0,14.999955984582224,0.03633814244000302,0.0
180.10000000000002,2765.518824849455,-2.9905922942591547,100.0,14.999955984582224,0.03633814243998744,0.0
180.20000000000002,2767.0488203598825,-2.986885803730277,100.0,14.999955984582224,0.03633814243997204,0.0
180.3,2768.57881587031,-2.9831793132014006,100.0,14.999955984582224,0.036338142439956866,0.0
180.4,2770.1088113807373,-2.979472822672526,100.0,14.999955984582224,0.03633814243994193,0.0
180.5,2771.6388068911647,-2.9757663321436527,100.0,14.999955984582224,0.036338142439927244,0.0
180.60000000000002,2773.168802401592,-2.9720598416147808,100.0,14.999955984582224,0.03633814243991284,0.0
180.70000000000002,2774.6987979120195,-2.9683533510859106,100.0,14.999955984582224,0.03633814243989874,0.0
180.8,2776.228793422447,-2.9646468605570417,100.0,14.999955984582224,0.03633814243988495,0.0
180.9,2777.7587889328743,-2.9609403700281742,100.0,14.999955984582224,0.0363381424398715,0.0
181.0,2779.2887844433017,-2.957233879499308,100.0,14.999955984582224,0.036338142439858376,0.0
181.10000000000002,2780.818779953729,-2.953527388970443,100.0,14.999955984582224,0.036338142439845615,0.0
181.20000000000002,2782.3487754641565,-2.9498208984415797,100.0,14.999955984582224,0.03633814243983321,0.0
181.3,2783.878770974584,-2.9461144079127175,100.0,14.999955984582224,0.03633814243982118,0.0
181.4,2785.4087664850113,-2.942407917383856,100.0,14.999955984582224,0.03633814243980954,0.0
181.5,2786.9387619954387,-2.9387014268549962,100.0,14.999955984582224,0.036338142439798285,0.0
181.60000000000002,2788.468757505866,-2.934994936326137,100.0,14.999955984582224,0.03633814243978741,0.0
181.70000000000002,2789.9987530162934,-2.9312884457972794,100.0,14.999955984582224,0.036338142439776934,0.0
181.8,2791.528748526721,-2.9275819552684226,100.0,14.999955984582224,0.03633814243976686,0.0
181.9,2793.0587440371482,-2.923875464739567,100.0,14.999955984582224,0.03633814243975718,0.0
182.0,2794.5887395475756,-2.9201689742107124,100.0,14.999955984582224,0.03633814243974789,0.0
182.10000000000002,2796.118735058003,-2.9164624836818587,100.0,14.999955984582224,0.03633814243973899,0.0
182.20000000000002,2797.6487305684304,-2.912755993153006,100.0,14.999955984582224,0.0363381424397305,0.0
182.3,2799.178726078858,-2.909049502624154,100.0,14.999955984582224,0.036338142439722394,0.0
182.4,2800.7087215892852,-2.9053430120953028,100.0,14.999955984582224,0.036338142439714685,0.0
182.5,2802.2387170997126,-2.901636521566452,100.0,14.999955984582224,0.036338142439707365,0.0
182.60000000000002,2803.76871261014,-2.8979300310376024,100.0,14.999955984582224,0.03633814243970042,0.0
182.70000000000002,2805.2987081205674,-2.894223540508753,100.0,14.999955984582224,0.03633814243969385,0.0
182.8,2806.828703630995,-2.8905170499799047,100.0,14.999955984582224,0.03633814243968764,0.0
182.9,2808.358699141422,-2.8868105594510567,100.0,14.999955984582224,0.03633814243968178,0.0
183.0,2809.8886946518496,-2.8831040689222096,100.0,14.999955984582224,0.036338142439676285,0.0
183.10000000000002,2811.418690162277,-2.879397578393363,100.0,14.999955984582224,0.03633814243967114,0.0
183.20000000000002,2812.9486856727044,-2.8756910878645168,100.0,14.999955984582224,0.03633814243966632,0.0
183.3,2814.478681183132,-2.871984597335671,100.0,14.999955984582224,0.03633814243966184,0.0
183.4,2816.008676693559,-2.8682781068068257,100.0,14.999955984582224,0.03633814243965767,0.0
183.5,2817.5386722039866,-2.864571616277981,100.0,14.999955984582224,0.03633814243965382,0.0
183.60000000000002,2819.068667714414,-2.8608651257491364,100.0,14.999955984582224,0.036338142439650264,0.0
183.70000000000002,2820.5986632248414,-2.8571586352202925,100.0,14.999955984582224,0.036338142439647,0.0
183.8,2822.128658735269,-2.8534521446914485,100.0,14.999955984582224,0.036338142439644026,0.0
183.9,2823.658654245696,-2.849745654162605,100.0,14.999955984582224,0.03633814243964132,0.0
184.0,2825.1886497561236,-2.846039163633762,100.0,14.999955984582224,0.03633814243963887,0.0
184.10000000000002,2826.718645266551,-2.8423326731049188,100.0,14.999955984582224,0.03633814243963667,0.0
184.20000000000002,2828.2486407769784,-2.838626182576076,100.0,14.999955984582224,0.036338142439634714,0.0
184.3,2829.778636287406,-2.8349196920472335,100.0,14.999955984582224,0.036338142439632994,0.0
184.4,2831.308631797833,-2.831213201518391,100.0,14.999955984582224,0.03633814243963149,0.0
184.5,2832.8386273082606,-2.8275067109895486,100.0,14.999955984582224,0.03633814243963019,0.0
184.60000000000002,2834.368622818688,-2.8238002204607064,100.0,14.999955984582224,0.03633814243962909,0.0
184.70000000000002,2835.8986183291154,-2.8200937299318642,100.0,14.999955984582224,0.03633814243962817,0.0
184.8,2837.428613839543,-2.816387239403022,100.0,14.999955984582224,0.036338142439627436,0.0
184.9,2838.95860934997,-2.8126807488741803,100.0,14.999955984582224,0.036338142439626867,0.0
185.0,2840.4886048603976,-2.8089742583453385,100.0,14.999955984582224,0.03633814243962646,0.0
185.10000000000002,2842.018600370825,-2.805267767816497,100.0,14.999955984582224,0.03633814243962621,0.0
185.20000000000002,2843.5485958812524,-2.801561277287655,100.0,14.999955984582224,0.0363381424396261,0.0
185.3,2845.0785913916798,-2.7978547867588133,100.0,14.999955984582224,0.03633814243962614,0.0
185.4,2846.608586902107,-2.7941482962299715,100.0,14.999955984582224,0.036338142439626304,0.0
185.5,2848.1385824125346,-2.7904418057011298,100.0,14.999955984582224,0.03633814243962658,0.0
185.60000000000002,2849.668577922962,-2.786735315172288,100.0,14.999955984582224,0.036338142439626964,0.0
185.70000000000002,2851.1985734333894,-2.7830288246434463,100.0,14.999955984582224,0.03633814243962745,0.0
185.8,2852.7285689438168,-2.779322334114604,100.0,14.999955984582224,0.03633814243962802,0.0
185.9,2854.258564454244,-2.775615843585762,100.0,14.999955984582224,0.036338142439628664,0.0
186.0,2855.7885599646715,-2.7719093530569197,100.0,14.999955984582224,0.036338142439629385,0.0
186.10000000000002,2857.318555475099,-2.7682028625280775,100.0,14.999955984582224,0.036338142439630176,0.0
186.20000000000002,2858.8485509855263,-2.7644963719992353,100.0,14.999955984582224,0.03633814243963103,0.0
186.3,2860.3785464959537,-2.760789881470393,100.0,14.999955984582224,0.03633814243963195,0.0
186.4,2861.908542006381,-2.7570833909415504,100.0,14.999955984582224,0.036338142439632924,0.0
186.5,2863.4385375168085,-2.7533769004127078,100.0,14.999955984582224,0.03633814243963394,0.0
186.60000000000002,2864.968533027236,-2.749670409883865,100.0,14.999955984582224,0.03633814243963499,0.0
186.70000000000002,2866.4985285376633,-2.7459639193550225,100.0,14.999955984582224,0.03633814243963608,0.0
186.8,2868.0285240480907,-2.7422574288261794,100.0,14.999955984582224,0.0363381424396372,0.0
186.9,2869.558519558518,-2.7385509382973363,100.0,14.999955984582224,0.03633814243963834,0.0
187.0,2871.0885150689455,-2.7348444477684932,100.0,14.999955984582224,0.036338142439639495,0.0
187.10000000000002,2872.618510579373,-2.73113795723965,100.0,14.999955984582224,0.03633814243964066,0.0
187.20000000000002,2874.1485060898003,-2.7274314667108066,100.0,14.999955984582224,0.03633814243964185,0.0
187.3,2875.6785016002277,-2.723724976181963,100.0,14.999955984582224,0.036338142439643034,0.0
187.4,2877.208497110655,-2.7200184856531195,100.0,14.999955984582224,0.03633814243964422,0.0
187.5,2878.7384926210825,-2.7163119951242756,100.0,14.999955984582224,0.036338142439645414,0.0
187.60000000000002,2880.26848813151,-2.7126055045954316,100.0,14.999955984582224,0.036338142439646594,0.0
187.70000000000002,2881.7984836419373,-2.7088990140665876,100.0,14.999955984582224,0.03633814243964776,0.0
187.8,2883.3284791523647,-2.7051925235377436,100.0,14.999955984582224,0.03633814243964892,0.0
187.9,2884.858474662792,-2.7014860330088992,100.0,14.999955984582224,0.03633814243965006,0.0
188.0,2886.3884701732195,-2.697779542480055,100.0,14.999955984582224,0.03633814243965119,0.0
188.10000000000002,2887.918465683647,-2.6940730519512104,100.0,14.999955984582224,0.03633814243965229,0.0
188.20000000000002,2889.4484611940743,-2.690366561422366,100.0,14.999955984582224,0.03633814243965338,0.0
188.3,2890.9784567045017,-2.686660070893521,100.0,14.999955984582224,0.036338142439654456,0.0
188.4,2892.508452214929,-2.6829535803646762,100.0,14.999955984582224,0.03633814243965551,0.0
188.5,2894.0384477253565,-2.6792470898358314,100.0,14.999955984582224,0.03633814243965654,0.0
188.60000000000002,2895.568443235784,-2.6755405993069865,100.0,14.999955984582224,0.036338142439657536,0.0
188.70000000000002,2897.0984387462113,-2.671834108778141,100.0,14.999955984582224,0.03633814243965851,0.0
188.8,2898.6284342566387,-2.668127618249296,100.0,14.999955984582224,0.03633814243965945,0.0
188.9,2900.158429767066,-2.6644211277204506,100.0,14.999955984582224,0.03633814243966037,0.0
189.0,2901.6884252774935,-2.6607146371916053,100.0,14.999955984582224,0.036338142439661256,0.0
189.10000000000002,2903.218420787921,-2.65700814666276,100.0,14.999955984582224,0.03633814243966212,0.0
189.20000000000002,2904.7484162983483,-2.653301656133914,100.0,14.999955984582224,0.03633814243966296,0.0
189.3,2906.2784118087757,-2.6495951656050685,100.0,14.999955984582224,0.03633814243966377,0.0
189.4,2907.808407319203,-2.6458886750762227,100.0,14.999955984582224,0.036338142439664545,0.0
189.5,2909.3384028296305,-2.642182184547377,100.0,14.999955984582224,0.03633814243966529,0.0
189.60000000000002,2910.868398340058,-2.638475694018531,100.0,14.999955984582224,0.036338142439666,0.0
189.70000000000002,2912.3983938504853,-2.6347692034896855,100.0,14.999955984582224,0.03633814243966669,0.0
189.8,2913.9283893609127,-2.6310627129608393,100.0,14.999955984582224,0.03633814243966735,0.0
189.9,2915.45838487134,-2.627356222431993,100.0,14.999955984582224,0.036338142439667966,0.0
190.0,2916.9883803817675,-2.623649731903147,100.0,14.999955984582224,0.036338142439668555,0.0
190.10000000000002,2918.518375892195,-2.6199432413743007,100.0,14.999955984582224,0.036338142439669104,0.0
190.20000000000002,2920.0483714026223,-2.6162367508454545,100.0,14.999955984582224,0.036338142439669624,0.0
190.3,2921.5783669130496,-2.6125302603166083,100.0,14.999955984582224,0.036338142439670124,0.0
190.4,2923.108362423477,-2.608823769787762,100.0,14.999955984582224,0.036338142439670595,0.0
190.5,2924.6383579339044,-2.6051172792589155,100.0,14.999955984582224,0.03633814243967104,0.0
190.60000000000002,2926.168353444332,-2.601410788730069,100.0,14.999955984582224,0.036338142439671456,0.0
190.70000000000002,2927.6983489547592,-2.597704298201222,100.0,14.999955984582224,0.03633814243967184,0.0
190.8,2929.2283444651866,-2.5939978076723755,100.0,14.999955984582224,0.03633814243967219,0.0
190.9,2930.758339975614,-2.590291317143529,100.0,14.999955984582224,0.03633814243967252,0.0
191.0,2932.2883354860414,-2.5865848266146823,100.0,14.999955984582224,0.03633814243967282,0.0
191.10000000000002,2933.818330996469,-2.5828783360858356,100.0,14.999955984582224,0.0363381424396731,0.0
191.20000000000002,2935.3483265068962,-2.579171845556989,100.0,14.999955984582224,0.03633814243967336,0.0
191.3,2936.8783220173236,-2.5754653550281423,100.0,14.999955984582224,0.03633814243967359,0.0
191.4,2938.408317527751,-2.5717588644992957,100.0,14.999955984582224,0.036338142439673815,0.0
191.5,2939.9383130381784,-2.568052373970449,100.0,14.999955984582224,0.036338142439674016,0.0
191.60000000000002,2941.468308548606,-2.5643458834416024,100.0,14.999955984582224,0.03633814243967421,0.0
191.70000000000002,2942.998304059033,-2.5606393929127558,100.0,14.999955984582224,0.036338142439674384,0.0
191.8,2944.5282995694606,-2.556932902383909,100.0,14.999955984582224,0.036338142439674544,0.0
191.9,2946.058295079888,-2.5532264118550625,100.0,14.999955984582224,0.03633814243967469,0.0
192.0,2947.5882905903154,-2.549519921326216,100.0,14.999955984582224,0.03633814243967483,0.0
192.10000000000002,2949.118286100743,-2.545813430797369,100.0,14.999955984582224,0.03633814243967496,0.0
192.20000000000002,2950.64828161117,-2.5421069402685226,100.0,14.999955984582224,0.03633814243967508,0.0
192.3,2952.1782771215976,-2.5384004497396755,100.0,14.999955984582224,0.03633814243967518,0.0
192.4,2953.708272632025,-2.5346939592108284,100.0,14.999955984582224,0.03633814243967527,0.0
192.5,2955.2382681424524,-2.5309874686819813,100.0,14.999955984582224,0.036338142439675335,0.0
192.60000000000002,2956.76826365288,-2.5272809781531342,100.0,14.999955984582224,0.03633814243967539,0.0
192.70000000000002,2958.298259163307,-2.523574487624287,100.0,14.999955984582224,0.03633814243967543,0.0
192.8,2959.8282546737346,-2.51986799709544,100.0,14.999955984582224,0.03633814243967546,0.0
192.9,2961.358250184162,-2.516161506566593,100.0,14.999955984582224,0.036338142439675473,0.0
193.0,2962.8882456945894,-2.512455016037746,100.0,14.999955984582224,0.036338142439675473,0.0
193.10000000000002,2964.418241205017,-2.508748525508899,100.0,14.999955984582224,0.03633814243967546,0.0
193.20000000000002,2965.948236715444,-2.5050420349800517,100.0,14.999955984582224,0.03633814243967544,0.0
193.3,2967.4782322258716,-2.5013355444512047,100.0,14.999955984582224,0.03633814243967541,0.0
193.4,2969.008227736299,-2.4976290539223576,100.0,14.999955984582224,0.03633814243967537,0.0
193.5,2970.5382232467264,-2.4939225633935105,100.0,14.999955984582224,0.03633814243967532,0.0
193.60000000000002,2972.0682187571538,-2.4902160728646634,100.0,14.999955984582224,0.036338142439675265,0.0
193.70000000000002,2973.598214267581,-2.4865095823358163,100.0,14.999955984582224,0.0363381424396752,0.0
193.8,2975.1282097780086,-2.4828030918069692,100.0,14.999955984582224,0.03633814243967513,0.0
193.9,2976.658205288436,-2.4790966012781226,100.0,14.999955984582224,0.03633814243967506,0.0
194.0,2978.1882007988634,-2.475390110749276,100.0,14.999955984582224,0.03633814243967499,0.0
194.10000000000002,2979.7181963092908,-2.4716836202204293,100.0,14.999955984582224,0.036338142439674925,0.0
194.20000000000002,2981.248191819718,-2.4679771296915827,100.0,14.999955984582224,0.03633814243967486,0.0
194.3,2982.7781873301456,-2.464270639162736,100.0,14.999955984582224,0.03633814243967481,0.0
194.4,2984.308182840573,-2.4605641486338894,100.0,14.999955984582224,0.03633814243967476,0.0
194.5,2985.8381783510004,-2.4568576581050428,100.0,14.999955984582224,0.03633814243967471,0.0
194.60000000000002,2987.3681738614277,-2.453151167576196,100.0,14.999955984582224,0.03633814243967466,0.0
194.70000000000002,2988.898169371855,-2.4494446770473495,100.0,14.999955984582224,0.03633814243967463,0.0
194.8,2990.4281648822825,-2.445738186518503,100.0,14.999955984582224,0.03633814243967459,0.0
194.9,2991.95816039271,-2.442031695989656,100.0,14.999955984582224,0.03633814243967456,0.0
195.0,2993.4881559031373,-2.4383252054608096,100.0,14.999955984582224,0.03633814243967452,0.0
195.10000000000002,2995.0181514135647,-2.434618714931963,100.0,14.999955984582224,0.03633814243967449,0.0
195.20000000000002,2996.548146923992,-2.4309122244031163,100.0,14.999955984582224,0.03633814243967446,0.0
195.3,2998.0781424344195,-2.4272057338742696,100.0,14.999955984582224,0.03633814243967443,0.0
195.4,2999.608137944847,-2.423499243345423,100.0,14.999955984582224,0.03633814243967441,0.0
195.5,3001.1381334552743,-2.4197927528165764,100.0,14.999955984582224,0.036338142439674384,0.0
195.60000000000002,3002.6681289657017,-2.4160862622877297,100.0,14.999955984582224,0.03633814243967436,0.0
195.70000000000002,3004.198124476129,-2.412379771758883,100.0,14.999955984582224,0.03633814243967434,0.0
195.8,3005.7281199865565,-2.4086732812300364,100.0,14.999955984582224,0.03633814243967432,0.0
195.9,3007.258115496984,-2.40496679070119,100.0,14.999955984582224,0.0363381424396743,0.0
196.0,3008.7881110074113,-2.401260300172343,100.0,14.999955984582224,0.03633814243967429,0.0
196.10000000000002,3010.3181065178387,-2.3975538096434965,100.0,14.999955984582224,0.03633814243967427,0.0
196.20000000000002,3011.848102028266,-2.39384731911465,100.0,14.999955984582224,0.03633814243967426,0.0
196.3,3013.3780975386935,-2.3901408285858032,100.0,14.999955984582224,0.036338142439674245,0.0
196.4,3014.908093049121,-2.3864343380569566,100.0,14.999955984582224,0.03633814243967423,0.0
196.5,3016.4380885595483,-2.38272784752811,100.0,14.999955984582224,0.03633814243967422,0.0
196.60000000000002,3017.9680840699757,-2.3790213569992633,100.0,14.999955984582224,0.036338142439674204,0.0
196.70000000000002,3019.498079580403,-2.3753148664704167,100.0,14.999955984582224,0.03633814243967419,0.0
196.8,3021.0280750908305,-2.37160837594157,100.0,14.999955984582224,0.036338142439674176,0.0
196.9,3022.558070601258,-2.3679018854127234,100.0,14.999955984582224,0.03633814243967416,0.0
197.0,3024.0880661116853,-2.3641953948838768,100.0,14.999955984582224,0.03633814243967415,0.0
197.10000000000002,3025.6180616221127,-2.36048890435503,100.0,14.999955984582224,0.036338142439674134,0.0
197.20000000000002,3027.14805713254,-2.3567824138261835,100.0,14.999955984582224,0.03633814243967412,0.0
197.3,3028.6780526429675,-2.353075923297337,100.0,14.999955984582224,0.03633814243967411,0.0
197.4,3030.208048153395,-2.34936943276849,100.0,14.999955984582224,0.03633814243967411,0.0
197.5,3031.7380436638223,-2.3456629422396436,100.0,14.999955984582224,0.03633814243967411,0.0
197.60000000000002,3033.2680391742497,-2.341956451710797,100.0,14.999955984582224,0.03633814243967411,0.0
197.70000000000002,3034.798034684677,-2.3382499611819503,100.0,14.999955984582224,0.03633814243967411,0.0
197.8,3036.3280301951045,-2.3345434706531036,100.0,14.999955984582224,0.03633814243967411,0.0
197.9,3037.858025705532,-2.330836980124257,100.0,14.999955984582224,0.036338142439674107,0.0
198.0,3039.3880212159593,-2.3271304895954104,100.0,14.999955984582224,0.036338142439674107,0.0
198.10000000000002,3040.9180167263867,-2.3234239990665637,100.0,14.999955984582224,0.0363381424396741,0.0
198.20000000000002,3042.448012236814,-2.319717508537717,100.0,14.999955984582224,0.03633814243967409,0.0
198.3,3043.9780077472415,-2.3160110180088704,100.0,14.999955984582224,0.03633814243967409,0.0
198.4,3045.508003257669,-2.312304527480024,100.0,14.999955984582224,0.036338142439674086,0.0
198.5,3047.0379987680963,-2.308598036951177,100.0,14.999955984582224,0.036338142439674086,0.0
198.60000000000002,3048.5679942785237,-2.3048915464223305,100.0,14.999955984582224,0.03633814243967408,0.0
198.70000000000002,3050.097989788951,-2.301185055893484,100.0,14.999955984582224,0.03633814243967408,0.0
198.8,3051.6279852993785,-2.2974785653646372,100.0,14.999955984582224,0.03633814243967407,0.0
198.9,3053.157980809806,-2.2937720748357906,100.0,14.999955984582224,0.03633814243967407,0.0
199.0,3054.6879763202332,-2.290065584306944,100.0,14.999955984582224,0.03633814243967407,0.0
199.10000000000002,3056.2179718306606,-2.2863590937780973,100.0,14.999955984582224,0.03633814243967407,0.0
199.20000000000002,3057.747967341088,-2.2826526032492507,100.0,14.999955984582224,0.03633814243967407,0.0
199.3,3059.2779628515154,-2.278946112720404,100.0,14.999955984582224,0.03633814243967407,0.0
199.4,3060.807958361943,-2.2752396221915574,100.0,14.999955984582224,0.03633814243967407,0.0
199.5,3062.3379538723702,-2.2715331316627108,100.0,14.999955984582224,0.03633814243967407,0.0
199.60000000000002,3063.8679493827976,-2.267826641133864,100.0,14.999955984582224,0.036338142439674065,0.0
199.70000000000002,3065.397944893225,-2.2641201506050175,100.0,14.999955984582224,0.036338142439674065,0.0
199.8,3066.9279404036524,-2.260413660076171,100.0,14.999955984582224,0.036338142439674065,0.0
199.9,3068.45793591408,-2.256707169547324,100.0,14.999955984582222,0.03633814243967406,0.0
200.0,3069.987931424507,-2.2530006790184776,100.0,14.999955984582224,0.03633814243967406,0.0
200.10000000000002,3071.5179269349346,-2.249294188489631,100.0,14.999955984582222,0.03633814243967406,0.0
200.20000000000002,3073.0478549044706,-2.245587861581966,100.0,14.999955984582224,0.03633814243967406,0.0
200.3,3074.5776586455495,-2.2418818356239423,100.0,14.999955984582224,0.03633814243967405,0.0
200.4,3076.10733838978,-2.2381761100544755,100.0,14.999955984582224,0.03633814243967402,0.0
200.5,3077.636885314012,-2.2344707062480893,100.0,14.999955984582224,0.03633814243967399,0.0
200.60000000000002,3079.166248312357,-2.2307657480113483,100.0,14.999955984582222,0.03633814243967397,0.0
200.70000000000002,3080.6954279676806,-2.2270612339322318,100.0,14.999955984582224,0.03633814243967393,0.0
200.8,3082.2244248604443,-2.223357162604544,100.0,14.999955984582222,0.03633814243967387,0.0
200.9,3083.7532395687153,-2.2196535326278877,100.0,14.999955984582222,0.0363381424396738,0.0
201.0,3085.2818726681808,-2.215950342607633,100.0,14.999955984582224,0.03633814243967374,0.0
201.10000000000002,3086.810324732158,-2.2122475911548887,100.0,14.999955984582224,0.03633814243967369,0.0
201.20000000000002,3088.3385963316073,-2.208545276886475,100.0,14.999955984582224,0.03633814243967364,0.0
201.3,3089.866688035144,-2.2048433984248934,100.0,14.999955984582224,0.036338142439673614,0.0
201.4,3091.3946004090494,-2.201141954398298,100.0,14.999955984582222,0.03633814243967357,0.0
201.5,3092.922334017284,-2.1974409434404687,100.0,14.999955984582222,0.03633814243967353,0.0
201.60000000000002,3094.449889421496,-2.193740364190782,100.0,14.999955984582222,0.036338142439673496,0.0
201.70000000000002,3095.977267181037,-2.190040215294183,100.0,14.999955984582222,0.03633814243967347,0.0
201.8,3097.50446785297,-2.186340495401158,100.0,14.999955984582224,0.03633814243967343,0.0
201.9,3099.031491992082,-2.182641203167706,100.0,14.999955984582222,0.03633814243967339,0.0
202.0,3100.558340150897,-2.1789423372553127,100.0,14.999955984582222,0.03633814243967335,0.0
202.10000000000002,3102.0850128796847,-2.1752438963309215,100.0,14.999955984582224,0.036338142439673315,0.0
202.20000000000002,3103.6115107264727,-2.171545879066907,100.0,14.999955984582224,0.03633814243967329,0.0
202.3,3105.137834237059,-2.167848284141048,100.0,14.999955984582224,0.036338142439673246,0.0
202.4,3106.6639839550207,-2.1641511102365003,100.0,14.999955984582224,0.03633814243967323,0.0
202.5,3108.1899604217274,-2.1604543560417704,100.0,14.999955984582222,0.036338142439673204,0.0
202.60000000000002,3109.71576417635,-2.156758020250688,100.0,14.999955984582222,0.03633814243967319,0.0
202.70000000000002,3111.241395755874,-2.153062101562381,100.0,14.999955984582224,0.03633814243967319,0.0
202.8,3112.766855695108,-2.1493665986812474,100.0,14.99995598458222,0.036338142439673156,0.0
202.9,3114.2921445266966,-2.1456715103169297,100.0,14.999955984582222,0.03633814243967314,0.0
203.0,3115.8172627811296,-2.14197683518429,100.0,14.999955984582224,0.03633814243967314,0.0
203.10000000000002,3117.3422109867533,-2.1382825720033822,100.0,14.999955984582222,0.036338142439673135,0.0
203.20000000000002,3118.8669896697816,-2.134588719499428,100.0,14.999955984582222,0.03633814243967314,0.0
203.3,3120.391599354305,-2.13089527640279,100.0,14.999955984582222,0.036338142439673156,0.0
203.4,3121.916040562304,-2.1272022414489475,100.0,14.999955984582224,0.036338142439673156,0.0
203.5,3123.4403138136554,-2.1235096133784697,100.0,14.999955984582222,0.03633814243967315,0.0
203.60000000000002,3124.9644196261474,-2.119817390936991,100.0,14.999955984582224,0.03633814243967314,0.0
203.70000000000002,3126.488358515486,-2.116125572875187,100.0,14.999955984582222,0.036338142439673135,0.0
203.8,3128.012130995308,-2.112434157948748,100.0,14.999955984582222,0.03633814243967314,0.0
203.9,3129.5357375771887,-2.1087431449183547,100.0,14.999955984582222,0.03633814243967314,0.0
204.0,3131.059178770655,-2.105052532549655,100.0,14.999955984582222,0.036338142439673114,0.0
204.10000000000002,3132.582455083193,-2.101362319613238,100.0,14.999955984582224,0.03633814243967307,0.0
204.20000000000002,3134.10556702026,-2.097672504884609,100.0,14.999955984582222,0.036338142439673024,0.0
204.3,3135.6285150852923,-2.0939830871441667,100.0,14.999955984582224,0.03633814243967301,0.0
204.4,3137.1512997797176,-2.090294065177179,100.0,14.999955984582222,0.036338142439672975,0.0
204.5,3138.6739216029628,-2.0866054377737577,100.0,14.999955984582222,0.036338142439672975,0.0
204.60000000000002,3140.1963810524653,-2.0829172037288366,100.0,14.999955984582222,0.03633814243967296,0.0
204.70000000000002,3141.7186786236825,-2.0792293618421462,100.0,14.999955984582222,0.036338142439672934,0.0
204.8,3143.2408148101003,-2.075541910918191,100.0,14.999955984582222,0.03633814243967291,0.0
204.9,3144.7627901032447,-2.0718548497662255,100.0,14.99995598458222,0.03633814243967288,0.0
205.0,3146.28460499269,-2.0681681772002314,100.0,14.999955984582222,0.03633814243967286,0.0
205.10000000000002,3147.8062599660693,-2.0644818920388937,100.0,14.999955984582224,0.03633814243967285,0.0
205.20000000000002,3149.3277555090826,-2.0607959931055784,100.0,14.999955984582224,0.03633814243967284,0.0
205.3,3150.8490921055086,-2.0571104792283093,100.0,14.999955984582224,0.036338142439672816,0.0
205.4,3152.3702702372116,-2.0534253492397445,100.0,14.999955984582224,0.036338142439672816,0.0
205.5,3153.8912903841524,-2.049740601977155,100.0,14.999955984582224,0.036338142439672816,0.0
205.60000000000002,3155.4121530243974,-2.0460562362824017,100.0,14.999955984582222,0.03633814243967281,0.0
205.70000000000002,3156.932858634128,-2.042372251001912,100.0,14.999955984582222,0.036338142439672795,0.0
205.8,3158.4534076876485,-2.038688644986659,100.0,14.999955984582222,0.03633814243967281,0.0
205.9,3159.973800657397,-2.0350054170921372,100.0,14.999955984582224,0.036338142439672816,0.0
206.0,3161.494038013954,-2.0313225661783436,100.0,14.999955984582224,0.0363381424396728,0.0
206.10000000000002,3163.014120226051,-2.0276400911097525,100.0,14.999955984582224,0.03633814243967279,0.0
206.20000000000002,3164.5340477605796,-2.0239579907552954,100.0,14.999955984582222,0.03633814243967278,0.0
206.3,3166.0538210826003,-2.0202762639883396,100.0,14.999955984582222,0.036338142439672774,0.0
206.4,3167.573440655352,-2.016594909686665,100.0,14.999955984582222,0.03633814243967279,0.0
206.5,3169.092906940261,-2.0129139267324447,100.0,14.999955984582222,0.03633814243967278,0.0
206.60000000000002,3170.612220396949,-2.0092333140122216,100.0,14.999955984582222,0.036338142439672774,0.0
206.70000000000002,3172.1313814832424,-2.0055530704168887,100.0,14.999955984582222,0.036338142439672774,0.0
206.8,3173.6503906551807,-2.001873194841667,100.0,14.999955984582222,0.036338142439672774,0.0
206.9,3175.1692483670254,-1.9981936861860856,100.0,14.999955984582224,0.03633814243967278,0.0
207.0,3176.687955071269,-1.9945145433539593,100.0,14.999955984582222,0.036338142439672774,0.0
207.10000000000002,3178.2065112186424,-1.990835765253369,100.0,14.999955984582224,0.03633814243967277,0.0
207.20000000000002,3179.724917258125,-1.9871573507966405,100.0,14.999955984582224,0.03633814243967277,0.0
207.3,3181.2431736369517,-1.9834792989003243,100.0,14.999955984582222,0.036338142439672774,0.0
207.4,3182.7612808006224,-1.9798016084851748,100.0,14.999955984582222,0.03633814243967276,0.0
207.5,3184.27923919291,-1.9761242784761304,100.0,14.999955984582224,0.036338142439672746,0.0
207.60000000000002,3185.797049255869,-1.9724473078022928,100.0,14.999955984582224,0.036338142439672726,0.0
207.70000000000002,3187.314711429842,-1.968770695396907,100.0,14.999955984582222,0.03633814243967269,0.0
207.8,3188.832226153472,-1.965094440197342,100.0,14.999955984582222,0.036338142439672656,0.0
207.9,3190.3495938637066,-1.9614185411450697,100.0,14.999955984582224,0.03633814243967263,0.0
208.0,3191.866814995807,-1.9577429971856461,100.0,14.999955984582224,0.036338142439672615,0.0
208.10000000000002,3193.3838899833586,-1.9540678072686912,100.0,14.999955984582222,0.03633814243967259,0.0
208.20000000000002,3194.9008192582755,-1.9503929703478695,100.0,14.999955984582222,0.03633814243967259,0.0
208.3,3196.4176032508117,-1.9467184853808706,100.0,14.999955984582222,0.03633814243967258,0.0
208.4,3197.934242389567,-1.9430443513293898,100.0,14.999955984582222,0.03633814243967257,0.0
208.5,3199.450737101495,-1.939370567159109,100.0,14.999955984582222,0.036338142439672566,0.0
208.60000000000002,3200.9670878119136,-1.9356971318396774,100.0,14.999955984582224,0.03633814243967256,0.0
208.70000000000002,3202.483294944509,-1.9320240443446923,100.0,14.999955984582224,0.036338142439672545,0.0
208.8,3203.999358921346,-1.9283513036516808,100.0,14.999955984582224,0.036338142439672524,0.0
208.9,3205.515280162875,-1.92467890874208,100.0,14.999955984582222,0.03633814243967251,0.0
209.0,3207.031059087941,-1.921006858601219,100.0,14.999955984582224,0.0363381424396725,0.0
209.10000000000002,3208.546696113788,-1.9173351522183004,100.0,14.999955984582222,0.03633814243967247,0.0
209.20000000000002,3210.0621916560717,-1.9136637885863812,100.0,14.999955984582222,0.03633814243967244,0.0
209.3,3211.5775461288617,-1.9099927667023544,100.0,14.999955984582224,0.03633814243967243,0.0
209.4,3213.092759944653,-1.9063220855669314,100.0,14.999955984582222,0.036338142439672406,0.0
209.5,3214.6078335143716,-1.902651744184623,100.0,14.999955984582224,0.0363381424396724,0.0
209.60000000000002,3216.122767247383,-1.8989817415637213,100.0,14.999955984582222,0.03633814243967238,0.0
209.70000000000002,3217.6375615514985,-1.8953120767162825,100.0,14.999955984582222,0.03633814243967238,0.0
209.8,3219.152216832984,-1.891642748658108,100.0,14.999955984582224,0.036338142439672386,0.0
209.9,3220.6667334965655,-1.887973756408727,100.0,14.999955984582222,0.0363381424396724,0.0
210.0,3222.1811119454387,-1.8843050989913792,100.0,14.999955984582222,0.03633814243967241,0.0
210.10000000000002,3223.695352581275,-1.880636775432996,100.0,14.999955984582222,0.03633814243967242,0.0
210.20000000000002,3225.209455804228,-1.876968784764184,100.0,14.99995598458222,0.03633814243967244,0.0
210.3,3226.7234220129426,-1.8733011260192074,100.0,14.999955984582224,0.03633814243967246,0.0
210.4,3228.2372516045602,-1.8696337982359699,100.0,14.999955984582222,0.03633814243967246,0.0
210.5,3229.7509449747276,-1.8659668004559984,100.0,14.999955984582222,0.036338142439672455,0.0
210.60000000000002,3231.264502517603,-1.8623001317244254,100.0,14.999955984582224,0.036338142439672455,0.0
210.70000000000002,3232.777924625863,-1.8586337910899717,100.0,14.999955984582222,0.03633814243967246,0.0
210.8,3234.2912116907096,-1.85496777760493,100.0,14.999955984582222,0.036338142439672476,0.0
210.9,3235.8043641018785,-1.8513020903251474,100.0,14.999955984582224,0.03633814243967251,0.0
211.0,3237.317382247644,-1.8476367283100088,100.0,14.999955984582222,0.036338142439672545,0.0
211.10000000000002,3238.8302665148276,-1.8439716906224206,100.0,14.999955984582222,0.03633814243967258,0.0
211.20000000000002,3240.343017288804,-1.8403069763287936,100.0,14.999955984582222,0.0363381424396726,0.0
211.3,3241.8556349535074,-1.8366425844990264,100.0,14.999955984582222,0.03633814243967262,0.0
211.4,3243.3681198914405,-1.8329785142064894,100.0,14.999955984582224,0.03633814243967264,0.0
211.5,3244.880472483678,-1.8293147645280081,100.0,14.999955984582222,0.03633814243967265,0.0
211.60000000000002,3246.3926931098767,-1.8256513345438472,100.0,14.999955984582225,0.036338142439672656,0.0
211.70000000000002,3247.904782148279,-1.8219882233376938,100.0,14.999955984582224,0.03633814243967267,0.0
211.8,3249.416739975722,-1.818325429996642,100.0,14.999955984582222,0.03633814243967268,0.0
211.9,3250.928566967643,-1.8146629536111765,100.0,14.999955984582224,0.03633814243967271,0.0
212.0,3252.440263498085,-1.8110007932751566,100.0,14.999955984582224,0.036338142439672746,0.0
212.10000000000002,3253.9518299397073,-1.807338948085801,100.0,14.999955984582222,0.03633814243967276,0.0
212.20000000000002,3255.4632666637863,-1.8036774171436714,100.0,14.999955984582224,0.036338142439672795,0.0
212.3,3256.9745740402263,-1.8000161995526565,100.0,14.999955984582222,0.03633814243967283,0.0
212.4,3258.485752437564,-1.7963552944199577,100.0,14.999955984582224,0.03633814243967288,0.0
212.5,3259.9968022229755,-1.7926947008560725,100.0,14.999955984582224,0.03633814243967291,0.0
212.60000000000002,3261.5077237622827,-1.78903441797478,100.0,14.999955984582224,0.03633814243967295,0.0
212.70000000000002,3263.0185174199587,-1.7853744448931241,100.0,14.999955984582224,0.036338142439672996,0.0
212.8,3264.529183559136,-1.7817147807314,100.0,14.999955984582224,0.036338142439673024,0.0
212.9,3266.039722541611,-1.778055424613138,100.0,14.999955984582224,0.03633814243967305,0.0
213.0,3267.55013472785,-1.7743963756650885,100.0,14.999955984582222,0.036338142439673086,0.0
213.10000000000002,3269.0604204769975,-1.7707376330172073,100.0,14.999955984582222,0.03633814243967312,0.0
213.20000000000002,3270.5705801468803,-1.7670791958026406,100.0,14.999955984582222,0.03633814243967314,0.0
213.3,3272.080614094015,-1.76342106315771,100.0,14.999955984582222,0.03633814243967315,0.0
213.4,3273.5905226736127,-1.7597632342218978,100.0,14.999955984582222,0.03633814243967316,0.0
213.5,3275.1003062395866,-1.7561057081378326,100.0,14.999955984582222,0.03633814243967317,0.0
213.60000000000002,3276.609965144557,-1.7524484840512742,100.0,14.999955984582222,0.03633814243967317,0.0
213.70000000000002,3278.119499739857,-1.7487915611110991,100.0,14.999955984582224,0.036338142439673184,0.0
213.8,3279.6289103755403,-1.7451349384692871,100.0,14.999955984582222,0.03633814243967317,0.0
213.9,3281.1381974003843,-1.7414786152809054,100.0,14.999955984582222,0.036338142439673184,0.0
214.0,3282.647361161899,-1.7378225907040952,100.0,14.999955984582224,0.0363381424396732,0.0
214.10000000000002,3284.15640200633,-1.7341668639000574,100.0,14.999955984582222,0.036338142439673204,0.0
214.20000000000002,3285.6653202786674,-1.7305114340330383,100.0,14.999955984582222,0.03633814243967323,0.0
214.3,3287.1741163226484,-1.7268563002703157,100.0,14.999955984582222,0.036338142439673246,0.0
214.4,3288.6827904807656,-1.7232014617821847,100.0,14.999955984582222,0.036338142439673246,0.0
214.5,3290.191343094272,-1.719546917741944,100.0,14.999955984582224,0.03633814243967324,0.0
214.60000000000002,3291.6997745031854,-1.715892667325882,100.0,14.999955984582224,0.03633814243967323,0.0
214.70000000000002,3293.208085046296,-1.712238709713263,100.0,14.999955984582222,0.03633814243967324,0.0
214.8,3294.7162750611715,-1.7085850440863133,100.0,14.999955984582222,0.03633814243967325,0.0
214.9,3296.2243448841614,-1.704931669630208,100.0,14.999955984582222,0.03633814243967328,0.0
215.0,3297.7322948504043,-1.701278585533057,100.0,14.999955984582224,0.0363381424396733,0.0
215.10000000000002,3299.2401252938334,-1.697625790985892,100.0,14.999955984582222,0.03633814243967331,0.0
215.20000000000002,3300.74783654718,-1.693973285182653,100.0,14.999955984582222,0.03633814243967332,0.0
215.3,3302.2554289419822,-1.6903210673201743,100.0,14.999955984582222,0.036338142439673336,0.0
215.4,3303.762902808587,-1.6866691365981723,100.0,14.999955984582224,0.03633814243967335,0.0
215.5,3305.2702584761587,-1.6830174922192314,100.0,14.999955984582224,0.03633814243967336,0.0
215.60000000000002,3306.7774962726817,-1.6793661333887915,100.0,14.999955984582224,0.03633814243967337,0.0
215.70000000000002,3308.284616524968,-1.6757150593151346,100.0,14.999955984582222,0.03633814243967337,0.0
215.8,3309.7916195586618,-1.6720642692093721,100.0,14.999955984582224,0.036338142439673385,0.0
215.9,3311.298505248204,-1.6684137633756762,100.0,14.999955984582224,0.03633814243967339,0.0
216.0,3312.805272352319,-1.6647635448210996,100.0,14.999955984582222,0.036338142439673364,0.0
216.10000000000002,3314.311919467908,-1.6611136169447205,100.0,14.999955984582224,0.03633814243967335,0.0
216.20000000000002,3315.8184450550666,-1.6574639834770322,100.0,14.999955984582224,0.03633814243967333,0.0
216.3,3317.324847461585,-1.653814648420597,100.0,14.999955984582222,0.036338142439673315,0.0
216.4,3318.831124946761,-1.650165615992351,100.0,14.999955984582224,0.036338142439673315,0.0
216.5,3320.3372757043926,-1.64651689056791,100.0,14.999955984582224,0.036338142439673315,0.0
216.60000000000002,3321.843297884809,-1.642868476628194,100.0,14.999955984582222,0.036338142439673295,0.0
216.70000000000002,3323.349189615835,-1.6392203787086412,100.0,14.999955984582224,0.0363381424396733,0.0
216.8,3324.8549490225864,-1.63557260135125,100.0,14.999955984582224,0.036338142439673295,0.0
216.9,3326.36057424602,-1.6319251490596483,100.0,14.999955984582222,0.03633814243967328,0.0
217.0,3327.8660634601592,-1.6282780262573533,100.0,14.999955984582222,0.036338142439673274,0.0
217.10000000000002,3329.371414887958,-1.6246312372493488,100.0,14.999955984582224,0.03633814243967326,0.0
217.20000000000002,3330.8766268157524,-1.6209847861870716,100.0,14.999955984582222,0.03633814243967323,0.0
217.3,3332.3816976062813,-1.6173386770368687,100.0,14.999955984582222,0.0363381424396732,0.0
217.4,3333.8866257102623,-1.6136929135519538,100.0,14.999955984582224,0.036338142439673184,0.0
217.5,3335.3914096765243,-1.6100474992478604,100.0,14.999955984582222,0.03633814243967317,0.0
217.60000000000002,3336.8960481607087,-1.6064024373813652,100.0,14.999955984582222,0.036338142439673156,0.0
217.70000000000002,3338.4005399325583,-1.6027577309328271,100.0,14.999955984582222,0.03633814243967314,0.0
217.8,3339.9048838818317,-1.5991133825918626,100.0,14.999955984582222,0.03633814243967312,0.0
217.9,3341.4090790228774,-1.5954693947462608,100.0,14.999955984582222,0.036338142439673114,0.0
218.0,3342.9131244979235,-1.5918257694740172,100.0,14.999955984582224,0.036338142439673114,0.0
218.10000000000002,3344.417019579133,-1.5881825085383532,100.0,14.999955984582222,0.036338142439673114,0.0
218.20000000000002,3345.920763669491,-1.5845396133855671,100.0,14.999955984582224,0.03633814243967312,0.0
218.3,3347.4243563025884,-1.580897085145558,100.0,14.999955984582222,0.036338142439673135,0.0
218.4,3348.9277971413767,-1.5772549246348428,100.0,14.999955984582224,0.03633814243967314,0.0
218.5,3350.4310859759667,-1.5736131323618892,100.0,14.999955984582224,0.03633814243967315,0.0
218.60000000000002,3351.9342227205507,-1.5699717085345695,100.0,14.999955984582222,0.03633814243967315,0.0
218.70000000000002,3353.43720740953,-1.5663306530695458,100.0,14.999955984582222,0.03633814243967315,0.0
218.8,3354.9400401929247,-1.5626899656033864,100.0,14.999955984582222,0.03633814243967315,0.0
218.9,3356.442721331153,-1.559049645505216,100.0,14.999955984582222,0.036338142439673156,0.0
219.0,3357.945251189256,-1.5554096918907032,100.0,14.999955984582224,0.036338142439673156,0.0
219.10000000000002,3359.4476302306557,-1.5517701036371858,100.0,14.99995598458222,0.03633814243967315,0.0
219.20000000000002,3360.949859010518,-1.5481308793997464,100.0,14.999955984582224,0.036338142439673156,0.0
219.3,3362.4519381688046,-1.5444920176280463,100.0,14.999955984582222,0.03633814243967315,0.0
219.4,3363.9538684230843,-1.5408535165837394,100.0,14.999955984582222,0.03633814243967314,0.0
219.5,3365.4556505611786,-1.537215374358288,100.0,14.999955984582222,0.03633814243967314,0.0
219.60000000000002,3366.9572854337093,-1.5335775888910177,100.0,14.999955984582222,0.036338142439673156,0.0
219.70000000000002,3368.458773946614,-1.5299401579872498,100.0,14.999955984582222,0.036338142439673156,0.0
219.8,3369.96011705369,-1.5263030793363648,100.0,14.999955984582222,0.03633814243967315,0.0
219.9,3371.4613157492217,-1.5226663505296567,100.0,14.999955984582224,0.03633814243967313,0.0
220.0,3372.962371060752,-1.519029969077852,100.0,14.999955984582224,0.036338142439673114,0.0
220.10000000000002,3374.4632840420372,-1.5153939324281738,100.0,14.999955984582222,0.03633814243967307,0.0
220.20000000000002,3375.9640557662337,-1.5117582379808476,100.0,14.999955984582222,0.03633814243967304,0.0
220.3,3377.464687319355,-1.5081228831049507,100.0,14.999955984582222,0.036338142439673,0.0
220.4,3378.965179794035,-1.5044878651535227,100.0,14.999955984582222,0.03633814243967299,0.0
220.5,3380.4655342836254,-1.500853181477866,100.0,14.999955984582224,0.036338142439672955,0.0
220.60000000000002,3381.9657518766517,-1.4972188294409716,100.0,14.999955984582222,0.03633814243967293,0.0
220.70000000000002,3383.465833651654,-1.4935848064300221,100.0,14.999955984582222,0.036338142439672906,0.0
220.8,3384.965780672424,-1.4899511098679306,100.0,14.999955984582224,0.036338142439672885,0.0
220.9,3386.4655939836507,-1.4863177372238847,100.0,14.997878237167978,0.03633310899280342,0.0
221.0,3387.9650737011634,-1.4826851727272699,100.0,14.99331698872513,0.03632205914067123,0.0
221.10000000000002,3389.4639814353845,-1.4790539938887421,100.0,14.986472226172307,0.036305477361573614,0.0
221.20000000000002,3390.962098990805,-1.47542472929782,100.0,14.977547480127507,0.036283856718596574,0.0
221.3,3392.459228613633,-1.471797858022937,100.0,14.966747715765603,0.03625769375011178,0.0
221.4,3393.9551930362773,-1.468173809503688,100.0,14.954277380037782,0.03622748373906815,0.0
221.5,3395.4498353346953,-1.4645529638964008,100.0,14.9403386129776,0.03619371637979143,0.0
221.60000000000002,3396.943018615313,-1.4609356528325956,100.0,14.92512962838008,0.03615687185509844,0.0
221.70000000000002,3398.4346255486103,-1.457322160548894,100.0,14.90884326684228,0.03611741733096561,0.0
221.8,3399.924557766674,-1.4537127253464772,100.0,14.891665722013137,0.03607580387080563,0.0
221.9,3401.412735141997,-1.4501075413382323,100.0,14.873775438926135,0.03603246376662332,0.0
222.0,3402.8990949646004,-1.4465067604422155,100.0,14.855342181492224,0.035987808279970605,0.0
222.10000000000002,3404.383591034178,-1.442910494580976,100.0,14.836526264615024,0.03594222578170728,0.0
222.20000000000002,3405.866192683442,-1.4393188180475505,100.0,14.817477944962246,0.03589608027611439,0.0
222.3,3407.3468837481814,-1.4357317700005456,100.0,14.79833696318553,0.0358497102918989,0.0
222.4,3408.8256614987768,-1.4321493570526023,100.0,14.779232229324329,0.0358034281200689,0.0
222.5,3410.302535547033,-1.4285715559186416,100.0,14.760281642255997,0.03575751937654239,0.0
222.60000000000002,3411.7775267412567,-1.4249983160926019,100.0,14.74159203335769,0.03571224286566547,0.0
222.70000000000002,3413.2506660614745,-1.42142956252382,100.0,14.723259224018806,0.0356678307195391,0.0
222.8,3414.7219935256544,-1.4178651982667694,100.0,14.705368186279099,0.035624488787172906,0.0
222.9,3416.1915571166905,-1.4143051070804946,100.0,14.687993295656053,0.03558239724697215,0.0
223.0,3417.6594117388186,-1.4107491559567422,100.0,14.671198665156036,0.03554171141589646,0.0
223.10000000000002,3419.1256182110383,-1.4071971975584479,100.0,14.655038549526763,0.03550256272878153,0.0
223.20000000000002,3420.5902423040225,-1.403649072552872,100.0,14.63955780898958,0.035465059861753793,0.0
223.3,3422.053353825935,-1.4001046118262515,100.0,14.62479242197999,0.035429289974369935,0.0
223.4,3423.5150257615524,-1.3965636385693214,100.0,14.610770036808628,0.03539532004604319,0.0
223.5,3424.975333468092,-1.3930259702254593,100.0,14.59751055262143,0.03536319828344827,0.0
223.60000000000002,3426.434353930222,-1.3894914202954605,100.0,14.585026720574472,0.03533295557689757,0.0
223.70000000000002,3427.892165075845,-1.3859597999950923,100.0,14.573324756733356,0.03530460698512041,0.0
223.8,3429.3488451534217,-1.3824309197635485,100.0,14.562404958847434,0.03527815322942946,0.0
223.9,3430.804472170872,-1.3789045906227484,100.0,14.552262319824413,0.03525358217989361,0.0
224.0,3432.25912339538,-1.3753806253890808,100.0,14.542887131429959,0.03523087031783038,0.0
224.10000000000002,3433.7128749128383,-1.3718588397406706,100.0,14.534265572449108,0.03520998416065631,0.0
224.20000000000002,3435.16580124512,-1.368339053144559,100.0,14.526380276263755,0.03519088163687179,0.0
224.3,3436.617975022894,-1.364821089649323,100.0,14.5192108735119,0.035173513400680166,0.0
224.4,3438.069466711307,-1.361304778549626,100.0,14.512734506194114,0.03515782407743634,0.0
224.5,3439.520344385522,-1.3577899549299859,100.0,14.50692631027261,0.03514375343276713,0.0
224.60000000000002,3440.9706735528434,-1.354276460095687,100.0,14.50175986446181,0.035131237459788765,0.0
224.70000000000002,3442.420517017958,-1.3507641418992393,100.0,14.49720760353156,0.03512020938035467,0.0
224.8,3443.8699347876836,-1.34725285497113,100.0,14.493241195030244,0.035110600557685924,0.0
224.9,3445.318984011537,-1.3437424608638002,100.0,14.489831878881194,0.035102341319060586,0.0
225.0,3446.767718954401,-1.340232828117861,100.0,14.486950769808704,0.03509536168845579,0.0
225.10000000000002,3448.216190997592,-1.3367238322595094,100.0,14.48456912300765,0.03508959203014567,0.0
225.20000000000002,3449.664448664687,-1.3332153557379565,100.0,14.48265856388216,0.035084963605254774,0.0
225.3,3451.112537668578,-1.3297072878114369,100.0,14.48119128304186,0.03508140904414615,0.0
225.4,3452.560500976352,-1.3261995243900382,100.0,14.480140198059662,0.03507886273828777,0.0
225.5,3454.008378888754,-1.322691967843193,100.0,14.479479083763264,0.035077261155890056,0.0
225.60000000000002,3455.4562091311905,-1.3191845267792195,100.0,14.479182673053947,0.035076543086144586,0.0
225.70000000000002,3456.904026953431,-1.3156771158037903,100.0,14.479226730422743,0.035076649817320615,0.0
225.8,3458.351865235392,-1.3121696552636681,100.0,14.479588100466563,0.03507752525429785,0.0
225.9,3459.799754596618,-1.3086620709814734,100.0,14.48024473379913,0.03507911598133693,0.0
226.0,3461.247723507334,-1.3051542939866685,100.0,14.481175692804529,0.035081371276017695,0.0
226.10000000000002,3462.695798399157,-1.3016462602473389,100.0,14.482361139697874,0.03508424308031561,0.0
226.20000000000002,3464.1440037738407,-1.298137910406763,100.0,14.48378230934239,0.03508768593474976,0.0
226.3,3465.592362308635,-1.2946291895281703,100.0,14.48542146922589,0.03509165688142382,0.0
226.4,3467.0408949571006,-1.2911200468505148,100.0,14.48726186892725,0.03509611534160615,0.0
226.5,3468.4896210444363,-1.287610435557536,100.0,14.489287681307383,0.035101022973261946,0.0
226.60000000000002,3469.9385583566036,-1.2841003125618544,100.0,14.491483937543132,0.035106343513669584,0.0
226.70000000000002,3471.3877232227273,-1.2805896383053499,100.0,14.493836457988822,0.03511204261192932,0.0
226.8,3472.8371305904525,-1.2770783765766065,100.0,14.496331780703462,0.035118087655816844,0.0
226.9,3474.2867940941064,-1.273566494345784,100.0,14.498957089323223,0.03512444759705076,0.0
227.0,3475.736726115682,-1.2700539616168873,100.0,14.501700141793213,0.035131092778641716,0.0
227.10000000000002,3477.18693783879,-1.2665407512970597,100.0,14.504549201301593,0.035137994767576945,0.0
227.20000000000002,3478.6374392958687,-1.2630268390822208,100.0,14.507492970585279,0.03514512619567246,0.0
227.3,3480.088239409029,-1.2595122033581092,100.0,14.510520530603602,0.03515246061100697,0.0
227.4,3481.5393460250275,-1.2559968251155667,100.0,14.513621284404417,0.03515997234193471,0.0
227.5,3482.9907659449073,-1.2524806878787251,100.0,14.516784906839858,0.03516763637526936,0.0
227.60000000000002,3484.4425049489296,-1.2489637776446147,100.0,14.52000130062827,0.03517542824984187,0.0
227.70000000000002,3485.894567817439,-1.2454460828326108,100.0,14.523260559104152,0.035183323966260345,0.0
227.8,3487.3469583483507,-1.2419275942420749,100.0,14.526552935853937,0.0351912999133512,0.0
227.9,3488.7996793719462,-1.238408305016508,100.0,14.529868821299655,0.035199332811431935,0.0
228.0,3490.2527327636744,-1.2348882106125418,100.0,14.533198726168685,0.03520739967226575,0.0
228.10000000000002,3491.706119455636,-1.2313673087721164,100.0,14.536533271675644,0.035215477775276706,0.0
228.20000000000002,3493.1598394474104,-1.2278455994962496,100.0,14.539863186140847,0.035223544659357724,0.0
228.3,3494.613891816853,-1.2243230850188824,100.0,14.54317930768305,0.03523157812939399,0.0
228.4,3496.068274731447,-1.2207997697793802,100.0,14.546472592547047,0.03523955627643688,0.0
228.5,3497.522985460747,-1.2172756603923833,100.0,14.549734128564513,0.035247457510313565,0.0
228.60000000000002,3498.978020390404,-1.2137507656138307,100.0,14.552955153195011,0.03525526060333228,0.0
228.70000000000002,3500.4333750382007,-1.2102250963021182,100.0,14.556127075555072,0.035262944743648765,0.0
228.8,3501.889044072461,-1.2066986653734983,100.0,14.559241501815675,0.0352704895967931,0.0
228.9,3503.3450213331403,-1.2031714877509854,100.0,14.562290263331933,0.035277875373815104,0.0
229.0,3504.801299855843,-1.1996435803061771,100.0,14.565265446862215,0.035285082904491755,0.0
229.10000000000002,3506.257871898934,-1.196114961793571,100.0,14.56815942623722,0.03529209371404707,0.0
229.20000000000002,3507.7147289738673,-1.192585652777092,100.0,14.570964894851677,0.035298890101864926,0.0
229.3,3509.1718618787795,-1.1890556755487154,100.0,14.573674898370722,0.03530545522072183,0.0
229.4,3510.629260735337,-1.185525054039196,100.0,14.576282867070601,0.035311773155133896,0.0
229.5,3512.086915028781,-1.1819938137210642,100.0,14.578782647266268,0.035317828997491786,0.0
229.60000000000002,3513.544813651042,-1.1784619815041706,100.0,14.581168531316957,0.03532360892075073,0.0
229.70000000000002,3515.002944946772,-1.1749295856241808,100.0,14.5834352857438,0.03532910024654683,0.0
229.8,3516.461296762067,-1.1713966555245314,100.0,14.585578177040187,0.03533429150772392,0.0
229.9,3517.919856495649,-1.167863221732449,100.0,14.587592994804675,0.03533917250437426,0.0
230.0,3519.378611152207,-1.1643293157297234,100.0,14.589476071877247,0.03534373435261956,0.0
230.10000000000002,3520.8375473975934,-1.160794969818993,100.0,14.591224301212291,0.035347969525486675,0.0
230.20000000000002,3522.2966516155348,-1.157260216986359,100.0,14.592835149274013,0.03535187188535865,0.0
230.3,3523.7559099655023,-1.153725090761195,100.0,14.594306665792153,0.03535543670760836,0.0
230.4,3525.2153084413694,-1.1501896250740415,100.0,14.595637489767931,0.03535866069514829,0.0
230.5,3526.6748329304805,-1.1466538541135123,100.0,14.596826851669007,0.035361541983747934,0.0
230.60000000000002,3528.134469272748,-1.143117812183126,100.0,14.597874571801144,0.03536408013808902,0.0
230.70000000000002,3529.5942033193965,-1.1395815335589974,100.0,14.598781054888896,0.035366276138636986,0.0
230.8,3531.0540209909786,-1.1360450523492904,100.0,14.599547280940492,0.03536813235951073,0.0
230.9,3532.513908334296,-1.1325084023563257,100.0,14.600174792511666,0.03536965253762853,0.0
231.0,3533.9738515778727,-1.1289716169421917,100.0,14.600665678518732,0.035370841733494494,0.0
231.10000000000002,3535.433837185644,-1.1254347288986803,100.0,14.601022554783922,0.03537170628406859,0.0
231.20000000000002,3536.8938519085473,-1.1218977703223076,100.0,14.601248541524475,0.0353722537482329,0.0
231.3,3538.353882833717,-1.1183607724951363,100.0,14.601347238021173,0.035372492845424854,0.0
231.4,3539.8139174310154,-1.1148237657720492,100.0,14.601322694723791,0.0353724333880613,0.0
231.5,3541.27394359666,-1.1112867794750647,100.0,14.601179383066643,0.03537208620841517,0.0
231.60000000000002,3542.7339496937266,-1.1077498417952125,100.0,14.600922163281338,0.035371463080640236,0.0
231.70000000000002,3544.193924589348,-1.1042129797024192,100.0,14.600556250502555,0.0353705766386607,0.0
231.8,3545.65385768845,-1.1006762188637822,100.0,14.600087179468655,0.035369440290656626,0.0
231.9,3547.1137389638984,-1.0971395835705335,100.0,14.599520768121076,0.03536806813088169,0.0
232.0,3548.573558982966,-1.0936030966739256,100.0,14.598863080405023,0.03536647484954596,0.0
232.10000000000002,3550.033308930051,-1.0900667795301948,100.0,14.59812038857042,0.035364675641488125,0.0
232.20000000000002,3551.4929806256123,-1.086530651954689,100.0,14.597299135264599,0.03536268611434305,0.0
232.3,3552.952566541315,-1.0829947321851743,100.0,14.596405895699112,0.03536052219688909,0.0
232.4,3554.412059811409,-1.079459036854272,100.0,14.59544734016084,0.0353582000482293,0.0
232.5,3555.8714542403877,-1.0759235809709085,100.0,14.594430197124009,0.035355735968428524,0.0
232.60000000000002,3557.330744306994,-1.0723883779106038,100.0,14.593361217203729,0.03535314631118895,0.0
232.70000000000002,3558.7899251646763,-1.0688534394143703,100.0,14.592247138174995,0.03535044739910701,0.0
232.8,3560.2489926386093,-1.0653187755959326,100.0,14.591094651262223,0.03534765544200797,0.0
232.9,3561.7079432194105,-1.0617843949569432,100.0,14.589910368885278,0.03534478645880917,0.0
233.0,3563.166774053717,-1.0582503044098182,100.0,14.588700794028165,0.035341856203314106,0.0
233.10000000000002,3564.6254829317804,-1.054716509307781,100.0,14.587472291375331,0.035338880094288684,0.0
233.20000000000002,3566.0840682722755,-1.0511830134816733,100.0,14.586231060340642,0.03533587315012258,0.0
233.3,3567.5425291045044,-1.047649819283058,100.0,14.584983110092788,0.03533284992832704,0.0
233.4,3569.0008650482114,-1.0441169276331235,100.0,14.583734236660469,0.03532982447007103,0.0
233.5,3570.459076291213,-1.0405843380768751,100.0,14.582490002180737,0.035326810249909336,0.0
233.60000000000002,3571.917163565062,-1.03705204884209,100.0,14.58125571633408,0.035323820130808065,0.0
233.70000000000002,3573.375128118965,-1.0335200569025007,100.0,14.580036419991117,0.03532086632452803,0.0
233.8,3574.8329716921794,-1.0299883580446734,100.0,14.578836871077652,0.035317960357382105,0.0
233.9,3576.2906964850986,-1.0264569469380413,100.0,14.577661532647836,0.03531511304134184,0.0
234.0,3577.748305129265,-1.022925817207563,100.0,14.576514563139385,0.03531233445043026,0.0
234.10000000000002,3579.2058006565085,-1.0193949615084807,100.0,14.575399808769614,0.035309633902300894,0.0
234.20000000000002,3580.6631864674296,-1.0158643716026674,100.0,14.574320798017828,0.03530701994487106,0.0
234.3,3582.1204662994373,-1.012334038436064,100.0,14.573280738127112,0.03530450034784729,0.0
234.4,3583.5776441945304,-1.0088039522167271,100.0,14.572282513547433,0.035302082098953684,0.0
234.5,3585.0347244670174,-1.0052741024930283,100.0,14.571328686232379,0.03529977140465073,0.0
234.60000000000002,3586.4917116713564,-1.0017444782315656,100.0,14.57042149769352,0.03529757369511214,0.0
234.70000000000002,3587.9486105702827,-0.9982150678943758,100.0,14.56956287270893,0.03529549363320893,0.0
234.8,3589.405426103385,-0.9946858595150575,100.0,14.568754424576907,0.03529353512723677,0.0
234.9,3590.862163356281,-0.9911568407734477,100.0,14.567997461801237,0.035291701347111466,0.0
235.0,3592.318827530528,-0.9876279990685152,100.0,14.56729299609083,0.03528999474374836,0.0
235.10000000000002,3593.775423914392,-0.9840993215891705,100.0,14.56664175155444,0.03528841707133707,0.0
235.20000000000002,3595.2319578545944,-0.9805707953827145,100.0,14.56604417497007,0.03528696941221962,0.0
235.3,3596.6884347291316,-0.9770424074206823,100.0,14.565500447008212,0.035285652204079296,0.0
235.4,3598.144859921261,-0.9735141446618636,100.0,14.565010494289485,0.035284465269150876,0.0
235.5,3599.6012387947294,-0.9699859941123141,100.0,14.564574002158077,0.03528340784516495,0.0
235.60000000000002,3601.0575766703096,-0.9664579428821968,100.0,14.564190428055635,0.03528247861774679,0.0
235.70000000000002,3602.5138788036984,-0.9629299782393221,100.0,14.563859015383184,0.03528167575399761,0.0
235.8,3603.970150364824,-0.9594020876592823,100.0,14.563578807742296,0.035280996936994484,0.0
235.9,3605.426396418588,-0.9558742588720993,100.0,14.563348663451203,0.035280439400956286,0.0
236.0,3606.882621907072,-0.9523464799053345,100.0,14.563167270236878,0.03527999996683609,0.0
236.10000000000002,3608.3388316332157,-0.9488187391236258,100.0,14.563033160008699,0.03527967507811104,0.0
236.20000000000002,3609.795030245975,-0.9452910252646459,100.0,14.562944723625264,0.03527946083655573,0.0
236.3,3611.251222226951,-0.9417633274714922,100.0,14.562900225571838,0.03527935303779905,0.0
236.4,3612.7074118784803,-0.9382356353215392,100.0,14.56289781847173,0.03527934720647871,0.0
236.5,3614.163603313165,-0.9347079388518037,100.0,14.562935557361335,0.03527943863082325,0.0
236.60000000000002,3615.6198004448147,-0.9311802285808857,100.0,14.56301141366442,0.03527962239650544,0.0
236.70000000000002,3617.07600698077,-0.9276524955275672,100.0,14.563123288807812,0.03527989341962699,0.0
236.8,3618.532226415567,-0.9241247312261615,100.0,14.56326902742675,0.035280246478709115,0.0
236.9,3619.988462025898,-0.9205969277387166,100.0,14.56344643011386,0.035280676245577625,0.0
237.0,3621.444716866826,-0.9170690776641908,100.0,14.56365326567224,0.035281177315046604,0.0
237.10000000000002,3622.900993769195,-0.9135411741447224,100.0,14.563887282838412,0.03528174423331786,0.0
237.20000000000002,3624.3572953381868,-0.9100132108691276,100.0,14.56414622144673,0.03528237152502726,0.0
237.3,3625.813623952966,-0.9064851820737629,100.0,14.56442782301197,0.035283053718881546,0.0
237.4,3627.26998176735,-0.902957082540897,100.0,14.564729840711962,0.035283785371841805,0.0
237.5,3628.726370711451,-0.8994289075947375,100.0,14.565050048757035,0.03528456109182141,0.0
237.60000000000002,3630.1827924942204,-0.8959006530952639,100.0,14.565386251137188,0.035285375558876474,0.0
237.70000000000002,3631.639248606839,-0.8923723154300169,100.0,14.565736289742377,0.035286223544877635,0.0
237.8,3633.0957403268853,-0.8888438915039969,100.0,14.566098051854945,0.035287099931660876,0.0
237.9,3634.552268723226,-0.8853153787278227,100.0,14.566469477017273,0.03528799972766471,0.0
238.0,3636.0088346615566,-0.8817867750043026,100.0,14.566848563280107,0.0352889180830671,0.0
238.10000000000002,3637.465438810542,-0.8782580787135646,100.0,14.567233372840812,0.0352898503034444,0.0
238.20000000000002,3638.9220816484844,-0.8747292886968949,100.0,14.56762203708289,0.03529079186197982,0.0
238.3,3640.3787634704736,-0.8712004042394252,100.0,14.56801276103081,0.0352917384102555,0.0
238.4,3641.8354843959473,-0.8676714250518115,100.0,14.568403827235791,0.03529268578766599,0.0
238.5,3643.292244376616,-0.8641423512510376,100.0,14.568793599110325,0.035293630029496335,0.0
238.60000000000002,3644.749043204694,-0.860613183340476,100.0,14.569180523730765,0.03529456737371145,0.0
238.70000000000002,3646.2058805213824,-0.8570839221893329,100.0,14.569563134128122,0.035295494266505696,0.0
238.8,3647.6627558255614,-0.8535545690115969,100.0,14.56994005108888,0.03529640736666546,0.0
238.9,3649.1196684826346,-0.8500251253446091,100.0,14.570309984487823,0.03529730354879797,0.0
239.0,3650.5766177334863,-0.8464955930273651,100.0,14.570671734175894,0.03529817990548221,0.0
239.10000000000002,3652.033602703506,-0.8429659741786529,100.0,14.571024190446465,0.035299033748398476,0.0
239.20000000000002,3653.490622411639,-0.8394362711751266,100.0,14.571366334103368,0.035299862608493146,0.0
239.3,3654.947675779425,-0.8359064866294099,100.0,14.571697236154735,0.035300664235237006,0.0
239.4,3656.4047616399894,-0.8323766233683159,100.0,14.572016057155977,0.035301436595033625,0.0
239.5,3657.8618787469495,-0.8288466844112671,100.0,14.572322046225548,0.03530217786883498,0.0
239.60000000000002,3659.319025783211,-0.8253166729489905,100.0,14.572614539756652,0.03530288644902045,0.0
239.70000000000002,3660.776201369619,-0.8217865923225597,100.0,14.572892959847868,0.03530356093559499,0.0
239.8,3662.2334040734368,-0.8182564460028484,100.0,14.57315681247501,0.03530420013176033,0.0
239.9,3663.6906324166357,-0.8147262375704567,100.0,14.5734056854263,0.03530480303891286,0.0
240.0,3665.147884883961,-0.8111959706961633,100.0,14.573639246022132,0.03530536885111963,0.0
240.10000000000002,3666.6051599307657,-0.8076656491219549,100.0,14.573857238640294,0.03530589694912306,0.0
240.20000000000002,3668.062455990582,-0.8041352766426758,100.0,14.57405948206658,0.03530638689392268,0.0
240.3,3669.5197714824258,-0.8006048570883393,100.0,14.574245866690655,0.03530683841998198,0.0
240.4,3670.9771048178104,-0.7970743943071347,100.0,14.574416351565413,0.03530725142810454,0.0
240.5,3672.4344544074597,-0.7935438921491615,100.0,14.57457096134839,0.0353076259780245,0.0
240.60000000000002,3673.8918186677133,-0.7900133544509177,100.0,14.574709783142298,0.035307962280752496,0.0
240.70000000000002,3675.3491960266074,-0.7864827850205627,100.0,14.574832963251344,0.03530826069071778,0.0
240.8,3676.8065849296318,-0.7829521876239758,100.0,14.574940703869508,0.0353085216977454,0.0
240.9,3678.2639838451496,-0.7794215659716235,100.0,14.575033259715541,0.03530874591890421,0.0
241.0,3679.7213912694806,-0.7758909237062462,100.0,14.575110934629748,0.03530893409026255,0.0
241.10000000000002,3681.178805731642,-0.7723602643913737,100.0,14.575174078146022,0.03530908705858371,0.0
241.20000000000002,3682.6362257977457,-0.7688295915006715,100.0,14.575223082052336,0.03530920577299364,0.0
241.3,3684.0936500750513,-0.765298908408122,100.0,14.575258376952364,0.03530929127665123,0.0
241.4,3685.551077215677,-0.7617682183790355,100.0,14.575280428839955,0.035309344698449874,0.0
241.5,3687.008505919969,-0.7582375245618905,100.0,14.575289735697488,0.03530936724477674,0.0
241.60000000000002,3688.4659349395297,-0.754706829980992,100.0,14.575286824129075,0.035309360191356595,0.0
241.70000000000002,3689.923363079914,-0.7511761375299417,100.0,14.575272246038262,0.03530932487520331,0.0
241.8,3691.3807892029963,-0.747645449965906,100.0,14.575246575359905,0.03530926268670275,0.0
241.9,3692.8382122290122,-0.7441147699046681,100.0,14.575210404854598,0.03530917506184705,0.0
242.0,3694.295631138284,-0.7405840998164491,100.0,14.575164342974292,0.03530906347464146,0.0
242.10000000000002,3695.7530449726355,-0.7370534420224782,100.0,14.575109010806468,0.0353089294297014,0.0
242.20000000000002,3697.2104528365066,-0.7335227986922932,100.0,14.57504503910428,0.035308774455057895,0.0
242.3,3698.6678538977767,-0.7299921718417495,100.0,14.574973065408928,0.03530860009518635,0.0
242.4,3700.1252473883014,-0.7264615633317142,100.0,14.574893731270349,0.0353084079042735,0.0
242.5,3701.5826326041806,-0.7229309748674214,100.0,14.57480767957203,0.035308199439736725,0.0
242.60000000000002,3703.040008905761,-0.7194004079984623,100.0,14.574715551964552,0.03530797625600657,0.0
242.70000000000002,3704.4973757173907,-0.7158698641193827,100.0,14.574617986412592,0.03530773989858434,0.0
242.8,3705.954732526932,-0.7123393444708622,100.0,14.574515614859243,0.03530749189838371,0.0
242.9,3707.412078885047,-0.708808850141443,100.0,14.57440906101113,0.03530723376636516,0.0
243.0,3708.86941440427,-0.7052783820697812,100.0,14.574298938247411,0.035306966988470315,0.0
243.10000000000002,3710.3267387578744,-0.7017479410473894,100.0,14.57418584765499,0.03530669302086221,0.0
243.20000000000002,3711.784051678549,-0.6982175277218394,100.0,14.574070376192124,0.03530641328547652,0.0
243.3,3713.2413529569026,-0.6946871426003945,100.0,14.573953094981908,0.0353061291658875,0.0
243.4,3714.6986424397965,-0.6911567860540391,100.0,14.573834557736442,0.03530584200349033,0.0
243.5,3716.1559200285333,-0.6876264583218737,100.0,14.573715299312887,0.035305553094003225,0.0
243.60000000000002,3717.6131855734834,-0.6840961597663829,100.0,14.573587833427682,0.03530524430153039,0.0
243.70000000000002,3719.0704368433153,-0.6805658957930787,100.0,14.573398957234444,0.03530478673951962,0.0
243.8,3720.527667296275,-0.6770356822496878,100.0,14.573140831092715,0.03530416141605039,0.0
243.9,3721.9848688768825,-0.6735055386510119,100.0,14.572791106421253,0.03530331419056861,0.0
244.0,3723.4420312146403,-0.6699754901200984,100.0,14.57232587333638,0.03530218714018707,0.0
244.10000000000002,3724.8991422634926,-0.6664455658391206,100.0,14.57173547964346,0.035300756881982254,0.0
244.20000000000002,3726.3561890612737,-0.6629157972095713,100.0,14.57101124923091,0.03529900239764057,0.0
244.3,3727.8131578268312,-0.6593862176169799,100.0,14.570145471650244,0.03529690500821553,0.0
244.4,3729.2700340559286,-0.6558568621985846,100.0,14.569131388209922,0.03529444834043935,0.0
244.5,3730.7268026155903,-0.6523277676147747,100.0,14.567963174805747,0.03529161828512878,0.0
244.60000000000002,3732.183447836575,-0.6487989718250684,100.0,14.566635921713129,0.035288402948230796,0.0
244.70000000000002,3733.6399536036865,-0.6452705138693335,100.0,14.565145610568464,0.03528479259505892,0.0
244.8,3735.096303443649,-0.6417424336549046,100.0,14.563489088767561,0.03528077958827205,0.0
244.9,3736.552480610301,-0.6382147717501938,100.0,14.561664041509191,0.03527635832014862,0.0
245.0,3738.0084681668855,-0.6346875691853396,100.0,14.559668961710488,0.03527152513970513,0.0
245.10000000000002,3739.464249065235,-0.6311608672603805,100.0,14.557503118019001,0.03526627827520375,0.0
245.20000000000002,3740.919806221668,-0.6276347073613874,100.0,14.555166521143583,0.03526061775258719,0.0
245.3,3742.3751225894453,-0.624109130784937,100.0,14.552659888722346,0.03525454531036962,0.0
245.4,3743.8301812276477,-0.6205841785712524,100.0,14.549984608941898,0.03524806431150241,0.0
245.5,3745.2849653663607,-0.6170598913462888,100.0,14.54714270311698,0.03524117965272149,0.0
245.60000000000002,3746.7394584680737,-0.6135363091729918,100.0,14.544136787433759,0.035233897671868485,0.0
245.70000000000002,3748.193644285219,-0.6100134714119055,100.0,14.540970034054187,0.03522622605366411,0.0
245.8,3749.647506913797,-0.6064914165912627,100.0,14.53764613177205,0.03521817373439552,0.0
245.9,3751.1010308430523,-0.602970182286643,100.0,14.53416924640355,0.035209750805960505,0.0
246.0,3752.5542010011823,-0.5994498050102419,100.0,14.530543981088755,0.03520096841969575,0.0
246.10000000000002,3754.007002797077,-0.5959303201097513,100.0,14.526775336671077,0.035191838690394155,0.0
246.20000000000002,3755.4594221581087,-0.5924117616768136,100.0,14.522868672314601,0.03518237460089832,0.0
246.3,3756.911445564002,-0.5888941624649722,100.0,14.518829666510081,0.03517258990763568,0.0
246.4,3758.3630600768274,-0.5853775538170076,100.0,14.514664278611585,0.03516249904743906,0.0
246.5,3759.8142533671817,-0.5818619656015145,100.0,14.510378711037113,0.03515211704597578,0.0
246.60000000000002,3761.265013736627,-0.5783474261585417,100.0,14.505979372257505,0.035141459428086504,0.0
246.70000000000002,3762.715330136474,-0.5748339622540924,100.0,14.501472840688214,0.03513054213031116,0.0
246.8,3764.165192183001,-0.571321599043251,100.0,14.49686582959024,0.03511938141585977,0.0
246.9,3765.6145901692203,-0.56781036004168,100.0,14.492165153076531,0.03510799379226121,0.0
247.0,3767.0635150733024,-0.5643002671052102,100.0,14.487377693311638,0.035096395931902793,0.0
247.10000000000002,3768.5119585637863,-0.5607913404172233,100.0,14.482510368982961,0.03508460459565026,0.0
247.20000000000002,3769.9599130016995,-0.5572835984835108,100.0,14.477570105112958,0.03507263655971631,0.0
247.3,3771.4073714397327,-0.5537770581342775,100.0,14.472563804273376,0.03506050854592573,0.0
247.4,3772.8543276186056,-0.5502717345329418,100.0,14.467498319253075,0.03504823715550172,0.0
247.5,3774.3007759607763,-0.5467676411913776,100.0,14.462380427223561,0.0350358388064807,0.0
247.60000000000002,3775.746711561643,-0.5432647899912276,100.0,14.457216805437106,0.035023329674839745,0.0
247.70000000000002,3777.1921301783946,-0.5397631912109156,100.0,14.452014008485163,0.035010725639403925,0.0
247.8,3778.6370282166627,-0.5362628535579755,100.0,14.44677844713677,0.03499804223058138,0.0
247.9,3780.081402715144,-0.5327637842063139,100.0,14.441516368768985,0.03498529458295502,0.0
248.0,3781.52525132834,-0.5292659888380187,100.0,14.436233839394541,0.034972497391743594,0.0
248.10000000000002,3782.968572307581,-0.5257694716893279,100.0,14.430936727285244,0.0349596648731286,0.0
248.20000000000002,3784.411364480495,-0.5222742356003718,100.0,14.425630688182636,0.03494681072842634,0.0
248.3,3785.853627229074,-0.5187802820683065,100.0,14.420321152081879,0.03493394811207127,0.0
248.4,3787.295360466497,-0.5152876113034593,100.0,14.415013311568657,0.03492108960336149,0.0
248.5,3788.736564612866,-0.5117962222881132,100.0,14.40971211168353,0.0349082471819047,0.0
248.60000000000002,3790.177240570001,-0.5083061128375634,100.0,14.404422241283369,0.03489543220669082,0.0
248.70000000000002,3791.617389695447,-0.5048172796630889,100.0,14.399148125864272,0.03488265539870514,0.0
248.8,3793.0570137758355,-0.501329718436487,100.0,14.39389392180658,0.034869926826986544,0.0
248.9,3794.496114999737,-0.4978434238558349,100.0,14.388663511998402,0.03485725589802539,0.0
249.0,3795.934695930148,-0.4943583897121471,100.0,14.383460502790284,0.034844651348385935,0.0
249.10000000000002,3797.3727594767333,-0.4908746089566138,100.0,14.378288222230752,0.03483212124043196,0.0
249.20000000000002,3798.810308867959,-0.4873920737681164,100.0,14.373149719529302,0.03481967296102569,0.0
249.3,3800.2473476232262,-0.48391077562072854,100.0,14.368047765691216,0.03480731322306579,0.0
249.4,3801.6838795251297,-0.4804307053509268,100.0,14.362984855266074,0.03479504806972317,0.0
249.5,3803.1199085919407,-0.4769518532242478,100.0,14.357963209149997,0.034782882881229556,0.0
249.60000000000002,3804.555439050423,-0.4734742090011445,100.0,14.352984778380657,0.03477082238407111,0.0
249.70000000000002,3805.9904753090764,-0.4699977620018078,100.0,14.348051248862301,0.034758870662435055,0.0
249.8,3807.4250219318933,-0.4665225011697372,100.0,14.343164046957302,0.03474703117175541,0.0
249.9,3808.859083612719,-0.463048415133857,100.0,14.338324345880752,0.0347353067542043,0.0
250.0,3810.2926651502894,-0.45957549226899236,100.0,14.33353307283346,0.034723699655971975,0.0
250.10000000000002,3811.725771424012,-0.4561037207545333,100.0,14.328790916809249,0.03471221154618033,0.0
250.20000000000002,3813.158407370564,-0.45263308863113194,100.0,14.32409833701285,0.03470084353727573,0.0
250.3,3814.5905779613595,-0.44916358385529187,100.0,14.319455571824642,0.03468959620674652,0.0
250.4,3816.0222881809336,-0.4456951943517258,100.0,14.314862648249765,0.034678469620013926,0.0
250.5,3817.4535430063,-0.4422279080633706,100.0,14.310319391789902,0.03466746335434704,0.0
250.60000000000002,3818.8843473873094,-0.438761712998966,100.0,14.305825436677024,0.034656576523654496,0.0
250.70000000000002,3820.314706228049,-0.4352965972781151,100.0,14.301380236410179,0.03464580780401039,0.0
250.8,3821.74462436931,-0.43183254917376157,100.0,14.296983074537557,0.034635155459774365,0.0
250.9,3823.174100056142,-0.4283695729373582,100.0,14.292501106520055,0.03462429766841637,0.0
251.0,3824.603115588692,-0.42490771144768374,100.0,14.287748213792307,0.03461278354841737,0.0
251.10000000000002,3826.031634200218,-0.42144705377400743,100.0,14.282529809979087,0.03460014170456606,0.0
251.20000000000002,3827.4595993962985,-0.41798773677688594,100.0,14.276646519911216,0.03458588914055867,0.0
251.3,3828.886934649305,-0.4145299458483198,100.0,14.269897602287596,0.03456953955056863,0.0
251.4,3830.313543421516,-0.4110739148557638,100.0,14.262084097052767,0.03455061094392587,0.0
251.5,3831.7393094885883,-0.40761992535849056,100.0,14.253011683316545,0.034528632568569875,0.0
251.60000000000002,3833.164097533936,-0.4041683051676874,100.0,14.242493238177678,0.03450315110992779,0.0
251.70000000000002,3834.587753983792,-0.40071942632347535,100.0,14.230351091091443,0.03447373615223246,0.0
251.8,3836.0101080524114,-0.3972737025628502,100.0,14.216418972413912,0.03443998489896826,0.0
251.9,3837.4309729669208,-0.3938315863524237,100.0,14.200543658437944,0.034401526158052906,0.0
252.0,3838.850147341721,-0.3903935655588681,100.0,14.18258631859237,0.03435802360549486,0.0
252.10000000000002,3840.267416673065,-0.38696015982822185,100.0,14.162423573491298,0.03430917834857038,0.0
252.20000000000002,3841.6825549254495,-0.38353191674277937,100.0,14.139948275190154,0.03425473081603299,0.0
252.3,3843.095326182703,-0.3801094078212483,100.0,14.115070023322787,0.03419446200848127,0.0
252.4,3844.5054863381256,-0.3766932244243001,100.0,14.087715432764615,0.034128194146786174,0.0
252.5,3845.912784799685,-0.37328397362364474,100.0,14.057828170093268,0.034055790760418786,0.0
252.60000000000002,3847.316966188072,-0.3698822740884144,100.0,14.025368777410447,0.03397715626065005,0.0
252.70000000000002,3848.7177720073105,-0.36648875203801895,100.0,13.990314303058733,0.03389223504594371,0.0
252.8,3850.1149422696294,-0.3631040373058181,100.0,13.952657759430267,0.03380101018847072,0.0
252.9,3851.5082170583228,-0.3597287595530108,100.0,13.912407428436826,0.03370350175157591,0.0
253.0,3852.897338014405,-0.35636354466714326,100.0,13.869586035313052,0.03359976478827502,0.0
253.10000000000002,3854.2820497349157,-0.3530090113746401,100.0,13.82422981127681,0.0334898870705026,0.0
253.20000000000002,3855.6621010727795,-0.3496657680918339,100.0,13.776387465195452,0.03337398659792216,0.0
253.3,3857.0372463300982,-0.34633441003415333,100.0,13.726119083826323,0.033252208933703974,0.0
253.4,3858.4072463386838,-0.3430155165984769,100.0,13.673494979438109,0.03312472441283009,0.0
253.5,3859.771869423473,-0.33970964902921474,100.0,13.618594502700956,0.03299172526626153,0.0
253.60000000000002,3861.1308922462003,-0.33641734837446907,100.0,13.561504837679015,0.032853422701747376,0.0
253.70000000000002,3862.4841005283324,-0.3331391337346876,100.0,13.502319794596017,0.03271004397923928,0.0
253.8,3863.831289653775,-0.32987550080257677,100.0,13.44113861479082,0.0325618295158364,0.0
253.9,3865.1722651532364,-0.3266269206897076,100.0,13.378064800962404,0.03240903005199565,0.0
254.0,3866.5068430733736,-0.3233938390322394,100.0,13.313204984438283,0.03225190390743274,0.0
254.10000000000002,3867.834850234955,-0.32017667536550987,100.0,13.246667839810817,0.032090714351774546,0.0
254.20000000000002,3869.1561243852316,-0.31697582275490593,100.0,13.178563055887622,0.03192572711163498,0.0
254.3,3870.4705142505413,-0.31379164766842854,100.0,13.109000370514188,0.0317572080324247,0.0
254.4,3871.777879495852,-0.3106244900747013,100.0,13.038088675462795,0.03158542090989973,0.0
254.5,3873.0780905985057,-0.30747466374883287,100.0,12.965935196257345,0.03141062550324614,0.0
254.60000000000002,3874.371028643845,-0.3043424567675187,100.0,12.892644750529906,0.031233075738411813,0.0
254.70000000000002,3875.656585050708,-0.301228132174045,100.0,12.818319087292481,0.031053018107459265,0.0
254.8,3876.934661234953,-0.29813192879341993,100.0,12.743056308366826,0.03087069026695045,0.0
254.9,3878.2051682192428,-0.29505406217768676,100.0,12.666950372152446,0.030686319835800027,0.0
255.0,3879.468026197295,-0.2919947256615493,100.0,12.590090678934683,0.030500123390663464,0.0
255.10000000000002,3880.7231640606738,-0.2889540915087445,100.0,12.512561736045843,0.0303123056547731,0.0
255.20000000000002,3881.9705188959897,-0.2859323121301017,100.0,12.434442900395688,0.03012305887420551,0.0
255.3,3883.210035460089,-0.28292952135491956,100.0,12.35580819518407,0.029932562373858603,0.0
255.4,3884.4416656404696,-0.2799458357381375,100.0,12.276726197000862,0.02974098228394564,0.0
255.5,3885.665367907748,-0.2769813558867622,100.0,12.197259989003223,0.029548471426564707,0.0
255.60000000000002,3886.881106766551,-0.2740361677901076,100.0,12.117467175438703,0.029355169350881796,0.0
255.70000000000002,3888.0888522107193,-0.2711103441395945,100.0,12.03739995244954,0.029161202504657698,0.0
255.8,3889.288579188182,-0.26820394562511496,100.0,11.957105229847784,0.028966684529254327,0.0
255.9,3890.4802670803338,-0.26531702219627284,100.0,11.876624798386718,0.028771716664858064,0.0
256.0,3891.6638992001767,-0.262449614278153,100.0,11.795995536967244,0.028576388252447606,0.0
256.1,3892.8394623129525,-0.2596017539326194,100.0,11.71524965420321,0.028380777318998008,0.0
256.2,3894.006946182415,-0.2567734659574899,100.0,11.634414958821484,0.028184951232538377,0.0
256.3,3895.1663431453608,-0.25396476891726005,100.0,11.553515153484453,0.027988967413951585,0.0
256.40000000000003,3896.31764771649,-0.2511756761003421,100.0,11.472570146788797,0.027792874092806806,0.0
256.5,3897.460856225169,-0.2484061963990289,100.0,11.391596378408531,0.027596711095034837,0.0
256.6,3898.595966485165,-0.2456563351095838,100.0,11.310607152605185,0.027400510650873126,0.0
256.7,3899.722977497954,-0.24292609465097822,100.0,11.229612975618688,0.027204298212212024,0.0
256.8,3900.8418891897986,-0.24021547520184883,100.0,11.148621892771482,0.027008093269246393,0.0
256.90000000000003,3901.9527021823496,-0.2375244752562139,100.0,11.067639821460013,0.026811910157164037,0.0
257.0,3903.0554175962047,-0.23485309209937283,100.0,10.98667087656678,0.026615758844472783,0.0
257.1,3904.1500368864913,-0.23220132220620743,100.0,10.905717685195487,0.026419645695461912,0.0
257.2,3905.2365617092782,-0.22956916156480867,100.0,10.824781688008585,0.026223574200207513,0.0
257.3,3906.314993817352,-0.22695660592896624,100.0,10.743863424823068,0.026027545666442626,0.0
257.40000000000003,3907.3853349836795,-0.2243636510035805,100.0,10.66296280249421,0.025831559868518827,0.0
257.5,3908.4475869507073,-0.22179029256748892,100.0,10.582079343483853,0.02563561564957538,0.0
257.6,3909.5017514034985,-0.219236526538545,100.0,10.501212413864623,0.025439711473890868,0.0
257.7,3910.5478299646,-0.21670234898604768,100.0,10.420361429852488,0.025243845927218546,0.0
257.8,3911.5858242084687,-0.21418775609580007,100.0,10.339526042284087,0.02504801816369197,0.0
257.90000000000003,3912.615735693224,-0.2116927440931802,100.0,10.258706298759115,0.024852228298622978,0.0
258.0,3913.6375660075023,-0.20921730912963976,100.0,10.177902783451025,0.02465647774720009,0.0
258.1,3914.6513168301817,-0.2067614471380138,100.0,10.09711673484875,0.02446076950972373,0.0
258.2,3915.6569900008008,-0.20432515366193207,100.0,10.016350141927814,0.024265108404585543,0.0
258.3,3916.6545875985407,-0.2019084236644754,100.0,9.935605819459148,0.024069501250707667,0.0
258.40000000000003,3917.6441120277354,-0.19951125132102673,100.0,9.854887463349781,0.02387395700160849,0.0
258.5,3918.6255661079595,-0.19713362980102944,100.0,9.774199687067922,0.02367848683364407,0.0
258.6,3919.59895316686,-0.1947755510430938,100.0,9.6935480403403,0.023483104191303474,0.0
258.7,3920.5642771340285,-0.19243700552759135,100.0,9.612939011418224,0.02328782479269837,0.0
258.8,3921.5215426343325,-0.19011798205055186,100.0,9.532380014294557,0.023092666598595504,0.0
258.90000000000003,3922.470755079278,-0.18781846750233425,100.0,9.451879362316078,0.02289764974849135,0.0
259.0,3923.4119207551153,-0.1855384466541886,100.0,9.371446229675731,0.022702796467325138,0.0
259.1,3924.3450469065465,-0.1832779019554629,100.0,9.291090602289307,0.022508130946475132,0.0
259.2,3925.270141815059,-0.18103681334384414,100.0,9.210823219561396,0.022313679202683782,0.0
259.3,3926.1872148710377,-0.1788151580706598,100.0,9.130655508528521,0.022119468918516186,0.0
259.40000000000003,3927.096276638972,-0.17661291054290967,100.0,9.050599511834038,0.021925529267875696,0.0
259.5,3927.9973389152124,-0.1744300421833504,100.0,8.970667810942196,0.021731890729986006,0.0
259.6,3928.890414777864,-0.17226652130962203,100.0,8.890873445939109,0.021538584895105174,0.0
259.7,3929.7755186285463,-0.17012231303308675,100.0,8.811229833196855,0.021345644265062705,0.0
259.8,3930.65266622586,-0.16799737917775112,100.0,8.731750682097603,0.02115310205151954,0.0
259.90000000000003,3931.5218747105278,-0.16589167821936324,100.0,8.652449911927288,0.020960991974638927,0.0
260.0,3932.3831626222745,-0.1638051652445188,100.0,8.573341569954538,0.02076934806462844,0.0
260.1,3933.2365499086136,-0.1617377919293756,100.0,8.49443975161389,0.020578204468379862,0.0
260.2,3934.082057925791,-0.15968950653736547,100.0,8.415758523611348,0.020387595263188528,0.0
260.3,3934.919709432218,-0.15766025393510708,100.0,8.337311850669224,0.020197554279289077,0.0
260.40000000000003,3935.7495285747837,-0.15564997562556113,100.0,8.259113526525045,0.020008114932696875,0.0
260.5,3936.5715408685037,-0.15365860979733323,100.0,8.181177109698982,0.019819310069601324,0.0
260.6,3937.3857731700023,-0.15168609138891687,100.0,8.103515864445756,0.019631171823318975,0.0
260.7,3938.192253645361,-0.1497323521665799,100.0,8.026142707211651,0.01944373148458291,0.0
260.8,3938.991011732898,-0.14779732081453106,100.0,7.949070158826165,0.019257019385724626,0.0
260.90000000000003,3939.782078101464,-0.14588092303595854,100.0,7.872310302571269,0.019071064799094744,0.0
261.0,3940.5654846048333,-0.14398308166350748,100.0,7.795874748190165,0.018885895849872412,0.0
261.1,3941.3412642328026,-0.1421037167777577,100.0,7.719774601822329,0.018701539443231444,0.0
261.2,3942.1094510595685,-0.14024274583227475,100.0,7.644020441782539,0.01851802120566373,0.0
261.3,3942.8700801899727,-0.13840008378383448,100.0,7.568622300039648,0.01833536544011073,0.0
261.40000000000003,3943.6231877041723,-0.13657564322646415,100.0,7.49358964919482,0.01815359509441751,0.0
261.5,3944.368810601271,-0.13476933452799633,100.0,7.418931394710642,0.01797273174250741,0.0
261.6,3945.1069867424253,-0.13298106596789844,100.0,7.344655872100696,0.017792795577573656,0.0
261.7,3945.837754793904,-0.13121074387521484,100.0,7.2707708487539575,0.017613805416499043,0.0
261.8,3946.5611541705457,-0.1294582727655409,100.0,7.197283530040282,0.0174357787146467,0.0
261.90000000000003,3947.2772249800273,-0.1277235554760373,100.0,7.124200569321448,0.01725873159011236,0.0
262.0,3947.986007968312,-0.12600649329758548,100.0,7.05152808147631,0.017082678856489803,0.0
262.1,3948.6875444666093,-0.1243069861032811,100.0,6.979271659538781,0.016907634063177086,0.0
262.2,3949.381876340134,-0.12262493247256105,100.0,6.907436394043211,0.01673360954224169,0.0
262.3,3950.0690459389252,-0.1209602298103567,100.0,6.836026894672527,0.016560616460864246,0.0
262.40000000000003,3950.7490960509213,-0.11931277446076435,100.0,6.765047313809477,0.0163886648783925,0.0
262.5,3951.4220698574736,-0.11768246181481916,100.0,6.694501371601826,0.016217763807063114,0.0
262.6,3952.088010891425,-0.11606918641205176,100.0,6.624392382164674,0.01604792127547795,0.0
262.7,3952.7469629978496,-0.11447284203559585,100.0,6.554723280561078,0.015879144393966076,0.0
262.8,3953.3989702975177,-0.11289332180069994,100.0,6.485496650220512,0.01571143942100626,0.0
262.90000000000003,3954.044077153109,-0.11133051823657611,100.0,6.416714750477768,0.015544811829941383,0.0
263.0,3954.6823281381735,-0.10978432336159266,100.0,6.3483795439378605,0.015379266375271178,0.0
263.1,3955.3137680088093,-0.10825462875188593,100.0,6.280492723398726,0.015214807157873838,0.0
263.2,3955.9384416780017,-0.10674132560352827,100.0,6.213055738089381,0.015051437688569284,0.0
263.3,3956.55639419254,-0.10524430478844454,100.0,6.146069819008549,0.014889160949503162,0.0
263.40000000000003,3957.1676707124184,-0.10376345690431843,100.0,6.0795360031764245,0.014727979452898004,0.0
263.5,3957.7723164925965,-0.10229867231877166,100.0,6.013455156639232,0.014567895296782788,0.0
263.6,3958.370376866999,-0.10084984120813506,100.0,5.947827996093964,0.014408910217380153,0.0
263.7,3958.961897234597,-0.09941685359115908,100.0,5.882655109025999,0.014251025637890439,0.0
263.8,3959.5469230474314,-0.09799959935803441,100.0,5.817936972279382,0.014094242713479348,0.0
263.90000000000003,3960.1254998004074,-0.0965979682951097,100.0,5.753673969002326,0.0139385623723291,0.0
264.0,3960.6976730227043,-0.09521185010570456,100.0,5.689866403934757,0.01378398535267328,0.0
264.1,3961.2634882706293,-0.09384113442742126,100.0,5.626514517025749,0.013630512235785791,0.0
264.2,3961.8229911217504,-0.09248571084635933,100.0,5.563618495388687,0.01347814347494272,0.0
264.3,3962.3762271701416,-0.09114546890863277,100.0,5.501178483620574,0.013326879420421375,0.0
264.40000000000003,3962.923242022581,-0.08982029812958138,100.0,5.439194592528034,0.013176720340639414,0.0
264.5,3963.464081295542,-0.08851008800105542,100.0,5.377666906317412,0.013027666439573139,0.0
264.6,3963.9987906128363,-0.08721472799713766,100.0,5.316595488319242,0.012879717870625421,0.0
264.7,3964.5274156037476,-0.08593410757864797,100.0,5.255980385327728,0.012732874747138079,0.0
264.8,3965.0500019015467,-0.08466811619675549,100.0,5.195821630645941,0.012587137149769131,0.0
264.90000000000003,3965.56659514224,-0.08341664329599995,100.0,5.136119245933681,0.01244250513096913,0.0
265.0,3966.077240963455,-0.08217957831700014,100.0,5.076873241961572,0.012298978716808111,0.0
265.1,3966.5819850033445,-0.08095681069910139,100.0,5.018083618377892,0.012156557906410606,0.0
265.2,3967.080872899427,-0.07974822988318804,100.0,4.959750362597773,0.012015242669264597,0.0
265.3,3967.5739502872766,-0.0785537253148602,100.0,4.901873447924993,0.011875032940671493,0.0
265.40000000000003,3968.061262798988,-0.07737318644814746,100.0,4.844452831015957,0.011735928615602294,0.0
265.5,3968.5428560613627,-0.0762065027499056,100.0,4.787488448794274,0.011597929541223054,0.0
265.6,3969.018775693762,-0.07505356370501676,100.0,4.730980214921023,0.011461035508343867,0.0
265.7,3969.4890673055907,-0.07391425882248806,100.0,4.6749280159221485,0.011325246242037209,0.0
265.8,3969.9537764933775,-0.07278847764252035,100.0,4.619331707069824,0.011190561391660197,0.0
265.90000000000003,3970.412948837439,-0.07167610974459501,100.0,4.5641911081093385,0.01105698052050282,0.0
266.0,3970.866629898109,-0.07057704475660613,100.0,4.509505998916462,0.010924503095267471,0.0
266.1,3971.314865211533,-0.06949117236504501,100.0,4.455276115164483,0.010793128475572157,0.0
266.2,3971.7577002850376,-0.06841838232622593,100.0,4.401501144072478,0.01066285590365035,0.0
266.3,3972.195180592076,-0.06735856447852545,100.0,4.348180720299641,0.010533684494404706,0.0
266.40000000000003,3972.6273515667767,-0.06631160875559278,100.0,4.295314422042986,0.010405613225953533,0.0
266.5,3973.0542585981098,-0.06527740520047584,100.0,4.2429017673880765,0.010278640930790003,0.0
266.6,3973.4759470237086,-0.06425584398059625,100.0,4.1909422109557966,0.010152766287658885,0.0
266.7,3973.8924621233677,-0.06324681540349728,100.0,4.139435140879653,0.010027987814233606,0.0
266.8,3974.303849112258,-0.062250209933281085,100.0,4.088379876142424,0.009904303860664175,0.0
266.90000000000003,3974.7101531338935,-0.061265918207645445,100.0,4.037775664292982,0.009781712604045945,0.0
267.0,3975.1114192528926,-0.060293831055425996,100.0,3.9876216795581545,0.00966021204384539,0.0
267.1,3975.5076924475657,-0.05933383951454715,100.0,3.9379170213581594,0.009539799998303499,0.0
267.2,3975.8990176023785,-0.0583858348502834,100.0,3.8886607132285658,0.009420474101824082,0.0
267.3,3976.2854395003264,-0.05744970857373279,100.0,3.8398517021461376,0.009302231803340465,0.0
267.40000000000003,3976.6670028152607,-0.05652535246040553,100.0,3.791488858251245,0.00918507036564281,0.0
267.5,3977.043752104209,-0.055612658568832844,100.0,3.7435709749553245,0.009068986865638451,0.0
267.6,3977.415731799721,-0.054711519259104904,100.0,3.696096769417355,0.00895397819550582,0.0
267.7,3977.7829862022836,-0.05382182721125032,100.0,3.6490648833710506,0.008840041064698389,0.0
267.8,3978.145559472832,-0.052943475443375104,100.0,3.602473884280339,0.00872717200274356,0.0
267.90000000000003,3978.5034956253935,-0.052076357329484305,100.0,3.5563222667994863,0.008615367362779867,0.0
268.0,3978.856838519893,-0.0512203666169157,100.0,3.5106084545113467,0.008504623325767673,0.0
268.1,3979.205631855141,-0.050375397443321465,100.0,3.4653308019165396,0.00839493590530787,0.0
268.2,3979.549919162036,-0.049541344353140414,100.0,3.4204875966449815,0.008286300952999212,0.0
268.3,3979.889743796995,-0.048718102313510585,100.0,3.37607706186073,0.008178714164263962,0.0
268.40000000000003,3980.225148935635,-0.0479055667295787,100.0,3.332097358830988,0.00807217108457131,0.0
268.5,3980.556177566716,-0.047103633459170444,100.0,3.2885465896299073,0.007966667115987052,0.0
268.6,3980.8828724863642,-0.04631219882679222,100.0,3.245422799949248,0.007862197523982562,0.0
268.7,3981.2052762925746,-0.045531159636941994,100.0,3.2027239819873583,0.007758757444432949,0.0
268.8,3981.52343138001,-0.04476041318671343,100.0,3.1604480773906762,0.007656341890742955,0.0
268.90000000000003,3981.8373799350948,-0.04399985727768373,100.0,3.118592980221702,0.007554945761036632,0.0
269.0,3982.147163931403,-0.04324939022708169,100.0,3.0771565399298924,0.007454563845354171,0.0
269.1,3982.4528251253478,-0.04250891087823801,100.0,3.0361365643032143,0.007355190832801885,0.0
269.2,3982.754405052158,-0.041778318610324966,100.0,2.9955308223799038,0.007256821318605773,0.0
269.3,3983.051945022148,-0.041057513347397524,100.0,2.9553370473019176,0.007159449811023887,0.0
269.40000000000003,3983.345486117269,-0.04034639556675192,100.0,2.915552939093262,0.007063070738076507,0.0
269.5,3983.6350691879297,-0.03964486630662184,100.0,2.8761761673488766,0.006967678454059806,0.0
269.6,3983.9207348500863,-0.03895282717323535,100.0,2.8372043738212023,0.006873267245811538,0.0
269.7,3984.202523482581,-0.038270180347258785,100.0,2.798635174893837,0.006779831338703106,0.0
269.8,3984.4804752247246,-0.03759682858965594,100.0,2.7604661639337507,0.0066873649023375704,0.0
269.90000000000003,3984.754629974107,-0.03693267524699295,100.0,2.7226949135150327,0.006595862055936272,0.0
270.0,3985.0250273846236,-0.03627762425622052,100.0,2.685318977509479,0.006505316873403029,0.0
270.1,3985.291706864704,-0.03563158014896623,100.0,2.648335893040455,0.006415723388056867,0.0
270.2,3985.554707575728,-0.03499444805537035,100.0,2.6117431822987647,0.006327075597030572,0.0
270.3,3985.81406843062,-0.03436613370749848,100.0,2.5755383542203187,0.006239367465334394,0.0
270.40000000000003,3986.0698280925985,-0.03374654344236442,100.0,2.5397189060269727,0.006152592929588233,0.0
270.5,3986.322024974079,-0.033135584204596245,100.0,2.50428232463314,0.0060667459014285986,0.0
270.6,3986.5706972357048,-0.03253316354877746,100.0,2.469226087922072,0.005981820270599906,0.0
270.7,3986.8158827855063,-0.03193918964149439,100.0,2.4345476658964564,0.0058978099077411725,0.0
270.8,3987.057619278163,-0.031353571263119585,100.0,2.4002445217090327,0.005814708666882022,0.0
270.90000000000003,3987.2959441143657,-0.03077621780935944,100.0,2.366314112579785,0.0057325103876639935,0.0
271.0,3987.5308944402645,-0.03020703929259281,100.0,2.3327538906064955,0.0056512088973033215,0.0
271.1,3987.7625071469934,-0.029645946343025465,100.0,2.2995613034763855,0.005570798012314186,0.0
271.2,3987.9908188702607,-0.0290928502096834,100.0,2.2667337950866004,0.0054912715400110635,0.0
271.3,3988.2158659899983,-0.028547662761266177,100.0,2.2342688060816154,0.005412623279809714,0.0
271.40000000000003,3988.437684630059,-0.02801029648687937,100.0,2.202163774315852,0.005334847024346963,0.0
271.5,3988.6563106579574,-0.027480664496663275,100.0,2.1704161352497993,0.005257936560439391,0.0
271.6,3988.871779684651,-0.026958680522332943,100.0,2.1390233222878914,0.005181885669901008,0.0
271.7,3989.0841270643446,-0.026444258917642773,100.0,2.1079827670657907,0.00510668813023797,0.0
271.8,3989.29338789433,-0.025937314658786875,100.0,2.0772918996954193,0.005032337715241213,0.0
271.90000000000003,3989.499597014842,-0.025437763344744596,100.0,2.046948148974886,0.004958828195493891,0.0
272.0,3989.7027890089385,-0.024945521197578806,100.0,2.016948942570478,0.004886153338811042,0.0
272.1,3989.9029982023926,-0.024460505062692955,100.0,1.9872917071774137,0.004814306910627684,0.0
272.2,3990.1002586636055,-0.023982632409051196,100.0,1.9579738686658519,0.004743282674351361,0.0
272.3,3990.2946042035296,-0.023511821329364517,100.0,1.9289928522175726,0.004673074391691837,0.0
272.40000000000003,3990.4860683756065,-0.023047990540244482,100.0,1.900346082458748,0.004603675822981271,0.0
272.5,3990.6746844757185,-0.022591059382324922,100.0,1.8720309835936282,0.004535080727496682,0.0
272.6,3990.8604855421527,-0.02214094782035092,100.0,1.8440449795429243,0.004467282863793405,0.0
272.7,3991.0435043555804,-0.021697576443233394,100.0,1.81638549409119,0.004400275990060749,0.0
272.8,3991.223773439051,-0.021260866464066833,100.0,1.7890499510455438,0.004334053864504634,0.0
272.90000000000003,3991.4013250580024,-0.020830739720107082,100.0,1.762035774408728,0.004268610245764982,0.0
273.0,3991.576191220291,-0.020407118672705404,100.0,1.7353403885686423,0.004203938893373134,0.0
273.1,3991.74840367624,-0.019989926407194724,100.0,1.7089612185055005,0.004140033568251609,0.0
273.2,3991.917993918709,-0.019579086632723612,100.0,1.6828956900180274,0.00407688803325999,0.0
273.3,3992.084993183188,-0.0191745236820333,100.0,1.6571412299693051,0.0040144960537883976,0.0
273.40000000000003,3992.2494324479194,-0.018776162511172964,100.0,1.631695266552351,0.003952851398398548,0.0
273.5,3992.4113424340417,-0.018383928699148535,100.0,1.6065552295753878,0.0038919478395124133,0.0
273.6,3992.5707536057675,-0.017997748447500274,100.0,1.5817185507664069,0.003831779154147626,0.0
273.7,3992.7276961705925,-0.0176175485798046,100.0,1.5571826640960325,0.003772339124696955,0.0
273.8,3992.8822000795353,-0.017243256541095826,100.0,1.5329450061177814,0.003713621539749878,0.0
273.90000000000003,3993.0342950274135,-0.0168748003972038,100.0,1.5090030163243082,0.0036556201949526483,0.0
274.0,3993.1840104531566,-0.0165121088340037,100.0,1.4853541375184274,0.003598328893904299,0.0
274.1,3993.331375540156,-0.0161551111565747,100.0,1.461995816196716,0.003541741449082587,0.0
274.2,3993.476419216653,-0.01580373728826462,100.0,1.4389255029444956,0.0034858516827976664,0.0
274.3,3993.61917015617,-0.015457917769658061,100.0,1.4161406528399996,0.003430653428167784,0.0
274.40000000000003,3993.7596567779783,-0.015117583757446106,100.0,1.393638725865674,0.003376140530111889,0.0
274.5,3993.8979072476095,-0.014782667023196005,100.0,1.3714171873250525,0.003322306846355863,0.0
274.6,3994.03394947741,-0.014453099952019854,100.0,1.3494735082628941,0.0032691462484463665,0.0
274.7,3994.167811127134,-0.014128815541141666,100.0,1.3278051658866727,0.0032166526227677115,0.0
274.8,3994.299519604584,-0.013809747398362805,100.0,1.306409643987592,0.003164819871557445,0.0
274.90000000000003,3994.429102066287,-0.01349582974042612,100.0,1.2852844333591802,0.0031136419139157945,0.0
275.0,3994.5565854182173,-0.013186997391279603,100.0,1.264427032211815,0.0030631126868051178,0.0
275.1,3994.6819963165576,-0.012883185780240778,100.0,1.243834946581451,0.0030132261460350863,0.0
275.2,3994.8053611685027,-0.012584330940063462,100.0,1.2235056907309203,0.0029639762672295667,0.0
275.3,3994.926706133101,-0.01229036950490888,100.0,1.2034367875424903,0.0029153570467721473,0.0
275.40000000000003,3995.046057122137,-0.012001238708223437,100.0,1.1836257689002585,0.002867362502726707,0.0
275.5,3995.163439801048,-0.011716876380525806,100.0,1.1640701760612995,0.0028199866757304985,0.0
275.6,3995.2788795898814,-0.011437220947106167,100.0,1.1447675600145373,0.002773223629857248,0.0
275.7,3995.3924016642845,-0.011162211425640755,100.0,1.1257154818263586,0.0027270674534477426,0.0
275.8,3995.504030956529,-0.010891787423725032,100.0,1.106911512972339,0.0026815122599065117,0.0
275.90000000000003,3995.613792156567,-0.010625889136328939,100.0,1.088353235654519,0.002636552188463272,0.0
276.0,3995.721709713121,-0.010364457343177855,100.0,1.0700382431035371,0.002592181404897146,0.0
276.1,3995.8278078348,-0.010107433406062983,100.0,1.0519641398655768,0.002548394102223889,0.0
276.2,3995.9321104912433,-0.009854759266084924,100.0,1.0341285420737043,0.002505184501344796,0.0
276.3,3996.0346414142955,-0.009606377440834247,100.0,1.0165290777037326,0.0024625468516578574,0.0
276.40000000000003,3996.1354240991996,-0.009362231021512865,100.0,0.9991633868144677,0.002420475431630568,0.0
276.5,3996.2344818058186,-0.00912226367000001,100.0,0.9820291217725677,0.0023789645493350296,0.0
276.6,3996.3318375598765,-0.008886419615866573,100.0,0.9651239474623053,0.002338008542946092,0.0
276.7,3996.42751415422,-0.008654643653341431,100.0,0.9484455414804758,0.002297601781202974,0.0
276.8,3996.5215341500975,-0.00842688113823343,100.0,0.9319915943168706,0.0022577386638353786,0.0
276.90000000000003,3996.613919878459,-0.008203077984812436,100.0,0.915759809520936,0.002218413621955748,0.0
277.0,3996.704693441269,-0.007983180662652842,100.0,0.8997479038549693,0.0021796211184182553,0.0
277.1,3996.793876712834,-0.00776713619344277,100.0,0.8839536074345081,0.002141355648146195,0.0
277.2,3996.881491341146,-0.0075548921477620505,100.0,0.8683746638565498,0.0021036117384292704,0.0
277.3,3996.967558749235,-0.007346396641831905,100.0,0.8530088303163078,0.002066383949192552,0.0
277.40000000000003,3997.0521001365355,-0.007141598334239083,100.0,0.8378538777131331,0.0020296668732385187,0.0
277.5,3997.1351364802604,-0.006940446422637096,100.0,0.8229075907462456,0.001993455136463658,0.0
277.6,3997.216688536787,-0.006742890640426959,100.0,0.8081677680010821,0.001957743398051696,0.0
277.7,3997.2967768430476,-0.006548881253419761,100.0,0.7936322220267302,0.0019225263506442573,0.0
277.8,3997.3754217179317,-0.006358369056483136,100.0,0.7792987794056095,0.0018877987204923435,0.0
277.90000000000003,3997.4526432636903,-0.006171305370173599,100.0,0.7651652808154359,0.0018535552675878852,0.0
278.0,3997.5284613673502,-0.0059876420373565714,100.0,0.7512295810845934,0.0018197907857786385,0.0
278.1,3997.6028957021304,-0.005807331419815706,100.0,0.7374895492414296,0.0017865001028675033,0.0
278.2,3997.675965728864,-0.005630326394853049,100.0,0.7239430685578174,0.0017536780806967451,0.0
278.3,3997.7476906974257,-0.005456580351881395,100.0,0.7105880365879961,0.0017213196152200685,0.0
278.40000000000003,3997.8180896481613,-0.005286047189010058,100.0,0.6974223652028493,0.0016894196365624422,0.0
278.5,3997.88718141332,-0.005118681309625206,100.0,0.6844439806202228,0.0016579731090692182,0.0
278.6,3997.954984618492,-0.004954437618965767,100.0,0.6716508234317694,0.0016269750313457128,0.0
278.7,3998.0215176840456,-0.004793271520695827,100.0,0.6590408486266538,0.00159642043628793,0.0
278.8,3998.08679882657,-0.004635138913474332,100.0,0.6466120256126392,0.0015663043911057978,0.0
278.90000000000003,3998.150846060316,-0.004479996187522877,100.0,0.6343623382345944,0.0015366219973386203,0.0
279.0,3998.213677198641,-0.0043278002211922266,100.0,0.622289784791068,0.001507368390864672,0.0
279.1,3998.275309855457,-0.004178508377528214,100.0,0.610392378048881,0.0014785387419044014,0.0
279.2,3998.335761446676,-0.00403207850083759,100.0,0.5986681452560899,0.0014501282550181997,0.0
279.3,3998.395049191658,-0.003888468913254362,100.0,0.5871151281534552,0.0014221321690989369,0.0
279.40000000000003,3998.4531901146643,-0.00374763841130711,100.0,0.5757313829846235,0.00139454575735979,0.0
279.5,3998.5102010463042,-0.0036095462624877858,100.0,0.564514980504957,0.0013673643273169082,0.0
279.6,3998.56609862499,-0.003474152201822459,100.0,0.5534640059892958,0.001340583220767779,0.0
279.7,3998.620899298387,-0.0033414164284444763,100.0,0.5425765592384825,0.001314197813764539,0.0
279.8,3998.6746193248673,-0.0032112996021705143,100.0,0.5318507545848755,0.001288203516582923,0.0
279.90000000000003,3998.7272747749626,-0.0030837628400799664,100.0,0.5212847208967543,0.0012625957736864103,0.0
280.0,3998.7788815328186,-0.0029587677130981723,100.0,0.5108766015815932,0.001237370063685404,0.0
280.1,3998.829455297649,-0.0028362762425839763,100.0,0.5006245545881756,0.0012125218992912932,0.0
280.2,3998.8790115851893,-0.002716250896922159,100.0,0.4905267524074406,0.0011880468272649435,0.0
280.3,3998.9275657291514,-0.0025986545881212897,100.0,0.4805813820720938,0.0011639404283597008,0.0
280.40000000000003,3998.9751328826774,-0.0024834506684175564,100.0,0.4707866451549876,0.0011401983172588982,0.0
280.5,3999.021728019793,-0.002370602926885196,100.0,0.4611407577658045,0.0011168161425061354,0.0
280.6,3999.0673659368626,-0.0022600755860541694,100.0,0.45164195054655354,0.0010937895864301583,0.0
280.7,3999.1120612540403,-0.0021518332985357488,100.0,0.44228846866511445,0.0010711143650615307,0.0
280.8,3999.155828416723,-0.002045841143656755,100.0,0.43307857180741754,0.0010487862280431854,0.0
280.90000000000003,3999.198681697002,-0.0019420646241031401,100.0,0.42401053416763745,0.001026800958532558,0.0
281.0,3999.240635195113,-0.0018404696625737525,100.0,0.4150826444366081,0.0010051543730959977,0.0
281.1,3999.2817028408854,-0.0017410225984450932,100.0,0.40629320578818123,0.0009838423215943735,0.0
281.2,3999.3218983951883,-0.001643690184447919,100.0,0.39764053586370596,0.0009628606870604393,0.0
281.3,3999.3612354513784,-0.0015484395833565703,100.0,0.38912296675441044,0.0009422053855670596,0.0
281.40000000000003,3999.3997274367434,-0.001455238364691953,100.0,0.3807388449815287,0.0009218723660856115,0.0
281.5,3999.4373876139434,-0.001364054501439169,100.0,0.3724865314742894,0.0009018576103348455,0.0
281.6,3999.474229082451,-0.001274856366780745,100.0,0.3643644015456692,0.0008821571326196997,0.0
281.7,3999.5102647799877,-0.0011876127308465129,100.0,0.3563708448658717,0.0008627669796597353,0.0
281.8,3999.545507483959,-0.001102292757481162,100.0,0.3485042654334877,0.0008436832304068448,0.0
281.90000000000003,3999.5799698128862,-0.0010188660010306012,100.0,0.34076308154424384,0.0008249019958516628,0.0
282.0,3999.613664227832,-0.000937302403148197,100.0,0.3331457257575931,0.0008064194188193628,0.0
282.1,3999.646603033828,-0.0008575722896220247,100.0,0.3256506448608826,0.0007882316737535945,0.0
282.2,3999.6787983812937,-0.000779646367224321,100.0,0.3182762998311722,0.0007703349664885516,0.0
282.3,3999.7102622674547,-0.0007034957205842951,100.0,0.3110211657949126,0.000752725534009598,0.0
282.40000000000003,3999.7410065377544,-0.0006290918090855225,100.0,0.30388373198518603,0.0007353996442010367,0.0
282.5,3999.7710428872633,-0.0005564064637891543,100.0,0.2968625016968558,0.000718353595581916,0.0
282.6,3999.8003828620826,-0.0004854118843841992,100.0,0.2899559922394452,0.0007015837170288245,0.0
282.7,3999.8290378607426,-0.0004160806361661452,100.0,0.2831627348879918,0.0006850863674861601,0.0
282.8,3999.857019135598,-0.0003483856470452324,100.0,0.2764812748317163,0.0006688579356628425,0.0
282.90000000000003,3999.8843377942153,-0.0002823002045857036,100.0,0.2699101711207945,0.0006528948397160725,0.0
283.0,3999.9110048007574,-0.00021779795307735845,100.0,0.2634479966111564,0.0006371935269213542,0.0
283.1,3999.93703097736,-0.00015485289064080349,100.0,0.25709333790739974,0.0006217504733285997,0.0
283.2,3999.962427005504,-9.343936636777814e-05,100.0,0.25084479530396936,0.0006065621834043292,0.0
283.3,3999.9872034273835,-3.353207749799525e-05,100.0,0.24470098272457907,0.0005916251896593258,0.0
283.40000000000003,4000.011370647262,2.4893933366060866e-05,100.0,0.23866052766001317,0.0005769360522616553,0.0
283.5,4000.0349389328285,8.186328100488616e-05,100.0,0.23272207110434312,0.0005624913586345745,0.0
283.6,4000.0579184165435,0.0001374002402867635,100.0,0.22688426748984356,0.00054828772303973,0.0
283.7,4000.080319096981,0.00019152874883007043,100.0,0.22114578462031034,0.0005343217861438998,0.0
283.8,4000.1021508401595,0.0002442724096214811,100.0,0.2155053036031648,0.0005205902145700112,0.0
283.90000000000003,4000.1234233808714,0.00029565449358846037,100.0,0.2099615187804328,0.0005070897004320207,0.0
284.0,4000.144146324002,0.0003456979421243891,100.0,0.20451313765846577,0.0004938169608524443,0.0
284.1,4000.164329145843,0.00039442536956456515,100.0,0.19915888083654576,0.000480768737462303,0.0
284.2,4000.1839811953973,0.0004418590656113346,100.0,0.19389748193466744,0.00046794179588372935,0.0
284.3,4000.2031116956773,0.00048802099770653873,100.0,0.18872768752025693,0.0004553329251935508,0.0
284.40000000000003,4000.221729744997,0.0005329328133493867,100.0,0.1836482570341436,0.0004429389373681343,0.0
284.5,4000.2398443182547,0.0005766158423578245,100.0,0.1786579627156891,0.0004307566667082603,0.0
284.6,4000.2574642682093,0.0006190910990713804,100.0,0.1737555895272806,0.0004187829692438473,0.0
284.7,4000.2745983267496,0.0006603792844934169,100.0,0.16893993507803617,0.00040701472211701487,0.0
284.8,4000.291255106154,0.0007005007883706048,100.0,0.16420980954700662,0.00039544882294352145,0.0
284.90000000000003,4000.3074431003442,0.0007394756912074046,100.0,0.15956403560577045,0.000384082189151159,0.0
285.0,4000.32317068613,0.0007773237662132088,100.0,0.15500144834056226,0.00037291175729453065,0.0
285.1,4000.338446124448,0.0008140644811797505,100.0,0.15052089517402065,0.000361934482345404,0.0
285.2,4000.3532775615904,0.000849717000286242,100.0,0.14612123578636355,0.0003511473369567666,0.0
285.3,4000.3676730304264,0.0008843001858296143,100.0,0.14180134203634634,0.0003405473107006519,0.0
285.40000000000003,4000.3816404516174,0.0009178325998771397,100.0,0.137560097881795,0.00033013140927771166,0.0
285.5,4000.395187634822,0.0009503325058385691,100.0,0.13339639929986458,0.0003198966536977485,0.0
285.6,4000.408322279894,0.0009818178699548096,100.0,0.1293091542070204,0.0003098400794298109,0.0
285.7,4000.4210519780727,0.0010123063627000325,100.0,0.12529728237877016,0.0002999587355205181,0.0
285.8,4000.4333842131646,0.0010418153600939885,100.0,0.1213597153692345,0.00029024968367940456,0.0
285.90000000000003,4000.4453263627165,0.0010703619449210966,100.0,0.11749539643038313,0.00028070999732910003,0.0
286.0,4000.456885699183,0.0010979629078527887,100.0,0.11370328043125255,0.00027133676061981806,0.0
286.1,4000.4680693910827,0.00112463474846941,100.0,0.10998233377692916,0.00026212706740566993,0.0
286.2,4000.478884504147,0.0011503936761777613,100.0,0.10633153432731567,0.0002530780201810455,0.0
286.3,4000.4893380024646,0.0011752556110202679,100.0,0.10274987131597549,0.00024418672897626046,0.0
286.40000000000003,4000.499436749611,0.0011992361843714892,100.0,0.09923634526853445,0.0002354503102085976,0.0
286.5,4000.509187509777,0.0012223507395175527,100.0,0.09578996792134821,0.0002268658854892569,0.0
286.6,4000.518596948883,0.0012446143321138698,100.0,0.09240976213978296,0.0002184305803816818,0.0
286.7,4000.5276716356902,0.0012660417305162318,100.0,0.08909476183654406,0.00021014152311057936,0.0
286.8,4000.5364180428987,0.0012866474159802259,100.0,0.0858440118899113,0.00020199584321875787,0.0
286.90000000000003,4000.5448425482423,0.0013064455827236346,100.0,0.08265656806197758,0.00019399067016964767,0.0
287.0,4000.552951435571,0.0013254501378462242,100.0,0.07953149691665874,0.00018612313189207534,0.0
287.1,4000.560750895928,0.0013436747011010776,100.0,0.07646787573785399,0.00017839035326594582,0.0
287.2,4000.5682470286183,0.001361132604511357,100.0,0.07346479244736374,0.00017078945454456794,0.0
287.3,4000.575445842267,0.0013778368918260548,100.0,0.07052134552289177,0.00016331754971181338,0.0
287.40000000000003,4000.582353255871,0.0013938003178080693,100.0,0.06763664391604195,0.00015597174477067612,0.0
287.5,4000.5889750998435,0.0014090353473475493,100.0,0.06480980697023618,0.00014874913595968957,0.0
287.6,4000.595317117047,0.0014235541543931433,100.0,0.06203996433861906,0.0001416468078940164,0.0
287.7,4000.601384963823,0.001437368620693464,100.0,0.05932625590205346,0.00013466183162799623,0.0
287.8,4000.6071842110073,0.0014504903343406821,100.0,0.056667831686976776,0.00012779126263456938,0.0
287.90000000000003,4000.612720344943,0.0014629305881077913,100.0,0.05406385178340041,0.00012103213869865155,0.0
288.0,4000.6179987684827,0.0014747003775707134,100.0,0.05151348626290941,0.00011438147771982613,0.0
288.1,4000.62302480198,0.0014858103990059552,100.0,0.04901591509663101,0.0001078362754199198,0.0
288.2,4000.6278036842796,0.001496271047054108,100.0,0.04657032807336455,0.00010139350295163066,0.0
288.3,4000.6323405736903,0.0015060924121390227,100.0,0.04417592471758938,9.505010440245273e-05,0.0
288.40000000000003,4000.636640548958,0.0015152842776320068,100.0,0.041831914207800705,8.880299419054983e-05,0.0
288.5,4000.6407086102254,0.0015238561167499087,100.0,0.03953751529465882,8.26490543455246e-05,0.0
288.6,4000.644549679985,0.0015318170891753793,100.0,0.03729195621943934,7.658513167040135e-05,0.0
288.7,4000.648168604026,0.0015391760373871016,100.0,0.03509447463250829,7.060803477811539e-05,0.0
288.8,4000.651570152368,0.001545941482687169,100.0,0.03294431751187294,6.471453099671915e-05,0.0
288.90000000000003,4000.6547590201926,0.0015521216209121562,100.0,0.030840741081875088,5.8901343137282054e-05,0.0
289.0,4000.657739828762,0.0015577243178138732,100.0,0.028783010732137293,5.3165146118344675e-05,0.0
289.1,4000.6605171263323,0.0015627571040950621,100.0,0.026770400936525114,4.7502563439180546e-05,0.0
289.2,4000.6630953890585,0.0015672271700846044,100.0,0.02480219517238378,4.191016349562835e-05,0.0
289.3,4000.66547902189,0.001571141360036092,100.0,0.022877685839817093,3.638445573010899e-05,0.0
289.40000000000003,4000.6676723594583,0.0015745061660328422,100.0,0.020996174181360305,3.0921886609215865e-05,0.0
289.5,4000.669679666958,0.0015773277214816387,100.0,0.01915697020169577,2.5518835419342417e-05,0.0
289.6,4000.67150514102,0.0015796117941766297,100.0,0.01735939258765313,2.0171609872555876e-05,0.0
289.7,4000.6731529105737,0.0015813637789139343,100.0,0.015602768628434177,1.4876441513461494e-05,0.0
289.8,4000.6746270377043,0.0015825886896365978,100.0,0.013886434136093345,9.629480917635348e-06,0.0
289.90000000000003,4000.675931518502,0.0015832911510885428,100.0,0.012209733366215732,4.426792671499678e-06,0.0
290.0,4000.6770702838994,0.0015834753899551797,100.0,0.01057201893895927,-7.356498761894375e-07,0.0
290.1,4000.6780472005084,0.0015831452254672829,100.0,0.008972651760396707,-5.861970102379738e-06,0.0
290.2,4000.678866071441,0.0015823040594435765,100.0,0.007411000943979531,-1.0956393849368192e-05,0.0
290.3,4000.679530637128,0.0015809548657463343,100.0,0.005886443732393561,-1.6023255427041103e-05,0.0
290.40000000000003,4000.6800445761287,0.0015791001791231106,100.0,0.004398365419869468,-2.1067003890013098e-05,0.0
290.5,4000.6804115059294,0.0015767420834064017,100.0,0.0029461592745856618,-2.6092209604130226e-05,0.0
290.6,4000.6806349837398,0.00157388219904169,100.0,0.001529226461528999,-3.110357111475247e-05,0.0
290.7,4000.6807185072776,0.0015705216699129546,100.0,0.00014697596575045046,-3.610592233146387e-05,0.0
290.8,4000.6806655155465,0.001566661149433234,100.0,-0.0012011754841823317,-4.110424004500891e-05,0.0
290.90000000000003,4000.6804793896076,0.0015623007858662692,100.0,-0.002515803492280295,-4.610365179135509e-05,0.0
291.0,4000.6801634533413,0.0015574402068436915,100.0,-0.003797476070820608,-5.110944407958224e-05,0.0
291.1,4000.6797209742035,0.0015520785030404911,100.0,-0.005046753715741663,-5.612707100138069e-05,0.0
291.2,4000.6791551639735,0.001546214210969716,100.0,-0.006264189481640198,-6.116216323992923e-05,0.0
291.3,4000.6784691794933,0.0015398452948555304,100.0,-0.007450329056361666,-6.622053749715658e-05,0.0
291.40000000000003,4000.677666123402,0.001532969127541817,100.0,-0.008605710835102634,-7.130820635902305e-05,0.0
291.5,4000.6767490448606,0.0015255824703914202,100.0,-0.009730865994355029,-7.643138862090549e-05,0.0
291.6,4000.67572094027,0.0015176814521290372,100.0,-0.010826318565146644,-8.159652009296256e-05,0.0
291.7,4000.6745847539823,0.0015092615465785355,100.0,-0.011892585506096672,-8.681026491028967e-05,0.0
291.8,4000.673343379005,0.0015003175492430717,100.0,-0.01293017677596669,-9.207952737067886e-05,0.0
291.90000000000003,4000.6719996576962,0.0014908435526740029,100.0,-0.013939595405769986,-9.741146432537227e-05,0.0
292.0,4000.670556382454,0.0014808329205719644,100.0,-0.014921337570512167,-0.00010281349814938433,0.0
292.1,4000.669016296399,0.001470278260560818,100.0,-0.015875892660468627,-0.00010829333031864313,0.0
292.2,4000.66738209405,0.0014591713955723355,100.0,-0.016803743352013262,-0.00011385895562287766,0.0
292.3,4000.6656564219893,0.0014475033337765465,100.0,-0.017705365678049492,-0.00011951867704472057,0.0
292.40000000000003,4000.6638418795264,0.0014352642369895607,100.0,-0.018581229097985465,-0.00012528112133649338,0.0
292.5,4000.6619410193503,0.0014224433874874454,100.0,-0.019431796567272605,-0.0001311552553279589,0.0
292.6,4000.6599563481764,0.0014090291531513464,100.0,-0.020257524606471206,-0.00013715040299968915,0.0
292.7,4000.657890327387,0.0013950089508654633,100.0,-0.021058863369914714,-0.00014327626335874707,0.0
292.8,4000.6557453736655,0.001380369208085776,100.0,-0.021836256713884346,-0.0001495429291545186,0.0
292.90000000000003,4000.6535238596202,0.001365095322493506,100.0,-0.022590142264406844,-0.0001559609064750835,0.0
293.0,4000.6512281144064,0.0013491716196432002,100.0,-0.023320951484502844,-0.00016254113526538387,0.0
293.1,4000.6488604243386,0.001332581308511074,100.0,-0.024029109741012893,-0.0001692950108115072,0.0
293.2,4000.646423033496,0.0013153064348447,100.0,-0.02471503637105371,-0.00017623440623723235,0.0
293.3,4000.643918144323,0.001297327832210478,100.0,-0.025379144747851964,-0.00018337169606004878,0.0
293.40000000000003,4000.6413479182224,0.0012786250706303863,100.0,-0.026021842346283092,-0.00019071978085825856,0.0
293.5,4000.638714476142,0.0012591764026943135,100.0,-0.026643530807859035,-0.0001982921131010447,0.0
293.6,4000.636019899154,0.0012389587070289255,100.0,-0.027244606005308078,-0.00020610272419736093,0.0
293.7,4000.6332662290283,0.0012179474289983202,100.0,-0.027825458106607043,-0.0002141662528210662,0.0
293.8,4000.630455468802,0.0011961165185058037,100.0,-0.028386471638633556,-0.0002224979745736342,0.0
293.90000000000003,4000.627589583339,0.0011734383647598989,100.0,-0.02892802555039404,-0.0002311138330478665,0.0
294.0,4000.6246704998835,0.0011498837278611886,100.0,-0.029450493275667396,-0.0002400304723586234,0.0
294.1,4000.6217001086093,0.001125421667059815,100.0,-0.029954242795239373,-0.00024926527121100437,0.0
294.2,4000.6186802631632,0.0011000194655262651,100.0,-0.030439636698679603,-0.0002588363785788731,0.0
294.3,4000.6156127812,0.0010736425514706134,100.0,-0.030907032245646553,-0.00026876275107024373,0.0
294.40000000000003,4000.612499444912,0.0010462544154375456,100.0,-0.0313567814267844,-0.0002790641920599645,0.0
294.5,4000.609342001553,0.0010178165235962989,100.0,-0.03178923102403102,-0.0002897613926730413,0.0
294.6,4000.606142163958,0.0009882882268360475,100.0,-0.032204722670559315,-0.0003008759747074146,0.0
294.7,4000.602901611052,0.0009576266654682359,100.0,-0.03260359291022082,-0.0003124305355879023,0.0
294.8,4000.5996219883586,0.0009257866693279625,100.0,-0.03298617325649565,-0.00032444869544785774,0.0
294.90000000000003,4000.596304908499,0.0008927206530565926,100.0,-0.033352790251030065,-0.000336955146440025,0.0
295.0,4000.592951951686,0.0008583785063374621,100.0,-0.03370376552163516,-0.00034997570438204703,0.0
295.1,4000.589564666213,0.0008227074788456739,100.0,-0.03403941583983879,-0.00036353736284796374,0.0
295.2,4000.586144568937,0.0007856520596616198,100.0,-0.034360053178027566,-0.0003776683498221012,0.0
295.3,4000.582693145756,0.0007471538508859596,100.0,-0.03466598476608545,-0.0003923981870367795,0.0
295.40000000000003,4000.579211852078,0.0007071514351813498,100.0,-0.03495751314753085,-0.000407757752121414,0.0
295.5,4000.5757021132904,0.0006655802369531418,100.0,-0.03523493623516764,-0.00042377934369671605,0.0
295.6,4000.572165325217,0.000622372376867592,100.0,-0.035498547366347645,-0.000440496749554285,0.0
295.7,4000.568602854576,0.0005774565193917823,100.0,-0.03574863535768853,-0.0004579453180676752,0.0
295.8,4000.565016039426,0.0005307577130244731,100.0,-0.0359854845593696,-0.00047616203298897654,0.0
295.90000000000003,4000.5614061896135,0.0004821972228713679,100.0,-0.036209374908915966,-0.0004951855917914382,0.0
296.0,4000.5577745872083,0.0004316923552017928,100.0,-0.036420581984609915,-0.0005150564877272188,0.0
296.1,4000.5541224869385,0.00037915627360657865,100.0,-0.0366193770582742,-0.0005358170957758002,0.0
296.2,4000.5504511166178,0.0003244978063588435,100.0,-0.036806027147710925,-0.0005575117626690966,0.0
296.3,4000.5467616775695,0.0002676212445604294,100.0,-0.03698079506861545,-0.000580186901186219,0.0
296.40000000000003,4000.543055345043,0.00020842613063694728,100.0,-0.03714393948606126,-0.0006038910889212172,0.0
296.5,4000.539333268626,0.00014680703672359974,100.0,-0.037295714965483354,-0.0006286751717360572,0.0
296.6,4000.5355965726526,8.265333246220848e-05,100.0,-0.037436372023201575,-0.0006545923721215793,0.0
296.7,4000.531846356607,1.5848941707066345e-05,100.0,-0.037566157176484476,-0.0006816984026996922,0.0
296.8,4000.5280836955176,-5.3727912386615474e-05,100.0,-0.037685312993132436,-0.0007100515851110151,0.0
296.90000000000003,4000.524309640353,-0.0001262049744429118,100.0,-0.03779407814063556,-0.0007397129745439915,0.0
297.0,4000.520525218407,-0.00020171623669147697,100.0,-0.03789268743478052,-0.0007707464901731586,0.0
297.1,4000.516731433683,-0.00028040223214479353,100.0,-0.037981371887893585,-0.0008032190517879371,0.0
297.2,4000.512929267272,-0.0003624103417599921,100.0,-0.03806035875657934,-0.0008372007229055278,0.0
297.3,4000.509119677723,-0.00044789511624895715,100.0,-0.03812987158897324,-0.0008727648606760966,0.0
297.40000000000003,4000.5053036014156,-0.0005370186132319355,100.0,-0.038190130271495745,-0.0009099882729028775,0.0
297.5,4000.501481952921,-0.0006299507504629497,100.0,-0.03824135107524707,-0.0009489513825156385,0.0
297.6,4000.497655625363,-0.0007268696758898741,100.0,-0.038283746701880665,-0.0009897383998510912,0.0
297.7,4000.493825490771,-0.0008279621553483055,100.0,-0.03831752632907553,-0.001032437503111443,0.0
297.8,4000.489992400431,-0.0009334239787262612,100.0,-0.038342895655377025,-0.0010771410273887727,0.0
297.90000000000003,4000.486157185232,-0.0010434603854765638,100.0,-0.038360056944852915,-0.0011239456626637538,0.0
298.0,4000.4823206560054,-0.0011582865103953895,100.0,-0.03836920907102926,-0.0011729526612029439,0.0
298.1,4000.4784836038634,-0.0012781278506290613,100.0,-0.038370547560488945,-0.0012242680548025292,0.0
298.2,4000.4746468005314,-0.0014032207549169134,100.0,-0.03836426463604294,-0.0012780028823457465,0.0
298.3,4000.470810998676,-0.0015338129361258794,100.0,-0.03835054925940247,-0.001334273428163577,0.0
298.40000000000003,4000.4669769322277,-0.0016701640081826024,100.0,-0.03832958717340588,-0.0013932014717119123,0.0
298.5,4000.4631453167035,-0.0018125460485613456,100.0,-0.03830156094369094,-0.0014549145491020926,0.0
298.6,4000.4593168495207,-0.0019612441875410404,100.0,-0.038266650000188085,-0.0015195462270491682,0.0
298.7,4000.455492210308,-0.002116557225502386,100.0,-0.03822503067787873,-0.001587236389825211,0.0
298.8,4000.4516720612137,-0.0022787982795962163,100.0,-0.038176876257211556,-0.0016581315398366244,0.0
298.90000000000003,4000.4478570472093,-0.00244829546117759,100.0,-0.03812235700404793,-0.0017323851124716842,0.0
299.0,4000.4440477963894,-0.0026253925854662595,100.0,-0.038061640209218636,-0.0018101578058960885,0.0
299.1,4000.4402449202657,-0.0028104499149634783,100.0,-0.03799489022757085,-0.0018916179265052297,0.0
299.2,4000.43644901406,-0.0030038449382277094,100.0,-0.03792226851656299,-0.0019769417507766165,0.0
299.3,4000.432660656992,-0.003205973185687855,100.0,-0.037843933674438,-0.002066313904300589,0.0
299.40000000000003,4000.4288804125626,-0.00341724908425227,100.0,-0.03776004147799864,-0.0021599277588045004,0.0
299.5,4000.4251088288343,-0.003638106852555239,100.0,-0.03767074491977875,-0.002257985848023047,0.0
299.6,4000.4213464387085,-0.003869001438769904,100.0,-0.037576194244914554,-0.0023607003033097903,0.0
299.7,4000.4175937601976,-0.004110409503008198,100.0,-0.0374765369875509,-0.002468293309925156,0.0
299.8,4000.4138512966947,-0.004362830446424053,100.0,-0.03737191800670843,-0.0025809975849812455,0.0
299.90000000000003,4000.410119537239,-0.004626787489236509,100.0,-0.03726247952177148,-0.0026990568780701153,0.0
300.0,4000.4063989567794,-0.004902828799994412,100.0,-0.03714836114751944,-0.0028227264956505378,0.0
300.1,4000.402690016431,-0.005191528678514393,100.0,-0.03702969992878029,-0.002952273850318938,0.0
300.2,4000.398993163731,-0.005493488795038985,100.0,-0.0369066303744593,-0.003087979036142246,0.0
300.3,4000.395308832893,-0.0058093394882823566,100.0,-0.03677928449129306,-0.003230135431287741,0.0
300.40000000000003,4000.3916374450523,-0.006139741125157436,100.0,-0.03664779181710115,-0.003379050329241321,0.0
300.5,4000.3879794085124,-0.006485385525110351,100.0,-0.03651227945352921,-0.0035350455999664126,0.0
300.6,4000.384335118988,-0.0068469974521265554,100.0,-0.036372872098393974,-0.003698458382420164,0.0
300.7,4000.3807049598418,-0.007225336177617936,100.0,-0.03622969207764042,-0.0038696418099095718,0.0
300.8,4000.377089302322,-0.007621197117551789,100.0,-0.03608285937663814,-0.004048965769837465,0.0
300.90000000000003,4000.373488505794,-0.00803541354734135,100.0,-0.03593249167128041,-0.0042368176994644555,0.0
301.0,4000.3699029179684,-0.008468858398183754,100.0,-0.03577870435850309,-0.004433603419385566,0.0
301.1,4000.366332875131,-0.008922446138705135,100.0,-0.03562161058620228,-0.004639748006499213,0.0
301.2,4000.3627787023624,-0.009397134745954541,100.0,-0.035461321283025496,-0.00485569670833254,0.0
301.3,4000.359240713761,-0.00989392776997886,100.0,-0.03529794518742742,-0.0050819159006677645,0.0
301.40000000000003,4000.3557192126596,-0.010413876496410006,100.0,-0.03513158887637559,-0.0053188940905086746,0.0
301.5,4000.3522144918393,-0.010958082211704114,100.0,-0.03496235679353923,-0.005567142966517536,0.0
301.6,4000.348726833743,-0.011527698575890427,100.0,-0.03479035127704934,-0.0058271984991517594,0.0
301.7,4000.345256510684,-0.012123934107915521,100.0,-0.03461567258677143,-0.006099622092831595,0.0
301.8,4000.3418037850524,-0.012748054788906903,100.0,-0.03443841893107128,-0.006385001792575073,0.0
301.90000000000003,4000.3383689095185,-0.013401386788929215,100.0,-0.03425868649318979,-0.006683953547649341,0.0
302.0,4000.334952127235,-0.01408531932306676,100.0,-0.03407656945704032,-0.006997122534899461,0.0
302.1,4000.3315536720347,-0.014801307642938261,100.0,-0.03389216003252473,-0.007325184544538433,0.0
302.2,4000.3281737686275,-0.015550876170034275,100.0,-0.03370554848046435,-0.0076688474313050875,0.0
302.3,4000.324812632793,-0.01633562177756464,100.0,-0.03351682313693999,-0.008028852634024308,0.0
302.40000000000003,4000.3214704715733,-0.017157217227813607,100.0,-0.033326070437039286,-0.00840597676674,0.0
302.5,4000.3181474834605,-0.01801741477232416,100.0,-0.03313337493835496,-0.00880103328472899,0.0
302.6,4000.314843858584,-0.018918049922570915,100.0,-0.032938819343751126,-0.00921487422884662,0.0
302.7,4000.311559778894,-0.019861045399133536,100.0,-0.032742484523722006,-0.009648392051803446,0.0
302.8,4000.3082954183465,-0.020848415267750033,100.0,-0.032544449538082096,-0.010102521530125383,0.0
302.90000000000003,4000.305050943078,-0.021882269271012555,100.0,-0.03234479165736264,-0.010578241765707755,0.0
303.0,4000.3018265115898,-0.022964817364867107,100.0,-0.032143586383446075,-0.011076578281032463,0.0
303.1,4000.298622274918,-0.024098374469494067,100.0,-0.03194090746977963,-0.011598605212286988,0.0
303.2,4000.2954383768115,-0.025285365444578496,100.0,-0.03173682694101483,-0.012145447604790022,0.0
303.3,4000.2922749539016,-0.02652833029942846,100.0,-0.03153141511193209,-0.012718283815303674,0.0
303.40000000000003,4000.2891321358734,-0.027829929648866304,100.0,-0.031324740606093034,-0.013318348025987732,0.0
303.5,4000.2860100456332,-0.029192950426302093,100.0,-0.031116870373714408,-0.013946932874926016,0.0
303.6,4000.282908799475,-0.03062031186590061,100.0,-0.030907869708882096,-0.014605392208337247,0.0
303.7,4000.2798285072463,-0.032115071766273325,100.0,-0.03069780226633938,-0.015295143959761061,0.0
303.8,4000.2767692725092,-0.03368043304866478,100.0,-0.030486730077522537,-0.016017673161685696,0.0
303.90000000000003,4000.273731192704,-0.03531975062315833,100.0,-0.030274713566136886,-0.016774535095262947,0.0
304.0,4000.270714359308,-0.03703653857699923,100.0,-0.030061811562843484,-0.017567358583923567,0.0
304.1,4000.267718857995,-0.03883447769972301,100.0,-0.02984808131961176,-0.0183978494368767,0.0
304.2,4000.264744768792,-0.04071742336038281,100.0,-0.02963357852315867,-0.01926779404862594,0.0
304.3,4000.2617921662336,-0.042689413752790555,100.0,-0.029418357307826444,-0.020179063160787304,0.0
304.40000000000003,4000.25886111952,-0.0447546785253216,100.0,-0.029202470267680542,-0.02113361579262017,0.0
304.5,4000.2559516926676,-0.046917647812479514,100.0,-0.028985968468153784,-0.022133503346793256,0.0
304.6,4000.2530639446627,-0.049182961686074424,100.0,-0.028768901456637234,-0.023180873896997425,0.0
304.7,4000.250197929611,-0.05155548004453272,100.0,-0.02855131727266159,-0.02427797666407499,0.0
304.8,4000.2473536968914,-0.054040292959524436,100.0,-0.028333262457087574,-0.025427166687358685,0.0
304.90000000000003,4000.2445312913014,-0.0566427314997635,100.0,-0.028114782060719327,-0.02663090969789788,0.0
305.0,4000.2417307532087,-0.05936837905250052,100.0,-0.027895919652058104,-0.02789178720017486,0.0
305.1,4000.2389521186974,-0.06222308316388239,100.0,-0.027676717324305128,-0.029212501768790224,0.0
305.2,4000.2361954197163,-0.06521296791999173,100.0,-0.027457215701577893,-0.030595882566396043,0.0
305.3,4000.233460684224,-0.06834444689099266,100.0,-0.027237453944339803,-0.03204489108885961,0.0
305.40000000000003,4000.2307479363376,-0.07162423666139041,100.0,-0.027017469753902408,-0.0335626271432711,0.0
305.5,4000.2280571964757,-0.07505937096994876,100.0,-0.02679729937626446,-0.035152335063891864,0.0
305.6,4000.225388481505,-0.0786572154832886,100.0,-0.0265769776050639,-0.036817410170509525,0.0
305.7,4000.2227418048856,-0.08242548322759885,100.0,-0.026356537783589807,-0.03856140547286161,0.0
305.8,4000.220117176816,-0.0863722507032095,100.0,-0.026136011806059734,-0.040388038623808034,0.0
305.90000000000003,4000.2175146043774,-0.0905059747069869,100.0,-0.025915430118060526,-0.0423011991227308,0.0
306.0,4000.214934091679,-0.09483550988758821,100.0,-0.025694821716033194,-0.04430495576918424,0.0
306.1,4000.2123756400024,-0.09937012705853002,100.0,-0.025474214146035023,-0.04640356436507487,0.0
306.2,4000.209839247948,-0.1041195322937534,100.0,-0.02525363350164556,-0.04860147566157946,0.0
306.3,4000.2073249115792,-0.10909388682986788,100.0,-0.025033104421035342,-0.0509033435445281,0.0
306.40000000000003,4000.2048326245686,-0.11430382779848844,100.0,-0.024812650083335268,-0.05331403344907381,0.0
306.5,4000.2023623783434,-0.1197604898109944,100.0,-0.02459229220406432,-0.055838630991039674,0.0
306.6,4000.1999141622337,-0.12547552741658277,100.0,-0.02437205103006368,-0.05848245079830712,0.0
306.7,4000.1974879636177,-0.13146113845259547,100.0,-0.024151945333699076,-0.06125104552090826,0.0
306.8,4000.1950837680706,-0.1377300883036995,100.0,-0.023931992406429917,-0.06415021499301363,0.0
306.90000000000003,4000.192701559513,-0.14429573508350724,100.0,-0.023712208051918243,-0.06718601551361542,0.0
307.0,4000.19034132036,-0.15117205574854384,100.0,-0.023492606578754224,-0.070364769205338,0.0
307.1,4000.18800303167,-0.1583736731499944,100.0,-0.02327320079284923,-0.07369307340223286,0.0
307.20000000000005,4000.185686673298,-0.16591588402326737,100.0,-0.02305400198975849,-0.0771778100075585,0.0
307.3,4000.1833922240426,-0.17381468790895452,100.0,-0.022835019946990005,-0.08082615475113626,0.0
307.40000000000003,4000.1811196618037,-0.18208681699108764,100.0,-0.022616262916462807,-0.08464558626280878,0.0
307.5,4000.1788689637306,-0.19074976682951106,100.0,-0.022397737617771755,-0.08864389486347604,0.0
307.6,4000.1766401063787,-0.1998218279524936,100.0,-0.02217944923174479,-0.09282919095797391,0.0
307.70000000000005,4000.1744330658616,-0.20932211826316938,100.0,-0.021961401395548127,-0.0972099128943799,0.0
307.8,4000.1722478180072,-0.21927061619875557,100.0,-0.021743596198908997,-0.10179483413186223,0.0
307.90000000000003,4000.1700843385115,-0.22968819456445608,100.0,-0.0215260341825366,-0.10659306953361672,0.0
308.0,4000.1679426030937,-0.2405966549441929,100.0,-0.021308714338796417,-0.11161408057239681,0.0
308.1,4000.1658225876517,-0.25201876256744454,100.0,-0.021091634115509964,-0.11686767920319625,0.0
308.20000000000005,4000.163724268415,-0.2639782814851045,100.0,-0.02087478942349984,-0.12236403012044829,0.0
308.3,4000.161647622099,-0.27650000987695283,100.0,-0.020658174648623823,-0.12811365107515463,0.0
308.40000000000003,4000.1595926260547,-0.2896098152785624,100.0,-0.020441782669140676,-0.13412741088018285,0.0
308.5,4000.1575592584213,-0.3033346694756928,100.0,-0.020225604879678304,-0.14041652467915824,0.0
308.6,4000.15554749827,-0.3177026827688755,100.0,-0.020009631222701947,-0.14699254599544492,0.0
308.70000000000005,4000.15355732575,-0.3327431372593194,100.0,-0.019793850228959905,-0.15386735501214274,0.0
308.8,4000.151588722226,-0.3484865187487972,100.0,-0.01957824906848268,-0.16105314246155042,0.0
308.90000000000003,4000.149641670409,-0.36496454678008505,100.0,-0.019362813613673844,-0.1685623884227189,0.0
309.0,4000.147716154487,-0.3822102022700917,100.0,-0.019147528516342927,-0.17640783523841266,0.0
309.1,4000.1458121602395,-0.40025775210426295,100.0,-0.018932377301193,-0.1846024536679443,0.0
309.20000000000005,4000.143929675144,-0.41914276996743977,100.0,-0.01871734247783593,-0.19315940129008108,0.0
309.3,4000.142068688474,-0.4389021525823698,100.0,-0.018502405673920967,-0.20209197206111762,0.0
309.40000000000003,4000.1402291913764,-0.4595741304118678,100.0,-0.018287547792697343,-0.21141353581808375,0.0
309.5,4000.1384111769376,-0.48119827175366037,100.0,-0.018072749197755946,-0.22113746639729423,0.0
309.6,4000.1366146402247,-0.5038154790178722,100.0,-0.017857989928957495,-0.2312770569162293,0.0
309.70000000000005,4000.134839578308,-0.5274679758257872,100.0,-0.01764324995283371,-0.2418454206446545,0.0
309.8,4000.133085990252,-0.5521992834051637,100.0,-0.017428509452113747,-0.2528553757730561,0.0
309.90000000000003,4000.1313538770783,-0.5780541845826537,100.0,-0.0172137491582841,-0.26431931227774963,0.0
310.0,4000.129643241693,-0.605078673488993,100.0,-0.01699895073202606,-0.2762490389888643,0.0
310.1,4000.1279540887717,-0.6333198888995362,100.0,-0.016784097196199048,-0.2886556088979021,0.0
310.20000000000005,4000.126286424599,-0.6628260289342617,100.0,-0.01656917342628203,-0.30154912070572293,0.0
310.3,4000.124640256857,-0.6936462446415086,100.0,-0.01635416670295798,-0.31493849462158857,0.0
310.40000000000003,4000.123015594354,-0.7258305097936867,100.0,-0.016139067331633308,-0.3288312204935976,0.0
310.5,4000.1214124466874,-0.7594294640378446,100.0,-0.015923869333159656,-0.34323307649734275,0.0
310.6,4000.119830823836,-0.7944942263778844,100.0,-0.015708571209411663,-0.3581478168517199,0.0
310.70000000000005,4000.118270735669,-0.8310761758289955,100.0,-0.015493176786575948,-0.373576827390088,0.0
310.8,4000.116732191369,-0.8692266959913953,100.0,-0.015277696137874804,-0.3895187483142205,0.0
310.90000000000003,4000.115215198757,-0.9089968802549157,100.0,-0.015062146585642191,-0.40596906412208544,0.0
311.0,4000.1137197635157,-0.9504371943860119,100.0,-0.014846553780622938,-0.4229196615525558,0.0
311.1,4000.1122458882974,-0.9935970933843866,100.0,-0.014630952854264462,-0.44035835745314544,0.0
311.20000000000005,4000.110793571717,-1.038524589749709,100.0,-0.014415389635749242,-0.4582683997701128,0.0
311.3,4000.109362807219,-1.0852657706935838,100.0,-0.01419992192260845,-0.47662794639601774,0.0
311.40000000000003,4000.107953581816,-1.1338642623924906,100.0,-0.013984620789139734,-0.4954095283915989,0.0
311.5,4000.1065658746934,-1.1843606401280984,100.0,-0.013769571911842216,-0.5145795061161275,0.0
311.6,4000.105199655684,-1.236791784124477,100.0,-0.013554876885702038,-0.5340975290257178,0.0
311.70000000000005,4000.1038548836113,-1.2911901820858351,100.0,-0.013340654499911552,-0.5539160122829941,0.0
311.8,4000.102531504511,-1.3475831808758276,100.0,-0.013127041934544944,-0.5739796457891145,0.0
311.90000000000003,4000.101229449734,-1.405992191463656,100.0,-0.01291419583515887,-0.5942249536968831,0.0
312.0,4000.099948633957,-1.466431853184692,100.0,-0.012702293215526671,-0.6145799247579256,0.0
312.1,4000.098688953106,-1.528909165500931,100.0,-0.012491532134545687,-0.634963735834317,0.0
312.20000000000005,4000.097450282232,-1.5934225977583303,100.0,-0.012282132089701017,-0.655286592378287,0.0
312.3,4000.09623247336,-1.6599611898633901,100.0,-0.012074334067536217,-0.675449710446122,0.0
312.40000000000003,4000.095035353356,-1.728503659258572,100.0,-0.011868400192052935,-0.6953454646540085,0.0
312.5,4000.093858721846,-1.7990175319630404,100.0,-0.01166461291486396,-0.7148577252037234,0.0
312.6,4000.0927023492495,-1.8714583176408532,100.0,-0.011463273697485976,-0.7338624045365281,0.0
312.70000000000005,4000.091565974963,-1.9457687505277599,100.0,-0.011264701145441609,-0.7522282301975322,0.0
312.8,4000.0904493057656,-2.021878119446864,100.0,-0.01106922856733864,-0.7698177550713002,0.0
312.90000000000003,4000.0893520144937,-2.0997017109299208,100.0,-0.010877200948117166,-0.7864886093371691,0.0
313.0,4000.088273739049,-2.1791403895032104,100.0,-0.010688971345669209,-0.8020949904560205,0.0
313.1,4000.0872140817946,-2.2600803383854577,100.0,-0.010504896741290093,-0.8164893785200801,0.0
313.20000000000005,4000.086172609391,-2.3423929821044944,100.0,-0.010325333397985645,-0.8295244547657322,0.0
313.3,4000.085148853117,-2.4259351098377127,100.0,-0.010150631803415841,-0.8410551914496611,0.0
313.40000000000003,4000.0841423097154,-2.5105492146389192,100.0,-0.009981131296793538,-0.8509410721667249,0.0
313.5,4000.0831524427826,-2.5960640592071202,100.0,-0.009817154498415415,-0.859048393610463,0.0
313.6,4000.082178684725,-2.6822954736129354,100.0,-0.009659001676162798,-0.8652525932846495,0.0
313.70000000000005,4000.081220439272,-2.7690473846083923,100.0,-0.009506945194280986,-0.8694405432336518,0.0
313.8,4000.0802770845335,-2.856113070029608,100.0,-0.00936122419453733,-0.8715127478196788,0.0
313.90000000000003,4000.0793479765753,-2.943276625610594,100.0,-0.0092220396584055,-0.8713853841336671,0.0
314.0,4000.0784324534593,-3.030314625522854,100.0,-0.009089549991555874,-0.8689921268111218,0.0
314.1,4000.077529839695,-3.116997952396239,100.0,-0.008963867257840914,-0.8642857046892438,0.0
314.20000000000005,4000.076639451033,-3.20309376769579,100.0,-0.008845054171159097,-0.8572391445832973,0.0
314.3,4000.075760599512,-3.288367589323897,100.0,-0.008733121930342216,-0.8478466670442396,0.0
314.40000000000003,4000.0748925986836,-3.3725854403356923,100.0,-0.008628028955967476,-0.8361242097633893,0.0
314.5,4000.0740347689148,-3.4555160307918964,100.0,-0.008529680560353949,-0.8221095657439272,0.0
314.6,4000.073186442675,-3.5369329340636737,100.0,-0.008437929553974505,-0.8058621348940387,0.0
314.70000000000005,4000.072346969717,-3.6166167193296896,100.0,-0.008352577764719493,-0.7874622987840062,0.0
314.8,4000.0713665805224,-3.6836032707615396,100.0,-0.01121131592297905,-0.5546198742376883,0.0
314.90000000000003,4000.0701133939197,-3.7280127066083093,100.0,-0.013809508102363924,-0.3359312813095101,0.0
315.0,4000.0686131555085,-3.7512625346089,100.0,-0.016153469900578123,-0.13142682009225598,0.0
315.1,4000.0668909401797,-3.7547697238835096,100.0,-0.018250284715892465,0.058933696649234646,0.0
315.20000000000005,4000.0649710798407,-3.73994392101066,100.0,-0.020107714161295986,0.2352556568048837,0.0
315.3,4000.062877099939,-3.70818119154551,100.0,-0.021734111686239073,0.3977044302953249,0.0
315.40000000000003,4000.0606316644594,-3.660858279148092,100.0,-0.023138339589853667,0.5465002387081692,0.0
315.5,4000.0582565290383,-3.599327372563637,100.0,-0.02432968958048734,0.6819131315203957,0.0
315.6,4000.055772501844,-3.5249113689568605,100.0,-0.02531780700767121,0.8042580853952949,0.0
315.70000000000005,4000.053199411843,-3.438899620542906,100.0,-0.026112618865881555,0.9138902412583831,0.0
315.8,4000.050556084076,-3.342544150073998,100.0,-0.026724265644460166,1.011200292130794,0.0
315.90000000000003,4000.047860321555,-3.237056319526725,100.0,-0.027163037073804984,1.0966100330349633,0.0
316.0,4000.045128893386,-3.1236039352838483,100.0,-0.027439311795735007,1.1705680826894571,0.0
316.1,4000.042377528731,-3.0033087722098926,100.0,-0.027563500964861695,1.2335457851805125,0.0
316.20000000000005,4000.0396209162145,-2.8772444982745364,100.0,-0.027545995768642275,1.2860332983396412,0.0
316.3,4000.0368727083815,-2.74643498077475,100.0,-0.027397118835561448,1.328535874171409,0.0
316.40000000000003,4000.034145530822,-2.6118529547383957,100.0,-0.027127079484546724,1.3615703353646091,0.0
316.5,4000.031450995583,-2.4744190337510874,100.0,-0.026745932753474214,1.385661750684466,0.0
316.6,4000.0287997184882,-2.3350010432269666,100.0,-0.026263542130972563,1.4013403108837263,0.0
316.70000000000005,4000.026201340009,-2.1944136560350866,100.0,-0.025689545903490464,1.4091384056866298,0.0
316.8,4000.023664549316,-2.053418310388745,100.0,-0.02503332701836658,1.4095879013915376,0.0
316.90000000000003,4000.021197111181,-1.912723389997796,100.0,-0.024303986353892873,1.4032176177048188,0.0
317.0,4000.0188058953813,-1.7729846466662917,100.0,-0.023510319279104862,1.3905510015595295,0.0
317.1,4000.01649690829,-1.6348058457823484,100.0,-0.022660795378224855,1.3721039948862344,0.0
317.20000000000005,4000.0142753263412,-1.4987396154867323,100.0,-0.021763541208903708,1.348383092588556,0.0
317.3,4000.0121455310746,-1.3652884807142236,100.0,-0.02082632595794842,1.3198835863309573,0.0
317.40000000000003,4000.0101111454733,-1.234906063770492,100.0,-0.01985654985433268,1.287087989168942,0.0
317.5,4000.0081750713293,-1.1079984336303164,100.0,-0.01886123519598505,1.250464635540192,0.0
317.6,4000.006339527383,-0.9849255867140638,100.0,-0.01784701984471373,1.210466450686848,0.0
317.70000000000005,4000.0046060879927,-0.8660030425121915,100.0,-0.01682015304229349,1.1675298831917804,0.0
317.8,4000.002975722117,-0.7515035380761677,100.0,-0.01578649340010111,1.1220739939827442,0.0
317.90000000000003,4000.0014488323914,-0.6416588060729354,100.0,-0.01475150891489283,1.0744996948851302,0.0
318.0,4000.000025294111,-0.5366614218034085,100.0,-0.013720278864374116,1.0251891295838906,0.0
318.1,3999.998704493935,-0.43666670530832763,100.0,-0.012697497437412818,0.9745051896853825,0.0
318.20000000000005,3999.9974853681456,-0.3417946654222367,100.0,-0.01168747895631503,0.9227911584474849,0.0
318.3,3999.996366440315,-0.25213197338374843,100.0,-0.010694164550716928,0.8703704746686058,0.0
318.40000000000003,3999.995345858233,-0.1677339543633437,100.0,-0.009721130146279015,0.8175466091902094,0.0
318.5,3999.994421429981,-0.08862658602464961,100.0,-0.008771595634661842,0.7646030464704602,0.0
318.6,3999.9935906590285,-0.014808493987717677,100.0,-0.007848435095190835,0.7118033637256362,0.0
318.70000000000005,3999.992850778269,0.05374706519019268,100.0,-0.006954187943048926,0.6593914002083315,0.0
318.8,3999.992198782891,0.11709024216262652,100.0,-0.006091070883441343,0.6075915092943884,0.0
318.90000000000003,3999.991631462025,0.17529266199055316,100.0,-0.005260990555869064,0.5566088861812677,0.0
319.0,3999.99114542909,0.22844552759527548,100.0,-0.004465556757688401,0.5066299641565402,0.0
319.1,3999.9907371508,0.27665776597993164,100.0,-0.0037060961415657234,0.4578228725737908,0.0
319.20000000000005,3999.9904029747754,0.3200542230554009,100.0,-0.002983666286591519,0.41033794987197664,0.0
319.3,3999.990139155735,0.3587739122507145,100.0,-0.0022990700482339583,0.36430830519075347,0.0
319.40000000000003,3999.989941880243,0.3929683214548003,100.0,-0.0016528700979752387,0.3198504223661652,0.0
319.5,3999.9898072899955,0.4227997822269798,100.0,-0.0010454035687956298,0.2770648003361421,0.0
319.6,3999.989731503641,0.4484399046293021,100.0,-0.00047679672851805267,0.23603662424134908,0.0
319.70000000000005,3999.989710637134,0.4700680804755435,100.0,5.3020391822995684e-05,0.19683646177202993,0.0
319.8,3999.9897408226334,0.4878700572603211,100.0,0.0005442994816874133,0.15952097958368452,0.0
319.90000000000003,3999.989818225953,0.5020365845278916,100.0,0.0009974596086294951,0.12413367488186476,0.0
320.0,3999.989939062594,0.5127621339642594,100.0,0.0014130731062970544,0.09070561755737122,0.0
320.1,3999.990099612377,0.520243694048485,100.0,0.0017918517441218914,0.05925619853606367,0.0
320.20000000000005,3999.9902962327064,0.5246796396796757,100.0,0.0021346332249314167,0.02979388029086331,0.0
320.3,3999.9905253705047,0.5262686768050311,100.0,0.0024423680518109504,0.0023169457459273415,0.0
320.40000000000003,3999.990783572853,0.5252088617113478,100.0,0.002716106800838087,-0.023185757916873318,0.0
320.5,3999.9910674963803,0.5216966943072668,100.0,0.0029569878314673072,-0.04673408376233056,0.0
320.6,3999.9913739154445,0.5159262844158838,100.0,0.0031662254623463122,-0.06835586085809842,0.0
320.70000000000005,3999.99169972916,0.5080885898166307,100.0,0.003345098635695324,-0.08808618395700082,0.0
320.8,3999.9920419673126,0.4983707245209771,100.0,0.0034949400896024186,-0.10596671951944348,0.0
320.90000000000003,3999.9923977952208,0.48695533553782,100.0,0.0036171260536743723,-0.12204503023681944,0.0
321.0,3999.9927645175912,0.47402004618067195,100.0,0.003713066479808232,-0.13637391997157566,0.0
321.1,3999.9931395814247,0.4597369637890971,100.0,0.0037841958164638815,-0.14901080079288015,0.0
321.20000000000005,3999.993520578028,0.44427224958041683,100.0,0.003831964331643851,-0.16001708355912256,0.0
321.3,3999.993905244185,0.427785748213573,100.0,0.0038578299866470368,-0.1694575932802399,0.0
321.40000000000003,3999.994291462542,0.4104306745342434,100.0,0.003863250859939155,-0.17740001028445018,0.0
321.5,3999.9946772612648,0.39235335487784345,100.0,0.003849678117944062,-0.18391433801569324,0.0
321.6,3999.9950608130166,0.3736930202339035,100.0,0.0038185495269243974,-0.189072398100143,0.0
321.70000000000005,3999.995440433317,0.3545816485204331,100.0,0.0037712834982496506,-0.19294735314272676,0.0
321.8,3999.9958145783316,0.33514385317922035,100.0,0.003709273657195802,-0.19561325754775805,0.0
321.90000000000003,3999.996181842141,0.31549681528150175,100.0,0.0036338839233826695,-0.1971446365016007,0.0
322.0,3999.996540953547,0.29575025632701324,100.0,0.0035464440898339135,-0.19761609310971243,0.0
322.1,3999.996890772458,0.2760064489270362,100.0,0.00344824588576822,-0.19710194354540403,0.0
322.20000000000005,3999.997230285905,0.256360262582633,100.0,0.003340539507137271,-0.1956758799430789,0.0
322.3,3999.997558603736,0.23689924180179078,100.0,0.003224530597900386,-0.19341066065443496,0.0
322.40000000000003,3999.9978749540246,0.21770371384263468,100.0,0.0031013776638662027,-0.19037782738192338,0.0
322.5,3999.9981786782473,0.19884692342324095,100.0,0.0029721899004237955,-0.18664744860943644,0.0
322.6,3999.998469226258,0.18039519180089705,100.0,0.002838025414648073,-0.18228788866548482,0.0
322.70000000000005,3999.9987461511073,0.1624080976939758,100.0,0.0026998898219360405,-0.177365601678733,0.0
322.8,3999.9990091037375,0.14493867759699658,100.0,0.0025587351966436665,-0.17194494961938184,0.0
322.90000000000003,3999.9992578275906,0.12803364312305374,100.0,0.002415459356525572,-0.16608804356218732,0.0
323.0,3999.999492153159,0.11173361309674931,100.0,0.0022709054599929714,-0.1598546072575351,0.0
323.1,3999.999711992512,0.0960733582142609,100.0,0.002125861895759777,-0.15330186205558688,0.0
323.20000000000005,3999.999917333826,0.08108205618442561,100.0,0.0019810624441366246,-0.14648443219470186,0.0
323.3,4000.0001082359404,0.06678355536498995,100.0,0.0018371866895654733,-0.13945426943872674,0.0
323.40000000000003,4000.000284822969,0.053196645010760914,100.0,0.0016948606644311254,-0.13226059602795198,0.0
323.5,4000.000447278987,0.04033533035463473,100.0,0.001554657704119241,-0.12494986489514895,0.0
323.6,4000.00059584281,0.028209110847755008,100.0,0.001417099494046745,-0.11756573609073738,0.0
323.70000000000005,4000.0007308028908,0.016823259990779736,100.0,0.0012826572897160307,-0.11014906835938314,0.0
323.8,4000.0008524923423,0.0061791052938747985,100.0,0.0011517532915250415,-0.1027379248137964,0.0
323.90000000000003,4000.0009612841077,-0.003725692991901319,100.0,0.0010247621563049052,-0.0953675916597959,0.0
324.0,4000.0010575862857,-0.012896865625164986,100.0,0.0009020126287208646,-0.08807060893943751,0.0
324.1,4000.001141837626,-0.02134326175755724,100.0,0.0007837892757459852,-0.08087681227579277,0.0
324.20000000000005,4000.001214503202,-0.02907658100005903,100.0,0.0006703343085600871,-0.07381338462343137,0.0
324.3,4000.0012760702684,-0.03611111112402345,100.0,0.000561849476802699,-0.06690491705244712,0.0
324.40000000000003,4000.0013270443137,-0.042463472252774664,100.0,0.0004584980206965232,-0.06017347762061406,0.0
324.5,4000.0013679453077,-0.048152368306529664,100.0,0.00036040666759765784,-0.05363868741762677,0.0
324.6,4000.0013993041516,-0.05319834637335967,100.0,0.00026766766009902,-0.047317802897034925,0.0
324.70000000000005,4000.001421659332,-0.057623564592135024,100.0,0.0001803408035982658,-0.0412258036451091,0.0
324.8,4000.00143555378,-0.06145156905007319,100.0,9.845552213988105e-05,-0.03537548477116875,0.0
324.90000000000003,4000.001441531935,-0.06470708011778586,100.0,2.2012911998990818e-05,-0.029777553140573385,0.0
325.0,4000.0014401370154,-0.06741578856872155,100.0,-4.9012216752999485e-05,-0.02444072670934852,0.0
325.1,4000.0014319084903,-0.06960416175772188,100.0,-0.000114669319580241,-0.01937183625802741,0.0
325.20000000000005,4000.0014173797535,-0.07129926006512409,100.0,-0.00017503012603976433,-0.014575928861491408,0.0
325.3,4000.0013970759937,-0.07252856374849613,100.0,-0.00023018668493347485,-0.010056372471154675,0.0
325.40000000000003,4000.001371512258,-0.07331981028371105,100.0,-0.0002802494529021445,-0.005814961025545833,0.0
325.5,4000.001341191706,-0.0737008422206557,100.0,-0.0003253454324476604,-0.0018520195449890095,0.0
325.6,4000.001306604045,-0.07369946552641245,100.0,-0.0003656163648835481,0.001833491294507748,0.0
325.70000000000005,4000.001268224144,-0.07334331834021685,100.0,-0.0004012169828625261,0.0052438715740593,0.0
325.8,4000.0012265108203,-0.07265975001983022,100.0,-0.00043231332657245547,0.008382579958892569,0.0
325.90000000000003,4000.0011819057886,-0.07167571031810874,100.0,-0.0004590811272884436,0.011254133329306953,0.0
326.0,4000.001134832771,-0.07041764849142185,100.0,-0.00048170426085345,0.013864008568543858,0.0
326.1,4000.001085696757,-0.06891142210808188,100.0,-0.0005003732738818241,0.01621854682461544,0.0
326.20000000000005,4000.0010348834057,-0.0671822152949922,100.0,-0.0005152839842008221,0.018324860528321336,0.0
326.3,4000.0009827585873,-0.06525446613419135,100.0,-0.0005266361571236853,0.020190743416018054,0.0
326.40000000000003,4000.000929668049,-0.06315180289774631,100.0,-0.0005346322583288924,0.021824583773276993,0.0
326.5,4000.000875937207,-0.06089698878940171,100.0,-0.0005394762838180859,0.02323528108444109,0.0
326.6,4000.000821871047,-0.058511874844390854,100.0,-0.0005413726671129627,0.024432166243322083,0.0
326.70000000000005,4000.0007677541303,-0.05601736062472021,100.0,-0.0005405252632810092,0.025424925451915936,0.0
326.8,4000.0007138507035,-0.05343336233590966,100.0,-0.0005371364090961977,0.02622352790708811,0.0
326.90000000000003,4000.0006604048904,-0.050778787982461,100.0,-0.0005314060585322865,0.026838157349718703,0.0
327.0,4000.0006076409722,-0.04807151917308966,100.0,-0.0005235309921209513,0.027279147526817083,0.0
327.1,4000.000555763741,-0.04532839918284047,100.0,-0.0005137040987220579,0.027556921594624532,0.0
327.20000000000005,4000.0005049589217,-0.042565226877469026,100.0,-0.000502113727958637,0.027681935469722814,0.0
327.3,4000.0004553936556,-0.039796756105756496,100.0,-0.0004889431112983185,0.027664625115649343,0.0
327.40000000000003,4000.000407217038,-0.037036700167590246,100.0,-0.00047436984954769655,0.027515357734472987,0.0
327.5,4000.0003605607058,-0.03429774096953883,100.0,-0.0004585654645826419,0.02724438681618898,0.0
327.6,4000.0003155394625,-0.0315915424851346,100.0,-0.00044169501268884025,0.026861810983621823,0.0
327.70000000000005,4000.000272251944,-0.028928768144008105,100.0,-0.0004239167569757887,0.02637753655675182,0.0
327.8,4000.000230781311,-0.026319101782258977,100.0,-0.00040538189614572703,0.025801243747969,0.0
327.90000000000003,4000.000191195967,-0.02377127179586268,100.0,-0.00038623434697981186,0.02514235638866945,0.0
328.0,4000.0001535502947,-0.02129307814937206,100.0,-0.0003666105774706827,0.024410015077800842,0.0
328.1,4000.0001178854077,-0.018891421903550535,100.0,-0.0003466394879681173,0.023613053634391527,0.0
328.20000000000005,4000.0000842299114,-0.016572336937749427,100.0,-0.00032644233729312196,0.022759978728712084,0.0
328.3,4000.0000526006684,-0.014341023555698577,100.0,-0.00030613271106717473,0.021858952560470445,0.0
328.40000000000003,4000.0000230035666,-0.012201883676806299,100.0,-0.00028581652916057017,0.020917778447278736,0.0
328.5,3999.9999954342834,-0.010158557328955854,100.0,-0.00026559208961523986,0.019943889182498665,0.0
328.6,3999.999969879045,-0.008213960173040567,100.0,-0.000245550146058734,0.018944338018417953,0.0
328.70000000000005,3999.9999463153736,-0.006370321804003496,100.0,-0.0002257740158478553,0.017925792128477447,0.0
328.8,3999.999924712827,-0.004629224587851034,100.0,-0.00020633971619627776,0.01689452840090134,0.0
328.90000000000003,3999.99990503372,-0.002991642808908884,100.0,-0.000187316125619713,0.015856431415525576,0.0
329.0,3999.9998872338283,-0.0014579819164056036,100.0,-0.0001687651681173901,0.01481699345581595,0.0
329.1,3999.9998712630745,-2.8117674230612776e-05,100.0,-0.00015074201752504035,0.013781316408962267,0.0
329.20000000000005,3999.999857066192,0.001298564967646886,100.0,-0.0001332953195494132,0.01275411540847376,0.0
329.3,3999.999844583366,0.002523133447155864,100.0,-0.00011646742925278799,0.011739724075829188,0.0
329.40000000000003,3999.999833750852,0.003647069762340446,100.0,-0.00010029466165440057,0.01074210122040051,0.0
329.5,3999.9998245015627,0.00467223338073364,100.0,-8.480755328922569e-05,0.009764838860019616,0.0
329.6,3999.9998167656368,0.005600825011218356,100.0,-7.003113274180707e-05,0.008811171428143241,0.0
329.70000000000005,3999.9998104709725,0.006435351350497356,100.0,-5.5985198078509046e-05,0.007883986037543289,0.0
329.8,3999.999805543739,0.007178590903499404,100.0,-4.268459944971496e-05,0.006985833674761052,0.0
329.90000000000003,3999.9998019088557,0.007833560964700774,100.0,-3.013952514003945e-05,0.006118941204169234,0.0
330.0,3999.9997994904443,0.008403485835466492,100.0,-1.8355789322112374e-05,0.005285224065341634,0.0
330.1,3999.9997982122513,0.008891766341137414,100.0,-7.335120173328201e-06,0.004486299552495466,0.0
330.20000000000005,3999.9997979980435,0.009301950700726178,100.0,2.9245532759806735e-06,0.0037235005700059862,0.0
330.3,3999.999798771972,0.009637706791752444,100.0,1.242881659927848e-05,0.0029978897633599977,0.0
330.40000000000003,3999.9998004589115,0.009902795842956988,100.0,2.118648916216369e-05,0.00231027393037844,0.0
330.5,3999.999802984768,0.010101047578393243,100.0,2.9209347971138246e-05,0.0016612186230653874,0.0
330.6,3999.9998062767622,0.010236336827708376,100.0,3.651185726895938e-05,0.0010510628560001577,0.0
330.70000000000005,3999.999810263684,0.01031256160929591,100.0,4.3110904699894066e-05,0.00047993384275178696,0.0
330.8,3999.9998148761238,0.010333622685427065,100.0,4.9025544926705666e-05,-5.223831266617032e-05,0.0
330.90000000000003,3999.999820046674,0.010303404581444771,100.0,5.42767512467351e-05,-0.0005457060367926467,0.0
331.0,3999.9998257101106,0.010225758054626714,100.0,5.888717601403885e-05,-0.0010008898822417888,0.0
331.1,3999.9998318035496,0.010104483992383466,100.0,6.288092023403154e-05,-0.0014183643544997252,0.0
331.20000000000005,3999.99983826658,0.009943318714044705,100.0,6.628331281457443e-05,-0.0017988440215296452,0.0
331.3,3999.999845041376,0.009745920645588416,100.0,6.912069992913611e-05,-0.0021431699526340306,0.0
331.40000000000003,3999.9998520727895,0.00951585833227151,100.0,7.142024460736413e-05,-0.0024522965280812424,0.0
331.5,3999.9998593084215,0.009256599750210063,100.0,7.320973693548058e-05,-0.002727278656219236,0.0
331.6,3999.9998666986753,0.008971502874517442,100.0,7.451741492050661e-05,-0.0029692594301836267,0.0
331.70000000000005,3999.999874196794,0.008663807458621086,100.0,7.537179621178034e-05,-0.003179458251870687,0.0
331.8,3999.999881758879,0.008336627976825845,100.0,7.58015204965405e-05,-0.0033591594465965506,0.0
331.90000000000003,3999.9998893438965,0.007992947680053939,100.0,7.583520285404133e-05,-0.0035097013878088532,0.0
332.0,3999.9998969136673,0.007635613712949487,100.0,7.550129769850287e-05,-0.003632466147361765,0.0
332.1,3999.9999044328433,0.007267333239168721,100.0,7.482797340101332e-05,-0.003728869683213948,0.0
332.20000000000005,3999.9999118688747,0.006890670520665002,100.0,7.3842997310311e-05,-0.0038003525729643156,0.0
332.3,3999.9999191919646,0.00650804489609984,100.0,7.257363107475869e-05,-0.003848371298404169,0.0
332.40000000000003,3999.999926375012,0.006121729603146357,100.0,7.104653582728799e-05,-0.003874390083236913,0.0
332.5,3999.999933393549,0.005733851389379201,100.0,6.92876872873928e-05,-0.0038798732832975528,0.0
332.6,3999.999940225667,0.005346390856644011,100.0,6.732230014683076e-05,-0.0038662783259920896,0.0
332.70000000000005,3999.9999468519395,0.004961183484249599,100.0,6.517476170381566e-05,-0.0038350491932693815,0.0
332.8,3999.999953255334,0.004579921277006714,100.0,6.286857416769993e-05,-0.003787610440231827,0.0
332.90000000000003,3999.9999594211213,0.004204154985028713,100.0,6.042630548284748e-05,-0.003725361739482443,0.0
333.0,3999.9999653367813,0.0038352968432920505,100.0,5.786954814969739e-05,-0.003649672939489956,0.0
333.1,3999.9999709919034,0.003474623780209333,100.0,5.5218885769407995e-05,-0.003561879623625205,0.0
333.20000000000005,3999.999976378083,0.0031232810458761313,100.0,5.249386676693763e-05,-0.003463279155075761,0.0
333.3,3999.999981488818,0.002782286212197045,100.0,4.971298512525989e-05,-0.003355127191575021,0.0
333.40000000000003,3999.999986319402,0.0024525334987593322,100.0,4.689366748069833e-05,-0.003238634652780533,0.0
333.5,3999.9999908668183,0.002134798380087233,100.0,4.40522663793964e-05,-0.0031149651221970666,0.0
333.6,3999.9999951296313,0.0018297424317610296,100.0,4.120405911776803e-05,-0.002985232664755734,0.0
333.70000000000005,3999.99999910788,0.001537918374806785,100.0,3.8363251876780235e-05,-0.002850500040523875,0.0
333.8,4000.0000028029694,0.0012597752797412025,100.0,3.554298870124516e-05,-0.0027117772945238375,0.0
333.90000000000003,4000.000006217568,0.0009956638936775032,100.0,3.275536499975607e-05,-0.002570020702274501,0.0
334.0,4000.000009355502,0.0007458420559498466,100.0,3.001144503392205e-05,-0.0024261320504295743,0.0
334.1,4000.0000122216516,0.0005104801697835,100.0,2.732128315617576e-05,-0.002280958231763549,0.0
334.20000000000005,4000.000014821855,0.0002896666996144757,100.0,2.469394839016753e-05,-0.0021352911337418207,0.0
334.3,4000.0000171628085,8.34136657351736e-05,100.0,2.213755193229201e-05,-0.0019898677999981643,0.0
334.40000000000003,4000.000019251972,-0.00010833788999799974,100.0,1.965927730273832e-05,-0.0018453708442226983,0.0
334.5,4000.00002109748,-0.00028571249162198003,100.0,1.7265412854839727e-05,-0.0017024290962291317,0.0
334.6,4000.0000227080513,-0.00044889489190975707,100.0,1.496138605579392e-05,-0.001561618460313953,0.0
334.70000000000005,4000.000024092907,-0.0005981248308502896,100.0,1.2751799678527383e-05,-0.0014234629664350087,0.0
334.8,4000.0000252616883,-0.0007336919080936324,100.0,1.0640469163019066e-05,-0.0012884359952154895,0.0
334.90000000000003,4000.0000262243802,-0.0008559305858162152,100.0,8.630461135794723e-06,-0.001156961658314797,0.0
335.0,4000.0000269912384,-0.0009652153366442503,100.0,6.724132766777581e-06,-0.001029416316293407,0.0
335.1,4000.0000275727207,-0.001061955949517088,100.0,4.9231716731532534e-06,-0.00090613021672823,0.0
335.20000000000005,4000.0000279794217,-0.0011465930046810479,100.0,3.2286361986392593e-06,-0.0007873892360019029,0.0
335.3,4000.0000282220126,-0.0012195935273812864,100.0,1.6409957458478581e-06,-0.0006734367088880205,0.0
335.40000000000003,4000.000028311183,-0.001281446828267494,100.0,1.6017108828536023e-07,-0.0005644753307788454,0.0
335.5,4000.0000282575893,-0.0013326605370509786,100.0,-1.2144256066309801e-06,-0.0004606691181472017,0.0
335.6,4000.000028071805,-0.001373756834547785,100.0,-2.483851179543046e-06,-0.0003621454135949387,0.0
335.70000000000005,4000.000027764276,-0.0014052688869162406,100.0,-3.64959252748044e-06,-0.00026899692261179845,0.0
335.8,4000.000027345281,-0.0014277374846485555,100.0,-4.713528332085133e-06,-0.00018128376994621325,0.0
335.90000000000003,4000.000026824891,-0.0014417078877052372,100.0,-5.677891779993172e-06,-9.903556426932325e-05,0.0
336.0,4000.000026212938,-0.0014477268770881435,100.0,-6.545234108731841e-06,-2.2253460591419868e-05,0.0
336.1,4000.0000255189843,-0.0014463400121325959,100.0,-7.318389393061959e-06,4.908778933751488e-05,0.0
336.20000000000005,4000.000024752297,-0.0014380890918604136,100.0,-8.00044042731156e-06,0.00011503780764782078,0.0
336.3,4000.0000239218234,-0.0014235098178729682,100.0,-8.594685949788572e-06,0.0001756685902435102,0.0
336.40000000000003,4000.000023036171,-0.001403129655475075,100.0,-9.104609129372487e-06,0.000231072543484473,0.0
336.5,4000.0000221035916,-0.0013774658890051458,100.0,-9.533847487814423e-06,0.0002813605644528642,0.0
336.6,4000.000021131966,-0.0013470238667027102,100.0,-9.88616419564922e-06,0.00032666017089813467,0.0
336.70000000000005,4000.0000201287944,-0.0013122954298691284,100.0,-1.0165420914325938e-05,0.00036711368627559307,0.0
336.8,4000.0000191011864,-0.001273757520568854,100.0,-1.0375552038933978e-05,0.00040287648463684583,0.0
336.90000000000003,4000.0000180558554,-0.001231870961674585,100.0,-1.0520540554636787e-05,0.0004341152994984481,0.0
337.0,4000.000016999116,-0.001187079402677532,100.0,-1.0604395291196953e-05,0.00046100660020888284,0.0
337.1,4000.00001593688,-0.0011398084243612232,100.0,-1.0631129793200143e-05,0.0004837350387546228,0.0
337.20000000000005,4000.0000148746603,-0.001090464795171003,100.0,-1.0604742647210069e-05,0.0005024919693943711,0.0
337.3,4000.00001381757,-0.0010394358718988747,100.0,-1.0529199290531318e-05,0.0005174740429872734,0.0
337.40000000000003,4000.0000127703283,-0.0009870891371417262,100.0,-1.0408415342054194e-05,0.0005288818773864206,0.0
337.5,4000.0000117372665,-0.0009337718658773543,100.0,-1.0246241295830403e-05,0.0005369188048036116,0.0
337.6,4000.000010722334,-0.0008798109134341572,100.0,-1.0046448758666286e-05,0.0005417896966152619,0.0
337.70000000000005,4000.000009729108,-0.0008255126171039559,100.0,-9.812717923754576e-06,0.000543699865672502,0.0
337.8,4000.0000087608023,-0.0007711628036602371,100.0,-9.548626500753664e-06,0.0005428540458007668,0.0
337.90000000000003,4000.000007820279,-0.0007170268950932586,100.0,-9.25763984444175e-06,0.0005394554478252393,0.0
338.0,4000.000006910059,-0.000663350104956086,100.0,-8.943102442967548e-06,0.0005337048911379869,0.0
338.1,4000.0000060323355,-0.0006103577178289075,100.0,-8.608230510327246e-06,0.0005258000095299971,0.0
338.20000000000005,4000.0000051889874,-0.000558255444550143,100.0,-8.256105797285622e-06,0.0005159345297459876,0.0
338.3,4000.000004381591,-0.0005072298460292317,100.0,-7.889670459570532e-06,0.0005042976209811233,0.0
338.40000000000003,4000.0000036114366,-0.0004574488186449272,100.0,-7.511722942685436e-06,0.0004910733133258616,0.0
338.5,4000.000002879541,-0.00040906213444190837,100.0,-7.12491490940998e-06,0.00047643998297722045,0.0
338.6,4000.000002186665,-0.0003622020295650714,100.0,-6.731749115721157e-06,0.00046056990187091587,0.0
338.70000000000005,4000.0000015333244,-0.0003169838346126511,100.0,-6.334578097624448e-06,0.00044362884924810825,0.0
338.8,4000.000000919809,-0.00027350664084405184,100.0,-5.935603675493321e-06,0.0004257757825519213,0.0
338.90000000000003,4000.000000346195,-0.00023185399644379888,100.0,-5.536877238993223e-06,0.00040716256495143684,0.0
339.0,3999.9999998123617,-0.00019209462731728137,100.0,-5.14030080060104e-06,0.0003879337467134601,0.0
339.1,3999.9999993180045,-0.0001542831771750061,100.0,-4.747628556293204e-06,0.00036822639758391976,0.0
339.20000000000005,3999.999998862652,-0.00011846096194806493,100.0,-4.360469151847562e-06,0.00034816998730022444,0.0
339.3,3999.9999984456776,-8.465673386670994e-05,100.0,-3.98028845661096e-06,0.0003278863113321454,0.0
339.40000000000003,3999.999998066317,-5.288745082470263e-05,100.0,-3.608412819983041e-06,0.0003074894589407354,0.0
339.5,3999.9999977236785,-2.315904694294287e-05,100.0,-3.246032763807618e-06,0.0002870858206513293,0.0
339.6,3999.9999974167586,4.5327994646157716e-06,100.0,-2.894207072440544e-06,0.00026677413225671974,0.0
339.70000000000005,3999.999997144454,3.0201904032891733e-05,100.0,-2.5538672044510157e-06,0.00024664555249908585,0.0
339.8,3999.999996905575,5.387082382253049e-05,100.0,-2.2258219875165247e-06,0.00022678377162311988,0.0
339.90000000000003,3999.999996698856,7.557011708065035e-05,100.0,-1.910762616387577e-06,0.00020726514804701333,0.0
340.0,3999.99999652297,9.533761796221071e-05,100.0,-1.6092678230194583e-06,0.00018815887046152085,0.0
340.1,3999.9999963765345,0.00011321772862328655,100.0,-1.3218092202225047e-06,0.00016952714273923495,0.0
340.20000000000005,3999.9999962581273,0.00012926073083965425,100.0,-1.048756730311558e-06,0.00015142538911553006,0.0
340.3,3999.9999961662934,0.0001435221190544805,100.0,-7.903841869831743e-07,0.00013390247718845003,0.0
340.40000000000003,3999.9999960995547,0.00015606195651816134,100.0,-5.468749559338156e-07,0.00011700095637623856,0.0
340.5,3999.999996056419,0.00016694425595200133,100.0,-3.1832759447442e-07,0.00010075730956740196,0.0
340.6,3999.9999960353894,0.0001762363859458896,100.0,-1.0476148166000481e-07,8.52022157983385e-05,0.0
340.70000000000005,3999.999996034969,0.00018400850408877614,100.0,9.387753466130172e-08,7.036082189690337e-05,0.0
340.8,3999.999996053671,0.00019033301762986035,100.0,2.7771154883849556e-07,5.625302113607224e-05,0.0
340.90000000000003,3999.9999960900236,0.000195284072278187,100.0,4.4692516457440674e-07,4.289373704943414e-05,0.0
341.0,3999.9999961425765,0.00019893706956894544,100.0,6.017600154214693e-07,3.0293210668939412e-05,0.0
341.1,3999.999996209906,0.00020136821305626905,100.0,7.425095148893926e-07,1.8457289554545193e-05,0.0
341.20000000000005,3999.99999629062,0.0002026540834347584,100.0,8.69513693023355e-07,7.387717094576853e-06,0.0
341.3,3999.999996383363,0.00020287124254526962,100.0,9.831542094599177e-07,-2.917579335764409e-06,0.0
341.40000000000003,3999.9999964868193,0.0002020958660846424,100.0,1.0838494747538905e-06,-1.246420266275227e-05,0.0
341.5,3999.9999965997163,0.00020040340471385882,100.0,1.1720500006513563e-06,-2.1261004048271696e-05,0.0
341.6,3999.9999967208287,0.00019786827314445817,100.0,1.2482339511229657e-06,-2.931980556448344e-05,0.0
341.70000000000005,3999.999996848979,0.000194563566678676,100.0,1.3129027376584047e-06,-3.665512860183064e-05,0.0
341.8,3999.9999969830424,0.00019056080458448288,100.0,1.3665770420647312e-06,-4.328392890385763e-05,0.0
341.90000000000003,3999.999997121946,0.0001859296996022012,100.0,1.4097928354262786e-06,-4.922533902584333e-05,0.0
342.0,3999.9999972646706,0.0001807379528043707,100.0,1.4430977171438246e-06,-5.4500418920916745e-05,0.0
342.1,3999.9999974102534,0.00017505107296469563,100.0,1.4670474527731986e-06,-5.9131915267342636e-05,0.0
342.20000000000005,3999.9999975577866,0.00016893221953488788,100.0,1.4822026936591423e-06,-6.314403006423322e-05,0.0
342.3,3999.9999977064194,0.0001624420682796646,100.0,1.489125928691412e-06,-6.656219894021558e-05,0.0
342.40000000000003,3999.9999978553565,0.00015563869857968088,100.0,1.4883786284523812e-06,-6.941287954069545e-05,0.0
342.5,3999.9999980038583,0.00014857750137939563,100.0,1.4805186314457833e-06,-7.172335028440886e-05,0.0
342.6,3999.9999981512415,0.00014131110673138008,100.0,1.4660977308193848e-06,-7.352151970901965e-05,0.0
342.70000000000005,3999.999998296877,0.00013388932986997914,100.0,1.4456594386837466e-06,-7.483574655865433e-05,0.0
342.8,3999.99999844019,0.00012635913473512018,100.0,1.4197369633634606e-06,-7.569467070349557e-05,0.0
342.90000000000003,3999.999998580659,0.00011876461386101878,100.0,1.3888513988070357e-06,-7.612705492288556e-05,0.0
343.0,3999.999998717812,0.00011114698354414903,100.0,1.3535100553811445e-06,-7.616163752880975e-05,0.0
343.1,3999.999998851229,0.00010354459320971901,100.0,1.3142050724158451e-06,-7.582699575610488e-05,0.0
343.20000000000005,3999.999998980537,9.599294790561644e-05,100.0,1.271412108865063e-06,-7.515141979921469e-05,0.0
343.3,3999.9999991054106,8.8524742866969e-05,100.0,1.2255892489140266e-06,-7.416279733273604e-05,0.0
343.40000000000003,3999.9999992255684,8.116990911270732e-05,100.0,1.1771760456126695e-06,-7.288850831427802e-05,0.0
343.5,3999.9999993407732,7.395566905744486e-05,100.0,1.1265928047942703e-06,-7.135532983320443e-05,0.0
343.6,3999.999999450828,6.690660114722622e-05,100.0,1.0742398883139577e-06,-6.958935073754143e-05,0.0
343.70000000000005,3999.999999555575,6.004471255588383e-05,100.0,1.0204972422987284e-06,-6.761589574359415e-05,0.0
343.8,3999.999999654893,5.338951900953119e-05,100.0,9.65724054981393e-07,-6.545945870850428e-05,0.0
343.90000000000003,3999.9999997486966,4.695813083977638e-05,100.0,9.102585411859685e-07,-6.31436447249654e-05,0.0
344.0,3999.999999836932,4.076534440123556e-05,100.0,8.544177865013985e-07,-6.0691120679457494e-05,0.0
344.1,3999.9999999195775,3.482373802555691e-05,100.0,7.984977957719359e-07,-5.812357390052304e-05,0.0
344.20000000000005,3999.9999999966385,2.9143771722134894e-05,100.0,7.42773545671961e-07,-5.5461678511639096e-05,0.0
344.3,4000.0000000681475,2.3733889874723565e-05,100.0,6.874992014542019e-07,-5.27250690939924e-05,0.0
344.40000000000003,4000.0000001341614,1.8600626222981783e-05,100.0,6.329084129112909e-07,-4.9932321257785615e-05,0.0
344.5,4000.000000194759,1.3748710458352957e-05,100.0,5.792146360264048e-07,-4.7100938716439514e-05,0.0
344.6,4000.0000002500406,9.181175804363796e-06,100.0,5.266116147550581e-07,-4.424734645605352e-05,0.0
344.70000000000005,4000.0000003001237,4.899466992202008e-06,100.0,4.752738198671947e-07,-4.138688959259225e-05,0.0
344.8,4000.000000345143,9.035480830987098e-07,100.0,4.2535702809496426e-07,-3.8533837511325596e-05,0.0
344.90000000000003,4000.000000385247,-2.8079903705901372e-06,100.0,3.7699891755923046e-07,-3.570139288691342e-05,0.0
345.0,4000.0000004205986,-6.2378252938108206e-06,100.0,3.303197153644416e-07,-3.290170518804398e-05,0.0
345.1,4000.0000004513704,-9.389796615685325e-06,100.0,2.8542286035947885e-07,-3.014588827756174e-05,0.0
345.20000000000005,4000.0000004777453,-1.226880474527133e-05,100.0,2.4239575644355617e-07,-2.7444041727412592e-05,0.0
345.3,4000.000000499914,-1.4880710349053035e-05,100.0,2.0131049012538287e-07,-2.4805275477353257e-05,0.0
345.40000000000003,4000.000000518074,-1.7232236746428763e-05,100.0,1.6222457626676753e-07,-2.22377374770821e-05,0.0
345.5,4000.0000005324273,-1.9330875204003094e-05,100.0,1.251817410795376e-07,-1.9748643963120266e-05,0.0
345.6,4000.00000054318,-2.118479337524307e-05,100.0,9.02127329377919e-08,-1.7344312034279256e-05,0.0
345.70000000000005,4000.00000055054,-2.280274709909729e-05,100.0,5.733607026542468e-08,-1.5030194202773065e-05,0.0
345.8,4000.000000554717,-2.4193995739569036e-05,100.0,2.655888222940281e-08,-1.2810914611854886e-05,0.0
345.90000000000003,4000.000000555922,-2.5368221218034534e-05,100.0,-2.1223451031648723e-09,-1.0690306625169717e-05,0.0
346.0,4000.0000005543625,-2.6335450861348623e-05,100.0,-2.8720958909680906e-08,-8.671451507711155e-06,0.0
346.1,4000.0000005502466,-2.71059841615161e-05,100.0,-5.3259363347411815e-08,-6.756717933254392e-06,0.0
346.20000000000005,4000.0000005437782,-2.769032351695189e-05,100.0,-7.5768262389332e-08,-4.94780206831506e-06,0.0
346.3,4000.000000535159,-2.8099109001121788e-05,100.0,-9.628590673713427e-08,-3.2457679979680877e-06,0.0
346.40000000000003,4000.0000005245856,-2.8343057181654576e-05,100.0,-1.1485738032852895e-07,-1.6510882741707906e-06,0.0
346.5,4000.0000005122506,-2.8432903991844432e-05,100.0,-1.315338910299231e-07,-1.6368438249440414e-07,0.0
346.6,4000.0000004983403,-2.837935163681125e-05,100.0,-1.463720758330738e-07,1.2170330616915818e-06,0.0
346.70000000000005,4000.0000004830354,-2.8193019498440513e-05,100.0,-1.5943331296007292e-07,2.4921245615819725e-06,0.0
346.8,4000.0000004665108,-2.788439898656232e-05,100.0,-1.7078309775853945e-07,3.6630825911318265e-06,0.0
346.90000000000003,4000.000000448934,-2.7463812268623966e-05,100.0,-1.804904531333725e-07,4.731793195955347e-06,0.0
347.0,4000.000000430465,-2.6941374796330302e-05,100.0,-1.88627320652101e-07,5.7004984737243925e-06,0.0
347.1,4000.0000004112585,-2.6326961535334073e-05,100.0,-1.952679915829064e-07,6.571760051177506e-06,0.0
347.20000000000005,4000.0000003914593,-2.5630176793014016e-05,100.0,-2.0048860826609746e-07,7.3484236615895595e-06,0.0
347.3,4000.0000003712057,-2.4860327529637664e-05,100.0,-2.043666325340761e-07,8.03358491374945e-06,0.0
347.40000000000003,4000.000000350628,-2.4026400029720917e-05,100.0,-2.069804036795581e-07,8.630556331177285e-06,0.0
347.5,4000.0000003298487,-2.313703980311797e-05,100.0,-2.0840866964619271e-07,9.142835728507306e-06,0.0
347.6,4000.000000308983,-2.2200534579250757e-05,100.0,-2.0873021784297702e-07,9.574075980688372e-06,0.0
347.70000000000005,4000.000000288137,-2.1224800252862835e-05,100.0,-2.0802348528574243e-07,9.928056229926067e-06,0.0
347.8,4000.00000026741,-2.021736963570346e-05,100.0,-2.0636616067670715e-07,1.0208654565121573e-05,0.0
347.90000000000003,4000.0000002468933,-1.9185383865556844e-05,100.0,-2.0383492421701173e-07,1.0419822198960944e-05,0.0
348.0,4000.0000002266697,-1.8135586321972464e-05,100.0,-2.005051083548834e-07,1.0565559158779601e-05,0.0
348.1,4000.0000002068164,-1.7074318896867334e-05,100.0,-1.964504332898104e-07,1.0649891498872734e-05,0.0
348.20000000000005,4000.0000001874014,-1.60075204678028e-05,100.0,-1.917428170733404e-07,1.0676850034042177e-05,0.0
348.3,4000.000000168487,-1.4940727422129648e-05,100.0,-1.8645208611360422e-07,1.0650450586860502e-05,0.0
348.40000000000003,4000.000000150128,-1.3879076081289142e-05,100.0,-1.8064585611606156e-07,1.0574675734387756e-05,0.0
348.5,4000.000000132373,-1.28273068762981e-05,100.0,-1.7438933784737151e-07,1.0453458033886926e-05,0.0
348.6,4000.000000115263,-1.1789770127778249e-05,100.0,-1.6774519662814044e-07,1.0290664701440646e-05,0.0
348.70000000000005,4000.000000098835,-1.0770433286759689e-05,100.0,-1.6077341553717607e-07,1.0090083712261498e-05,0.0
348.8,4000.0000000831174,-9.772889495842881e-06,100.0,-1.5353126637538611e-07,9.855411286897646e-06,0.0
348.90000000000003,4000.0000000681357,-8.800367334091856e-06,100.0,-1.4607313316639742e-07,9.590240723448954e-06,0.0
349.0,4000.0000000539085,-7.855741613203773e-06,100.0,-1.3845054586743023e-07,9.298052532309543e-06,0.0
349.1,4000.00000004045,-6.941545097008698e-06,100.0,-1.3071209449442336e-07,8.982205826822916e-06,0.0
349.20000000000005,4000.0000000277687,-6.0599810211524575e-06,100.0,-1.2290341521130817e-07,8.645930920556637e-06,0.0
349.3,4000.0000000158702,-5.212936294860691e-06,100.0,-1.1506718146662668e-07,8.292323079655281e-06,0.0
349.40000000000003,4000.000000004755,-4.401995271931527e-06,100.0,-1.0724310574935971e-07,7.924337376892744e-06,0.0
349.5,3999.99999999442,-3.6284539835177825e-06,100.0,-9.946798292477493e-08,7.544784592597216e-06,0.0
349.6,3999.9999999848583,-2.893334730799172e-06,100.0,-9.177571037442104e-08,7.156328106542893e-06,0.0
349.70000000000005,3999.9999999760607,-2.1974009412750264e-06,100.0,-8.419733753462572e-08,6.7614817241704634e-06,0.0
349.8,3999.999999968014,-1.541172198094759e-06,100.0,-7.676113266611317e-08,6.362608380092015e-06,0.0
349.90000000000003,3999.999999960703,-9.249393575553126e-07,100.0,-6.949262696762821e-08,5.961919661733587e-06,0.0
350.0,3999.999999954109,-3.487796756027544e-07,100.0,-6.241471740768606e-08,5.561476096148811e-06,0.0
350.1,3999.999999948213,1.8742813014813905e-07,100.0,-5.554768942018934e-08,5.16318814347852e-06,0.0
350.20000000000005,3999.999999942992,6.839889507421239e-07,100.0,-4.890938367821407e-08,4.768817841212969e-06,0.0
350.3,3999.9999999384227,1.1413765508843651e-06,100.0,-4.251523401515338e-08,4.379981044314649e-06,0.0
350.40000000000003,3999.99999993448,1.56021908549801e-06,100.0,-3.637837940717765e-08,3.9981502073605044e-06,0.0
350.5,3999.999999931138,1.9412849194010104e-06,100.0,-3.050977867514237e-08,3.6246576561428393e-06,0.0
350.6,3999.999999928369,2.2854687964794688e-06,100.0,-2.4918320687699818e-08,3.260699297609263e-06,0.0
350.70000000000005,3999.999999926145,2.593778399700863e-06,100.0,-1.9610908212289422e-08,2.907338718605123e-06,0.0
350.8,3999.9999999244374,2.867321338441246e-06,100.0,-1.4592561412402395e-08,2.5655116255890767e-06,0.0
350.90000000000003,3999.999999923217,3.1072925949074703e-06,100.0,-9.866564962409553e-09,2.236030579306619e-06,0.0
351.0,3999.999999922454,3.3149624569285143e-06,100.0,-5.434542036615946e-09,1.919589980311036e-06,0.0
351.1,3999.99999992212,3.4916649600773395e-06,100.0,-1.296589279691436e-09,1.616771263200657e-06,0.0
351.20000000000005,3999.999999922185,3.6387868579731255e-06,100.0,2.5486164285685646e-09,1.3280482594805604e-06,0.0
351.3,3999.99999992262,3.7577571357084637e-06,100.0,6.103708354405838e-09,1.0537926910418155e-06,0.0
351.40000000000003,3999.9999999233964,3.850037077651048e-06,100.0,9.372520085294866e-09,7.942797583686749e-07,0.0
351.5,3999.9999999244856,3.917110897387187e-06,100.0,1.2360010441181441e-08,5.496937897212526e-07,0.0
351.6,3999.9999999258594,3.96047693430645e-06,100.0,1.507210834690679e-08,3.2013391968645797e-07,0.0
351.70000000000005,3999.999999927491,3.981639418273222e-06,100.0,1.751567245191032e-08,1.056197676323743e-07,0.0
351.8,3999.9999999293536,3.982100800991104e-06,100.0,1.9698328781510423e-08,-9.390291126924312e-08,0.0
351.90000000000003,3999.999999931422,3.9633546500381026e-06,100.0,2.1628433679044002e-08,-2.785566276804299e-07,0.0
352.0,3999.999999933671,3.926879099131912e-06,100.0,2.331495151852887e-08,-4.4852663554606237e-07,0.0
352.1,3999.999999936077,3.874130845971624e-06,100.0,2.476733018983034e-08,-6.040555064682248e-07,0.0
352.20000000000005,3999.999999938617,3.8065396869908838e-06,100.0,2.599551429998702e-08,-7.454378201273154e-07,0.0
352.3,3999.999999941269,3.7255035765428384e-06,100.0,2.7009791626565516e-08,-8.730149879308881e-07,0.0
352.40000000000003,3999.999999944012,3.6323841964137527e-06,100.0,2.782072155266856e-08,-9.871702251882875e-07,0.0
352.5,3999.9999999468264,3.528503020123958e-06,100.0,2.843910379942845e-08,-1.0883236852885791e-06,0.0
352.6,3999.9999999496936,3.415137855215289e-06,100.0,2.8875870479265924e-08,-1.176927767605384e-06,0.0
352.70000000000005,3999.9999999525958,3.293519845636597e-06,100.0,2.914204324518471e-08,-1.2534626091686038e-06,0.0
352.8,3999.9999999555166,3.1648309154160602e-06,100.0,2.9248668419806333e-08,-1.3184317685327164e-06,0.0
352.90000000000003,3999.9999999584406,3.0302016340434117e-06,100.0,2.9206745979929144e-08,-1.372358108736775e-06,0.0
353.0,3999.9999999613533,2.890709483369194e-06,100.0,2.902722180033141e-08,-1.4157798847943824e-06,0.0
353.1,3999.999999964242,2.747377505353864e-06,100.0,2.8720904234538032e-08,-1.4492470397741291e-06,0.0
353.20000000000005,3999.9999999670936,2.6011733096590897e-06,100.0,2.8298418872474062e-08,-1.4733177122332037e-06,0.0
353.3,3999.999999969898,2.4530084198588463e-06,100.0,2.7770214703658915e-08,-1.4885549565495758e-06,0.0
353.40000000000003,3999.9999999726447,2.303737936950879e-06,100.0,2.7146449254413236e-08,-1.4955236765613601e-06,0.0
353.5,3999.9999999753245,2.1541604988617456e-06,100.0,2.6437038554030535e-08,-1.4947877718653474e-06,0.0
353.6,3999.9999999779297,2.0050185147529686e-06,100.0,2.5651586993549015e-08,-1.4869074951495427e-06,0.0
353.70000000000005,3999.9999999804527,1.8569986531439135e-06,100.0,2.479937357992137e-08,-1.472437018035826e-06,0.0
353.8,3999.9999999828874,1.7107325631611373e-06,100.0,2.3889327866818007e-08,-1.451922202087224e-06,0.0
353.90000000000003,3999.999999985229,1.5667978085964102e-06,100.0,2.2930014899773876e-08,-1.4258985708881277e-06,0.0
354.0,3999.999999987472,1.425718994899027e-06,100.0,2.192960720565393e-08,-1.3948894784332577e-06,0.0
354.1,3999.9999999896136,1.2879690697350731e-06,100.0,2.0895890690867513e-08,-1.3594044684601722e-06,0.0
354.20000000000005,3999.9999999916504,1.1539707783099865e-06,100.0,1.98362531136783e-08,-1.3199378188283792e-06,0.0
354.3,3999.9999999935803,1.0240982552642465e-06,100.0,1.8757671999953995e-08,-1.2769672645831835e-06,0.0
354.40000000000003,3999.9999999954016,8.9867873560876e-07,100.0,1.7666697241670413e-08,-1.2309528929417062e-06,0.0
354.5,3999.9999999971133,7.779943678602377e-07,100.0,1.656949307044551e-08,-1.1823362030993276e-06,0.0
354.6,3999.9999999987153,6.622841132615248e-07,100.0,1.547178885933901e-08,-1.1315393234743295e-06,0.0
354.70000000000005,4000.000000000208,5.517457157217633e-07,100.0,1.4378900007657858e-08,-1.0789643787838442e-06,0.0
354.8,4000.0000000015916,4.465377278809658e-07,100.0,1.3295742947245909e-08,-1.0249929991724138e-06,0.0
354.90000000000003,4000.0000000028676,3.467815794879537e-07,100.0,1.2226820464741726e-08,-9.699859634925283e-07,0.0
355.0,4000.0000000040377,2.5256367507480696e-07,100.0,1.1176265895724686e-08,-9.142829687614276e-07,0.0
355.1,4000.0000000051036,1.6393750871045856e-07,100.0,1.0147793302405424e-08,-8.582025177871988e-07,0.0
355.20000000000005,4000.000000006068,8.092578441661407e-08,100.0,9.144779149378998e-09,-8.020419169667616e-07,0.0
355.3,4000.0000000069335,3.522531626851157e-09,100.0,8.170205832359864e-09,-7.460773763057075e-07,0.0
355.40000000000003,4000.000000007703,-6.830479413907604e-08,100.0,7.226712604968411e-09,-6.905642037921944e-07,0.0
355.5,4000.0000000083796,-1.3461323443237754e-07,100.0,6.316598183525392e-09,-6.357370863712757e-07,0.0
355.6,4000.000000008967,-1.9548228314203316e-07,100.0,5.44184536374146e-09,-5.818104499092973e-07,0.0
355.70000000000005,4000.000000009469,-2.5101188139671637e-07,100.0,4.604103836586872e-09,-5.289788907075574e-07,0.0
355.8,4000.0000000098894,-3.013204588926809e-07,100.0,3.8047215308613515e-09,-4.77417671317548e-07,0.0
355.90000000000003,4000.0000000102314,-3.465430277242246e-07,100.0,3.0447810392558576e-09,-4.272832736241724e-07,0.0
356.0,4000.0000000104997,-3.868293341014676e-07,100.0,2.3250930950157745e-09,-3.7871400239580854e-07,0.0
356.1,4000.000000010698,-4.2234207267236407e-07,100.0,1.6462016052235836e-09,-3.318306327485076e-07,0.0
356.20000000000005,4000.0000000108303,-4.5325516752359597e-07,100.0,1.0084362152970373e-09,-2.867370952336444e-07,0.0
356.3,4000.0000000109007,-4.7975212331951e-07,100.0,4.1190180071652437e-10,-2.4352119253171835e-07,0.0
356.40000000000003,4000.000000010914,-5.020244494505914e-07,100.0,-1.435052705709859e-10,-2.0225534201760572e-07,0.0
356.5,4000.0000000108735,-5.202701595039381e-07,100.0,-6.580926303939498e-10,-1.6299733875235989e-07,0.0
356.6,4000.0000000107834,-5.34692347838421e-07,100.0,-1.1323247168075763e-09,-1.257911337517307e-07,0.0
356.70000000000005,4000.0000000106484,-5.454978445471451e-07,100.0,-1.5668295385809459e-09,-9.066762268012273e-08,0.0
356.8,4000.0000000104715,-5.528959496197013e-07,100.0,-1.9624088150742513e-09,-5.764544041905051e-08,0.0
356.90000000000003,4000.000000010257,-5.570972466766401e-07,100.0,-2.319948559206374e-09,-2.673175725969673e-08,0.0
357.0,4000.0000000100085,-5.583124962385368e-07,100.0,-2.640471725282222e-09,2.076927231521619e-09,0.0
357.1,4000.00000000973,-5.567516081117742e-07,100.0,-2.925124208335498e-09,2.879399632877751e-08,0.0
357.20000000000005,4000.0000000094246,-5.526226921224043e-07,100.0,-3.1751116335644344e-09,5.3441937605591665e-08,0.0
357.3,4000.000000009096,-5.461311861077389e-07,100.0,-3.3917569788346626e-09,7.605157681018669e-08,0.0
357.40000000000003,4000.000000008747,-5.37479059782099e-07,100.0,-3.5764079562836376e-09,9.666132694922116e-08,0.0
357.5,4000.0000000083814,-5.268640928277846e-07,100.0,-3.730490152815697e-09,1.1531645509673257e-07,0.0
357.6,4000.0000000080017,-5.14479225324071e-07,100.0,-3.855475686634023e-09,1.3206836917791297e-07,0.0
357.70000000000005,4000.000000007611,-5.005119784150846e-07,100.0,-3.9528544447332325e-09,1.4697392671860957e-07,0.0
357.8,4000.000000007212,-4.851439429308824e-07,100.0,-4.024165789088347e-09,1.6009476730182132e-07,0.0
357.90000000000003,4000.0000000068067,-4.685503335140131e-07,100.0,-4.0709398124748005e-09,1.7149667023249242e-07,0.0
358.0,4000.0000000063983,-4.508996056652852e-07,100.0,-4.094712860540281e-09,1.8124893868204482e-07,0.0
358.1,4000.0000000059886,-4.3235313300638177e-07,100.0,-4.097063618470049e-09,1.8942381136471936e-07,0.0
358.20000000000005,4000.0000000055797,-4.130649419622748e-07,100.0,-4.0795224176914345e-09,1.9609590258920784e-07,0.0
358.3,4000.0000000051737,-3.9318150099201404e-07,100.0,-4.043607446287454e-09,2.0134167133148166e-07,0.0
358.40000000000003,4000.0000000047717,-3.728415614412903e-07,100.0,-3.9908294270513754e-09,2.0523891978831194e-07,0.0
358.5,4000.000000004376,-3.521760470530737e-07,100.0,-3.922644545017577e-09,2.0786632169582215e-07,0.0
358.6,4000.0000000039877,-3.313079891524818e-07,100.0,-3.840505999653927e-09,2.0930298053354726e-07,0.0
358.70000000000005,4000.0000000036084,-3.1035250451770834e-07,100.0,-3.7458095774983015e-09,2.09628017581867e-07,0.0
358.8,4000.000000003239,-2.894168129592209e-07,100.0,-3.6399229589503007e-09,2.0892018965925553e-07,0.0
358.90000000000003,4000.000000002881,-2.686002916534012e-07,100.0,-3.5241661174480307e-09,2.072575362354195e-07,0.0
359.0,4000.0000000025348,-2.479945633132587e-07,100.0,-3.3998039450400243e-09,2.0471705549690942e-07,0.0
359.1,4000.0000000022014,-2.2768361532671892e-07,100.0,-3.268060769322434e-09,2.0137440883297507e-07,0.0
359.20000000000005,4000.0000000018813,-2.0774394705121553e-07,100.0,-3.1301127585928785e-09,1.9730365311104614e-07,0.0
359.3,4000.0000000015752,-1.8824474252087208e-07,100.0,-2.9870508107344963e-09,1.9257700002297616e-07,0.0
359.40000000000003,4000.0000000012838,-1.692480658984477e-07,100.0,-2.8399384002203075e-09,1.8726460170478198e-07,0.0
359.5,4000.0000000010073,-1.508090770874693e-07,100.0,-2.6897729690943478e-09,1.814343617637092e-07,0.0
359.6,4000.000000000746,-1.3297626500965318e-07,100.0,-2.537505298712469e-09,1.7515177078670183e-07,0.0
359.70000000000005,4000.0000000004998,-1.1579169614793027e-07,100.0,-2.384013975617032e-09,1.6847976535337786e-07,0.0
359.8,4000.000000000269,-9.929127605527834e-08,100.0,-2.2301395030859335e-09,1.6147860953402357e-07,0.0
359.90000000000003,4000.0000000000537,-8.350502163330647e-08,100.0,-2.0766505681102175e-09,1.542057978185159e-07,0.0
360.0,3999.9999999998536,-6.84573420913603e-08,100.0,-1.9242459885435157e-09,1.467159783950558e-07,0.0
360.1,3999.9999999996685,-5.416732660607874e-08,100.0,-1.7735811090580995e-09,1.3906089567772638e-07,0.0
360.20000000000005,3999.9999999994984,-4.0649036812142986e-08,100.0,-1.625253121567866e-09,1.3128935096875857e-07,0.0
360.3,3999.9999999993433,-2.791180236676159e-08,100.0,-1.4798087507709816e-09,1.234471801345686e-07,0.0
360.40000000000003,3999.9999999992024,-1.596051794262312e-08,100.0,-1.3377549433967104e-09,1.1557724717370356e-07,0.0
360.5,3999.9999999990755,-4.79594011605089e-09,100.0,-1.1995257838377319e-09,1.0771945255937262e-07,0.0
360.6,3999.9999999989623,5.5850172716128395e-09,100.0,-1.06550560104011e-09,9.991075524883356e-08,0.0
360.70000000000005,3999.999999998862,1.5188990591267254e-08,100.0,-9.360363536183679e-10,9.218520726613839e-08,0.0
360.8,3999.999999998775,2.4025877945372457e-08,100.0,-8.114133751653977e-10,8.457399978321178e-08,0.0
360.90000000000003,3999.9999999987,3.210855582632496e-08,100.0,-6.918887645293449e-10,7.710551964654822e-08,0.0
361.0,3999.9999999986367,3.9452601906875975e-08,100.0,-5.776706989271498e-10,6.980541532258256e-08,0.0
361.1,3999.9999999985844,4.60760248543032e-08,100.0,-4.689379869095479e-10,6.269667126364031e-08,0.0
361.20000000000005,3999.9999999985425,5.199900196179472e-08,100.0,-3.65797842312756e-10,5.5799689727946825e-08,0.0
361.3,3999.9999999985107,5.7243625295530645e-08,100.0,-2.683462058162972e-10,4.913237912112013e-08,0.0
361.40000000000003,3999.9999999984884,6.183365696447398e-08,100.0,-1.7663556900256081e-10,4.2710247962554887e-08,0.0
361.5,3999.9999999984752,6.579429403209497e-08,100.0,-9.070005184320114e-11,3.654650361780552e-08,0.0
361.6,3999.9999999984702,6.915194350530909e-08,100.0,-1.0545581751796897e-11,3.065215497718825e-08,0.0
361.70000000000005,3999.999999998473,7.19340077559341e-08,100.0,6.386963744580513e-11,2.5036118301054655e-08,0.0
361.8,3999.999999998483,7.416868065406522e-08,100.0,1.3259900326432912e-10,1.9705325493269158e-08,0.0
361.90000000000003,3999.9999999984993,7.588475462099972e-08,100.0,1.9571773943726901e-10,1.4664834106089748e-08,0.0
362.0,3999.9999999985216,7.711143874176123e-08,100.0,2.533356666574703e-10,9.917938421662754e-09,0.0
362.1,3999.99999999855,7.78781880139013e-08,100.0,3.055838708978131e-10,5.466280997471326e-09,0.0
362.20000000000005,3999.9999999985826,7.821454375009308e-08,100.0,3.525766607547847e-10,1.3099641051119488e-09,0.0
362.3,3999.99999999862,7.814998509705984e-08,100.0,3.944858128431705e-10,-2.5523394664816177e-09,0.0
362.40000000000003,3999.999999998661,7.771379158256153e-08,100.0,4.314706918017965e-10,-6.123276730972276e-09,0.0
362.5,3999.9999999987062,7.693491655543966e-08,100.0,4.637121265807969e-10,-9.406706394675945e-09,0.0
362.6,3999.999999998754,7.584187134102462e-08,100.0,4.913703218584172e-10,-1.2407592723848473e-08,0.0
362.70000000000005,3999.9999999988045,7.446261989545358e-08,100.0,5.146706975913145e-10,-1.5131901757374514e-08,0.0
362.8,3999.9999999988568,7.282448370753391e-08,100.0,5.337969849618034e-10,-1.7586500195133614e-08,0.0
362.90000000000003,3999.999999998911,7.095405666560694e-08,100.0,5.489777668987136e-10,-1.9779057255570642e-08,0.0
363.0,3999.9999999989664,6.887712957930013e-08,100.0,5.60428899291075e-10,-2.1717949760491386e-08,0.0
363.1,3999.9999999990227,6.661862402197427e-08,100.0,5.683506406384562e-10,-2.3412170670921102e-08,0.0
363.20000000000005,3999.99999999908,6.420253513893964e-08,100.0,5.729726017868728e-10,-2.487124126507285e-08,0.0
363.3,3999.9999999991373,6.165188304899011e-08,100.0,5.744893913610692e-10,-2.610512711813098e-08,0.0
363.40000000000003,3999.9999999991946,5.898867245233819e-08,100.0,5.731364732975225e-10,-2.7124158013709264e-08,0.0
363.5,3999.999999999252,5.6233860046476944e-08,100.0,5.691212026093446e-10,-2.793895188852859e-08,0.0
363.6,3999.9999999993083,5.340732934269096e-08,100.0,5.626508255912928e-10,-2.8560342885101525e-08,0.0
363.70000000000005,3999.9999999993643,5.052787246973228e-08,100.0,5.539500668875366e-10,-2.899931356202675e-08,0.0
363.8,3999.9999999994193,4.7613178547410224e-08,100.0,5.432057812534012e-10,-2.9266931287892888e-08,0.0
363.90000000000003,3999.999999999473,4.4679828211358396e-08,100.0,5.306132276075414e-10,-2.9374288822768208e-08,0.0
364.0,3999.9999999995252,4.174329387088007e-08,100.0,5.163789777788678e-10,-2.9332449070801676e-08,0.0
364.1,3999.999999999576,3.881794528437821e-08,100.0,5.006873612184431e-10,-2.9152393968566953e-08,0.0
364.20000000000005,3999.9999999996253,3.591706004129388e-08,100.0,4.837204941603893e-10,-2.8844977456422503e-08,0.0
364.3,3999.9999999996726,3.305283854555425e-08,100.0,4.6565814426626906e-10,-2.8420882464310774e-08,0.0
364.40000000000003,3999.999999999718,3.023642310312028e-08,100.0,4.466670898166604e-10,-2.7890581829044565e-08,0.0
364.5,3999.9999999997617,2.747792072517773e-08,100.0,4.269020582782882e-10,-2.7264303047192116e-08,0.0
364.6,3999.9999999998035,2.478642926869254e-08,100.0,4.0650659705358444e-10,-2.6551996756132138e-08,0.0
364.70000000000005,3999.999999999843,2.2170066547315134e-08,100.0,3.8561767087419577e-10,-2.576330882566106e-08,0.0
364.8,3999.9999999998804,1.963600205783471e-08,100.0,3.6439506442102697e-10,-2.4907555933648132e-08,0.0
364.90000000000003,3999.999999999916,1.7190490980427234e-08,100.0,3.4295402639490184e-10,-2.3993704491598846e-08,0.0
365.0,3999.999999999949,1.4838910124686227e-08,100.0,3.21401751988202e-10,-2.303035277954947e-08,0.0
365.1,3999.99999999998,1.2585795507757351e-08,100.0,2.9987040738510666e-10,-2.2025716144419793e-08,0.0
365.20000000000005,4000.000000000009,1.043488126570437e-08,100.0,2.784496184054609e-10,-2.0987615111740694e-08,0.0
365.3,4000.000000000036,8.389139614409893e-09,100.0,2.5723010368563736e-10,-1.992346625748939e-08,0.0
365.40000000000003,4000.0000000000605,6.450821591759655e-09,100.0,2.3630685867571755e-10,-1.8840275684549628e-08,0.0
365.5,4000.000000000083,4.6214983284799845e-09,100.0,2.1575690900464082e-10,-1.774463494700725e-08,0.0
365.6,4000.0000000001037,2.9021026107068155e-09,100.0,1.9564469375265355e-10,-1.6642719265033918e-08,0.0
365.70000000000005,4000.0000000001223,1.2929705130790034e-09,100.0,1.7605161727374666e-10,-1.5540287873444693e-08,0.0
365.8,4000.000000000139,-2.0611710320722285e-10,100.0,1.5702780160979875e-10,-1.4442686348079304e-08,0.0
365.90000000000003,4000.0000000001537,-1.5958934174423243e-09,100.0,1.386124309379605e-10,-1.3354850755894702e-08,0.0
366.0,4000.000000000167,-2.8775649763072767e-09,100.0,1.2087106932054064e-10,-1.2281313477010846e-08,0.0
366.1,4000.0000000001783,-4.0527716803638704e-09,100.0,1.0382073212483743e-10,-1.1226210549866505e-08,0.0
366.20000000000005,4000.000000000188,-5.123547575140953e-09,100.0,8.749911088022486e-11,-1.0193290394062842e-08,0.0
366.3,4000.000000000196,-6.092282577473987e-09,100.0,7.192278362806617e-11,-9.185923769346558e-09,0.0
366.40000000000003,4000.0000000002024,-6.961685253811123e-09,100.0,5.7122004966191545e-11,-8.20711483346003e-09,0.0
366.5,4000.0000000002074,-7.73474675370038e-09,100.0,4.3124569442626733e-11,-7.259513166213534e-09,0.0
366.6,4000.000000000211,-8.414705988652275e-09,100.0,2.9923546728213154e-11,-6.345426632066673e-09,0.0
366.70000000000005,4000.0000000002133,-9.005016134058568e-09,100.0,1.7534413287623945e-11,-5.466834958696725e-09,0.0
366.8,4000.0000000002146,-9.509312519864125e-09,100.0,5.960421527493337e-12,-4.625403914437069e-09,0.0
366.90000000000003,4000.0000000002146,-9.931381964254979e-09,100.0,-4.817021910673198e-12,-3.822499973047735e-09,0.0
367.0,4000.0000000002137,-1.0275133593756493e-08,100.0,-1.4786239915140674e-11,-3.0592053599928803e-09,0.0
367.1,4000.000000000212,-1.0544571182842833e-08,100.0,-2.3969126320058595e-11,-2.336333380209572e-09,0.0
367.20000000000005,4000.000000000209,-1.0743767036450622e-08,100.0,-3.237868742431601e-11,-1.6544439332236337e-09,0.0
367.3,4000.0000000002055,-1.0876837429670085e-08,100.0,-4.0026989737242496e-11,-1.0138591273687406e-09,0.0
367.40000000000003,4000.000000000201,-1.0947919610357735e-08,100.0,-4.6932533448068475e-11,-4.1467891076395854e-10,0.0
367.5,4000.000000000196,-1.0961150362473964e-08,100.0,-5.310166042134402e-11,1.4320335742583395e-10,0.0
367.6,4000.0000000001905,-1.0920646120592597e-08,100.0,-5.857297082130826e-11,6.600854661087952e-10,0.0
367.70000000000005,4000.0000000001846,-1.083048461925068e-08,100.0,-6.337499145237974e-11,1.1364411066928095e-09,0.0
367.8,4000.0000000001783,-1.0694688054596452e-08,100.0,-6.753416655581862e-11,1.5729048821166462e-09,0.0
367.90000000000003,4000.0000000001714,-1.051720773014039e-08,100.0,-7.107505092100346e-11,1.9702576242717074e-09,0.0
368.0,4000.000000000164,-1.0301910153305416e-08,100.0,-7.402040377803586e-11,2.329412068229156e-09,0.0
368.1,4000.0000000001564,-1.005256454489302e-08,100.0,-7.639865607654352e-11,2.651398926470878e-09,0.0
368.20000000000005,4000.0000000001487,-9.77283171951606e-09,100.0,-7.822537353768435e-11,2.9373534012753134e-09,0.0
368.3,4000.000000000141,-9.466254291478743e-09,100.0,-7.954039747706186e-11,3.1885021685427644e-09,0.0
368.40000000000003,4000.000000000133,-9.136248157491264e-09,100.0,-8.038421707693725e-11,3.4061508616697364e-09,0.0
368.5,4000.0000000001246,-8.786095204970997e-09,100.0,-8.077276383930099e-11,3.5916720796068642e-09,0.0
368.6,4000.0000000001164,-8.418937192483907e-09,100.0,-8.073893418326912e-11,3.74649393896709e-09,0.0
368.70000000000005,4000.0000000001082,-8.037770747097651e-09,100.0,-8.03132475480426e-11,3.872089185995625e-09,0.0
368.8,4000.0000000001,-7.6454434220305e-09,100.0,-7.952401814514255e-11,3.9699648803749345e-09,0.0
368.90000000000003,4000.0000000000923,-7.244650756965571e-09,100.0,-7.840130386168863e-11,4.041652659219427e-09,0.0
369.0,4000.0000000000846,-6.8379342827361685e-09,100.0,-7.698731721760438e-11,4.0886995862171465e-09,0.0
369.1,4000.000000000077,-6.427680411752917e-09,100.0,-7.531770500149098e-11,4.112659587700064e-09,0.0
369.20000000000005,4000.0000000000696,-6.016120155514765e-09,100.0,-7.340012691327138e-11,4.115085474469692e-09,0.0
369.3,4000.0000000000623,-5.605329610801897e-09,100.0,-7.127061616913628e-11,4.097521545469064e-09,0.0
369.40000000000003,4000.0000000000555,-5.1972311566672075e-09,100.0,-6.894827584105344e-11,4.061496766872917e-09,0.0
369.5,4000.0000000000487,-4.793595305102907e-09,100.0,-6.64724500957518e-11,4.008518517861721e-09,0.0
369.6,4000.0000000000423,-4.396043149238834e-09,100.0,-6.385802947077973e-11,3.940066892247628e-09,0.0
369.70000000000005,4000.000000000036,-4.006049354108613e-09,100.0,-6.112583885429235e-11,3.857589543226666e-09,0.0
369.8,4000.00000000003,-3.624945636378785e-09,100.0,-5.828817745424892e-11,3.7624970568357756e-09,0.0
369.90000000000003,4000.0000000000246,-3.253924680954918e-09,100.0,-5.5389172321548636e-11,3.6561588381895694e-09,0.0
370.0,4000.000000000019,-2.8940444440386754e-09,100.0,-5.243677154187461e-11,3.5398994932533147e-09,0.0
370.1,4000.000000000014,-2.5462327939926027e-09,100.0,-4.9438622858736925e-11,3.4149956877685297e-09,0.0
370.20000000000005,4000.000000000009,-2.211292443257632e-09,100.0,-4.643074839584193e-11,3.2826734639783863e-09,0.0
370.3,4000.0000000000045,-1.8899061265451917e-09,100.0,-4.340303999621309e-11,3.1441059949941356e-09,0.0
370.40000000000003,4000.0000000000005,-1.5826419825754959e-09,100.0,-4.0378836423446985e-11,3.0004117559930788e-09,0.0
370.5,3999.9999999999964,-1.2899590987408868e-09,100.0,-3.739060097162973e-11,2.852653090935158e-09,0.0
370.6,3999.9999999999927,-1.0122131802237611e-09,100.0,-3.442492380271615e-11,2.701835153120764e-09,0.0
370.70000000000005,3999.9999999999895,-7.496623072790742e-10,100.0,-3.150208056713299e-11,2.5489051976786237e-09,0.0
370.8,3999.9999999999864,-5.024727465891002e-10,100.0,-2.8651692775615324e-11,2.394752203961265e-09,0.0
370.90000000000003,3999.9999999999836,-2.7072478480114194e-10,100.0,-2.585771414406898e-11,2.2402068058282946e-09,0.0
371.0,3999.9999999999814,-5.441855455628975e-11,100.0,-2.3137974377220216e-11,2.086041507906283e-09,0.0
371.1,3999.999999999979,1.4652017450108499e-10,100.0,-2.051252021200328e-11,1.932971166120279e-09,0.0
371.20000000000005,3999.9999999999773,3.3223426508699766e-10,100.0,-1.797833912079474e-11,1.7816537110878028e-09,0.0
371.3,3999.9999999999754,5.029295652458861e-10,100.0,-1.553964653930161e-11,1.6326910933437089e-09,0.0
371.40000000000003,3999.999999999974,6.588693660730539e-10,100.0,-1.3193332363838533e-11,1.4866304298158563e-09,0.0
371.5,3999.9999999999727,8.003689833089297e-10,100.0,-1.0965438195239261e-11,1.3439653314895109e-09,0.0
371.6,3999.999999999972,9.277904799447395e-10,100.0,-8.836596511247117e-12,1.205137392775585e-09,0.0
371.70000000000005,3999.999999999971,1.0415375450617594e-09,100.0,-6.8177661981942794e-12,1.0705378237271132e-09,0.0
371.8,3999.9999999999704,1.1420505422741328e-09,100.0,-4.9047877813584575e-12,9.405092069229682e-10,0.0
371.90000000000003,3999.99999999997,1.2298017393625144e-09,100.0,-3.1154237508471503e-12,8.153473615512396e-10,0.0
372.0,3999.99999999997,1.305290728976094e-09,100.0,-1.4407528226202405e-12,6.953032979706582e-10,0.0
372.1,3999.99999999997,1.3690400486468252e-09,100.0,1.0912269423637936e-13,5.805852468010434e-10,0.0
372.20000000000005,3999.99999999997,1.4215910068043056e-09,100.0,1.5470096398905506e-12,4.713607473872992e-10,0.0
372.3,3999.99999999997,1.463499720004559e-09,100.0,2.8809999158811802e-12,3.6775878129068276e-10,0.0
372.40000000000003,3999.9999999999704,1.495333365192264e-09,100.0,4.114811170053655e-12,2.69871937280866e-10,0.0
372.5,3999.999999999971,1.5176666495045785e-09,100.0,5.230271010284714e-12,1.7775859512801107e-10,0.0
372.6,3999.9999999999714,1.531078498895999e-09,100.0,6.235920436681313e-12,9.144511632126793e-11,0.0
372.70000000000005,3999.999999999972,1.5361489657175975e-09,100.0,7.146999528328768e-12,1.092803066469659e-11,0.0
372.8,3999.9999999999727,1.533456354320061e-09,100.0,7.96655204480837e-12,-6.382379148017134e-11,0.0
372.90000000000003,3999.9999999999736,1.523574562767392e-09,100.0,8.68307530395664e-12,-1.3286699072756373e-10,0.0
373.0,3999.9999999999745,1.5070706378457717e-09,100.0,9.30401383870225e-12,-1.9628160260360874e-10,0.0
373.1,3999.9999999999754,1.4845025397284887e-09,100.0,9.836274266123937e-12,-2.5416898173311396e-10,0.0
373.20000000000005,3999.9999999999764,1.4564171119112723e-09,100.0,1.0286264155363952e-11,-3.066497733638526e-10,0.0
373.3,3999.9999999999773,1.4233482513608634e-09,100.0,1.0659928087082365e-11,-3.538619385752183e-10,0.0
373.40000000000003,3999.999999999978,1.3858152732210236e-09,100.0,1.0962781107381614e-11,-3.959588388010127e-10,0.0
373.5,3999.999999999979,1.3443214638920404e-09,100.0,1.1199939764467749e-11,-4.331073846037399e-10,0.0
373.6,3999.99999999998,1.2993528158395777e-09,100.0,1.1376150902711353e-11,-4.6548625297164734e-10,0.0
373.70000000000005,3999.9999999999814,1.2513769370937614e-09,100.0,1.1492028814893166e-11,-4.932841767711839e-10,0.0
373.8,3999.9999999999827,1.2008421280668617e-09,100.0,1.15338168968028e-11,-5.166983093776268e-10,0.0
373.90000000000003,3999.999999999984,1.1481766180449242e-09,100.0,1.15068686198272e-11,-5.359326669262262e-10,0.0
374.0,3999.9999999999854,1.0937879534922364e-09,100.0,1.1416150632279402e-11,-5.511966500759889e-10,0.0
374.1,3999.9999999999864,1.038062530144537e-09,100.0,1.1270060271135102e-11,-5.627036466586453e-10,0.0
374.20000000000005,3999.9999999999873,9.813652607543119e-10,100.0,1.1090714621588438e-11,-5.706697160966979e-10,0.0
374.3,3999.999999999988,9.240393702862693e-10,100.0,1.0880516594190998e-11,-5.753123560168551e-10,0.0
374.40000000000003,3999.999999999989,8.664063103400442e-10,100.0,1.0641695473602181e-11,-5.768493510585751e-10,0.0
374.5,3999.99999999999,8.087657845972519e-10,100.0,1.0376319464187458e-11,-5.754977034816843e-10,0.0
374.6,3999.999999999991,7.51395877148128e-10,100.0,1.0086307329115683e-11,-5.714726448117816e-10,0.0
374.70000000000005,3999.999999999992,6.94553275646134e-10,100.0,9.773439188456042e-12,-5.649867274269442e-10,0.0
374.8,3999.9999999999927,6.384735813640767e-10,100.0,9.439366537042372e-12,-5.562489946835526e-10,0.0
374.90000000000003,3999.9999999999936,5.833716983795952e-10,100.0,9.085621538481727e-12,-5.454642279021949e-10,0.0
375.0,3999.9999999999945,5.294422942984374e-10,100.0,8.713625647610465e-12,-5.328322682858469e-10,0.0
375.1,3999.9999999999955,4.768603251280287e-10,100.0,8.324697609921889e-12,-5.185474116210106e-10,0.0
375.20000000000005,3999.9999999999964,4.2578161713874166e-10,100.0,7.920060882983292e-12,-5.027978734173417e-10,0.0
375.3,3999.9999999999973,3.7634349879341645e-10,100.0,7.500850521607424e-12,-4.857653219715312e-10,0.0
375.40000000000003,3999.999999999998,3.2866547608457453e-10,100.0,7.068119565525612e-12,-4.676244766958141e-10,0.0
375.5,3999.999999999999,2.8284994489102425e-10,100.0,6.622844965510002e-12,-4.485427689293967e-10,0.0
375.6,3999.9999999999995,2.389829342489015e-10,100.0,6.169722642552387e-12,-4.2868006235123305e-10,0.0
375.70000000000005,4000.0,1.9713487472445512e-10,100.0,5.72743571720535e-12,-4.081884300338028e-10,0.0
375.8,4000.0000000000005,1.5736138637502523e-10,100.0,5.295201261624931e-12,-3.8721198511871795e-10,0.0
375.90000000000003,4000.000000000001,1.1970408108873144e-10,100.0,4.872292919588339e-12,-3.6588676205494557e-10,0.0
376.0,4000.0000000000014,8.419137440057467e-11,100.0,4.458036818826942e-12,-3.4434064531801817e-10,0.0
376.1,4000.000000000002,5.08393021912474e-11,100.0,4.06640824770171e-12,-3.2269334252264515e-10,0.0
376.20000000000005,4000.0000000000023,1.965233798336199e-11,100.0,3.6811717512680945e-12,-3.010563988504791e-10,0.0
376.3,4000.0000000000027,-9.375793143429236e-12,100.0,3.301865460618595e-12,-2.7953324973827687e-10,0.0
376.40000000000003,4000.000000000003,-3.626130769319453e-11,100.0,2.928060879873718e-12,-2.5821930880819506e-10,0.0
376.5,4000.0000000000036,-6.102956732563472e-11,100.0,2.559360474763977e-12,-2.372020880703533e-10,0.0
376.6,4000.000000000004,-8.371429594030559e-11,100.0,2.195395435452499e-12,-2.1656134748699748e-10,0.0
376.70000000000005,4000.000000000004,-1.0435681306661257e-10,100.0,1.8396131622656153e-12,-1.9636927105653075e-10,0.0
376.8,4000.000000000004,-1.2300528607268002e-10,100.0,1.5095384688165981e-12,-1.7669066665331797e-10,0.0
376.90000000000003,4000.000000000004,-1.3971400343399488e-10,100.0,1.2033138155207483e-12,-1.5758318694450642e-10,0.0
377.0,4000.000000000004,-1.5454267103939982e-10,100.0,9.19215882091485e-13,-1.3909756879717617e-10,0.0
377.1,4000.000000000004,-1.675557332581915e-10,100.0,6.55645869324417e-13,-1.2127788868700492e-10,0.0
377.20000000000005,4000.000000000004,-1.7882172024830005e-10,100.0,4.1112050164049707e-13,-1.0416183172241675e-10,0.0
377.3,4000.000000000004,-1.8841262275223402e-10,100.0,1.8426367975386448e-13,-8.778097200503077e-11,0.0
377.40000000000003,4000.000000000004,-1.964032954050388e-10,100.0,-2.620126351135583e-14,-7.216106215732565e-11,0.0
377.5,4000.000000000004,-2.0287088936721883e-10,100.0,-2.2145874783672578e-13,-5.7322329961025915e-11,0.0
377.6,4000.000000000004,-2.0789431489563135e-10,100.0,-4.0260761089002645e-13,-4.327978016407185e-11,0.0
377.70000000000005,4000.000000000004,-2.1155373427691074e-10,100.0,-5.706672921815354e-13,-3.004349962947992e-11,0.0
377.8,4000.000000000004,-2.1393008537110734e-10,100.0,-7.265835700965291e-13,-1.7618964115299354e-11,0.0
377.90000000000003,4000.000000000004,-2.1510463584793667e-10,100.0,-8.712338843899301e-13,-6.00734509063293e-12,0.0
378.0,4000.000000000004,-2.151585680442931e-10,100.0,-1.0054322740961503e-12,4.794184892232457e-12,0.0
378.1,4000.000000000004,-2.141725942293936e-10,100.0,-1.1299339586428817e-12,1.479214963565095e-11,0.0
378.20000000000005,4000.000000000004,-2.122266019329374e-10,100.0,-1.2454395879496643e-12,2.3996470798226773e-11,0.0
378.3,4000.000000000004,-2.0939932887181202e-10,100.0,-1.3525991854292321e-12,3.2420174603870676e-11,0.0
378.40000000000003,4000.000000000004,-2.0576806690191722e-10,100.0,-1.452015806081406e-12,4.0079104794255695e-11,0.0
378.5,4000.000000000004,-2.014083943233536e-10,100.0,-1.544248930265945e-12,4.699164275570744e-11,0.0
378.6,4000.000000000004,-1.9639393577923698e-10,100.0,-1.6298176122532726e-12,5.3178435649745045e-11,0.0
378.70000000000005,4000.000000000004,-1.9079614891042957e-10,100.0,-1.7092034012719618e-12,5.866213327803446e-11,0.0
378.8,4000.000000000004,-1.8468413686017738e-10,100.0,-1.7828530514915732e-12,6.346713431765638e-11,0.0
378.90000000000003,4000.000000000004,-1.7812448566363744e-10,100.0,-1.851181036191632e-12,6.761934247152397e-11,0.0
379.0,4000.000000000004,-1.7118112550718522e-10,100.0,-1.9145718802655707e-12,7.114593299167556e-11,0.0
379.1,4000.000000000004,-1.639152148008047e-10,100.0,-1.973382324186111e-12,7.407512995014704e-11,0.0
379.20000000000005,4000.000000000004,-1.5638504597337046e-10,100.0,-2.0279433316101e-12,7.643599455330375e-11,0.0
379.3,4000.000000000004,-1.4864597187480577e-10,100.0,-2.07856195192085e-12,7.825822472095658e-11,0.0
379.40000000000003,4000.000000000004,-1.4075035165051715e-10,100.0,-2.1255230481897105e-12,7.957196608135414e-11,0.0
379.5,4000.000000000004,-1.3274751494172593e-10,100.0,-2.1690909002811826e-12,8.040763446725698e-11,0.0
379.6,4000.000000000004,-1.2468374325991087e-10,100.0,-2.2095106921232877e-12,8.079574993676412e-11,0.0
379.70000000000005,4000.000000000004,-1.1660226738410435e-10,100.0,-2.247009891512988e-12,8.076678228535923e-11,0.0
379.8,4000.000000000004,-1.0854327963581891e-10,100.0,-2.2817995302217084e-12,8.035100796273542e-11,0.0
379.90000000000003,4000.0000000000036,-1.0054395989749381e-10,100.0,-2.3102858303475307e-12,7.957837825928826e-11,0.0
380.0,4000.000000000003,-9.26385142561215e-11,100.0,-2.314808177432028e-12,7.847839858266498e-11,0.0
380.1,4000.0000000000027,-8.485822517373001e-11,100.0,-2.297098122707718e-12,7.708001860433598e-11,0.0
380.20000000000005,4000.0000000000023,-7.723151211025523e-11,100.0,-2.25876210158563e-12,7.541153301971376e-11,0.0
380.3,4000.0000000000023,-6.978400155164497e-11,100.0,-2.2050800353433173e-12,7.350049263277083e-11,0.0
380.40000000000003,4000.0000000000023,-6.253860542641375e-11,100.0,-2.155276847005899e-12,7.137362544728052e-11,0.0
380.5,4000.0000000000023,-5.551560692694492e-11,100.0,-2.1090722624547677e-12,6.905676742159042e-11,0.0
380.6,4000.0000000000023,-4.8732752787261246e-11,100.0,-2.066206259196525e-12,6.657480252209748e-11,0.0
380.70000000000005,4000.0000000000023,-4.22053511064158e-11,100.0,-2.026437603051544e-12,6.395161169218175e-11,0.0
380.8,4000.0000000000023,-3.5946373845767086e-11,100.0,-1.989542490576283e-12,6.121003033811799e-11,0.0
380.90000000000003,4000.0000000000023,-2.99665631688857e-11,100.0,-1.9553132895794084e-12,5.837181392126777e-11,0.0
381.0,4000.0000000000023,-2.427454083440058e-11,100.0,-1.9235573706438028e-12,5.5457611236497295e-11,0.0
381.1,4000.0000000000023,-1.8876919894453114e-11,100.0,-1.894096023078698e-12,5.248694495010823e-11,0.0
381.20000000000005,4000.0000000000023,-1.3778417994325243e-11,100.0,-1.8667634492013062e-12,4.94781989664462e-11,0.0
381.3,4000.0000000000023,-8.981971611997736e-12,100.0,-1.841405831288134e-12,4.644861219060159e-11,0.0
381.40000000000003,4000.0000000000023,-4.488850619648237e-12,100.0,-1.8178804659451255e-12,4.341427825507654e-11,0.0
381.5,4000.0000000000023,-2.987725922022611e-13,100.0,-1.79605496102518e-12,4.0390150780798965e-11,0.0
381.6,4000.0000000000023,3.5899836691923844e-12,100.0,-1.7758064905735987e-12,3.739005374725876e-11,0.0
381.70000000000005,4000.0000000000023,7.180465888667235e-12,100.0,-1.7570211036085586e-12,3.442669655266562e-11,0.0
381.8,4000.0000000000023,1.0476937790472796e-11,100.0,-1.7395930828466874e-12,3.1511693352727906e-11,0.0
381.90000000000003,4000.0000000000023,1.3484770704822984e-11,100.0,-1.723424349764879e-12,2.865558627577623e-11,0.0
382.0,4000.0000000000023,1.6210337672693656e-11,100.0,-1.7084239126502576e-12,2.5867872122357664e-11,0.0
382.1,4000.0000000000023,1.8660910378905032e-11,100.0,-1.6945073545321158e-12,2.3157032168963744e-11,0.0
382.20000000000005,4000.0000000000023,2.0844559205403183e-11,100.0,-1.681596358114095e-12,2.0530564708090685e-11,0.0
382.3,4000.0000000000023,2.277005666053891e-11,100.0,-1.6696182650331028e-12,1.7995019970230494e-11,0.0
382.40000000000003,4000.0000000000023,2.444678440540346e-11,100.0,-1.6585056669646331e-12,1.5556037087530232e-11,0.0
382.5,4000.0000000000023,2.5884644064987472e-11,100.0,-1.6481960262733849e-12,1.3218382773612109e-11,0.0
382.6,4000.0000000000023,2.709397198013779e-11,100.0,-1.6386313240743358e-12,1.0985991409303591e-11,0.0
382.70000000000005,4000.0000000000023,2.8085458026041383e-11,100.0,-1.629757733723689e-12,8.86200623967476e-12,0.0
382.8,4000.0000000000023,2.8870068594300073e-11,100.0,-1.6215253179022202e-12,6.848821403716072e-12,0.0
382.90000000000003,4000.0000000000023,2.945897380859826e-11,100.0,-1.6138877475863185e-12,4.948124534115923e-12,0.0
383.0,4000.0000000000023,2.9863479018522486e-11,100.0,-1.6068020413251963e-12,3.160939680822621e-12,0.0
383.1,4000.0000000000023,3.009496059227241e-11,100.0,-1.600228323357013e-12,1.4876703283141474e-12,0.0
383.20000000000005,4000.0000000000023,3.016480600680452e-11,100.0,-1.59412959920268e-12,-7.185770732751296e-14,0.0
383.3,4000.0000000000023,3.00843582133628e-11,100.0,-1.5884715474744698e-12,-1.5183536994061098e-12,0.0
383.40000000000003,4000.0000000000023,2.986486423735718e-11,100.0,-1.5832223267278063e-12,-2.8530199317047256e-12,0.0
383.5,4000.0000000000023,2.951742795412703e-11,100.0,-1.578352396269267e-12,-4.0775102861614374e-12,0.0
383.6,4000.0000000000023,2.9052966966244135e-11,100.0,-1.5738343499123704e-12,-5.193889648366447e-12,0.0
383.70000000000005,4000.0000000000023,2.8482173493632062e-11,100.0,-1.569642761745588e-12,-6.2045942672541745e-12,0.0
383.8,4000.0000000000023,2.781547917486777e-11,100.0,-1.5657540430446187e-12,-7.112393190915389e-12,0.0
383.90000000000003,4000.0000000000023,2.70630236665421e-11,100.0,-1.5621463095236804e-12,-7.920350886462959e-12,0.0
384.0,4000.0000000000023,2.623462691744184e-11,100.0,-1.5587992581787588e-12,-8.631791138384562e-12,0.0
384.1,4000.0000000000023,2.5339764985526045e-11,100.0,-1.5556940530297299e-12,-9.250262306836242e-12,0.0
384.20000000000005,4000.0000000000023,2.4387549258150244e-11,100.0,-1.552813219118357e-12,-9.779504014896874e-12,0.0
384.3,4000.0000000000023,2.3386708929688404e-11,100.0,-1.5501405441656215e-12,-1.0223415321935877e-11,0.0
384.40000000000003,4000.0000000000023,2.234557658555633e-11,100.0,-1.5476609873349482e-12,-1.05860244289611e-11,0.0
384.5,4000.0000000000023,2.127207673759317e-11,100.0,-1.5453605945878818e-12,-1.0871459951123e-11,0.0
384.6,4000.0000000000023,2.0173717152749395e-11,100.0,-1.5432264201558648e-12,-1.1083923782463502e-11,0.0
384.70000000000005,4000.0000000000023,1.9057582814999922e-11,100.0,-1.54124645368619e-12,-1.1227665568518363e-11,0.0
384.8,4000.0000000000023,1.7930332359288682e-11,100.0,-1.5394095526521298e-12,-1.1306958793511993e-11,0.0
384.90000000000003,4000.0000000000023,1.6798196816055203e-11,100.0,-1.5377053796468742e-12,-1.132607848062239e-11,0.0
385.0,4000.0000000000023,1.5666980505433857e-11,100.0,-1.5361243442083873e-12,-1.1289280496136749e-11,0.0
385.1,4000.0000000000023,1.4542063921492267e-11,100.0,-1.5346575488477976e-12,-1.1200782441258645e-11,0.0
385.20000000000005,4000.0000000000023,1.3428408448827738e-11,100.0,-1.533296738977586e-12,-1.1064746108856456e-11,0.0
385.3,4000.0000000000023,1.2330562756411064e-11,100.0,-1.5320342564577876e-12,-1.088526147654825e-11,0.0
385.40000000000003,4000.0000000000023,1.1252670716698712e-11,100.0,-1.5308629964987839e-12,-1.0666332202187668e-11,0.0
385.5,4000.0000000000023,1.0198480701671533e-11,100.0,-1.529776367678145e-12,-1.0411862583033182e-11,0.0
385.6,4000.0000000000023,9.171356111546808e-12,100.0,-1.5287682548465176e-12,-1.0125645935632943e-11,0.0
385.70000000000005,4000.0000000000023,8.1742869963982e-12,100.0,-1.527832984713802e-12,-9.811354349721222e-12,0.0
385.8,4000.0000000000023,7.20990263575469e-12,100.0,-1.5269652939219506e-12,-9.472529766181156e-12,0.0
385.90000000000003,4000.0000000000023,6.280484946386342e-12,100.0,-1.5261602994247165e-12,-9.11257632636186e-12,0.0
386.0,4000.0000000000023,5.387982593875206e-12,100.0,-1.525413471007655e-12,-8.734753937725042e-12,0.0
386.1,4000.0000000000023,4.5340256891697826e-12,100.0,-1.5247206057937351e-12,-8.342172998915433e-12,0.0
386.20000000000005,4000.0000000000023,3.71994095708884e-12,100.0,-1.524077804591085e-12,-7.937790225878437e-12,0.0
386.3,4000.0000000000023,2.946767269635397e-12,100.0,-1.5234814499497679e-12,-7.524405519564777e-12,0.0
386.40000000000003,4000.0000000000023,2.2152714429665626e-12,100.0,-1.5229281858040968e-12,-7.104659815043041e-12,0.0
386.5,4000.0000000000023,1.525964202904472e-12,100.0,-1.5224148985859254e-12,-6.681033851463745e-12,0.0
386.6,4000.0000000000023,8.79116229934663e-13,100.0,-1.5219386997026265e-12,-6.255847802260132e-12,0.0
386.70000000000005,4000.0000000000023,2.7477420069020977e-13,100.0,-1.5214969092811484e-12,-5.831261705208641e-12,0.0
386.8,4000.0000000000023,-2.872232510657369e-13,100.0,-1.5210870410866711e-12,-5.4092766324831934e-12,0.0
386.90000000000003,4000.0000000000023,-8.072297249958951e-13,100.0,-1.5207067885309866e-12,-4.991736541600012e-12,0.0
387.0,4000.0000000000023,-1.2857754614576264e-12,100.0,-1.520354011691864e-12,-4.5803307491417256e-12,0.0
387.1,4000.0000000000023,-1.7235520249061176e-12,100.0,-1.5200267252703502e-12,-4.176596970349691e-12,0.0
387.20000000000005,4000.0000000000023,-2.1213973172303417e-12,100.0,-1.5197230874182348e-12,-3.781924869060944e-12,0.0
387.3,4000.0000000000023,-2.480280969344226e-12,100.0,-1.5194413893728018e-12,-3.3975600640207743e-12,0.0
387.40000000000003,4000.0000000000023,-2.8012901540425146e-12,100.0,-1.5191800458405379e-12,-3.0246085393040445e-12,0.0
387.5,4000.0000000000023,-3.0856158579946667e-12,100.0,-1.5189375860756818e-12,-2.6640414084091666e-12,0.0
387.6,4000.0000000000023,-3.3345396458027392e-12,100.0,-1.5187126456034044e-12,-2.316699983530017e-12,0.0
387.70000000000005,4000.0000000000023,-3.5494209443007633e-12,100.0,-1.518503958541044e-12,-1.983301103545674e-12,0.0
387.8,4000.0000000000023,-3.731684870732089e-12,100.0,-1.5183103504741823e-12,-1.664442676379151e-12,0.0
387.90000000000003,4000.0000000000023,-3.8828106241144725e-12,100.0,-1.5181307318474693e-12,-1.3606093935485866e-12,0.0
388.0,4000.0000000000023,-4.004320454995616e-12,100.0,-1.517964091833005e-12,-1.0721785769527537e-12,0.0
388.1,4000.0000000000023,-4.097769224918366e-12,100.0,-1.5178094926417693e-12,-7.994261201832721e-13,0.0
388.20000000000005,4000.0000000000023,-4.164734563257383e-12,100.0,-1.5176660642460895e-12,-5.425324889253658e-13,0.0
388.3,4000.0000000000023,-4.206807625659094e-12,100.0,-1.5175329994834417e-12,-3.015887472851319e-13,0.0
388.40000000000003,4000.0000000000023,-4.225584455114151e-12,100.0,-1.5174095495140365e-12,-7.660257915262067e-14,0.0
388.5,4000.0000000000023,-4.222657943715562e-12,100.0,-1.5172950196066222e-12,1.3249572403401647e-13,0.0
388.6,4000.0000000000023,-4.199610390403939e-12,100.0,-1.517188765228792e-12,3.2584733552722695e-13,0.0
388.70000000000005,4000.0000000000023,-4.1580066474710815e-12,100.0,-1.5170901884197908e-12,5.036590497187455e-13,0.0
388.8,4000.0000000000023,-4.099387846280534e-12,100.0,-1.5169987344254116e-12,6.661975448508097e-13,0.0
388.90000000000003,4000.0000000000023,-4.025265690564161e-12,100.0,-1.5169138885760415e-12,8.137837719373373e-13,0.0
389.0,4000.0000000000023,-3.937117303762014e-12,100.0,-1.5168351733902892e-12,9.46787487793456e-13,0.0
389.1,4000.0000000000023,-3.836380615182808e-12,100.0,-1.516762145887895e-12,1.0656219480846055e-12,0.0
389.20000000000005,4000.0000000000023,-3.724450268267798e-12,100.0,-1.5166943950967997e-12,1.1707387743862304e-12,0.0
389.3,4000.0000000000023,-3.602674032934774e-12,100.0,-1.516631539740344e-12,1.2626230073962688e-12,0.0
389.40000000000003,4000.0000000000023,-3.4723497028540365e-12,100.0,-1.5165732260915839e-12,1.3417883566689378e-12,0.0
389.5,4000.0000000000023,-3.3347224575567593e-12,100.0,-1.5165191259826437e-12,1.4087726555428621e-12,0.0
389.6,4000.0000000000023,-3.190982668490284e-12,100.0,-1.5164689349579083e-12,1.4641335283218735e-12,0.0
389.70000000000005,4000.0000000000023,-3.0422641275063455e-12,100.0,-1.5164223705606574e-12,1.5084442752347852e-12,0.0
389.8,4000.0000000000023,-2.889642675788701e-12,100.0,-1.5163791707435038e-12,1.5422899792525063e-12,0.0
389.90000000000003,4000.0000000000023,-2.7341352108876573e-12,100.0,-1.5163390923936852e-12,1.5662638374779055e-12,0.0
390.0,4000.0000000000023,-2.576699049322034e-12,100.0,-1.5163019099649154e-12,1.5809637185462943e-12,0.0
390.1,4000.0000000000023,-2.41823162212564e-12,100.0,-1.516267414208092e-12,1.5869889462822368e-12,0.0
390.20000000000005,4000.0000000000023,-2.2595704807468273e-12,100.0,-1.5162354109937196e-12,1.5849373087511934e-12,0.0
390.3,4000.0000000000023,-2.1014935908476886e-12,100.0,-1.516205720219419e-12,1.5754022908214612e-12,0.0
390.40000000000003,4000.0000000000023,-1.9447198917856047e-12,100.0,-1.5161781747963775e-12,1.5589705274118148e-12,0.0
390.5,4000.0000000000023,-1.7899100998859091e-12,100.0,-1.5161526197090346e-12,1.5362194737417272e-12,0.0
390.6,4000.0000000000023,-1.6376677340223386e-12,100.0,-1.5161289111427106e-12,1.5077152881222921e-12,0.0
390.70000000000005,4000.0000000000023,-1.4885403425038221e-12,100.0,-1.5161069156742704e-12,1.4740109221249617e-12,0.0
390.8,4000.0000000000023,-1.343020910814338e-12,100.0,-1.5160865095212665e-12,1.4356444123397263e-12,0.0
390.90000000000003,4000.0000000000023,-1.2015494303596248e-12,100.0,-1.5160675778453376e-12,1.3931373673819333e-12,0.0
391.0,4000.0000000000023,-1.064514609033292e-12,100.0,-1.5160500141059394e-12,1.346993643324971e-12,0.0
391.1,4000.0000000000023,-9.322557051184156e-13,100.0,-1.5160337194607742e-12,1.2976982003217381e-12,0.0
