t_s,x_m,y_m,z_m,vx_ms,vy_ms,vz_ms
0.0,0.0,0.0,100.0,15.0,0.0,0.0
0.1,1.529919613357319,-0.002194705142257846,100.0,14.999940705691758,-0.04217612750627336,0.0
0.2,3.059834370756488,-0.008592339039650518,100.0,14.999773415037454,-0.0824469376971775,0.0
0.30000000000000004,4.5897335131825425,-0.019001708425061152,100.0,14.999512987400275,-0.12087241542429343,0.0
0.4,6.119607763740995,-0.033237657424942633,100.0,14.999172985638666,-0.15751110083831496,0.0
0.5,7.649449198106538,-0.05112092229974087,100.0,14.99876576586669,-0.19242011502273468,0.0
0.6000000000000001,9.179251123956814,-0.07247798869927422,100.0,14.99830256186843,-0.22565518529593204,0.0
0.7000000000000001,10.709007968855229,-0.09714095140767433,100.0,14.997793564463402,-0.2572706701903286,0.0
0.8,12.238715176076596,-0.1249473765525383,100.0,14.997247996101946,-0.2873195841152729,0.0
0.9,13.768369107897376,-0.15574016625287476,100.0,14.996674180952704,-0.3158536217087501,0.0
1.0,15.297966955898618,-0.18936742568028084,100.0,14.9960796107292,-0.3429231818818341,0.0
1.1,16.827506657854478,-0.2256823325075942,100.0,14.995471006488312,-0.36857739155894403,0.0
1.2000000000000002,18.356986820802593,-0.26454300871904823,100.0,14.994854376620456,-0.3928641291163878,0.0
1.3,19.886406649914605,-0.3058123947557401,100.0,14.994235071239158,-0.4158300475213258,0.0
1.4000000000000001,21.415765882806024,-0.34935812597001803,100.0,14.993617833166525,-0.43752059717311914,0.0
1.5,22.945064728944352,-0.3950524113622167,100.0,14.993006845700519,-0.45798004844900175,0.0
1.6,24.474303813832964,-0.44277191457303056,100.0,14.992405777340295,-0.4772515139561058,0.0
1.7000000000000002,26.003484127666088,-0.492397637104718,100.0,14.991817823636536,-0.49537697049203505,0.0
1.8,27.532606978166818,-0.543814803744279,100.0,14.991245746325234,-0.5123972807164054,0.0
1.9000000000000001,29.061673947336118,-0.5969127501617515,100.0,14.990691909895116,-0.5283522145360262,0.0
2.0,30.59068685185579,-0.6515848126568191,100.0,14.990158315731426,-0.5432804702066697,0.0
2.1,32.11964770690271,-0.7077282200270247,100.0,14.989646633971455,-0.5572196951546469,0.0
2.2,33.64855869314526,-0.7652439875310262,100.0,14.989158233200435,-0.5702065065216676,0.0
2.3000000000000003,35.17742212670571,-0.8240368129205196,100.0,14.98869420810996,-0.5822765114367036,0.0
2.4000000000000004,36.706240431884616,-0.8840149745146834,100.0,14.988255405234998,-0.5934643270187816,0.0
2.5,38.235016116455014,-0.945090231291254,100.0,14.987842446879682,-0.6038036001148114,0.0
2.6,39.76375174934503,-1.0071777249686378,100.0,14.987455753336697,-0.6133270267766944,0.0
2.7,41.2924499405383,-1.070195884053775,100.0,14.98709556349966,-0.6220663714820525,0.0
2.8000000000000003,42.8211133230313,-1.1340663298308085,100.0,14.986761953963086,-0.6300524861029817,0.0
2.9000000000000004,44.3497445366965,-1.1987137842659539,100.0,14.986454856699659,-0.6373153286272495,0.0
3.0,45.878346213908856,-1.2640659798043303,100.0,14.986174075400037,-0.6438839816363301,0.0
3.1,47.406920966802,-1.330053571034865,100.0,14.98591930055619,-0.6497866705446191,0.0
3.2,48.93547137602851,-1.396610048199753,100.0,14.98569012336502,-0.6550507816040645,0.0
3.3000000000000003,50.46399998090634,-1.463671652525305,100.0,14.985486048525223,-0.6597028796783262,0.0
3.4000000000000004,51.992509270840685,-1.5311772933513683,100.0,14.985306505996553,-0.6637687257904162,0.0
3.5,53.52100167791779,-1.59906846703684,100.0,14.985150861787048,-0.6672732944475801,0.0
3.6,55.04947957057333,-1.667289177619116,100.0,14.985018427830472,-0.6702407907469763,0.0
3.7,56.57794524824477,-1.7357858592056221,100.0,14.984908471012847,-0.672694667265473,0.0
3.8000000000000003,58.106400936922384,-1.8045073000758591,100.0,14.984820221403917,-0.6746576407366375,0.0
3.9000000000000004,59.634848785519885,-1.8734045684726572,100.0,14.984752879746418,-0.6761517085177314,0.0
4.0,61.16329086299025,-1.9424309400615738,100.0,14.984705624253177,-0.6771981648492583,0.0
4.1000000000000005,62.69172915611786,-2.011541827037584,100.0,14.984677616759306,-0.6778176169093264,0.0
4.2,64.22016556792246,-2.0806947088584047,100.0,14.984668008274273,-0.6780300006648192,0.0
4.3,65.74860191661517,-2.1498490645839574,100.0,14.984675943976073,-0.6778545965210813,0.0
4.4,67.27703993505074,-2.2189663068016126,100.0,14.984700567687417,-0.6773100447715535,0.0
4.5,68.80548127062453,-2.2880097171169727,100.0,14.984741025871548,-0.6764143608485212,0.0
4.6000000000000005,70.3339274855662,-2.35694438319004,100.0,14.984796471183248,-0.6751849503758784,0.0
4.7,71.8623800575859,-2.4257371372966805,100.0,14.984866065608406,-0.6736386240245575,0.0
4.800000000000001,73.39084038083162,-2.4943564963953317,100.0,14.984948983223688,-0.6717916121710396,0.0
4.9,74.91930976712037,-2.5627726036789307,100.0,14.985044412605943,-0.6696595793591322,0.0
5.0,76.44778944740779,-2.630957171592025,100.0,14.985151558919137,-0.6672576385649988,0.0
5.1000000000000005,77.97628057346432,-2.6988834262930204,100.0,14.985269645705054,-0.6646003652652264,0.0
5.2,79.50478421972844,-2.7665260535414724,100.0,14.98539791640223,-0.6617018113075541,0.0
5.300000000000001,81.03330138530973,-2.833861145990283,100.0,14.98553563561617,-0.6585755185837256,0.0
5.4,82.5618329961173,-2.900866151862593,100.0,14.985682090162413,-0.6552345325037993,0.0
5.5,84.09037990709072,-2.967519824993076,100.0,14.985836589902544,-0.6516914152711352,0.0
5.6000000000000005,85.61894290451292,-3.03380217621327,100.0,14.985998468392062,-0.6479582589571878,0.0
5.7,87.14752270838649,-3.099694426060462,100.0,14.98616708335764,-0.6440466983751592,0.0
5.800000000000001,88.67611997485626,-3.1651789587895593,100.0,14.986341817020229,-0.6399679237515182,0.0
5.9,90.20473529866291,-3.230239277667268,100.0,14.9865220762792,-0.6357326931943582,0.0
6.0,91.73336921561378,-3.294859961527787,100.0,14.986707292771829,-0.6313513449575535,0.0
6.1000000000000005,93.26202220505854,-3.3590266225691314,100.0,14.986896922821218,-0.6268338094996857,0.0
6.2,94.79069469235871,-3.4227258653690815,100.0,14.987090447284986,-0.6221896213367296,0.0
6.300000000000001,96.319387051341,-3.4859452470996586,100.0,14.987287371315963,-0.6174279306875358,0.0
6.4,97.84809960672588,-3.548673238918934,100.0,14.987487224045458,-0.6125575149112041,0.0
6.5,99.37683263652382,-3.610899188518884,100.0,14.987689558198719,-0.6075867897355155,0.0
6.6000000000000005,100.90558637439221,-3.6726132838079284,100.0,14.987893949651513,-0.6025238202756764,0.0
6.7,102.43436101194743,-3.7338065177067135,100.0,14.98809999693604,-0.5973763318427355,0.0
6.800000000000001,103.96315670102679,-3.794470654035647,100.0,14.9883073207037,-0.5921517205411386,0.0
6.9,105.49197355589638,-3.8545981944726404,100.0,14.988515563151617,-0.5868570636550159,0.0
7.0,107.02081165540099,-3.914182346559481,100.0,14.988724387419204,-0.5814991298229258,0.0
7.1000000000000005,108.54967104505337,-3.973216992735238,100.0,14.988933476960574,-0.5760843890009225,0.0
7.2,110.07855173906029,-4.031696660375097,100.0,14.989142534897972,-0.5706190222139562,0.0
7.300000000000001,111.60745372228364,-4.089616492813028,100.0,14.98935128336099,-0.5651089310957756,0.0
7.4,113.13637695213524,-4.146972221326727,100.0,14.989559462815901,-0.5595597472176543,0.0
7.5,114.66532136040429,-4.203760138063289,100.0,14.989766831388904,-0.5539768412064242,0.0
7.6000000000000005,116.19428685501698,-4.259977069884165,100.0,14.989973164186843,-0.548365331652464,0.0
7.7,117.72327332172797,-4.315620353107992,100.0,14.990178252618435,-0.5427300938084524,0.0
7.800000000000001,119.2522806257439,-4.3706878091300005,100.0,14.990381903718847,-0.5370757680798612,0.0
7.9,120.78130861327922,-4.42517772089682,100.0,14.990583939480013,-0.5314067683083255,0.0
8.0,122.31035711304509,-4.47908881021559,100.0,14.990784196188931,-0.5257272898491899,0.0
8.1,123.83942593767182,-4.53242021587647,100.0,14.990982523775765,-0.520041317444691,0.0
8.200000000000001,125.36851488506638,-4.585171472567773,100.0,14.991178785173453,-0.5143526328943847,0.0
8.3,126.89762373970564,-4.637342490563124,100.0,14.991372855690235,-0.5086648225245887,0.0
8.4,128.42675227386698,-4.688933536160235,100.0,14.991564622396298,-0.5029812844587468,0.0
8.5,129.9559002487976,-4.7399452128511,100.0,14.991753983525562,-0.49730523569077006,0.0
8.6,131.48506741582395,-4.790378443203608,100.0,14.991940847893492,-0.491639718963543,0.0
8.700000000000001,133.01425351740312,-4.840234451434823,100.0,14.992125134331566,-0.48598760945491243,0.0
8.8,134.5434582881177,-4.889514746656421,100.0,14.992306771138983,-0.48035162127359854,0.0
8.9,136.07268145561585,-4.938221106773015,100.0,14.99248569555201,-0.4747343137675874,0.0
9.0,137.6019227414984,-4.9863555630143725,100.0,14.992661853231251,-0.4691380976476675,0.0
9.1,139.1311818621549,-5.033920385082829,100.0,14.992835197767052,-0.4635652409288802,0.0
9.200000000000001,140.66045852955008,-5.080918066897447,100.0,14.993005690203079,-0.4580178746927423,0.0
9.3,142.189752451963,-5.127351312916804,100.0,14.99317329857815,-0.45249799867319224,0.0
9.4,143.71906333468038,-5.173223025022571,100.0,14.993337997486138,-0.447007486669282,0.0
9.5,145.24839088064613,-5.218536289946387,100.0,14.993499767653935,-0.4415480917877169,0.0
9.600000000000001,146.7777347910686,-5.263294367222812,100.0,14.993658595537164,-0.4361214515184023,0.0
9.700000000000001,148.30709476598784,-5.307500677651506,100.0,14.993814472933435,-0.43072909264621495,0.0
9.8,149.83647050480397,-5.351158792252089,100.0,14.993967396612863,-0.4253724360022682,0.0
9.9,151.36586170676907,-5.394272421695489,100.0,14.994117367965458,-0.4200528010579762,0.0
10.0,152.89526807144367,-5.4368454061959035,100.0,14.994264392665071,-0.4147714103652625,0.0
10.100000000000001,154.42468929911993,-5.478881705847859,100.0,14.994408480349465,-0.40952939384628184,0.0
10.200000000000001,155.95412509121286,-5.520385391393198,100.0,14.99454964431608,-0.4043277929360476,0.0
10.3,157.48357515062133,-5.561360635403163,100.0,14.994687901233096,-0.39916756458137004,0.0
10.4,159.0130391820603,-5.601811703861089,100.0,14.994823270865279,-0.3940495850995208,0.0
10.5,160.5425168923657,-5.64174294813159,100.0,14.994955775814189,-0.3889746539000388,0.0
10.600000000000001,162.07200799077356,-5.681158797302437,100.0,14.995085441272261,-0.38394349707309205,0.0
10.700000000000001,163.60151218917454,-5.720063750885708,100.0,14.99521229479025,-0.37895677084779933,0.0
10.8,165.1310292023456,-5.758462371865108,100.0,14.995336366057614,-0.37401506492390363,0.0
10.9,166.66055874815942,-5.796359280076729,100.0,14.99545768669531,-0.3691189056801681,0.0
11.0,168.1901005477737,-5.8337591459108324,100.0,14.995576290060516,-0.36426875926284447,0.0
11.100000000000001,169.7196543258007,-5.870666684322613,100.0,14.995692211062833,-0.35946503455753553,0.0
11.200000000000001,171.24921981045856,-5.907086649140197,100.0,14.995805485991488,-0.3547080860477421,0.0
11.3,172.77879673370566,-5.943023827658513,100.0,14.995916152353029,-0.3499982165633484,0.0
11.4,174.30838483135867,-5.978483035507943,100.0,14.996024248719145,-0.34533567992226444,0.0
11.5,175.8379838431956,-6.0134691117870585,100.0,14.996129814584055,-0.34072068346839857,0.0
11.600000000000001,177.36759351304457,-6.0479869144489875,100.0,14.99623289023111,-0.3361533905090919,0.0
11.700000000000001,178.89721358885961,-6.082041315931355,100.0,14.996333516608132,-0.3316339226550978,0.0
11.8,180.42684382278375,-6.115637199019989,100.0,14.996431735211122,-0.32716236206614063,0.0
11.9,181.95648397120087,-6.148779452936928,100.0,14.996527587975873,-0.32273875360503573,0.0
12.0,183.4861337947766,-6.181472969643547,100.0,14.996621117177126,-0.3183631069033,0.0
12.100000000000001,185.01579305848946,-6.213722640349932,100.0,14.996712365334902,-0.3140353983411274,0.0
12.200000000000001,186.54546153165248,-6.245533352221909,100.0,14.996801375127625,-0.30975557294454736,0.0
12.3,188.0751389879264,-6.276909985277423,100.0,14.996888189311669,-0.3055235462025241,0.0
12.4,189.60482520532491,-6.307857409464241,100.0,14.99697285064702,-0.3013392058067004,0.0
12.5,191.13451996621237,-6.338380481911227,100.0,14.997055401828684,-0.29720241331642566,0.0
12.600000000000001,192.66422305729495,-6.368484044345711,100.0,14.997135885423564,-0.29311300575165083,0.0
12.700000000000001,194.19393426960548,-6.398172920669698,100.0,14.997214343812475,-0.2890707971162099,0.0
12.8,195.72365339848247,-6.427451914687981,100.0,14.997290819137001,-0.28507557985394877,0.0
12.9,197.25338024354411,-6.456325807981404,100.0,14.997365353250949,-0.2811271262400985,0.0
13.0,198.78311460865726,-6.484799357918804,100.0,14.997437987676099,-0.27722518971023224,0.0
13.100000000000001,200.31285630190226,-6.512877295801378,100.0,14.997508763561992,-0.27336950612907923,0.0
13.200000000000001,201.84260513553366,-6.540564325133465,100.0,14.997577721649545,-0.26955979500141336,0.0
13.3,203.3723609259375,-6.567865120013938,100.0,14.997644902238239,-0.26579576062716964,0.0
13.4,204.90212349358524,-6.594784323642622,100.0,14.997710345156635,-0.2620770932028821,0.0
13.5,206.43189266298498,-6.621326546936383,100.0,14.997774089736064,-0.2584034698714787,0.0
13.600000000000001,207.96166826262987,-6.647496367249711,100.0,14.997836174787228,-0.2547745557224085,0.0
13.700000000000001,209.49145012494452,-6.673298327194829,100.0,14.997896638579581,-0.2511900047440163,0.0
13.8,211.02123808622912,-6.698736933556572,100.0,14.997955518823227,-0.24764946073002603,0.0
13.9,212.55103198660206,-6.723816656297416,100.0,14.998012852653272,-0.24415255814193335,0.0
14.0,214.08083166994086,-6.74854192764829,100.0,14.998068676616358,-0.24069892292905443,0.0
14.100000000000001,215.61063698382185,-6.772917141280907,100.0,14.998123026659307,-0.2372881733079218,0.0
14.200000000000001,217.14044777945884,-6.7969466515575645,100.0,14.998175938119678,-0.23391992050266336,0.0
14.3,218.6702639116408,-6.82063477285453,100.0,14.998227445718104,-0.23059376944794915,0.0
14.4,220.20008523866886,-6.8439857789552425,100.0,14.998277583552333,-0.2273093194560367,0.0
14.5,221.72991162229275,-6.86700390250978,100.0,14.998326385092762,-0.22406616484939537,0.0
14.600000000000001,223.2597429276468,-6.889693334557128,100.0,14.998373883179399,-0.2208638955603402,0.0
14.700000000000001,224.7895790231858,-6.912058224106971,100.0,14.99842011002017,-0.21770209769905685,0.0
14.8,226.3194197806206,-6.934102677777849,100.0,14.998465097190381,-0.21458035409135073,0.0
14.9,227.8492650748537,-6.9558307594886575,100.0,14.998508875633332,-0.21149824478740836,0.0
15.0,229.37911478391504,-6.977246490200594,100.0,14.998551475661934,-0.20845534754281173,0.0
15.100000000000001,230.90896878889797,-6.9983538477067935,100.0,14.998592926961251,-0.20545123827300296,0.0
15.200000000000001,232.43882697389532,-7.019156766466994,100.0,14.998633258591903,-0.20248549148235384,0.0
15.3,233.96868922593612,-7.039659137484705,100.0,14.998672498994239,-0.19955768066895146,0.0
15.4,235.4985554349226,-7.059864808224461,100.0,14.998710675993213,-0.19666737870617168,0.0
15.5,237.02842549356774,-7.079777582566833,100.0,14.998747816803922,-0.19381415820207132,0.0
15.600000000000001,238.55829929733343,-7.099401220799007,100.0,14.99878394803766,-0.1909975918375916,0.0
15.700000000000001,240.08817674436924,-7.118739439638797,100.0,14.998819095708566,-0.1882172526845286,0.0
15.8,241.61805773545186,-7.137795912290092,100.0,14.998853285240656,-0.18547271450418842,0.0
15.9,243.14794217392537,-7.156574268527807,100.0,14.998886541475345,-0.18276355202761196,0.0
16.0,244.67782996564213,-7.175078094810497,100.0,14.998918888679265,-0.18008934121821665,0.0
16.1,246.20772101890466,-7.193310934418897,100.0,14.998950350552436,-0.1774496595176727,0.0
16.2,247.73761524440818,-7.211276287618699,100.0,14.99898095023673,-0.17484408607579704,0.0
16.3,249.26751255518414,-7.228977611845997,100.0,14.999010710324534,-0.1722722019652177,0.0
16.400000000000002,250.79741286654465,-7.246418321913864,100.0,14.999039652867655,-0.16973359038153155,0.0
16.5,252.32731609602772,-7.263601790238631,100.0,14.999067799386378,-0.1672278368296491,0.0
16.6,253.85722216334347,-7.28053134708449,100.0,14.99909517087868,-0.16475452929699166,0.0
16.7,255.38713099032137,-7.297210280825105,100.0,14.999121787829544,-0.16231325841417923,0.0
16.8,256.9170425008583,-7.313641838221006,100.0,14.999147670220372,-0.15990361760382144,0.0
16.900000000000002,258.4469566208677,-7.329829224711557,100.0,14.999172837538445,-0.1575252032179978,0.0
17.0,259.9768732782294,-7.3457756047204,100.0,14.999197308786457,-0.15517761466499047,0.0
17.1,261.5067924027409,-7.361484101973286,100.0,14.999221102492028,-0.15286045452580735,0.0
17.2,263.0367139260693,-7.376957799827291,100.0,14.99924423671726,-0.15057332866101195,0.0
17.3,264.566637781704,-7.3921997416104475,100.0,14.999266729068253,-0.14831584630835437,0.0
17.400000000000002,266.096563904911,-7.407212930970883,100.0,14.999288596704599,-0.14608762017167568,0.0
17.5,267.6264922326875,-7.422000332234591,100.0,14.99930985634883,-0.143888266501539,0.0
17.6,269.15642270371785,-7.436564870771022,100.0,14.999330524295823,-0.14171740516801984,0.0
17.7,270.68635525833037,-7.450909433365714,100.0,14.999350616422113,-0.1395746597260701,0.0
17.8,272.21628983845494,-7.46503686859922,100.0,14.999370148195128,-0.13745965747385147,0.0
17.900000000000002,273.746226387582,-7.478949987231636,100.0,14.99938913468238,-0.13537202950441743,0.0
18.0,275.27616485072184,-7.492651562592086,100.0,14.999407590560487,-0.13331141075110453,0.0
18.1,276.80610517436526,-7.506144330972512,100.0,14.999425530124144,-0.13127744002697958,0.0
18.2,278.336047306445,-7.519430992025205,100.0,14.999442967294966,-0.1292697600586724,0.0
18.3,279.86599119629807,-7.532514209163503,100.0,14.999459915630199,-0.12728801751490917,0.0
18.400000000000002,281.39593679462905,-7.545396609965152,100.0,14.999476388331342,-0.12533186303004748,0.0
18.5,282.925884053474,-7.558080786577805,100.0,14.99949239825259,-0.12340095122290003,0.0
18.6,284.45583292616556,-7.570569296126222,100.0,14.999507957909206,-0.12149494071112116,0.0
18.7,285.9857833672986,-7.582864661120718,100.0,14.999523079485696,-0.11961349412141686,0.0
18.8,287.515735332697,-7.5949693698664404,100.0,14.999537774843898,-0.11775627809582803,0.0
18.900000000000002,289.0456887793809,-7.606885876873106,100.0,14.999552055530893,-0.11592296329432358,0.0
19.0,290.5756436655351,-7.618616603264812,100.0,14.999565932786803,-0.11411322439393035,0.0
19.1,292.10559995047805,-7.630163937189594,100.0,14.999579417552411,-0.11232674008461464,0.0
19.200000000000003,293.6355575946315,-7.641530234228405,100.0,14.99959252047668,-0.11056319306212117,0.0
19.3,295.1655165594913,-7.652717817803214,100.0,14.99960525192407,-0.10882227001796409,0.0
19.400000000000002,296.6954768075985,-7.663728979583942,100.0,14.999617621981773,-0.10710366162675655,0.0
19.5,298.22543830251135,-7.674565979893986,100.0,14.999629640466745,-0.10540706253105533,0.0
19.6,299.7554010087783,-7.685231048114062,100.0,14.99964131693263,-0.10373217132388879,0.0
19.700000000000003,301.28536489191106,-7.695726383084165,100.0,14.999652660676508,-0.10207869052912788,0.0
19.8,302.8153299183591,-7.706054153503415,100.0,14.999663680745531,-0.10044632657985257,0.0
19.900000000000002,304.34529605548414,-7.716216498327606,100.0,14.99967438594339,-0.09883478979485746,0.0
20.0,305.87526327153574,-7.726215527164258,100.0,14.999684784836639,-0.09724379435343421,0.0
20.1,307.40523153562737,-7.736053320665024,100.0,14.999694885760896,-0.0956730582685605,0.0
20.200000000000003,308.935200817713,-7.745731930915281,100.0,14.999704696826882,-0.09412230335861933,0.0
20.3,310.4651710885646,-7.755253381820762,100.0,14.999714225926345,-0.09259125521776561,0.0
20.400000000000002,311.9951423197499,-7.76461966949111,100.0,14.999723480737812,-0.09107964318505102,0.0
20.5,313.525114483611,-7.773832762620213,100.0,14.99973246873224,-0.08958720031241275,0.0
20.6,315.0550875532433,-7.782894602863222,100.0,14.999741197178512,-0.08811366333162546,0.0
20.700000000000003,316.5850615024753,-7.791807105210157,100.0,14.999749673148814,-0.08665877262031108,0.0
20.8,318.11503630584855,-7.80057215835599,100.0,14.999757903523866,-0.08522227216709577,0.0
20.900000000000002,319.64501193859854,-7.809191625067138,100.0,14.999765894998044,-0.08380390953599864,0.0
21.0,321.1749883766358,-7.817667342544288,100.0,14.999773654084365,-0.082403435830132,0.0
21.1,322.70496559652753,-7.826001122781491,100.0,14.999781187119343,-0.08102060565478884,0.0
21.200000000000003,324.23494357548003,-7.834194752921454,100.0,14.99978850026774,-0.07965517707998887,0.0
21.3,325.7649222913212,-7.842249995606991,100.0,14.99979559952719,-0.07830691160255034,0.0
21.400000000000002,327.29490172248376,-7.850168589328586,100.0,14.999802490732694,-0.0769755741077513,0.0
21.5,328.82488184798876,-7.857952248768022,100.0,14.999809179561025,-0.07566093283064017,0.0
21.6,330.35486264742974,-7.865602665138052,100.0,14.999815671534993,-0.07436275931705197,0.0
21.700000000000003,331.8848441009572,-7.873121506518079,100.0,14.999821972027622,-0.07308082838438347,0.0
21.8,333.41482618926335,-7.880510418185825,100.0,14.999828086266218,-0.07181491808217717,0.0
21.900000000000002,334.9448088935676,-7.887771022944969,100.0,14.999834019336303,-0.07056480965256103,0.0
22.0,336.4747921956021,-7.894904921448752,100.0,14.999839776185494,-0.06933028749058828,0.0
22.1,338.00477607759797,-7.901913692519523,100.0,14.999845361627228,-0.06811113910451862,0.0
22.200000000000003,339.5347605222717,-7.9087988934642395,100.0,14.999850780344438,-0.0669071550760797,0.0
22.3,341.064745512812,-7.915562060385915,100.0,14.999856036893087,-0.06571812902074511,0.0
22.400000000000002,342.59473103286706,-7.922204708491014,100.0,14.99986113570565,-0.06454385754806335,0.0
22.5,344.12471706653196,-7.928728332392805,100.0,14.999866081094469,-0.06338414022206912,0.0
22.6,345.65470359833665,-7.9351344064106835,100.0,14.999870877255033,-0.062238779521806925,0.0
22.700000000000003,347.18469061323424,-7.941424384865472,100.0,14.999875528269177,-0.06110758080199493,0.0
22.8,348.71467809658935,-7.947599702370721,100.0,14.999880038108186,-0.059990352253854365,0.0
22.900000000000002,350.2446660341671,-7.953661774120016,100.0,14.999884410635813,-0.05888690486612894,0.0
23.0,351.7746544121223,-7.959611996170331,100.0,14.999888649611218,-0.05779705238631643,0.0
23.1,353.3046432169887,-7.965451745721426,100.0,14.999892758691836,-0.056720611282133036,0.0
23.200000000000003,354.83463243566905,-7.971182381391337,100.0,14.999896741436155,-0.05565740070322979,0.0
23.3,356.36462205542483,-7.976805243487971,100.0,14.999900601306424,-0.054607242443178536,0.0
23.400000000000002,357.89461206386665,-7.982321654276838,100.0,14.999904341671282,-0.05356996090174389,0.0
23.5,359.4246024489449,-7.98773291824495,100.0,14.999907965808337,-0.0525453830474561,0.0
23.6,360.9545931989405,-7.993040322360919,100.0,14.999911476906634,-0.05153333838049845,0.0
23.700000000000003,362.4845843024558,-7.998245136331288,100.0,14.999914878069093,-0.05053365889592191,0.0
23.8,364.01457574840634,-8.003348612853124,100.0,14.999918172314867,-0.049546179047198366,0.0
23.900000000000002,365.5445675260119,-8.008351987862913,100.0,14.999921362581624,-0.04857073571012282,0.0
24.0,367.0745596247886,-8.01325648078179,100.0,14.999924451727782,-0.0476071681470739,0.0
24.1,368.6045520345408,-8.018063294757148,100.0,14.999927442534679,-0.046655317971641304,0.0
24.200000000000003,370.13454474535337,-8.02277361690065,100.0,14.999930337708676,-0.04571502911362749,0.0
24.3,371.66453774758406,-8.027388618522696,100.0,14.999933139883211,-0.04478614778443043,0.0
24.400000000000002,373.19453103185623,-8.03190945536338,100.0,14.999935851620789,-0.04386852244281348,0.0
24.5,374.72452458905167,-8.036337267819967,100.0,14.99993847541492,-0.042962003761067256,0.0
24.6,376.25451841030355,-8.04067318117095,100.0,14.999941013692,-0.04206644459156825,0.0
24.700000000000003,377.78451248698985,-8.044918305796715,100.0,14.99994346881316,-0.0411816999337379,0.0
24.8,379.31450681072664,-8.049073737396848,100.0,14.999945843076022,-0.04030762690140528,0.0
24.900000000000002,380.8445013733617,-8.05314055720414,100.0,14.999948138716444,-0.039444084690576,0.0
25.0,382.37449616696824,-8.057119832195326,100.0,14.999950357910214,-0.0385909345476095,0.0
25.1,383.90449118383896,-8.061012615298601,100.0,14.999952502774667,-0.037748039737806036,0.0
25.200000000000003,385.43448641648,-8.064819945597945,100.0,14.999954575370285,-0.0369152655144047,0.0
25.3,386.96448185760545,-8.068542848534314,100.0,14.999956577702259,-0.03609247908799286,0.0
25.400000000000002,388.4944775001315,-8.072182336103733,100.0,14.99995851172197,-0.035279549596327196,0.0
25.5,390.02447333717123,-8.075739407052327,100.0,14.999960379328455,-0.034476348074566225,0.0
25.6,391.5544693620292,-8.079215047068336,100.0,14.999962182369856,-0.0336827474259137,0.0
25.700000000000003,393.08446556819626,-8.082610228971166,100.0,14.999963922644769,-0.03289862239267178,0.0
25.8,394.61446194934484,-8.085925912897496,100.0,14.99996560190361,-0.032123849527702926,0.0
25.900000000000002,396.1444584993238,-8.089163046484506,100.0,14.999967221849909,-0.031358307166298775,0.0
26.0,397.67445521215376,-8.09232256505025,100.0,14.999968784141588,-0.030601875398454197,0.0
26.1,399.20445208202267,-8.095405391771223,100.0,14.9999702903922,-0.02985443604154456,0.0
26.200000000000003,400.7344491032811,-8.098412437857167,100.0,14.999971742172114,-0.029115872613403548,0.0
26.3,402.26444627043816,-8.101344602723138,100.0,14.999973141009706,-0.02838607030579932,0.0
26.400000000000002,403.79444357815686,-8.104202774158907,100.0,14.999974488392471,-0.027664915958305926,0.0
26.5,405.32444102125044,-8.106987828495697,100.0,14.999975785768147,-0.026952298032567226,0.0
26.6,406.854438594678,-8.109700630770334,100.0,14.999977034545774,-0.026248106586950013,0.0
26.700000000000003,408.3844362935409,-8.112342034886812,100.0,14.999978236096739,-0.02555223325158314,0.0
26.8,409.9144341130787,-8.11491288377535,100.0,14.999979391755804,-0.024864571203779193,0.0
26.900000000000002,411.4444320486656,-8.117414009548954,100.0,14.999980502822078,-0.024185015143835004,0.0
27.0,412.97443009580684,-8.11984623365752,100.0,14.99998157055998,-0.02351346127120752,0.0
27.1,414.50442825013516,-8.122210367039553,100.0,14.999982596200173,-0.02284980726106104,0.0
27.200000000000003,416.0344265074075,-8.12450721027148,100.0,14.999983580940478,-0.022193952241181918,0.0
27.3,417.5644248635015,-8.12673755371465,100.0,14.999984525946738,-0.021545796769256845,0.0
27.400000000000002,419.09442331441244,-8.12890217766003,100.0,14.999985432353695,-0.02090524281051056,0.0
27.5,420.6244218562501,-8.131001852470634,100.0,14.99998630126581,-0.020272193715698782,0.0
27.6,422.1544204852355,-8.133037338721726,100.0,14.999987133758086,-0.019646554199452316,0.0
27.700000000000003,423.6844191976982,-8.135009387338835,100.0,14.999987930876843,-0.01902823031896788,0.0
27.8,425.2144179900733,-8.136918739733614,100.0,14.999988693640496,-0.018417129453041536,0.0
27.900000000000002,426.7444168588985,-8.13876612793758,100.0,14.999989423040297,-0.017813160281440234,0.0
28.0,428.2744158008116,-8.140552274733752,100.0,14.999990120041058,-0.017216232764607167,0.0
28.1,429.80441481254763,-8.142277893786263,100.0,14.999990785581863,-0.016626258123696572,0.0
28.200000000000003,431.33441389093645,-8.14394368976793,100.0,14.999991420576743,-0.01604314882093345,0.0
28.3,432.8644130328999,-8.145550358485842,100.0,14.999992025915356,-0.015466818540293862,0.0
28.400000000000002,434.39441223544975,-8.147098587005,100.0,14.999992602463623,-0.014897182168501394,0.0
28.5,435.924411495685,-8.148589053770033,100.0,14.999993151064375,-0.014334155776335246,0.0
28.6,437.4544108107897,-8.150022428725016,100.0,14.999993672537952,-0.013777656600245568,0.0
28.700000000000003,438.98441017803054,-8.151399373431437,100.0,14.999994167682807,-0.013227603024271619,0.0
28.8,440.5144095947549,-8.152720541184332,100.0,14.999994637276089,-0.012683914562258322,0.0
28.900000000000002,442.0444090583884,-8.153986577126618,100.0,14.999995082074197,-0.012146511840366771,0.0
29.0,443.574408566433,-8.155198118361666,100.0,14.99999550281335,-0.011615316579874338,0.0
29.1,445.104408116465,-8.156355794064122,100.0,14.999995900210102,-0.011090251580260004,0.0
29.200000000000003,446.6344077061328,-8.15746022558903,100.0,14.999996274961871,-0.010571240702570534,0.0
29.3,448.1644073331552,-8.158512026579261,100.0,14.999996627747443,-0.010058208853063211,0.0
29.400000000000002,449.6944069953196,-8.159511803071295,100.0,14.999996959227465,-0.009551081967120833,0.0
29.5,451.2244066904798,-8.160460153599374,100.0,14.99999727004493,-0.00904978699343467,0.0
29.6,452.7544064165546,-8.161357669298058,100.0,14.99999756082563,-0.008554251878451213,0.0
29.700000000000003,454.2844061715259,-8.1622049340032,100.0,14.999997832178613,-0.008064405551078437,0.0
29.8,455.814405953437,-8.163002524351384,100.0,14.99999808469664,-0.007580177907647546,0.0
29.900000000000002,457.344405760391,-8.16375100987784,100.0,14.999998318956594,-0.00710149979712594,0.0
30.0,458.8744055905491,-8.164450953112855,100.0,14.999998535519905,-0.006628303006577412,0.0
30.1,460.4044054421292,-8.165102909676722,100.0,14.999998734932955,-0.006160520246865529,0.0
30.200000000000003,461.9344053134043,-8.165707428373247,100.0,14.999998917727485,-0.005698085138596174,0.0
30.3,463.464405202701,-8.166265051281817,100.0,14.999999084420962,-0.0052409321982953136,0.0
30.400000000000002,464.99440510839815,-8.16677631384809,100.0,14.99999923551696,-0.004788996824818091,0.0
30.5,466.52440502892534,-8.167241744973298,100.0,14.999999371505535,-0.004342215285985364,0.0
30.6,468.05440496276157,-8.167661867102208,100.0,14.999999492863559,-0.0039005247054438876,0.0
30.700000000000003,469.5844049084339,-8.168037196309738,100.0,14.999999600055089,-0.0034638630497463864,0.0
30.8,471.1144048645163,-8.168368242386286,100.0,14.999999693531679,-0.003032169115647744,0.0
30.900000000000002,472.6444048296282,-8.168655508921763,100.0,14.99999977373273,-0.0026053825176137165,0.0
31.0,474.1744048024333,-8.168899493388357,100.0,14.99999984108579,-0.002183443675538466,0.0
31.1,475.7044047816385,-8.169100687222077,100.0,14.999999896006871,-0.0017662938026674015,0.0
31.200000000000003,477.2344047659927,-8.169259575903048,100.0,14.999999938900759,-0.0013538748937217634,0.0
31.3,478.7644047542854,-8.169376639034622,100.0,14.999999970161285,-0.0009461297132214877,0.0
31.400000000000002,480.29440474534607,-8.169452350421308,100.0,14.999999990171636,-0.000543001784002948,0.0
31.5,481.8244047380427,-8.16948717814553,100.0,14.999999999304615,-0.0001444353759281407,0.0
31.6,483.35440473128085,-8.169481584643258,100.0,14.99999999792292,0.00024962450521797536,0.0
31.700000000000003,484.88440472400276,-8.169436026778495,100.0,14.999999986379411,0.000639232128645246,0.0
31.8,486.4144047151861,-8.169350955916688,100.0,14.99999996501735,0.0010244410492944703,0.0
31.900000000000002,487.9444047038433,-8.169226817997027,100.0,14.99999993417068,0.0014053041183950824,0.0
32.0,489.4744046890204,-8.169064053603691,100.0,14.999999894164228,0.0017818734938475093,0.0
32.1,491.00440466979614,-8.168863098036038,100.0,14.999999845313985,0.0021542006504332687,0.0
32.2,492.53440464528126,-8.168624381377766,100.0,14.999999787927305,0.002522336389855856,0.0
32.300000000000004,494.06440461461733,-8.168348328565058,100.0,14.999999722303139,0.0028863308506154096,0.0
32.4,495.59440457697616,-8.16803535945372,100.0,14.999999648732262,0.003246233517720068,0.0
32.5,497.1244045315589,-8.167685888885352,100.0,14.99999956749747,0.003602093232236942,0.0
32.6,498.65440447759516,-8.167300326752539,100.0,14.999999478873809,0.003953958200685509,0.0
32.7,500.18440441434234,-8.1668790780631,100.0,14.999999383128749,0.0043018760042762335,0.0
32.800000000000004,501.71440434108473,-8.1664225430034,100.0,14.999999280522403,0.004645893607997199,0.0
32.9,503.2444042571329,-8.165931117000737,100.0,14.999999171307707,0.004986057369551386,0.0
33.0,504.7744041618228,-8.165405190784842,100.0,14.999999055730614,0.005322413048147315,0.0
33.1,506.30440405451543,-8.164845150448468,100.0,14.999998934030272,0.005655005813145624,0.0
33.2,507.8344039345957,-8.164251377507119,100.0,14.99999880643919,0.005983880252564184,0.0
33.300000000000004,509.364403801472,-8.163624248957918,100.0,14.999998673183432,0.006309080381444226,0.0
33.4,510.89440365457557,-8.162964137337617,100.0,14.999998534482767,0.00663064965008001,0.0
33.5,512.4244034933597,-8.162271410779793,100.0,14.999998390550845,0.006948630952114436,0.0
33.6,513.9544033172994,-8.161546433071205,100.0,14.999998241595334,0.007263066632502985,0.0
33.7,515.4844031258904,-8.160789563707363,100.0,14.999998087818106,0.007573998495348409,0.0
33.800000000000004,517.0144029186488,-8.160001157947292,100.0,14.999997929415361,0.007881467811608374,0.0
33.9,518.5444026951106,-8.159181566867524,100.0,14.999997766577794,0.008185515326678394,0.0
34.0,520.0744024548312,-8.158331137415315,100.0,14.999997599490726,0.00848618126785229,0.0
34.1,521.6044021973843,-8.15745021246112,100.0,14.999997428334236,0.008783505351662281,0.0
34.2,523.1344019223618,-8.156539130850309,100.0,14.999997253283325,0.009077526791100991,0.0
34.300000000000004,524.6644016293734,-8.155598227454165,100.0,14.999997074508023,0.009368284302727342,0.0
34.4,526.194401318046,-8.154627833220161,100.0,14.999996892173517,0.009655816113658476,0.0
34.5,527.7244009880229,-8.153628275221521,100.0,14.999996706440298,0.009940159968449755,0.0
34.6,529.2544006389638,-8.152599876706102,100.0,14.999996517464265,0.010221353135864778,0.0
34.7,530.7844002705441,-8.151542957144567,100.0,14.999996325396848,0.010499432415537446,0.0
34.800000000000004,532.3143998824542,-8.150457832277908,100.0,14.99999613038513,0.010774434144527898,0.0
34.9,533.8443994743996,-8.149344814164293,100.0,14.999995932571952,0.011046394203774325,0.0
35.0,535.3743990461,-8.148204211225258,100.0,14.999995732096028,0.011315348024442435,0.0
35.1,536.9043985972894,-8.147036328291264,100.0,14.999995529092056,0.011581330594174412,0.0
35.2,538.434398127715,-8.145841466646623,100.0,14.999995323690811,0.011844376463239154,0.0
35.300000000000004,539.9643976371374,-8.144619924073785,100.0,14.99999511601926,0.012104519750585548,0.0
35.4,541.4943971253299,-8.143371994897041,100.0,14.99999490620065,0.012361794149800483,0.0
35.5,543.0243965920782,-8.142097970025594,100.0,14.999994694354612,0.012616232934973333,0.0
35.6,544.5543960371803,-8.140798136996054,100.0,14.99999448059726,0.0128678689664685,0.0
35.7,546.0843954604454,-8.139472780014344,100.0,14.999994265041266,0.013116734696607698,0.0
35.800000000000004,547.6143948616946,-8.138122179997035,100.0,14.999994047795967,0.013362862175263552,0.0
35.9,549.1443942407595,-8.136746614612104,100.0,14.999993828967446,0.013606283055366084,0.0
36.0,550.674393597483,-8.135346358319147,100.0,14.999993608658606,0.013847028598323593,0.0
36.1,552.2043929317177,-8.13392168240904,100.0,14.999993386969274,0.014085129679359489,0.0
36.2,553.7343922433269,-8.132472855043053,100.0,14.999993163996264,0.0143206167927665,0.0
36.300000000000004,555.2643915321829,-8.131000141291443,100.0,14.999992939833469,0.014553520057079742,0.0
36.4,556.7943907981683,-8.129503803171513,100.0,14.999992714571926,0.014783869220170078,0.0
36.5,558.3243900411742,-8.127984099685165,100.0,14.999992488299895,0.015011693664259121,0.0
36.6,559.8543892611009,-8.12644128685594,100.0,14.999992261102937,0.015237022410857299,0.0
36.7,561.3843884578573,-8.124875617765555,100.0,14.999992033063977,0.01545988412562629,0.0
36.800000000000004,562.9143876313606,-8.123287342589963,100.0,14.999991804263379,0.01568030712316719,0.0
36.9,564.444386781536,-8.121676708634904,100.0,14.999991574779006,0.01589831937173562,0.0
37.0,565.9743859083167,-8.120043960371003,100.0,14.999991344686297,0.016113948497885156,0.0
37.1,567.5043850116434,-8.118389339468381,100.0,14.999991114058322,0.01632722179104025,0.0
37.2,569.0343840914644,-8.116713084830813,100.0,14.999990882965845,0.016538166207999853,0.0
37.300000000000004,570.5643831477347,-8.115015432629425,100.0,14.999990651477392,0.01674680837737302,0.0
37.4,572.0943821804166,-8.113296616335944,100.0,14.999990419659303,0.016953174603947588,0.0
37.5,573.6243811894786,-8.111556866755505,100.0,14.999990187575788,0.0171572908729931,0.0
37.6,575.1543801748962,-8.109796412059024,100.0,14.99998995528899,0.017359182854499156,0.0
37.7,576.6843791366509,-8.108015477815142,100.0,14.999989722859041,0.017558875907350238,0.0
37.800000000000004,578.2143780747302,-8.106214287021741,100.0,14.999989490344108,0.017756395083438122,0.0
37.9,579.7443769891275,-8.104393060137053,100.0,14.999989257800443,0.01795176513171296,0.0
38.0,581.274375879842,-8.10255201511035,100.0,14.999989025282447,0.018145010502174066,0.0
38.1,582.804374746878,-8.100691367412237,100.0,14.999988792842712,0.018336155349801417,0.0
38.2,584.3343735902456,-8.09881133006454,100.0,14.999988560532067,0.018525223538428913,0.0
38.300000000000004,585.8643724099596,-8.096912113669811,100.0,14.999988328399622,0.018712238644560366,0.0
38.400000000000006,587.3943712060401,-8.094993926440436,100.0,14.999988096492828,0.018897223961129174,0.0
38.5,588.9243699785115,-8.093056974227371,100.0,14.999987864857507,0.01908020250120267,0.0
38.6,590.4543687274033,-8.091101460548503,100.0,14.999987633537904,0.019261197001632046,0.0
38.7,591.9843674527491,-8.089127586616627,100.0,14.999987402576723,0.019440229926648806,0.0
38.800000000000004,593.5143661545869,-8.087135551367084,100.0,14.999987172015175,0.01961732347140858,0.0
38.900000000000006,595.044364832959,-8.085125551485017,100.0,14.999986941893013,0.019792499565483273,0.0
39.0,596.5743634879115,-8.08309778143229,100.0,14.999986712248578,0.01996577987630233,0.0
39.1,598.1043621194942,-8.081052433474042,100.0,14.999986483118828,0.020137185812544048,0.0
39.2,599.6343607277612,-8.078989697704914,100.0,14.999986254539381,0.02030673852747767,0.0
39.300000000000004,601.1643593127695,-8.076909762074928,100.0,14.999986026544553,0.02047445892225718,0.0
39.400000000000006,602.6943578745801,-8.074812812415038,100.0,14.999985799167389,0.02064036764916754,0.0
39.5,604.2243564132568,-8.072699032462348,100.0,14.9999855724397,0.02080448511482417,0.0
39.6,605.7543549288672,-8.070568603885,100.0,14.999985346392094,0.02096683148332645,0.0
39.7,607.2843534214815,-8.068421706306767,100.0,14.999985121054017,0.02112742667936601,0.0
39.800000000000004,608.8143518911728,-8.066258517331296,100.0,14.999984896453775,0.02128629039129053,0.0
39.900000000000006,610.3443503380175,-8.06407921256607,100.0,14.999984672618568,0.02144344207412379,0.0
40.0,611.8743487620944,-8.061883965646048,100.0,14.999984449574528,0.021598900952542688,0.0
40.1,613.404347163485,-8.059672948257019,100.0,14.999984227346731,0.02175268602381195,0.0
40.2,614.9343455422733,-8.057446330158632,100.0,14.999984005959252,0.021904816060677193,0.0
40.300000000000004,616.4643438985457,-8.055204279207162,100.0,14.999983785435163,0.022055309614217027,0.0
40.400000000000006,617.9943422323911,-8.052946961377973,100.0,14.999983565796589,0.022204185016654845,0.0
40.5,619.5243405439003,-8.050674540787695,100.0,14.999983347064713,0.022351460384131022,0.0
40.6,621.0543388331664,-8.048387179716123,100.0,14.999983129259814,0.02249715361943605,0.0
40.7,622.5843371002846,-8.046085038627846,100.0,14.999982912401288,0.022641282414705373,0.0
40.800000000000004,624.114335345352,-8.043768276193587,100.0,14.999982696507674,0.02278386425407641,0.0
40.900000000000006,625.6443335684673,-8.041437049311291,100.0,14.99998248159668,0.022924916416308446,0.0
41.0,627.1743317697315,-8.039091513126937,100.0,14.999982267685201,0.023064455977365974,0.0
41.1,628.7043299492467,-8.036731821055092,100.0,14.999982054789347,0.02320249981296609,0.0
41.2,630.2343281071171,-8.034358124799205,100.0,14.999981842924461,0.02333906460109045,0.0
41.300000000000004,631.7643262434482,-8.031970574371654,100.0,14.99998163210515,0.023474166824462434,0.0
41.400000000000006,633.2943243583469,-8.029569318113527,100.0,14.999981422345293,0.023607822772989995,0.0
41.5,634.8243224519216,-8.027154502714172,100.0,14.99998121365807,0.023740048546174803,0.0
41.6,636.3543205242821,-8.024726273230494,100.0,14.99998100605598,0.023870860055488163,0.0
41.7,637.8843185755393,-8.02228477310601,100.0,14.999980799550867,0.02400027302671427,0.0
41.800000000000004,639.4143166058053,-8.019830144189676,100.0,14.99998059415392,0.02412830300226124,0.0
41.900000000000006,640.9443146151934,-8.017362526754464,100.0,14.999980389875722,0.024254965343440602,0.0
42.0,642.4743126038179,-8.014882059515731,100.0,14.999980186726235,0.024380275232715447,0.0
42.1,644.004310571794,-8.012388879649333,100.0,14.999979984714841,0.024504247675918054,0.0
42.2,645.534308519238,-8.009883122809539,100.0,14.999979783850353,0.024626897504437226,0.0
42.300000000000004,647.0643064462671,-8.007364923146707,100.0,14.99997958414103,0.0247482393773759,0.0
42.400000000000006,648.5943043529991,-8.00483441332475,100.0,14.999979385594592,0.0248682877836795,0.0
42.5,650.1243022395528,-8.002291724538381,100.0,14.999979188218237,0.024987057044235445,0.0
42.6,651.6543001060475,-7.999736986530153,100.0,14.999978992018663,0.025104561313944326,0.0
42.7,653.1842979526033,-7.997170327607279,100.0,14.999978797002072,0.025220814583763053,0.0
42.800000000000004,654.714295779341,-7.994591874658251,100.0,14.999978603174192,0.02533583068272059,0.0
42.900000000000006,656.2442935863818,-7.992001753169258,100.0,14.999978410540294,0.02544962327990653,0.0
43.0,657.7742913738474,-7.989400087240391,100.0,14.999978219105193,0.025562205886432997,0.0
43.1,659.3042891418601,-7.986786999601665,100.0,14.99997802887328,0.025673591857370323,0.0
43.2,660.8342868905426,-7.9841626116288325,100.0,14.999977839848519,0.02578379439365679,0.0
43.300000000000004,662.3642846200179,-7.981527043359007,100.0,14.99997765203447,0.025892826543982925,0.0
43.400000000000006,663.8942823304095,-7.978880413506097,100.0,14.999977465434299,0.026000701206650705,0.0
43.5,665.4242800218411,-7.976222839476053,100.0,14.999977280050784,0.026107431131408017,0.0
43.6,666.9542776944368,-7.973554437381924,100.0,14.999977095886338,0.026213028921258798,0.0
43.7,668.4842753483207,-7.970875322058733,100.0,14.999976912943016,0.0263175070342492,0.0
43.800000000000004,670.0142729836173,-7.968185607078175,100.0,14.999976731222521,0.0264208777852301,0.0
43.900000000000006,671.5442706004511,-7.96548540476313,100.0,14.999976550726222,0.026523153347596373,0.0
44.0,673.0742681989469,-7.962774826202001,100.0,14.999976371455158,0.026624345755003234,0.0
44.1,674.6042657792294,-7.960053981262886,100.0,14.999976193410067,0.02672446690306002,0.0
44.2,676.1342633414237,-7.957322978607569,100.0,14.999976016591361,0.026823528551001667,0.0
44.300000000000004,677.6642608856545,-7.954581925705343,100.0,14.999975840999177,0.02692154232333836,0.0
44.400000000000006,679.1942584120467,-7.951830928846671,100.0,14.999975666633349,0.027018519711483505,0.0
44.5,680.7242559207252,-7.949070093156678,100.0,14.999975493493451,0.027114472075360517,0.0
44.6,682.254253411815,-7.946299522608482,100.0,14.999975321578777,0.027209410644988538,0.0
44.7,683.7842508854407,-7.943519320036359,100.0,14.999975150888377,0.027303346522047616,0.0
44.800000000000004,685.3142483417269,-7.940729587148763,100.0,14.999974981421031,0.027396290681423432,0.0
44.900000000000006,686.8442457807981,-7.937930424541169,100.0,14.999974813175305,0.027488253972732055,0.0
45.0,688.3742432027789,-7.935121931708782,100.0,14.999974646149512,0.027579247121824874,0.0
45.1,689.9042406077932,-7.932304207059078,100.0,14.999974480341752,0.027669280732274083,0.0
45.2,691.4342379959651,-7.9294773479242044,100.0,14.999974315749897,0.027758365286838973,0.0
45.300000000000004,692.9642353674183,-7.926641450573229,100.0,14.999974152371625,0.027846511148913303,0.0
45.400000000000006,694.4942327222763,-7.9237966102242385,100.0,14.999973990204401,0.02793372856395403,0.0
45.5,696.0242300606623,-7.920942921056295,100.0,14.999973829245498,0.02802002766089165,0.0
45.6,697.5542273826993,-7.918080476221254,100.0,14.99997366949201,0.028105418453522473,0.0
45.7,699.0842246885101,-7.915209367855433,100.0,14.999973510940833,0.028189910841882975,0.0
45.800000000000004,700.6142219782167,-7.912329687091146,100.0,14.999973353588713,0.028273514613606644,0.0
45.900000000000006,702.1442192519414,-7.909441524068102,100.0,14.999973197432206,0.02835623944526339,0.0
46.0,703.6742165098057,-7.90654496794466,100.0,14.999973042467719,0.02843809490368194,0.0
46.1,705.2042137519308,-7.90364010690896,100.0,14.9999728886915,0.028519090447255306,0.0
46.2,706.7342109784377,-7.900727028189916,100.0,14.999972736099656,0.028599235427229704,0.0
46.300000000000004,708.2642081894468,-7.897805818068077,100.0,14.999972584688138,0.028678539088977033,0.0
46.400000000000006,709.7942053850782,-7.894876561886364,100.0,14.999972434452767,0.028757010573251238,0.0
46.5,711.3242025654514,-7.891939344060675,100.0,14.999972285389234,0.028834658917428754,0.0
46.6,712.8541997306858,-7.888994248090367,100.0,14.999972137493097,0.02891149305673322,0.0
46.7,714.3841968808999,-7.886041356568615,100.0,14.999971990759796,0.02898752182544474,0.0
46.800000000000004,715.9141940162122,-7.883080751192642,100.0,14.999971845184655,0.0290627539580939,0.0
46.900000000000006,717.4441911367402,-7.880112512773838,100.0,14.999971700762886,0.029137198090640682,0.0
47.0,718.9741882426014,-7.87713672124775,100.0,14.999971557489593,0.029210862761638586,0.0
47.1,720.5041853339125,-7.87415345568396,100.0,14.999971415359774,0.02928375641338408,0.0
47.2,722.0341824107898,-7.871162794295844,100.0,14.99997127436834,0.02935588739305169,0.0
47.300000000000004,723.564179473349,-7.868164814450219,100.0,14.9999711345101,0.029427263953814738,0.0
47.400000000000006,725.0941765217053,-7.86515959267687,100.0,14.999970995779774,0.029497894255952176,0.0
47.5,726.6241735559735,-7.86214720467797,100.0,14.999970858172002,0.02956778636794151,0.0
47.6,728.1541705762676,-7.85912772533739,100.0,14.99997072168134,0.029636948267538057,0.0
47.7,729.6841675827012,-7.856101228729896,100.0,14.999970586302263,0.0297053878428408,0.0
47.800000000000004,731.2141645753874,-7.85306778813024,100.0,14.999970452029185,0.02977311289334494,0.0
47.900000000000006,732.7441615544385,-7.850027476022145,100.0,14.999970318856438,0.029840131130981287,0.0
48.0,734.2741585199664,-7.846980364107181,100.0,14.999970186778292,0.029906450181142845,0.0
48.1,735.8041554720824,-7.843926523313541,100.0,14.999970055788957,0.029972077583698582,0.0
48.2,737.3341524108971,-7.840866023804713,100.0,14.99996992588258,0.03003702079399463,0.0
48.300000000000004,738.8641493365207,-7.837798934988051,100.0,14.999969797053256,0.030101287183843126,0.0
48.400000000000006,740.3941462490625,-7.834725325523244,100.0,14.999969669295027,0.03016488404249879,0.0
48.5,741.9241431486314,-7.831645263330685,100.0,14.99996954260188,0.030227818577623442,0.0
48.6,743.4541400353357,-7.8285588155997505,100.0,14.999969416967764,0.030290097916238646,0.0
48.7,744.9841369092832,-7.82546604879697,100.0,14.999969292386577,0.030351729105666532,0.0
48.800000000000004,746.5141337705807,-7.82236702867411,100.0,14.999969168852184,0.030412719114459162,0.0
48.900000000000006,748.0441306193345,-7.819261820276165,100.0,14.999969046358403,0.030473074833316315,0.0
49.0,749.5741274556506,-7.816150487949247,100.0,14.99996892489902,0.030532803075992123,0.0
49.1,751.1041242796339,-7.813033095348388,100.0,14.999968804467795,0.030591910580190528,0.0
49.2,752.634121091389,-7.809909705445254,100.0,14.99996868505845,0.030650404008449733,0.0
49.300000000000004,754.1641178910198,-7.806780380535766,100.0,14.999968566664679,0.030708289949015862,0.0
49.400000000000006,755.6941146786294,-7.803645182247632,100.0,14.999968449280153,0.03076557491670594,0.0
49.5,757.2241114543203,-7.800504171547791,100.0,14.999968332898522,0.030822265353760293,0.0
49.6,758.7541082181946,-7.79735740874978,100.0,14.99996821751341,0.030878367630684554,0.0
49.7,760.2841049703534,-7.794204953520997,100.0,14.99996810311843,0.030933888047081415,0.0
49.800000000000004,761.8141017108974,-7.791046864889902,100.0,14.999967989707168,0.030988832832472203,0.0
49.900000000000006,763.3440984399264,-7.787883201253114,100.0,14.999967877273203,0.031043208147108533,0.0
50.0,764.8740951575398,-7.784714020382441,100.0,14.999967765810098,0.031097020082774,0.0
50.1,766.4040918638364,-7.78153937943182,100.0,14.999967655311407,0.03115027466357621,0.0
50.2,767.9340885589138,-7.778359334944182,100.0,14.999967545770675,0.03120297784672915,0.0
50.300000000000004,769.4640852428696,-7.775173942858231,100.0,14.999967437181436,0.03125513552332608,0.0
50.400000000000006,770.9940819158004,-7.771983258515155,100.0,14.999967329537224,0.03130675351910311,0.0
50.5,772.5240785778022,-7.768787336665247,100.0,14.999967222831568,0.03135783759519343,0.0
50.6,774.0540752289704,-7.765586231474463,100.0,14.99996711705799,0.03140839344887256,0.0
50.7,775.5840718693997,-7.762379996530889,100.0,14.999967012210016,0.03145842671429447,0.0
50.800000000000004,777.1140684991841,-7.759168684851151,100.0,14.999966908281172,0.031507942963218925,0.0
50.900000000000006,778.644065118417,-7.755952348886734,100.0,14.999966805264986,0.031556947705729956,0.0
51.0,780.174061727191,-7.752731040530243,100.0,14.999966703154993,0.031605446390945764,0.0
51.1,781.7040583255982,-7.7495048111215805,100.0,14.999966601944724,0.03165344440772,0.0
51.2,783.2340549137301,-7.74627371145406,100.0,14.999966501627725,0.031700947085334705,0.0
51.300000000000004,784.7640514916774,-7.743037791780445,100.0,14.999966402197547,0.031747959694184834,0.0
51.400000000000006,786.29404805953,-7.739797101818925,100.0,14.999966303647753,0.0317944874464546,0.0
51.5,787.8240446173776,-7.736551690759013,100.0,14.999966205971907,0.031840535496785706,0.0
51.6,789.3540411653088,-7.733301607267386,100.0,14.999966109163598,0.031886108942937585,0.0
51.7,790.8840377034118,-7.730046899493646,100.0,14.99996601321641,0.03193121282643967,0.0
51.800000000000004,792.4140342317739,-7.726787615076033,100.0,14.99996591812396,0.03197585213323594,0.0
51.900000000000006,793.9440307504822,-7.72352380114705,100.0,14.999965823879863,0.03202003179432169,0.0
52.0,795.4740272596226,-7.720255504339046,100.0,14.99996573047776,0.03206375668637273,0.0
52.1,797.0040237592808,-7.716982770789715,100.0,14.9999656379113,0.03210703163236707,0.0
52.2,798.5340202495416,-7.713705646147549,100.0,14.99996554617416,0.03214986140219918,0.0
52.300000000000004,800.0640167304892,-7.7104241755772165,100.0,14.999965455260021,0.0321922507132869,0.0
52.400000000000006,801.5940132022073,-7.707138403764887,100.0,14.9999653651626,0.03223420423117121,0.0
52.5,803.1240096647788,-7.703848374923489,100.0,14.99996527587562,0.03227572657010873,0.0
52.6,804.6540061182859,-7.700554132797915,100.0,14.999965187392831,0.032316822293657295,0.0
52.7,806.1840025628104,-7.697255720670159,100.0,14.999965099708001,0.0323574959152545,0.0
52.800000000000004,807.7139989984333,-7.6939531813644,100.0,14.999965012814926,0.032397751898789386,0.0
52.900000000000006,809.2439954252351,-7.690646557252029,100.0,14.999964926707419,0.03243759465916737,0.0
53.0,810.7739918432954,-7.6873358902566125,100.0,14.999964841379319,0.0324770285628684,0.0
53.1,812.3039882526936,-7.684021221858809,100.0,14.99996475682449,0.032516057928498626,0.0
53.2,813.833984653508,-7.680702593101219,100.0,14.99996467303682,0.03255468702733538,0.0
53.300000000000004,815.3639810458166,-7.677380044593187,100.0,14.999964590010217,0.032592920083865815,0.0
53.400000000000006,816.8939774296966,-7.674053616515547,100.0,14.999964507738628,0.03263076127631915,0.0
53.5,818.4239738052248,-7.6707233486253115,100.0,14.999964426216014,0.03266821473719258,0.0
53.6,819.9539701724773,-7.667389280260312,100.0,14.999964345436368,0.03270528455377105,0.0
53.7,821.4839665315294,-7.664051450343782,100.0,14.99996426539371,0.03274197476864084,0.0
53.800000000000004,823.013962882456,-7.660709897388893,100.0,14.999964186082089,0.032778289380197057,0.0
53.900000000000006,824.5439592253313,-7.657364659503231,100.0,14.999964107495583,0.03281423234314525,0.0
54.0,826.073955560229,-7.654015774393233,100.0,14.999964029628295,0.032849807568997004,0.0
54.1,827.6039518872221,-7.6506632793685645,100.0,14.99996395247436,0.03288501892655978,0.0
54.2,829.1339482063831,-7.647307211346448,100.0,14.999963876027943,0.032919870242420934,0.0
54.300000000000004,830.6639445177838,-7.643947606855953,100.0,14.99996380028324,0.032954365301426064,0.0
54.400000000000006,832.1939408214954,-7.640584502042217,100.0,14.999963725234473,0.03298850784715176,0.0
54.5,833.7239371175887,-7.6372179326706435,100.0,14.999963650875898,0.033022301582372744,0.0
54.6,835.2539334061336,-7.633847934131031,100.0,14.999963577201804,0.033055750169523605,0.0
54.7,836.7839296871997,-7.630474541441667,100.0,14.999963504206507,0.03308885723115501,0.0
54.800000000000004,838.313925960856,-7.627097789253375,100.0,14.999963431884357,0.03312162635038467,0.0
54.900000000000006,839.8439222271707,-7.6237177118535095,100.0,14.999963360229733,0.03315406107134294,0.0
55.0,841.3739184862117,-7.620334343169914,100.0,14.999963289237053,0.03318616489961328,0.0
55.1,842.9039147380462,-7.616947716774829,100.0,14.99996321890076,0.03321794130266744,0.0
55.2,844.4339109827408,-7.6135578658887555,100.0,14.999963149215331,0.0332493937102957,0.0
55.300000000000004,845.9639072203616,-7.6101648233842765,100.0,14.999963080175279,0.03328052551503197,0.0
55.400000000000006,847.4939034509742,-7.60676862178984,100.0,14.999963011775147,0.033311340072573935,0.0
55.5,849.0238996746435,-7.603369293293489,100.0,14.999962944009514,0.033341840702198346,0.0
55.6,850.553895891434,-7.599966869746559,100.0,14.99996287687299,0.0333720306871714,0.0
55.7,852.0838921014094,-7.596561382667331,100.0,14.999962810360216,0.03340191327515438,0.0
55.800000000000004,853.6138883046332,-7.593152863244637,100.0,14.999962744465872,0.03343149167860451,0.0
55.900000000000006,855.143884501168,-7.589741342341435,100.0,14.999962679184668,0.033460769075171204,0.0
56.0,856.6738806910763,-7.586326850498341,100.0,14.999962614511348,0.03348974860808765,0.0
56.1,858.2038768744197,-7.582909417937112,100.0,14.999962550440696,0.03351843338655782,0.0
56.2,859.7338730512595,-7.579489074564107,100.0,14.999962486967515,0.033546826486139,0.0
56.300000000000004,861.2638692216561,-7.576065849973689,100.0,14.999962424086661,0.033574930949119904,0.0
56.400000000000006,862.79386538567,-7.572639773451607,100.0,14.99996236179301,0.03360274978489432,0.0
56.5,864.3238615433604,-7.5692108739783315,100.0,14.999962300081474,0.03363028597033043,0.0
56.6,865.8538576947867,-7.565779180232349,100.0,14.99996223894701,0.03365754245013593,0.0
56.7,867.3838538400074,-7.562344720593426,100.0,14.999962178384596,0.03368452213721873,0.0
56.800000000000004,868.9138499790806,-7.5589075231458365,100.0,14.999962118389254,0.03371122791304365,0.0
56.900000000000006,870.443846112064,-7.555467615681547,100.0,14.999962058956031,0.033737662627984846,0.0
57.0,871.9738422390144,-7.552025025703371,100.0,14.999962000080014,0.03376382910167424,0.0
57.1,873.5038383599885,-7.548579780428091,100.0,14.999961941756327,0.033789730123345844,0.0
57.2,875.0338344750425,-7.545131906789535,100.0,14.99996188398012,0.033815368452176114,0.0
57.300000000000004,876.5638305842317,-7.541681431441628,100.0,14.999961826746587,0.03384074681762039,0.0
57.400000000000006,878.0938266876115,-7.538228380761408,100.0,14.999961770050952,0.03386586791974542,0.0
57.5,879.6238227852363,-7.5347727808520055,100.0,14.999961713888467,0.033890734429557985,0.0
57.6,881.1538188771602,-7.531314657545589,100.0,14.99996165825443,0.03391534898932983,0.0
57.7,882.683814963437,-7.527854036406281,100.0,14.999961603144163,0.033939714212918734,0.0
57.800000000000004,884.2138110441199,-7.524390942733042,100.0,14.999961548553026,0.03396383268608595,0.0
57.900000000000006,885.7438071192615,-7.520925401562517,100.0,14.999961494476414,0.03398770696680991,0.0
58.0,887.2738031889141,-7.517457437671851,100.0,14.999961440909761,0.03401133958559636,0.0
58.1,888.8037992531295,-7.5139870755814835,100.0,14.999961387848522,0.03403473304578486,0.0
58.2,890.3337953119587,-7.510514339557896,100.0,14.999961335288193,0.03405788982385181,0.0
58.300000000000004,891.8637913654529,-7.507039253616342,100.0,14.999961283224309,0.034080812369709945,0.0
58.400000000000006,893.3937874136625,-7.503561841523536,100.0,14.99996123165243,0.034103503107004364,0.0
58.5,894.9237834566372,-7.500082126800322,100.0,14.999961180568151,0.03412596443340517,0.0
58.6,896.4537794944267,-7.496600132724307,100.0,14.99996112996711,0.03414819872089674,0.0
58.7,897.9837755270801,-7.493115882332464,100.0,14.999961079844962,0.03417020831606364,0.0
58.800000000000004,899.5137715546458,-7.489629398423713,100.0,14.999961030197412,0.03419199554037329,0.0
58.900000000000006,901.0437675771722,-7.486140703561461,100.0,14.999960981020186,0.0342135626904553,0.0
59.0,902.5737635947069,-7.482649820076131,100.0,14.99996093230905,0.03423491203837767,0.0
59.1,904.1037596072972,-7.479156770067643,100.0,14.999960884059796,0.03425604583191982,0.0
59.2,905.6337556149902,-7.475661575407886,100.0,14.999960836268261,0.03427696629484238,0.0
59.300000000000004,907.1637516178321,-7.472164257743149,100.0,14.999960788930304,0.03429767562715399,0.0
59.400000000000006,908.693747615869,-7.46866483849653,100.0,14.999960742041814,0.03431817600537497,0.0
59.5,910.2237436091467,-7.465163338870323,100.0,14.999960695598729,0.034338469582798,0.0
59.6,911.7537395977103,-7.46165977984837,100.0,14.999960649597002,0.034358558489745755,0.0
59.7,913.2837355816046,-7.458154182198389,100.0,14.999960604032625,0.03437844483382566,0.0
59.800000000000004,914.813731560874,-7.454646566474286,100.0,14.999960558901623,0.034398130700181676,0.0
59.900000000000006,916.3437275355625,-7.451136953018422,100.0,14.999960514200055,0.034417618151743164,0.0
60.0,917.8737235057137,-7.447625361963878,100.0,14.999960469924003,0.03443690922947098,0.0
60.1,919.4037194713708,-7.444111813236673,100.0,14.99996042606959,0.03445600595260069,0.0
60.2,920.9337154325765,-7.4405963265579755,100.0,14.999960382632967,0.034474910318883015,0.0
60.300000000000004,922.4637113893733,-7.437078921446277,100.0,14.999960339610311,0.034493624304821516,0.0
60.400000000000006,923.9937073418033,-7.433559617219551,100.0,14.999960296997845,0.03451214986590758,0.0
60.5,925.5237032899081,-7.430038432997381,100.0,14.999960254791803,0.03453048893685268,0.0
60.6,927.0536992337289,-7.426515387703071,100.0,14.999960212988467,0.034548643431818016,0.0
60.7,928.5836951733066,-7.422990500065728,100.0,14.999960171584142,0.034566615244641524,0.0
60.800000000000004,930.1136911086818,-7.419463788622326,100.0,14.999960130575161,0.03458440624906225,0.0
60.900000000000006,931.6436870398944,-7.41593527171974,100.0,14.999960089957893,0.0346020182989422,0.0
61.0,933.1736829669844,-7.412404967516768,100.0,14.999960049728738,0.03461945322848567,0.0
61.1,934.7036788899911,-7.408872893986119,100.0,14.99996000988412,0.03463671285245599,0.0
61.2,936.2336748089535,-7.40533906891639,100.0,14.999959970420493,0.03465379896638989,0.0
61.300000000000004,937.7636707239103,-7.401803509914012,100.0,14.99995993133435,0.0346707133468094,0.0
61.400000000000006,939.2936666348999,-7.398266234405182,100.0,14.999959892622204,0.034687457751431235,0.0
61.5,940.8236625419601,-7.39472725963777,100.0,14.999959854280602,0.03470403391937395,0.0
61.6,942.3536584451286,-7.391186602683201,100.0,14.999959816306117,0.034720443571362586,0.0
61.7,943.8836543444428,-7.387644280438329,100.0,14.999959778695352,0.034736688409931084,0.0
61.800000000000004,945.4136502399394,-7.384100309627274,100.0,14.999959741444941,0.034752770119622356,0.0
61.900000000000006,946.9436461316552,-7.380554706803251,100.0,14.999959704551548,0.03476869036718606,0.0
62.0,948.4736420196263,-7.377007488350374,100.0,14.999959668011858,0.03478445080177413,0.0
62.1,950.0036379038885,-7.373458670485443,100.0,14.999959631822595,0.03480005305513413,0.0
62.2,951.5336337844775,-7.369908269259704,100.0,14.999959595980496,0.03481549874180033,0.0
62.300000000000004,953.0636296614285,-7.366356300560603,100.0,14.999959560482344,0.03483078945928267,0.0
62.400000000000006,954.5936255347766,-7.362802780113504,100.0,14.999959525324936,0.03484592678825353,0.0
62.5,956.1236214045562,-7.359247723483405,100.0,14.999959490505102,0.03486091229273241,0.0
62.6,957.6536172708015,-7.3556911460766194,100.0,14.999959456019702,0.034875747520268494,0.0
62.7,959.1836131335467,-7.352133063142455,100.0,14.999959421865618,0.034890434002121155,0.0
62.800000000000004,960.7136089928252,-7.348573489774859,100.0,14.999959388039763,0.03490497325343836,0.0
62.900000000000006,962.2436048486704,-7.345012440914056,100.0,14.999959354539069,0.03491936677343312,0.0
63.0,963.7736007011154,-7.341449931348165,100.0,14.999959321360508,0.03493361604555793,0.0
63.1,965.3035965501927,-7.337885975714794,100.0,14.999959288501067,0.03494772253767714,0.0
63.2,966.8335923959347,-7.334320588502628,100.0,14.999959255957764,0.03496168770223747,0.0
63.300000000000004,968.3635882383737,-7.330753784052986,100.0,14.999959223727645,0.034975512976436564,0.0
63.400000000000006,969.8935840775414,-7.32718557656137,100.0,14.999959191807775,0.034989199782389596,0.0
63.5,971.4235799134692,-7.323615980078998,100.0,14.999959160195255,0.03500274952729404,0.0
63.6,972.9535757461884,-7.320045008514312,100.0,14.999959128887202,0.035016163603592526,0.0
63.7,974.4835715757299,-7.316472675634482,100.0,14.999959097880764,0.03502944338913389,0.0
63.800000000000004,976.0135674021243,-7.312898995066877,100.0,14.999959067173108,0.0350425902473324,0.0
63.900000000000006,977.543563225402,-7.309323980300535,100.0,14.999959036761439,0.03505560552732514,0.0
64.0,979.0735590455928,-7.305747644687613,100.0,14.999959006642971,0.03506849056412762,0.0
64.10000000000001,980.6035548627267,-7.302170001444814,100.0,14.999958976814954,0.03508124667878769,0.0
64.2,982.1335506768331,-7.298591063654809,100.0,14.999958947274653,0.03509387517853762,0.0
64.3,983.6635464879413,-7.295010844267631,100.0,14.999958918019372,0.03510637735694457,0.0
64.4,985.1935422960801,-7.291429356102074,100.0,14.999958889046423,0.035118754494059205,0.0
64.5,986.7235381012781,-7.2878466118470495,100.0,14.99995886035315,0.03513100785656277,0.0
64.60000000000001,988.2535339035638,-7.284262624062952,100.0,14.99995883193692,0.03514313869791249,0.0
64.7,989.7835297029654,-7.280677405182999,100.0,14.999958803795126,0.03515514825848523,0.0
64.8,991.3135254995107,-7.277090967514555,100.0,14.999958775925178,0.03516703776571964,0.0
64.9,992.8435212932271,-7.273503323240447,100.0,14.999958748324515,0.03517880843425663,0.0
65.0,994.3735170841422,-7.2699144844202594,100.0,14.999958720990595,0.03519046146607829,0.0
65.10000000000001,995.903512872283,-7.266324462991624,100.0,14.9999586939209,0.035201998050645236,0.0
65.2,997.4335086576763,-7.262733270771482,100.0,14.99995866711294,0.03521341936503242,0.0
65.3,998.9635044403486,-7.259140919457346,100.0,14.99995864056424,0.03522472657406336,0.0
65.4,1000.4935002203263,-7.255547420628544,100.0,14.999958614272348,0.03523592083044295,0.0
65.5,1002.0234959976355,-7.251952785747444,100.0,14.99995858823484,0.035247003274888666,0.0
65.60000000000001,1003.5534917723019,-7.248357026160672,100.0,14.999958562449308,0.03525797503626039,0.0
65.7,1005.0834875443511,-7.244760153100316,100.0,14.99995853691337,0.03526883723168869,0.0
65.8,1006.6134833138085,-7.241162177685115,100.0,14.999958511624666,0.03527959096670174,0.0
65.9,1008.1434790806992,-7.237563110921635,100.0,14.999958486580848,0.035290237335350715,0.0
66.0,1009.673474845048,-7.233962963705436,100.0,14.999958461779602,0.035300777420333884,0.0
66.10000000000001,1011.2034706068795,-7.230361746822221,100.0,14.99995843721863,0.03531121229311923,0.0
66.2,1012.7334663662182,-7.226759470948975,100.0,14.999958412895653,0.03532154301406571,0.0
66.3,1014.2634621230882,-7.223156146655095,100.0,14.999958388808416,0.03533177063254318,0.0
66.4,1015.7934578775133,-7.2195517844035,100.0,14.999958364954681,0.03534189618705091,0.0
66.5,1017.3234536295174,-7.215946394551741,100.0,14.999958341332233,0.03535192070533485,0.0
66.60000000000001,1018.853449379124,-7.212339987353084,100.0,14.999958317938876,0.035361845204503535,0.0
66.7,1020.3834451263562,-7.208732572957592,100.0,14.999958294772439,0.035371670691142686,0.0
66.8,1021.9134408712371,-7.205124161413195,100.0,14.999958271830764,0.035381398161428525,0.0
66.9,1023.4434366137895,-7.201514762666744,100.0,14.999958249111714,0.03539102860123985,0.0
67.0,1024.9734323540358,-7.197904386565056,100.0,14.999958226613174,0.0354005629862688,0.0
67.10000000000001,1026.5034280919988,-7.194293042855944,100.0,14.999958204333051,0.03541000228213046,0.0
67.2,1028.0334238277003,-7.1906807411892455,100.0,14.999958182269264,0.03541934744447115,0.0
67.3,1029.5634195611624,-7.187067491117829,100.0,14.999958160419755,0.03542859941907554,0.0
67.4,1031.093415292407,-7.183453302098597,100.0,14.999958138782487,0.03543775914197261,0.0
67.5,1032.6234110214555,-7.179838183493474,100.0,14.99995811735544,0.03544682753954035,0.0
67.60000000000001,1034.1534067483292,-7.176222144570386,100.0,14.999958096136615,0.035455805528609295,0.0
67.7,1035.6834024730492,-7.17260519450423,100.0,14.99995807512402,0.03546469401656497,0.0
67.8,1037.2133981956367,-7.168987342377831,100.0,14.9999580543157,0.035473493901449146,0.0
67.9,1038.7433939161122,-7.165368597182891,100.0,14.999958033709705,0.035482206072059944,0.0
68.0,1040.2733896344962,-7.161748967820924,100.0,14.999958013304102,0.035490831408050844,0.0
68.10000000000001,1041.803385350809,-7.158128463104189,100.0,14.99995799309699,0.03549937078002862,0.0
68.2,1043.333381065071,-7.154507091756603,100.0,14.999957973086465,0.03550782504965009,0.0
68.3,1044.8633767773022,-7.1508848624146495,100.0,14.99995795327066,0.035516195069717926,0.0
68.4,1046.393372487522,-7.14726178362828,100.0,14.999957933647716,0.03552448168427523,0.0
68.5,1047.92336819575,-7.143637863861798,100.0,14.99995791421579,0.0355326857286992,0.0
68.60000000000001,1049.453363902006,-7.140013111494743,100.0,14.999957894973058,0.03554080802979367,0.0
68.7,1050.9833596063088,-7.136387534822756,100.0,14.999957875917715,0.035548849405880656,0.0
68.8,1052.5133553086775,-7.132761142058443,100.0,14.999957857047972,0.035556810666890835,0.0
68.9,1054.0433510091311,-7.129133941332224,100.0,14.999957838362054,0.035564692614453074,0.0
69.0,1055.5733467076882,-7.125505940693177,100.0,14.999957819858208,0.035572496041982954,0.0
69.10000000000001,1057.1033424043674,-7.1218771481098715,100.0,14.999957801534686,0.03558022173477023,0.0
69.2,1058.6333380991866,-7.11824757147119,100.0,14.999957783389773,0.03558787047006547,0.0
69.3,1060.1633337921644,-7.114617218587147,100.0,14.999957765421756,0.035595443017165565,0.0
69.4,1061.6933294833184,-7.110986097189693,100.0,14.999957747628942,0.035602940137498394,0.0
69.5,1063.2233251726666,-7.107354214933516,100.0,14.999957730009662,0.03561036258470655,0.0
69.60000000000001,1064.7533208602265,-7.103721579396829,100.0,14.999957712562246,0.03561771110473002,0.0
69.7,1066.2833165460156,-7.100088198082152,100.0,14.999957695285058,0.03562498643588814,0.0
69.8,1067.8133122300512,-7.096454078417084,100.0,14.999957678176463,0.03563218930896046,0.0
69.9,1069.3433079123504,-7.09281922775507,100.0,14.999957661234848,0.035639320447266816,0.0
70.0,1070.87330359293,-7.089183653376159,100.0,14.999957644458616,0.03564638056674646,0.0
70.10000000000001,1072.4032992718069,-7.0855473624877465,100.0,14.999957627846182,0.035653370376036365,0.0
70.2,1073.9332949489976,-7.081910362225322,100.0,14.999957611395972,0.035660290576548605,0.0
70.3,1075.4632906245188,-7.078272659653201,100.0,14.999957595106439,0.035667141862546936,0.0
70.4,1076.9932862983867,-7.074634261765245,100.0,14.999957578976039,0.035673924921222476,0.0
70.5,1078.5232819706175,-7.070995175485585,100.0,14.999957563003248,0.035680640432768584,0.0
70.60000000000001,1080.0532776412272,-7.0673554076693295,100.0,14.999957547186552,0.035687289070454896,0.0
70.7,1081.5832733102316,-7.063714965103267,100.0,14.999957531524457,0.03569387150070053,0.0
70.8,1083.1132689776464,-7.060073854506558,100.0,14.99995751601548,0.03570038838314652,0.0
70.9,1084.643264643487,-7.056432082531429,100.0,14.99995750065815,0.0357068403707274,0.0
71.0,1086.1732603077692,-7.0527896557638465,100.0,14.999957485451016,0.03571322810974205,0.0
71.10000000000001,1087.7032559705078,-7.049146580724194,100.0,14.999957470392633,0.03571955223992371,0.0
71.2,1089.233251631718,-7.045502863867939,100.0,14.999957455481576,0.03572581339450925,0.0
71.3,1090.763247291415,-7.041858511586287,100.0,14.999957440716427,0.03573201220030767,0.0
71.4,1092.2932429496132,-7.038213530206837,100.0,14.999957426095788,0.03573814927776785,0.0
71.5,1093.8232386063275,-7.034567925994231,100.0,14.99995741161827,0.035744225241045535,0.0
71.60000000000001,1095.3532342615727,-7.030921705150782,100.0,14.9999573972825,0.035750240698069626,0.0
71.7,1096.8832299153628,-7.027274873817118,100.0,14.999957383087116,0.035756196250607664,0.0
71.8,1098.413225567712,-7.023627438072796,100.0,14.999957369030769,0.03576209249433066,0.0
71.9,1099.9432212186348,-7.0199794039369285,100.0,14.999957355112118,0.035767930018877195,0.0
72.0,1101.4732168681448,-7.0163307773687915,100.0,14.999957341329848,0.035773709407916826,0.0
72.10000000000001,1103.003212516256,-7.012681564268431,100.0,14.999957327682642,0.03577943123921272,0.0
72.2,1104.5332081629822,-7.009031770477263,100.0,14.999957314169206,0.035785096084683714,0.0
72.3,1106.0632038083368,-7.005381401778665,100.0,14.999957300788248,0.035790704510465614,0.0
72.4,1107.5931994523332,-7.001730463898566,100.0,14.999957287538496,0.03579625707697187,0.0
72.5,1109.123195094985,-6.998078962506022,100.0,14.999957274418692,0.03580175433895353,0.0
72.60000000000001,1110.6531907363053,-6.994426903213794,100.0,14.999957261427582,0.03580719684555855,0.0
72.7,1112.183186376307,-6.9907742915789175,100.0,14.999957248563929,0.035812585140390533,0.0
72.8,1113.7131820150032,-6.987121133103261,100.0,14.999957235826505,0.035817919761566695,0.0
72.9,1115.2431776524068,-6.983467433234086,100.0,14.999957223214096,0.03582320124177531,0.0
73.0,1116.7731732885302,-6.979813197364597,100.0,14.999957210725503,0.035828430108332435,0.0
73.10000000000001,1118.303168923386,-6.976158430834484,100.0,14.999957198359525,0.035833606883238084,0.0
73.2,1119.8331645569867,-6.972503138930469,100.0,14.999957186114989,0.03583873208323177,0.0
73.3,1121.3631601893449,-6.968847326886829,100.0,14.99995717399072,0.035843806219847375,0.0
73.4,1122.8931558204724,-6.965190999885935,100.0,14.999957161985563,0.035848829799467546,0.0
73.5,1124.4231514503815,-6.961534163058767,100.0,14.999957150098371,0.035853803323377384,0.0
73.60000000000001,1125.9531470790841,-6.957876821485435,100.0,14.999957138328005,0.03585872728781757,0.0
73.7,1127.4831427065922,-6.95421898019569,100.0,14.999957126673344,0.035863602184036975,0.0
73.8,1129.0131383329174,-6.950560644169429,100.0,14.999957115133265,0.0358684284983446,0.0
73.9,1130.5431339580714,-6.946901818337198,100.0,14.99995710370667,0.03587320671216106,0.0
74.0,1132.0731295820658,-6.943242507580689,100.0,14.999957092392462,0.03587793730206937,0.0
74.10000000000001,1133.6031252049117,-6.939582716733228,100.0,14.99995708118956,0.035882620739865326,0.0
74.2,1135.1331208266208,-6.935922450580261,100.0,14.999957070096889,0.03588725749260721,0.0
74.3,1136.663116447204,-6.9322617138598375,100.0,14.999957059113386,0.03589184802266504,0.0
74.4,1138.1931120666725,-6.928600511263084,100.0,14.999957048238,0.03589639278776925,0.0
74.5,1139.7231076850371,-6.9249388474346745,100.0,14.999957037469684,0.0359008922410588,0.0
74.60000000000001,1141.253103302309,-6.921276726973298,100.0,14.999957026807406,0.03590534683112887,0.0
74.7,1142.7830989184988,-6.917614154432118,100.0,14.999957016250148,0.03590975700207795,0.0
74.8,1144.313094533617,-6.9139511343192295,100.0,14.999957005796892,0.035914123193554394,0.0
74.9,1145.8430901476743,-6.91028767109811,100.0,14.999956995446633,0.035918445840802574,0.0
75.0,1147.373085760681,-6.906623769188067,100.0,14.99995698519838,0.035922725374708454,0.0
75.10000000000001,1148.9030813726479,-6.90295943296468,100.0,14.999956975051145,0.035926962221844674,0.0
75.2,1150.433076983585,-6.899294666760238,100.0,14.999956965003955,0.0359311568045152,0.0
75.3,1151.9630725935021,-6.895629474864174,100.0,14.999956955055845,0.035935309540799404,0.0
75.4,1153.4930682024099,-6.89196386152349,100.0,14.999956945205854,0.035939420844595726,0.0
75.5,1155.0230638103178,-6.888297830943187,100.0,14.999956935453039,0.03594349112566488,0.0
75.60000000000001,1156.553059417236,-6.884631387286677,100.0,14.999956925796457,0.035947520789672546,0.0
75.7,1158.083055023174,-6.880964534676207,100.0,14.99995691623518,0.0359515102382316,0.0
75.8,1159.6130506281418,-6.877297277193264,100.0,14.999956906768286,0.03595545986894393,0.0
75.9,1161.1430462321487,-6.8736296188789865,100.0,14.999956897394865,0.03595937007544179,0.0
76.0,1162.6730418352042,-6.869961563734562,100.0,14.99995688811401,0.035963241247428626,0.0
76.10000000000001,1164.203037437318,-6.86629311572163,100.0,14.99995687892483,0.035967073770719615,0.0
76.2,1165.7330330384991,-6.862624278762676,100.0,14.99995686982644,0.03597086802728161,0.0
76.3,1167.2630286387569,-6.858955056741421,100.0,14.999956860817955,0.03597462439527278,0.0
76.4,1168.7930242381003,-6.855285453503207,100.0,14.99995685189851,0.03597834324908174,0.0
76.5,1170.3230198365386,-6.851615472855381,100.0,14.999956843067244,0.03598202495936626,0.0
76.60000000000001,1171.8530154340806,-6.847945118567675,100.0,14.999956834323301,0.03598566989309166,0.0
76.7,1173.3830110307351,-6.844274394372576,100.0,14.99995682566584,0.03598927841356865,0.0
76.80000000000001,1174.913006626511,-6.840603303965702,100.0,14.999956817094024,0.03599285088049086,0.0
76.9,1176.443002221417,-6.836931851006167,100.0,14.999956808607022,0.03599638764997192,0.0
77.0,1177.9729978154614,-6.833260039116941,100.0,14.999956800204012,0.03599988907458217,0.0
77.10000000000001,1179.5029934086533,-6.8295878718852165,100.0,14.999956791884186,0.036003355503384966,0.0
77.2,1181.0329890010007,-6.825915352862758,100.0,14.999956783646734,0.03600678728197259,0.0
77.30000000000001,1182.562984592512,-6.822242485566257,100.0,14.999956775490856,0.03601018475250178,0.0
77.4,1184.0929801831958,-6.818569273477681,100.0,14.999956767415771,0.036013548253728885,0.0
77.5,1185.6229757730598,-6.814895720044617,100.0,14.999956759420689,0.03601687812104462,0.0
77.60000000000001,1187.1529713621126,-6.8112218286806145,100.0,14.999956751504838,0.03602017468650849,0.0
77.7,1188.682966950362,-6.807547602765523,100.0,14.99995674366745,0.0360234382788828,0.0
77.80000000000001,1190.2129625378159,-6.803873045645826,100.0,14.999956735907762,0.036026669223666326,0.0
77.9,1191.7429581244824,-6.800198160634972,100.0,14.999956728225024,0.036029867843127644,0.0
78.0,1193.2729537103692,-6.796522951013704,100.0,14.999956720618492,0.036033034456338056,0.0
78.10000000000001,1194.802949295484,-6.792847420030382,100.0,14.999956713087425,0.03603616937920421,0.0
78.2,1196.3329448798345,-6.789171570901306,100.0,14.999956705631089,0.03603927292450033,0.0
78.30000000000001,1197.8629404634282,-6.785495406811033,100.0,14.999956698248761,0.03604234540190014,0.0
78.4,1199.3929360462728,-6.7818189309126895,100.0,14.999956690939728,0.03604538711800845,0.0
78.5,1200.9229316283756,-6.778142146328286,100.0,14.999956683703273,0.03604839837639232,0.0
78.60000000000001,1202.452927209744,-6.774465056149025,100.0,14.999956676538696,0.03605137947761207,0.0
78.7,1203.9829227903854,-6.770787663435604,100.0,14.999956669445295,0.03605433071925171,0.0
78.80000000000001,1205.5129183703068,-6.7671099712185185,100.0,14.999956662422383,0.03605725239594931,0.0
78.9,1207.0429139495154,-6.763431982498362,100.0,14.999956655469276,0.03606014479942689,0.0
79.0,1208.5729095280183,-6.759753700246122,100.0,14.999956648585297,0.036063008218519946,0.0
79.10000000000001,1210.1029051058226,-6.756075127403471,100.0,14.999956641769773,0.03606584293920685,0.0
79.2,1211.6329006829353,-6.752396266883057,100.0,14.99995663502204,0.03606864924463778,0.0
79.30000000000001,1213.1628962593632,-6.7487171215687916,100.0,14.999956628341439,0.03607142741516337,0.0
79.4,1214.692891835113,-6.745037694316133,100.0,14.999956621727318,0.03607417772836314,0.0
79.5,1216.2228874101916,-6.7413579879523695,100.0,14.999956615179034,0.03607690045907351,0.0
79.60000000000001,1217.7528829846055,-6.737678005276893,100.0,14.999956608695946,0.03607959587941559,0.0
79.7,1219.2828785583617,-6.73399774906148,100.0,14.99995660227742,0.036082264258822654,0.0
79.80000000000001,1220.8128741314665,-6.7303172220505605,100.0,14.999956595922828,0.036084905864067325,0.0
79.9,1222.3428697039262,-6.72663642696149,100.0,14.999956589631552,0.036087520959288494,0.0
80.0,1223.8728652757475,-6.7229553664848165,100.0,14.999956583402973,0.03609010980601791,0.0
80.10000000000001,1225.4028608469366,-6.7192740432845435,100.0,14.999956577236484,0.0360926726632065,0.0
80.2,1226.9328564175,-6.715592459998395,100.0,14.999956571131479,0.03609520978725047,0.0
80.30000000000001,1228.4628519874439,-6.711910619238072,100.0,14.99995656508736,0.036097721432017046,0.0
80.4,1229.9928475567742,-6.70822852358951,100.0,14.999956559103538,0.03610020784887002,0.0
80.5,1231.5228431254975,-6.704546175613133,100.0,14.999956553179425,0.03610266928669492,0.0
80.60000000000001,1233.0528386936194,-6.700863577844105,100.0,14.99995654731444,0.03610510599192409,0.0
80.7,1234.5828342611462,-6.697180732792581,100.0,14.999956541508007,0.0361075182085613,0.0
80.80000000000001,1236.1128298280837,-6.693497642943948,100.0,14.999956535759557,0.03610990617820625,0.0
80.9,1237.6428253944378,-6.6898143107590755,100.0,14.999956530068523,0.03611227014007876,0.0
81.0,1239.1728209602143,-6.686130738674552,100.0,14.99995652443435,0.03611461033104271,0.0
81.10000000000001,1240.7028165254192,-6.682446929102928,100.0,14.999956518856484,0.03611692698562972,0.0
81.2,1242.232812090058,-6.678762884432948,100.0,14.999956513334375,0.03611922033606257,0.0
81.30000000000001,1243.7628076541362,-6.675078607029791,100.0,14.999956507867479,0.03612149061227843,0.0
81.4,1245.2928032176596,-6.671394099235297,100.0,14.99995650245526,0.03612373804195181,0.0
81.5,1246.822798780634,-6.667709363368198,100.0,14.999956497097187,0.03612596285051726,0.0
81.60000000000001,1248.3527943430645,-6.6640244017243475,100.0,14.99995649179273,0.03612816526119183,0.0
81.7,1249.8827899049568,-6.6603392165769435,100.0,14.999956486541366,0.03613034549499731,0.0
81.80000000000001,1251.412785466316,-6.656653810176752,100.0,14.99995648134258,0.03613250377078227,0.0
81.9,1252.9427810271477,-6.652968184752326,100.0,14.999956476195855,0.03613464030524379,0.0
82.0,1254.472776587457,-6.649282342510226,100.0,14.99995647110069,0.03613675531294903,0.0
82.10000000000001,1256.0027721472493,-6.645596285635236,100.0,14.999956466056576,0.03613884900635655,0.0
82.2,1257.5327677065297,-6.641910016290576,100.0,14.999956461063018,0.036140921595837414,0.0
82.30000000000001,1259.0627632653034,-6.638223536618115,100.0,14.999956456119524,0.03614297328969607,0.0
82.4,1260.5927588235754,-6.6345368487385805,100.0,14.999956451225602,0.03614500429419099,0.0
82.5,1262.1227543813507,-6.630849954751765,100.0,14.999956446380773,0.036147014813555166,0.0
82.60000000000001,1263.6527499386343,-6.627162856736734,100.0,14.999956441584551,0.036149005050016274,0.0
82.7,1265.1827454954312,-6.623475556752028,100.0,14.999956436836468,0.03615097520381678,0.0
82.80000000000001,1266.7127410517462,-6.619788056835862,100.0,14.999956432136052,0.036152925473233684,0.0
82.9,1268.2427366075842,-6.616100359006329,100.0,14.999956427482838,0.036154856054598165,0.0
83.0,1269.77273216295,-6.612412465261595,100.0,14.999956422876362,0.03615676714231499,0.0
83.10000000000001,1271.3027277178483,-6.608724377580096,100.0,14.99995641831617,0.036158658928881704,0.0
83.2,1272.8327232722838,-6.605036097920728,100.0,14.999956413801808,0.03616053160490764,0.0
83.30000000000001,1274.3627188262612,-6.601347628223043,100.0,14.999956409332833,0.03616238535913274,0.0
83.4,1275.8927143797853,-6.597658970407438,100.0,14.999956404908795,0.036164220378446146,0.0
83.5,1277.4227099328602,-6.593970126375339,100.0,14.99995640052926,0.03616603684790465,0.0
83.60000000000001,1278.9527054854907,-6.590281098009392,100.0,14.99995639619379,0.03616783495075087,0.0
83.7,1280.4827010376812,-6.586591887173642,100.0,14.999956391901954,0.036169614868431364,0.0
83.80000000000001,1282.0126965894362,-6.582902495713722,100.0,14.999956387653326,0.03617137678061443,0.0
83.9,1283.5426921407602,-6.579212925457027,100.0,14.999956383447481,0.036173120865207804,0.0
84.0,1285.0726876916574,-6.575523178212895,100.0,14.999956379284006,0.036174847298376146,0.0
84.10000000000001,1286.602683242132,-6.571833255772784,100.0,14.999956375162482,0.036176556254558324,0.0
84.2,1288.1326787921882,-6.56814315991045,100.0,14.999956371082497,0.036178247906484565,0.0
84.30000000000001,1289.6626743418306,-6.564452892382116,100.0,14.99995636704365,0.03617992242519341,0.0
84.4,1291.192669891063,-6.5607624549266434,100.0,14.999956363045532,0.03618157998004849,0.0
84.5,1292.7226654398896,-6.557071849265707,100.0,14.999956359087749,0.03618322073875513,0.0
84.60000000000001,1294.2526609883146,-6.553381077103959,100.0,14.999956355169902,0.03618484486737674,0.0
84.7,1295.782656536342,-6.549690140129195,100.0,14.999956351291603,0.036186452530351174,0.0
84.80000000000001,1297.312652083976,-6.545999040012526,100.0,14.99995634745246,0.03618804389050673,0.0
84.9,1298.8426476312204,-6.542307778408531,100.0,14.999956343652096,0.036189619109078155,0.0
85.0,1300.372643178079,-6.538616356955427,100.0,14.999956339890124,0.03619117834572238,0.0
85.10000000000001,1301.9026387245558,-6.5349247772752275,100.0,14.999956336166173,0.036192721758534135,0.0
85.2,1303.4326342706547,-6.5312330409738975,100.0,14.999956332479867,0.03619424950406138,0.0
85.30000000000001,1304.9626298163796,-6.527541149641515,100.0,14.999956328830836,0.036195761737320635,0.0
85.4,1306.4926253617343,-6.523849104852425,100.0,14.999956325218717,0.03619725861181207,0.0
85.5,1308.0226209067223,-6.520156908165389,100.0,14.999956321643145,0.03619874027953451,0.0
85.60000000000001,1309.5526164513476,-6.516464561123746,100.0,14.999956318103765,0.03620020689100024,0.0
85.7,1311.0826119956137,-6.512772065255555,100.0,14.999956314600219,0.036201658595249694,0.0
85.80000000000001,1312.612607539524,-6.509079422073749,100.0,14.999956311132154,0.03620309553986597,0.0
85.9,1314.1426030830828,-6.5053866330762835,100.0,14.999956307699222,0.03620451787098918,0.0
86.0,1315.672598626293,-6.50169369974628,100.0,14.999956304301083,0.03620592573333077,0.0
86.10000000000001,1317.2025941691584,-6.498000623552172,100.0,14.99995630093739,0.036207319270187464,0.0
86.2,1318.7325897116825,-6.49430740594785,100.0,14.999956297607804,0.03620869862345532,0.0
86.30000000000001,1320.2625852538688,-6.4906140483728,100.0,14.99995629431199,0.03621006393364346,0.0
86.4,1321.7925807957206,-6.486920552252251,100.0,14.999956291049621,0.03621141533988778,0.0
86.5,1323.3225763372413,-6.483226918997306,100.0,14.999956287820362,0.0362127529799644,0.0
86.60000000000001,1324.8525718784342,-6.4795331500050874,100.0,14.99995628462389,0.03621407699030311,0.0
86.7,1326.3825674193029,-6.475839246658869,100.0,14.999956281459884,0.03621538750600057,0.0
86.80000000000001,1327.9125629598504,-6.472145210328213,100.0,14.999956278328021,0.03621668466083344,0.0
86.9,1329.4425585000802,-6.468451042369103,100.0,14.999956275227985,0.03621796858727136,0.0
87.0,1330.9725540399954,-6.464756744124078,100.0,14.999956272159466,0.03621923941648978,0.0
87.10000000000001,1332.5025495795992,-6.461062316922364,100.0,14.999956269122151,0.03622049727838268,0.0
87.2,1334.0325451188949,-6.457367762080001,100.0,14.999956266115733,0.03622174230157517,0.0
87.30000000000001,1335.5625406578854,-6.453673080899977,100.0,14.999956263139909,0.036222974613435925,0.0
87.4,1337.092536196574,-6.4499782746723495,100.0,14.999956260194375,0.03622419434008951,0.0
87.5,1338.6225317349636,-6.446283344674376,100.0,14.999956257278834,0.03622540160642864,0.0
87.60000000000001,1340.1525272730573,-6.442588292170639,100.0,14.999956254392991,0.03622659653612621,0.0
87.7,1341.6825228108582,-6.4388931184131675,100.0,14.999956251536553,0.03622777925164729,0.0
87.80000000000001,1343.2125183483693,-6.435197824641559,100.0,14.999956248709227,0.03622894987426091,0.0
87.9,1344.7425138855933,-6.4315024120831055,100.0,14.999956245910731,0.036230108524051875,0.0
88.0,1346.2725094225334,-6.427806881952909,100.0,14.999956243140776,0.03623125531993227,0.0
88.10000000000001,1347.8025049591924,-6.424111235454004,100.0,14.999956240399083,0.03623239037965302,0.0
88.2,1349.3325004955734,-6.420415473777471,100.0,14.999956237685371,0.03623351381981522,0.0
88.30000000000001,1350.862496031679,-6.416719598102557,100.0,14.999956234999367,0.03623462575588141,0.0
88.4,1352.392491567512,-6.413023609596792,100.0,14.999956232340793,0.036235726302186695,0.0
88.5,1353.9224871030751,-6.409327509416097,100.0,14.99995622970938,0.0362368155719498,0.0
88.60000000000001,1355.4524826383713,-6.405631298704907,100.0,14.999956227104859,0.036237893677283965,0.0
88.7,1356.9824781734033,-6.401934978596273,100.0,14.999956224526965,0.036238960729207785,0.0
88.80000000000001,1358.5124737081735,-6.398238550211981,100.0,14.999956221975436,0.03624001683765588,0.0
88.9,1360.042469242685,-6.394542014662657,100.0,14.99995621945001,0.036241062111489517,0.0
89.0,1361.57246477694,-6.39084537304788,100.0,14.999956216950428,0.03624209665850705,0.0
89.10000000000001,1363.1024603109415,-6.387148626456287,100.0,14.999956214476434,0.03624312058545435,0.0
89.2,1364.632455844692,-6.383451775965678,100.0,14.99995621202778,0.03624413399803508,0.0
89.30000000000001,1366.162451378194,-6.379754822643129,100.0,14.999956209604207,0.036245137000920837,0.0
89.4,1367.69244691145,-6.376057767545089,100.0,14.99995620720547,0.03624612969776124,0.0
89.5,1369.2224424444626,-6.372360611717488,100.0,14.999956204831324,0.03624711219119393,0.0
89.60000000000001,1370.7524379772342,-6.368663356195837,100.0,14.99995620248153,0.03624808458285439,0.0
89.7,1372.2824335097675,-6.364966002005334,100.0,14.999956200155838,0.03624904697338574,0.0
89.80000000000001,1373.8124290420649,-6.361268550160959,100.0,14.999956197854011,0.03624999946244843,0.0
89.9,1375.3424245741287,-6.357571001667581,100.0,14.999956195575816,0.03625094214872982,0.0
90.0,1376.8724201059613,-6.353873357520048,100.0,14.999956193321019,0.03625187512995365,0.0
90.10000000000001,1378.4024156375651,-6.350175618703292,100.0,14.999956191089382,0.03625279850288939,0.0
90.2,1379.9324111689425,-6.346477786192422,100.0,14.999956188880681,0.03625371236336163,0.0
90.30000000000001,1381.4624067000957,-6.342779860952823,100.0,14.999956186694687,0.03625461680625919,0.0
90.4,1382.9924022310272,-6.339081843940246,100.0,14.999956184531175,0.036255511925544257,0.0
90.5,1384.522397761739,-6.335383736100907,100.0,14.999956182389917,0.036256397814261446,0.0
90.60000000000001,1386.0523932922335,-6.331685538371579,100.0,14.9999561802707,0.03625727456454669,0.0
90.7,1387.5823888225132,-6.327987251679681,100.0,14.999956178173298,0.03625814226763609,0.0
90.80000000000001,1389.11238435258,-6.324288876943375,100.0,14.999956176097498,0.036259001013874664,0.0
90.9,1390.642379882436,-6.320590415071651,100.0,14.999956174043083,0.036259850892725036,0.0
91.0,1392.1723754120837,-6.316891866964419,100.0,14.999956172009842,0.03626069199277598,0.0
91.10000000000001,1393.702370941525,-6.313193233512599,100.0,14.999956169997567,0.03626152440175094,0.0
91.2,1395.2323664707621,-6.309494515598205,100.0,14.999956168006044,0.036262348206516436,0.0
91.30000000000001,1396.7623619997971,-6.305795714094437,100.0,14.999956166035068,0.03626316349309039,0.0
91.4,1398.2923575286322,-6.302096829865762,100.0,14.999956164084438,0.03626397034665039,0.0
91.5,1399.8223530572693,-6.298397863768003,100.0,14.999956162153946,0.036264768851541805,0.0
91.60000000000001,1401.3523485857106,-6.294698816648424,100.0,14.999956160243396,0.03626555909128593,0.0
91.7,1402.882344113958,-6.290999689345807,100.0,14.999956158352587,0.036266341148587934,0.0
91.80000000000001,1404.4123396420136,-6.287300482690545,100.0,14.999956156481323,0.036267115105344805,0.0
91.9,1405.9423351698792,-6.283601197504717,100.0,14.999956154629409,0.0362678810426532,0.0
92.0,1407.472330697557,-6.2799018346021676,100.0,14.999956152796651,0.03626863904081721,0.0
92.10000000000001,1409.0023262250488,-6.276202394788596,100.0,14.99995615098286,0.03626938917935605,0.0
92.2,1410.5323217523567,-6.272502878861627,100.0,14.999956149187845,0.036270131537011675,0.0
92.30000000000001,1412.0623172794824,-6.268803287610895,100.0,14.999956147411423,0.0362708661917563,0.0
92.4,1413.5923128064278,-6.26510362181812,100.0,14.999956145653401,0.03627159322079988,0.0
92.5,1415.1223083331947,-6.261403882257186,100.0,14.999956143913598,0.03627231270059753,0.0
92.60000000000001,1416.6523038597852,-6.257704069694215,100.0,14.999956142191838,0.0362730247068568,0.0
92.7,1418.182299386201,-6.254004184887648,100.0,14.999956140487932,0.036273729314544916,0.0
92.80000000000001,1419.712294912444,-6.250304228588315,100.0,14.999956138801707,0.03627442659789601,0.0
92.9,1421.2422904385157,-6.246604201539513,100.0,14.999956137132983,0.03627511663041816,0.0
93.0,1422.7722859644182,-6.242904104477075,100.0,14.999956135481588,0.036275799484900485,0.0
93.10000000000001,1424.302281490153,-6.239203938129451,100.0,14.999956133847347,0.03627647523342006,0.0
93.2,1425.8322770157222,-6.2355037032177725,100.0,14.999956132230087,0.036277143947348836,0.0
93.30000000000001,1427.3622725411271,-6.231803400455927,100.0,14.999956130629641,0.03627780569736048,0.0
93.4,1428.8922680663698,-6.22810303055063,100.0,14.99995612904584,0.03627846055343709,0.0
93.5,1430.4222635914516,-6.224402594201494,100.0,14.999956127478516,0.03627910858487597,0.0
93.60000000000001,1431.9522591163745,-6.220702092101096,100.0,14.999956125927506,0.03627974986029618,0.0
93.7,1433.4822546411401,-6.217001524935052,100.0,14.999956124392641,0.03628038444764514,0.0
93.80000000000001,1435.01225016575,-6.213300893382079,100.0,14.999956122873765,0.03628101241420514,0.0
93.9,1436.5422456902056,-6.209600198114066,100.0,14.999956121370717,0.036281633826599734,0.0
94.0,1438.0722412145087,-6.20589943979614,100.0,14.999956119883336,0.03628224875080017,0.0
94.10000000000001,1439.602236738661,-6.202198619086731,100.0,14.999956118411466,0.03628285725213166,0.0
94.2,1441.132232262664,-6.198497736637642,100.0,14.999956116954953,0.03628345939527963,0.0
94.30000000000001,1442.6622277865192,-6.194796793094107,100.0,14.99995611551364,0.03628405524429594,0.0
94.4,1444.1922233102282,-6.191095789094861,100.0,14.999956114087373,0.03628464486260498,0.0
94.5,1445.7222188337923,-6.187394725272203,100.0,14.999956112676006,0.03628522831300977,0.0
94.60000000000001,1447.2522143572135,-6.1836936022520534,100.0,14.999956111279385,0.03628580565769791,0.0
94.7,1448.7822098804927,-6.179992420654026,100.0,14.999956109897365,0.0362863769582476,0.0
94.80000000000001,1450.3122054036319,-6.1762911810914805,100.0,14.999956108529794,0.03628694227563349,0.0
94.9,1451.8422009266321,-6.172589884171591,100.0,14.999956107176532,0.03628750167023253,0.0
95.0,1453.372196449495,-6.168888530495403,100.0,14.999956105837432,0.036288055201829726,0.0
95.10000000000001,1454.9021919722222,-6.165187120657893,100.0,14.999956104512354,0.036288602929623895,0.0
95.2,1456.432187494815,-6.161485655248029,100.0,14.999956103201155,0.03628914491223332,0.0
95.30000000000001,1457.9621830172748,-6.157784134848831,100.0,14.999956101903694,0.036289681207701305,0.0
95.4,1459.492178539603,-6.154082560037428,100.0,14.999956100619835,0.036290211873501836,0.0
95.5,1461.0221740618008,-6.150380931385113,100.0,14.999956099349436,0.03629073696654497,0.0
95.60000000000001,1462.5521695838697,-6.1466792494574065,100.0,14.99995609809237,0.036291256543182396,0.0
95.7,1464.082165105811,-6.142977514814108,100.0,14.999956096848498,0.0362917706592127,0.0
95.80000000000001,1465.6121606276263,-6.139275728009353,100.0,14.999956095617684,0.036292279369886826,0.0
95.9,1467.1421561493166,-6.13557388959167,100.0,14.999956094399801,0.03629278272991332,0.0
96.0,1468.6721516708833,-6.1318720001040345,100.0,14.999956093194713,0.03629328079346353,0.0
96.10000000000001,1470.2021471923276,-6.128170060083925,100.0,14.999956092002298,0.03629377361417686,0.0
96.2,1471.732142713651,-6.124468070063376,100.0,14.99995609082242,0.03629426124516584,0.0
96.30000000000001,1473.2621382348548,-6.12076603056903,100.0,14.999956089654958,0.036294743739021314,0.0
96.4,1474.79213375594,-6.117063942122193,100.0,14.999956088499786,0.03629522114781736,0.0
96.5,1476.3221292769083,-6.113361805238884,100.0,14.999956087356779,0.03629569352311635,0.0
96.60000000000001,1477.8521247977606,-6.109659620429891,100.0,14.999956086225811,0.036296160915973895,0.0
96.7,1479.382120318498,-6.10595738820082,100.0,14.999956085106765,0.036296623376943685,0.0
96.80000000000001,1480.912115839122,-6.102255109052145,100.0,14.999956083999516,0.03629708095608239,0.0
96.9,1482.4421113596334,-6.098552783479259,100.0,14.999956082903948,0.03629753370295443,0.0
97.0,1483.9721068800338,-6.094850411972526,100.0,14.999956081819938,0.03629798166663674,0.0
97.10000000000001,1485.5021024003242,-6.09114799501733,100.0,14.999956080747372,0.036298424895723456,0.0
97.2,1487.0320979205057,-6.087445533094121,100.0,14.999956079686136,0.03629886343833061,0.0
97.30000000000001,1488.5620934405797,-6.083743026678464,100.0,14.999956078636112,0.036299297342100696,0.0
97.4,1490.092088960547,-6.080040476241093,100.0,14.99995607759719,0.036299726654207304,0.0
97.5,1491.622084480409,-6.076337882247952,100.0,14.999956076569251,0.036300151421359575,0.0
97.60000000000001,1493.1520800001667,-6.072635245160242,100.0,14.999956075552188,0.03630057168980674,0.0
97.7,1494.6820755198212,-6.0689325654344755,100.0,14.99995607454589,0.036300987505342566,0.0
97.80000000000001,1496.2120710393735,-6.065229843522512,100.0,14.999956073550248,0.036301398913309676,0.0
97.9,1497.742066558825,-6.061527079871611,100.0,14.999956072565151,0.036301805958604,0.0
98.0,1499.2720620781763,-6.057824274924478,100.0,14.999956071590496,0.03630220868567901,0.0
98.10000000000001,1500.8020575974288,-6.054121429119302,100.0,14.999956070626173,0.03630260713855003,0.0
98.2,1502.3320531165834,-6.050418542889808,100.0,14.999956069672077,0.03630300136079847,0.0
98.30000000000001,1503.8620486356413,-6.046715616665297,100.0,14.999956068728109,0.03630339139557598,0.0
98.4,1505.3920441546034,-6.043012650870692,100.0,14.999956067794159,0.03630377728560863,0.0
98.5,1506.9220396734709,-6.039309645926576,100.0,14.99995606687013,0.03630415907320101,0.0
98.60000000000001,1508.4520351922445,-6.03560660224924,100.0,14.999956065955917,0.036304536800240296,0.0
98.7,1509.9820307109253,-6.031903520250727,100.0,14.999956065051423,0.036304910508200276,0.0
98.80000000000001,1511.5120262295145,-6.028200400338866,100.0,14.99995606415655,0.036305280238145346,0.0
98.9,1513.042021748013,-6.024497242917322,100.0,14.999956063271195,0.036305646030734454,0.0
99.0,1514.5720172664214,-6.020794048385631,100.0,14.999956062395263,0.036306007926225015,0.0
99.10000000000001,1516.1020127847412,-6.017090817139245,100.0,14.999956061528662,0.03630636596447681,0.0
99.2,1517.632008302973,-6.013387549569569,100.0,14.999956060671291,0.036306720184955794,0.0
99.30000000000001,1519.1620038211177,-6.009684246064004,100.0,14.99995605982306,0.03630707062673791,0.0
99.4,1520.6919993391764,-6.005980907005983,100.0,14.999956058983871,0.036307417328512843,0.0
99.5,1522.22199485715,-6.0022775327750155,100.0,14.999956058153632,0.03630776032858778,0.0
99.60000000000001,1523.7519903750394,-5.998574123746721,100.0,14.999956057332259,0.0363080996648911,0.0
99.7,1525.2819858928456,-5.99487068029287,100.0,14.999956056519652,0.03630843537497595,0.0
99.80000000000001,1526.8119814105692,-5.991167202781421,100.0,14.999956055715726,0.03630876749602401,0.0
99.9,1528.3419769282111,-5.98746369157656,100.0,14.999956054920393,0.03630909606484896,0.0
100.0,1529.8719724457724,-5.983760147038738,100.0,14.99995605413356,0.03630942111790008,0.0
100.10000000000001,1531.4019679632538,-5.980056569524704,100.0,14.999956053355147,0.03630974269126579,0.0
100.2,1532.9319634806563,-5.976352959387546,100.0,14.999956052585059,0.036310060820677066,0.0
100.30000000000001,1534.461958997981,-5.9726493169767245,100.0,14.99995605182322,0.036310375541511,0.0
100.4,1535.9919545152281,-5.968945642638112,100.0,14.999956051069539,0.036310686888794116,0.0
100.5,1537.5219500323988,-5.965241936714024,100.0,14.999956050323933,0.03631099489720581,0.0
100.60000000000001,1539.051945549494,-5.9615381995432575,100.0,14.999956049586322,0.03631129960108169,0.0
100.7,1540.5819410665142,-5.957834431461123,100.0,14.99995604885662,0.036311601034416885,0.0
100.80000000000001,1542.1119365834604,-5.954130632799483,100.0,14.999956048134749,0.036311899230869374,0.0
100.9,1543.6419321003334,-5.950426803886784,100.0,14.999956047420627,0.036312194223763195,0.0
101.0,1545.1719276171339,-5.946722945048088,100.0,14.999956046714175,0.036312486046091705,0.0
101.10000000000001,1546.7019231338627,-5.943019056605112,100.0,14.999956046015313,0.036312774730520754,0.0
101.2,1548.2319186505206,-5.939315138876255,100.0,14.999956045323964,0.036313060309391874,0.0
101.30000000000001,1549.7619141671084,-5.935611192176635,100.0,14.99995604464005,0.0363133428147254,0.0
101.4,1551.291909683627,-5.9319072168181215,100.0,14.999956043963497,0.036313622278223566,0.0
101.5,1552.8219052000768,-5.928203213109364,100.0,14.999956043294224,0.03631389873127361,0.0
101.60000000000001,1554.3519007164587,-5.924499181355827,100.0,14.99995604263216,0.03631417220495077,0.0
101.7,1555.8818962327734,-5.920795121859824,100.0,14.999956041977228,0.036314442730021365,0.0
101.80000000000001,1557.4118917490218,-5.917091034920542,100.0,14.999956041329357,0.03631471033694573,0.0
101.9,1558.9418872652045,-5.91338692083408,100.0,14.999956040688476,0.03631497505588119,0.0
102.0,1560.4718827813222,-5.909682779893475,100.0,14.999956040054506,0.036315236916685,0.0
102.10000000000001,1562.0018782973755,-5.905978612388735,100.0,14.999956039427383,0.03631549594891724,0.0
102.2,1563.531873813365,-5.902274418606865,100.0,14.99995603880703,0.03631575218184369,0.0
102.30000000000001,1565.0618693292918,-5.898570198831903,100.0,14.99995603819338,0.03631600564443869,0.0
102.4,1566.5918648451561,-5.894865953344946,100.0,14.999956037586365,0.03631625636538792,0.0
102.5,1568.121860360959,-5.891161682424179,100.0,14.999956036985914,0.03631650437309126,0.0
102.60000000000001,1569.6518558767011,-5.887457386344905,100.0,14.999956036391959,0.03631674969566549,0.0
102.7,1571.181851392383,-5.883753065379573,100.0,14.999956035804434,0.036316992360947084,0.0
102.80000000000001,1572.711846908005,-5.880048719797808,100.0,14.999956035223274,0.03631723239649488,0.0
102.9,1574.2418424235682,-5.8763443498664385,100.0,14.999956034648408,0.036317469829592795,0.0
103.0,1575.771837939073,-5.872639955849522,100.0,14.999956034079776,0.03631770468725248,0.0
103.10000000000001,1577.3018334545202,-5.868935538008376,100.0,14.99995603351731,0.03631793699621595,0.0
103.2,1578.8318289699102,-5.865231096601605,100.0,14.999956032960949,0.036318166782958204,0.0
103.30000000000001,1580.361824485244,-5.861526631885124,100.0,14.999956032410626,0.03631839407368982,0.0
103.4,1581.8918200005219,-5.857822144112192,100.0,14.999956031866281,0.036318618894359486,0.0
103.5,1583.4218155157446,-5.854117633533431,100.0,14.999956031327851,0.03631884127065658,0.0
103.60000000000001,1584.9518110309125,-5.850413100396857,100.0,14.999956030795273,0.036319061228013635,0.0
103.7,1586.4818065460265,-5.846708544947905,100.0,14.999956030268493,0.0363192787916089,0.0
103.80000000000001,1588.011802061087,-5.843003967429456,100.0,14.999956029747441,0.036319493986368696,0.0
103.9,1589.5417975760947,-5.839299368081861,100.0,14.999956029232063,0.03631970683696998,0.0
104.0,1591.07179309105,-5.835594747142964,100.0,14.999956028722298,0.03631991736784267,0.0
104.10000000000001,1592.6017886059537,-5.831890104848132,100.0,14.999956028218088,0.03632012560317211,0.0
104.2,1594.1317841208063,-5.828185441430279,100.0,14.999956027719376,0.03632033156690137,0.0
104.30000000000001,1595.6617796356084,-5.824480757119887,100.0,14.999956027226107,0.036320535282733664,0.0
104.4,1597.1917751503604,-5.820776052145032,100.0,14.999956026738218,0.03632073677413464,0.0
104.5,1598.7217706650629,-5.81707132673141,100.0,14.999956026255656,0.03632093606433469,0.0
104.60000000000001,1600.2517661797165,-5.813366581102359,100.0,14.999956025778369,0.036321133176331254,0.0
104.7,1601.7817616943216,-5.809661815478885,100.0,14.999956025306297,0.036321328132891045,0.0
104.80000000000001,1603.3117572088788,-5.805957030079679,100.0,14.999956024839387,0.036321520956552326,0.0
104.9,1604.8417527233887,-5.802252225121149,100.0,14.999956024377585,0.03632171166962711,0.0
105.0,1606.3717482378518,-5.798547400817437,100.0,14.99995602392084,0.036321900294203346,0.0
105.10000000000001,1607.9017437522684,-5.794842557380445,100.0,14.999956023469093,0.03632208685214713,0.0
105.2,1609.4317392666392,-5.791137695019853,100.0,14.999956023022296,0.03632227136510483,0.0
105.30000000000001,1610.9617347809647,-5.7874328139431475,100.0,14.999956022580399,0.03632245385450524,0.0
105.4,1612.4917302952454,-5.783727914355638,100.0,14.999956022143348,0.03632263434156168,0.0
105.5,1614.0217258094817,-5.780022996460482,100.0,14.999956021711093,0.0363228128472741,0.0
105.60000000000001,1615.5517213236742,-5.776318060458706,100.0,14.999956021283582,0.03632298939243116,0.0
105.7,1617.0817168378233,-5.772613106549228,100.0,14.999956020860768,0.036323163997612255,0.0
105.80000000000001,1618.6117123519296,-5.768908134928875,100.0,14.9999560204426,0.036323336683189614,0.0
105.9,1620.1417078659933,-5.765203145792408,100.0,14.99995602002903,0.036323507469330246,0.0
106.0,1621.6717033800153,-5.761498139332542,100.0,14.999956019620008,0.03632367637599797,0.0
106.10000000000001,1623.2016988939956,-5.7577931157399656,100.0,14.999956019215489,0.036323843422955394,0.0
106.2,1624.731694407935,-5.754088075203361,100.0,14.999956018815425,0.03632400862976587,0.0
106.30000000000001,1626.2616899218337,-5.750383017909427,100.0,14.999956018419766,0.03632417201579543,0.0
106.4,1627.7916854356924,-5.746677944042895,100.0,14.999956018028469,0.03632433360021471,0.0
106.5,1629.3216809495113,-5.742972853786552,100.0,14.999956017641487,0.03632449340200087,0.0
106.60000000000001,1630.8516764632911,-5.739267747321259,100.0,14.999956017258775,0.03632465143993944,0.0
106.7,1632.381671977032,-5.735562624825971,100.0,14.999956016880288,0.036324807732626224,0.0
106.80000000000001,1633.9116674907345,-5.7318574864777565,100.0,14.999956016505983,0.03632496229846915,0.0
106.9,1635.441663004399,-5.728152332451814,100.0,14.999956016135812,0.036325115155690056,0.0
107.0,1636.971658518026,-5.7244471629214955,100.0,14.999956015769733,0.03632526632232658,0.0
107.10000000000001,1638.501654031616,-5.72074197805832,100.0,14.999956015407705,0.03632541581623388,0.0
107.2,1640.031649545169,-5.7170367780319955,100.0,14.999956015049682,0.03632556365508647,0.0
107.30000000000001,1641.5616450586858,-5.713331563010437,100.0,14.999956014695623,0.03632570985637996,0.0
107.4,1643.0916405721669,-5.709626333159783,100.0,14.99995601434549,0.03632585443743278,0.0
107.5,1644.6216360856122,-5.705921088644416,100.0,14.999956013999233,0.036325997415387966,0.0
107.60000000000001,1646.1516315990225,-5.7022158296269785,100.0,14.999956013656819,0.036326138807214824,0.0
107.7,1647.681627112398,-5.698510556268389,100.0,14.999956013318203,0.03632627862971065,0.0
107.80000000000001,1649.2116226257392,-5.6948052687278645,100.0,14.999956012983347,0.036326416899502396,0.0
107.9,1650.7416181390465,-5.691099967162932,100.0,14.99995601265221,0.03632655363304835,0.0
108.0,1652.2716136523202,-5.687394651729451,100.0,14.99995601232475,0.03632668884663978,0.0
108.10000000000001,1653.8016091655606,-5.683689322581626,100.0,14.999956012000933,0.036326822556402565,0.0
108.2,1655.3316046787681,-5.6799839798720235,100.0,14.99995601168072,0.03632695477829881,0.0
108.30000000000001,1656.8616001919434,-5.676278623751594,100.0,14.999956011364068,0.03632708552812844,0.0
108.4,1658.3915957050863,-5.672573254369683,100.0,14.999956011050942,0.03632721482153081,0.0
108.5,1659.9215912181976,-5.668867871874049,100.0,14.999956010741306,0.03632734267398626,0.0
108.60000000000001,1661.4515867312775,-5.665162476410879,100.0,14.999956010435122,0.03632746910081769,0.0
108.7,1662.9815822443263,-5.661457068124806,100.0,14.999956010132353,0.036327594117192066,0.0
108.80000000000001,1664.5115777573444,-5.657751647158922,100.0,14.999956009832962,0.03632771773812197,0.0
108.9,1666.041573270332,-5.654046213654799,100.0,14.999956009536913,0.03632783997846712,0.0
109.0,1667.5715687832896,-5.650340767752498,100.0,14.999956009244169,0.03632796085293586,0.0
109.10000000000001,1669.1015642962177,-5.6466353095905895,100.0,14.9999560089547,0.03632808037608663,0.0
109.2,1670.6315598091164,-5.642929839306165,100.0,14.999956008668466,0.036328198562329474,0.0
109.30000000000001,1672.161555321986,-5.639224357034855,100.0,14.999956008385436,0.03632831542592745,0.0
109.4,1673.691550834827,-5.635518862910842,100.0,14.999956008105574,0.0363284309809981,0.0
109.5,1675.2215463476396,-5.631813357066877,100.0,14.999956007828844,0.03632854524151484,0.0
109.60000000000001,1676.751541860424,-5.628107839634291,100.0,14.999956007555218,0.036328658221308464,0.0
109.7,1678.2815373731805,-5.6244023107430134,100.0,14.999956007284657,0.03632876993406844,0.0
109.80000000000001,1679.8115328859099,-5.620696770521584,100.0,14.999956007017133,0.03632888039334435,0.0
109.9,1681.341528398612,-5.616991219097168,100.0,14.999956006752612,0.03632898961254727,0.0
110.0,1682.871523911287,-5.613285656595568,100.0,14.99995600649106,0.03632909760495111,0.0
110.10000000000001,1684.401519423936,-5.609580083141243,100.0,14.999956006232447,0.03632920438369396,0.0
110.2,1685.9315149365584,-5.605874498857314,100.0,14.999956005976742,0.03632930996177947,0.0
110.30000000000001,1687.461510449155,-5.602168903865587,100.0,14.999956005723911,0.0363294143520781,0.0
110.4,1688.991505961726,-5.59846329828656,100.0,14.999956005473926,0.03632951756732848,0.0
110.5,1690.5215014742716,-5.594757682239438,100.0,14.999956005226757,0.03632961962013872,0.0
110.60000000000001,1692.0514969867922,-5.591052055842148,100.0,14.999956004982373,0.03632972052298763,0.0
110.7,1693.581492499288,-5.58734641921135,100.0,14.99995600474074,0.03632982028822605,0.0
110.80000000000001,1695.1114880117593,-5.583640772462451,100.0,14.999956004501836,0.03632991892807812,0.0
110.9,1696.6414835242063,-5.579935115709617,100.0,14.999956004265627,0.03633001645464246,0.0
111.0,1698.1714790366293,-5.576229449065786,100.0,14.999956004032084,0.03633011287989349,0.0
111.10000000000001,1699.7014745490287,-5.572523772642683,100.0,14.999956003801177,0.036330208215682565,0.0
111.2,1701.2314700614047,-5.568818086550827,100.0,14.999956003572883,0.03633030247373929,0.0
111.30000000000001,1702.7614655737575,-5.565112390899551,100.0,14.99995600334717,0.03633039566567264,0.0
111.4,1704.2914610860873,-5.5614066857970075,100.0,14.99995600312401,0.03633048780297217,0.0
111.5,1705.8214565983947,-5.557700971350183,100.0,14.999956002903376,0.03633057889700922,0.0
111.60000000000001,1707.3514521106795,-5.55399524766491,100.0,14.999956002685241,0.03633066895903807,0.0
111.7,1708.8814476229422,-5.550289514845882,100.0,14.999956002469577,0.03633075800019707,0.0
111.80000000000001,1710.4114431351832,-5.546583772996658,100.0,14.999956002256361,0.03633084603150982,0.0
111.9,1711.9414386474025,-5.542878022219681,100.0,14.999956002045563,0.03633093306388629,0.0
112.0,1713.4714341596004,-5.539172262616287,100.0,14.999956001837157,0.03633101910812392,0.0
112.10000000000001,1715.0014296717773,-5.535466494286714,100.0,14.999956001631121,0.0363311041749088,0.0
112.2,1716.5314251839332,-5.53176071733012,100.0,14.999956001427421,0.036331188274816684,0.0
112.30000000000001,1718.0614206960684,-5.528054931844586,100.0,14.99995600122604,0.03633127141831416,0.0
112.4,1719.591416208183,-5.524349137927134,100.0,14.999956001026952,0.03633135361575967,0.0
112.5,1721.1214117202776,-5.520643335673731,100.0,14.999956000830126,0.03633143487740461,0.0
112.60000000000001,1722.6514072323523,-5.5169375251793085,100.0,14.999956000635546,0.03633151521339442,0.0
112.7,1724.1814027444073,-5.5132317065377645,100.0,14.99995600044318,0.03633159463376956,0.0
112.80000000000001,1725.7113982564426,-5.509525879841981,100.0,14.99995600025301,0.03633167314846661,0.0
112.9,1727.2413937684587,-5.50582004518383,100.0,14.999956000065007,0.036331750767319274,0.0
113.0,1728.7713892804557,-5.502114202654187,100.0,14.99995599987915,0.03633182750005942,0.0
113.10000000000001,1730.301384792434,-5.49840835234294,100.0,14.999955999695416,0.03633190335631807,0.0
113.2,1731.8313803043936,-5.494702494338998,100.0,14.999955999513782,0.03633197834562642,0.0
113.30000000000001,1733.3613758163349,-5.490996628730306,100.0,14.999955999334224,0.0363320524774168,0.0
113.4,1734.891371328258,-5.487290755603849,100.0,14.999955999156722,0.036332125761023695,0.0
113.5,1736.4213668401628,-5.483584875045666,100.0,14.999955998981248,0.036332198205684695,0.0
113.60000000000001,1737.95136235205,-5.479878987140858,100.0,14.999955998807787,0.036332269820541455,0.0
113.7,1739.4813578639196,-5.4761730919736005,100.0,14.999955998636313,0.03633234061464065,0.0
113.80000000000001,1741.0113533757717,-5.4724671896271495,100.0,14.999955998466804,0.036332410596934935,0.0
113.9,1742.5413488876068,-5.468761280183852,100.0,14.999955998299239,0.03633247977628387,0.0
114.0,1744.0713443994248,-5.465055363725158,100.0,14.999955998133599,0.03633254816145485,0.0
114.10000000000001,1745.601339911226,-5.4613494403316265,100.0,14.99995599796986,0.036332615761124,0.0
114.2,1747.1313354230106,-5.457643510082936,100.0,14.999955997808001,0.03633268258387713,0.0
114.30000000000001,1748.6613309347788,-5.453937573057895,100.0,14.999955997648005,0.0363327486382106,0.0
114.4,1750.1913264465306,-5.450231629334449,100.0,14.999955997489852,0.03633281393253222,0.0
114.5,1751.7213219582666,-5.4465256789896905,100.0,14.999955997333517,0.036332878475162096,0.0
114.60000000000001,1753.2513174699866,-5.442819722099869,100.0,14.999955997178983,0.0363329422743336,0.0
114.7,1754.781312981691,-5.439113758740397,100.0,14.999955997026227,0.03633300533819414,0.0
114.80000000000001,1756.3113084933798,-5.435407788985861,100.0,14.999955996875237,0.036333067674806076,0.0
114.9,1757.8413040050534,-5.43170181291003,100.0,14.999955996725985,0.03633312929214753,0.0
115.0,1759.3712995167118,-5.427995830585863,100.0,14.999955996578457,0.03633319019811325,0.0
115.10000000000001,1760.9012950283552,-5.424289842085518,100.0,14.999955996432634,0.03633325040051545,0.0
115.2,1762.4312905399838,-5.420583847480359,100.0,14.999955996288497,0.03633330990708461,0.0
115.30000000000001,1763.9612860515979,-5.416877846840969,100.0,14.999955996146024,0.03633336872547031,0.0
115.4,1765.4912815631976,-5.413171840237152,100.0,14.9999559960052,0.036333426863242035,0.0
115.5,1767.021277074783,-5.409465827737945,100.0,14.999955995866006,0.036333484327889985,0.0
115.60000000000001,1768.5512725863543,-5.405759809411625,100.0,14.999955995728426,0.03633354112682586,0.0
115.7,1770.0812680979116,-5.402053785325716,100.0,14.99995599559244,0.036333597267383645,0.0
115.80000000000001,1771.6112636094551,-5.398347755547,100.0,14.999955995458032,0.03633365275682038,0.0
115.9,1773.141259120985,-5.394641720141522,100.0,14.999955995325184,0.03633370760231695,0.0
116.0,1774.6712546325016,-5.390935679174597,100.0,14.999955995193874,0.03633376181097885,0.0
116.10000000000001,1776.2012501440047,-5.387229632710821,100.0,14.999955995064093,0.036333815389836946,0.0
116.2,1777.7312456554946,-5.3835235808140744,100.0,14.999955994935819,0.03633386834584817,0.0
116.30000000000001,1779.2612411669716,-5.379817523547534,100.0,14.999955994809039,0.03633392068589632,0.0
116.4,1780.7912366784356,-5.376111460973678,100.0,14.999955994683733,0.03633397241679277,0.0
116.5,1782.3212321898868,-5.372405393154291,100.0,14.999955994559885,0.036334023545277226,0.0
116.60000000000001,1783.8512277013256,-5.368699320150476,100.0,14.999955994437482,0.036334074078018405,0.0
116.7,1785.381223212752,-5.364993242022661,100.0,14.999955994316503,0.03633412402161477,0.0
116.80000000000001,1786.9112187241662,-5.3612871588306,100.0,14.999955994196936,0.036334173382595245,0.0
116.9,1788.4412142355682,-5.357581070633389,100.0,14.999955994078766,0.03633422216741989,0.0
117.0,1789.9712097469583,-5.353874977489465,100.0,14.999955993961974,0.03633427038248061,0.0
117.10000000000001,1791.5012052583365,-5.35016887945662,100.0,14.999955993846548,0.03633431803410186,0.0
117.2,1793.031200769703,-5.346462776592001,100.0,14.999955993732472,0.03633436512854128,0.0
117.30000000000001,1794.5611962810578,-5.3427566689521235,100.0,14.99995599361973,0.03633441167199039,0.0
117.4,1796.0911917924013,-5.339050556592872,100.0,14.999955993508307,0.036334457670575276,0.0
117.5,1797.6211873037334,-5.33534443956951,100.0,14.99995599339819,0.036334503130357236,0.0
117.60000000000001,1799.1511828150544,-5.331638317936687,100.0,14.999955993289364,0.03633454805733341,0.0
117.7,1800.6811783263645,-5.3279321917484435,100.0,14.999955993181812,0.036334592457437455,0.0
117.80000000000001,1802.2111738376636,-5.324226061058219,100.0,14.999955993075522,0.03633463633654019,0.0
117.9,1803.7411693489519,-5.320519925918856,100.0,14.999955992970483,0.03633467970045022,0.0
118.0,1805.2711648602294,-5.316813786382609,100.0,14.999955992866674,0.036334722554914545,0.0
118.10000000000001,1806.8011603714965,-5.313107642501146,100.0,14.999955992764088,0.03633476490561923,0.0
118.2,1808.3311558827531,-5.309401494325564,100.0,14.999955992662706,0.03633480675818997,0.0
118.30000000000001,1809.8611513939995,-5.305695341906384,100.0,14.99995599256252,0.03633484811819275,0.0
118.4,1811.3911469052357,-5.301989185293565,100.0,14.999955992463512,0.0363348889911344,0.0
118.5,1812.9211424164619,-5.298283024536507,100.0,14.99995599236567,0.036334929382463216,0.0
118.60000000000001,1814.4511379276782,-5.294576859684056,100.0,14.999955992268982,0.03633496929756959,0.0
118.7,1815.9811334388849,-5.290870690784512,100.0,14.999955992173437,0.03633500874178654,0.0
118.80000000000001,1817.5111289500817,-5.2871645178856355,100.0,14.999955992079016,0.03633504772039029,0.0
118.9,1819.041124461269,-5.283458341034649,100.0,14.999955991985711,0.03633508623860092,0.0
119.0,1820.5711199724467,-5.279752160278247,100.0,14.99995599189351,0.03633512430158285,0.0
119.10000000000001,1822.101115483615,-5.2760459756626,100.0,14.999955991802398,0.03633516191444546,0.0
119.2,1823.6311109947744,-5.27233978723336,100.0,14.999955991712364,0.03633519908224362,0.0
119.30000000000001,1825.1611065059244,-5.2686335950356655,100.0,14.999955991623397,0.03633523580997827,0.0
119.4,1826.6911020170655,-5.264927399114148,100.0,14.999955991535483,0.03633527210259693,0.0
119.5,1828.2210975281978,-5.261221199512938,100.0,14.99995599144861,0.03633530796499428,0.0
119.60000000000001,1829.7510930393212,-5.257514996275668,100.0,14.99995599136277,0.03633534340201269,0.0
119.7,1831.2810885504357,-5.25380878944548,100.0,14.999955991277947,0.036335378418442726,0.0
119.80000000000001,1832.8110840615418,-5.250102579065031,100.0,14.999955991194133,0.03633541301902372,0.0
119.9,1834.3410795726393,-5.246396365176495,100.0,14.999955991111312,0.03633544720844424,0.0
120.0,1835.8710750837283,-5.242690147821572,100.0,14.999955991029477,0.036335480991342685,0.0
120.10000000000001,1837.4010705948092,-5.238983927041492,100.0,14.999955990948617,0.036335514372307705,0.0
120.2,1838.9310661058819,-5.235277702877016,100.0,14.999955990868719,0.036335547355878774,0.0
120.30000000000001,1840.4610616169464,-5.231571475368449,100.0,14.999955990789772,0.03633557994654666,0.0
120.4,1841.991057128003,-5.2278652445556375,100.0,14.999955990711765,0.03633561214875394,0.0
120.5,1843.5210526390515,-5.224159010477978,100.0,14.999955990634689,0.03633564396689549,0.0
120.60000000000001,1845.0510481500924,-5.220452773174421,100.0,14.999955990558535,0.03633567540531895,0.0
120.7,1846.5810436611255,-5.216746532683478,100.0,14.999955990483286,0.036335706468325235,0.0
120.80000000000001,1848.1110391721509,-5.213040289043222,100.0,14.99995599040894,0.03633573716016902,0.0
120.9,1849.6410346831688,-5.209334042291293,100.0,14.999955990335481,0.03633576748505916,0.0
121.0,1851.1710301941791,-5.205627792464908,100.0,14.999955990262901,0.03633579744715922,0.0
121.10000000000001,1852.7010257051822,-5.201921539600858,100.0,14.99995599019119,0.03633582705058792,0.0
121.2,1854.231021216178,-5.198215283735518,100.0,14.999955990120338,0.036335856299419565,0.0
121.30000000000001,1855.7610167271669,-5.19450902490485,100.0,14.999955990050335,0.036335885197684534,0.0
121.4,1857.2910122381484,-5.190802763144405,100.0,14.99995598998117,0.036335913749369717,0.0
121.5,1858.8210077491228,-5.187096498489333,100.0,14.999955989912838,0.03633594195841898,0.0
121.60000000000001,1860.3510032600905,-5.183390230974381,100.0,14.999955989845324,0.03633596982873358,0.0
121.7,1861.8809987710513,-5.179683960633901,100.0,14.999955989778622,0.03633599736417261,0.0
121.80000000000001,1863.4109942820053,-5.175977687501854,100.0,14.999955989712722,0.03633602456855345,0.0
121.9,1864.9409897929527,-5.172271411611814,100.0,14.999955989647615,0.03633605144565216,0.0
122.0,1866.4709853038935,-5.168565132996971,100.0,14.99995598958329,0.03633607799920396,0.0
122.10000000000001,1868.0009808148277,-5.164858851690136,100.0,14.999955989519743,0.036336104232903586,0.0
122.2,1869.5309763257555,-5.161152567723747,100.0,14.999955989456959,0.03633613015040575,0.0
122.30000000000001,1871.060971836677,-5.157446281129868,100.0,14.999955989394934,0.03633615575532556,0.0
122.4,1872.5909673475921,-5.1537399919402,100.0,14.999955989333657,0.03633618105123888,0.0
122.5,1874.1209628585011,-5.1500337001860785,100.0,14.999955989273118,0.036336206041682785,0.0
122.60000000000001,1875.650958369404,-5.146327405898482,100.0,14.999955989213314,0.03633623073015592,0.0
122.7,1877.1809538803006,-5.142621109108033,100.0,14.99995598915423,0.03633625512011892,0.0
122.80000000000001,1878.7109493911914,-5.138914809845003,100.0,14.999955989095861,0.03633627921499482,0.0
122.9,1880.2409449020763,-5.135208508139318,100.0,14.9999559890382,0.03633630301816939,0.0
123.0,1881.7709404129553,-5.131502204020557,100.0,14.999955988981238,0.036336326532991584,0.0
123.10000000000001,1883.3009359238285,-5.127795897517962,100.0,14.999955988924965,0.03633634976277387,0.0
123.2,1884.8309314346961,-5.124089588660439,100.0,14.999955988869374,0.03633637271079263,0.0
123.30000000000001,1886.360926945558,-5.12038327747656,100.0,14.99995598881446,0.036336395380288544,0.0
123.4,1887.8909224564143,-5.11667696399457,100.0,14.999955988760213,0.03633641777446692,0.0
123.5,1889.420917967265,-5.1129706482423884,100.0,14.999955988706622,0.036336439896498075,0.0
123.60000000000001,1890.9509134781104,-5.109264330247612,100.0,14.999955988653683,0.03633646174951776,0.0
123.7,1892.4809089889504,-5.10555801003752,100.0,14.999955988601391,0.03633648333662744,0.0
123.80000000000001,1894.010904499785,-5.101851687639079,100.0,14.999955988549734,0.036336504660894664,0.0
123.9,1895.5409000106145,-5.098145363078941,100.0,14.999955988498707,0.03633652572535345,0.0
124.0,1897.0708955214386,-5.094439036383452,100.0,14.999955988448301,0.036336546533004596,0.0
124.10000000000001,1898.6008910322578,-5.090732707578655,100.0,14.99995598839851,0.036336567086816055,0.0
124.2,1900.130886543072,-5.0870263766902895,100.0,14.999955988349328,0.036336587389723264,0.0
124.30000000000001,1901.660882053881,-5.0833200437437975,100.0,14.999955988300746,0.03633660744462947,0.0
124.4,1903.1908775646853,-5.079613708764328,100.0,14.999955988252758,0.0363366272544061,0.0
124.5,1904.7208730754846,-5.075907371776738,100.0,14.999955988205357,0.03633664682189304,0.0
124.60000000000001,1906.2508685862792,-5.072201032805597,100.0,14.999955988158536,0.036336666149899007,0.0
124.7,1907.780864097069,-5.0684946918751885,100.0,14.999955988112289,0.036336685241201865,0.0
124.80000000000001,1909.3108596078541,-5.064788349009515,100.0,14.999955988066606,0.03633670409854892,0.0
124.9,1910.8408551186346,-5.061082004232299,100.0,14.999955988021485,0.03633672272465731,0.0
125.0,1912.3708506294106,-5.057375657566989,100.0,14.99995598797692,0.03633674112221421,0.0
125.10000000000001,1913.900846140182,-5.053669309036761,100.0,14.9999559879329,0.03633675929387723,0.0
125.2,1915.4308416509489,-5.04996295866452,100.0,14.99995598788942,0.0363367772422747,0.0
125.30000000000001,1916.9608371617114,-5.046256606472906,100.0,14.999955987846475,0.03633679497000598,0.0
125.4,1918.4908326724697,-5.042550252484294,100.0,14.999955987804059,0.036336812479641746,0.0
125.5,1920.0208281832236,-5.038843896720799,100.0,14.999955987762165,0.03633682977372431,0.0
125.60000000000001,1921.5508236939731,-5.035137539204278,100.0,14.999955987720785,0.036336846854767894,0.0
125.7,1923.0808192047186,-5.031431179956333,100.0,14.999955987679918,0.03633686372525896,0.0
125.80000000000001,1924.6108147154598,-5.027724818998314,100.0,14.999955987639556,0.03633688038765647,0.0
125.9,1926.140810226197,-5.02401845635132,100.0,14.999955987599687,0.036336896844392175,0.0
126.0,1927.67080573693,-5.020312092036207,100.0,14.999955987560314,0.036336913097870925,0.0
126.10000000000001,1929.2008012476592,-5.016605726073583,100.0,14.999955987521428,0.03633692915047093,0.0
126.2,1930.7307967583845,-5.012899358483817,100.0,14.999955987483022,0.03633694500454405,0.0
126.30000000000001,1932.2607922691059,-5.009192989287039,100.0,14.99995598744509,0.036336960662416054,0.0
126.4,1933.7907877798234,-5.005486618503142,100.0,14.99995598740763,0.03633697612638693,0.0
126.5,1935.320783290537,-5.001780246151789,100.0,14.999955987370633,0.03633699139873111,0.0
126.60000000000001,1936.850778801247,-4.998073872252408,100.0,14.999955987334095,0.03633700648169777,0.0
126.7,1938.3807743119532,-4.994367496824202,100.0,14.999955987298009,0.036337021377511096,0.0
126.80000000000001,1939.9107698226558,-4.990661119886147,100.0,14.999955987262373,0.03633703608837054,0.0
126.9,1941.4407653333546,-4.986954741456996,100.0,14.99995598722718,0.03633705061645108,0.0
127.0,1942.9707608440501,-4.983248361555283,100.0,14.999955987192424,0.03633706496390346,0.0
127.10000000000001,1944.500756354742,-4.979541980199322,100.0,14.9999559871581,0.036337079132854486,0.0
127.2,1946.0307518654304,-4.975835597407212,100.0,14.999955987124203,0.03633709312540726,0.0
127.30000000000001,1947.5607473761154,-4.972129213196837,100.0,14.999955987090729,0.03633710694364142,0.0
127.4,1949.090742886797,-4.968422827585873,100.0,14.999955987057671,0.03633712058961339,0.0
127.5,1950.6207383974752,-4.964716440591786,100.0,14.999955987025025,0.036337134065356644,0.0
127.60000000000001,1952.15073390815,-4.961010052231836,100.0,14.999955986992788,0.036337147372881906,0.0
127.7,1953.6807294188216,-4.957303662523078,100.0,14.999955986960954,0.03633716051417746,0.0
127.80000000000001,1955.21072492949,-4.953597271482367,100.0,14.999955986929518,0.036337173491209324,0.0
127.9,1956.7407204401552,-4.9498908791263565,100.0,14.999955986898474,0.03633718630592152,0.0
128.0,1958.2707159508172,-4.946184485471505,100.0,14.99995598686782,0.036337198960236294,0.0
128.1,1959.800711461476,-4.942478090534076,100.0,14.999955986837548,0.03633721145605434,0.0
128.20000000000002,1961.330706972132,-4.938771694330138,100.0,14.999955986807656,0.03633722379525505,0.0
128.3,1962.860702482785,-4.935065296875571,100.0,14.99995598677814,0.036337235979696736,0.0
128.4,1964.3906979934347,-4.931358898186065,100.0,14.999955986748994,0.036337248011216836,0.0
128.5,1965.9206935040816,-4.927652498277126,100.0,14.999955986720213,0.03633725989163214,0.0
128.6,1967.4506890147256,-4.923946097164073,100.0,14.999955986691795,0.03633727162273904,0.0
128.70000000000002,1968.9806845253668,-4.920239694862045,100.0,14.999955986663734,0.03633728320631371,0.0
128.8,1970.510680036005,-4.916533291385998,100.0,14.999955986636026,0.03633729464411233,0.0
128.9,1972.0406755466404,-4.912826886750714,100.0,14.999955986608667,0.03633730593787131,0.0
129.0,1973.570671057273,-4.9091204809707945,100.0,14.999955986581652,0.03633731708930749,0.0
129.1,1975.100666567903,-4.90541407406067,100.0,14.99995598655498,0.03633732810011837,0.0
129.20000000000002,1976.6306620785303,-4.901707666034598,100.0,14.999955986528642,0.036337338971982255,0.0
129.3,1978.1606575891549,-4.8980012569066655,100.0,14.999955986502638,0.036337349706558573,0.0
129.4,1979.690653099777,-4.894294846690792,100.0,14.999955986476962,0.036337360305487953,0.0
129.5,1981.2206486103962,-4.890588435400729,100.0,14.99995598645161,0.03633737077039251,0.0
129.6,1982.750644121013,-4.886882023050065,100.0,14.99995598642658,0.036337381102875994,0.0
129.70000000000002,1984.2806396316273,-4.883175609652224,100.0,14.999955986401867,0.036337391304524035,0.0
129.8,1985.810635142239,-4.879469195220473,100.0,14.999955986377467,0.03633740137690428,0.0
129.9,1987.3406306528484,-4.875762779767915,100.0,14.999955986353376,0.03633741132156662,0.0
130.0,1988.8706261634552,-4.8720563633075,100.0,14.999955986329589,0.03633742114004339,0.0
130.1,1990.4006216740597,-4.86834994585202,100.0,14.999955986306107,0.036337430833849535,0.0
130.20000000000002,1991.9306171846617,-4.864643527414115,100.0,14.999955986282922,0.036337440404482786,0.0
130.3,1993.4606126952615,-4.860937108006271,100.0,14.999955986260034,0.036337449853423895,0.0
130.4,1994.9906082058587,-4.857230687640827,100.0,14.999955986237433,0.03633745918213675,0.0
130.5,1996.5206037164537,-4.853524266329971,100.0,14.999955986215122,0.03633746839206864,0.0
130.6,1998.0505992270464,-4.849817844085744,100.0,14.999955986193095,0.03633747748465033,0.0
130.70000000000002,1999.580594737637,-4.846111420920045,100.0,14.999955986171349,0.0363374864612963,0.0
130.8,2001.1105902482254,-4.842404996844626,100.0,14.99995598614988,0.036337495323404974,0.0
130.9,2002.6405857588115,-4.838698571871098,100.0,14.999955986128686,0.036337504072358764,0.0
131.0,2004.1705812693956,-4.834992146010934,100.0,14.999955986107762,0.03633751270952434,0.0
131.1,2005.7005767799776,-4.831285719275465,100.0,14.999955986087107,0.036337521236252765,0.0
131.20000000000002,2007.2305722905573,-4.827579291675889,100.0,14.999955986066714,0.03633752965387967,0.0
131.3,2008.760567801135,-4.823872863223265,100.0,14.999955986046583,0.03633753796372543,0.0
131.4,2010.2905633117107,-4.82016643392852,100.0,14.999955986026713,0.036337546167095315,0.0
131.5,2011.8205588222845,-4.816460003802447,100.0,14.999955986007093,0.036337554265279653,0.0
131.6,2013.3505543328563,-4.812753572855711,100.0,14.999955985987725,0.036337562259554,0.0
131.70000000000002,2014.880549843426,-4.809047141098845,100.0,14.99995598596861,0.03633757015117929,0.0
131.8,2016.410545353994,-4.805340708542254,100.0,14.999955985949738,0.03633757794140201,0.0
131.9,2017.9405408645598,-4.8016342751962195,100.0,14.999955985931107,0.03633758563145432,0.0
132.0,2019.4705363751239,-4.797927841070895,100.0,14.999955985912719,0.03633759322255428,0.0
132.1,2021.000531885686,-4.794221406176312,100.0,14.999955985894566,0.036337600715905916,0.0
132.20000000000002,2022.5305273962465,-4.79051497052238,100.0,14.999955985876648,0.03633760811269943,0.0
132.3,2024.060522906805,-4.786808534118886,100.0,14.99995598585896,0.03633761541411132,0.0
132.4,2025.5905184173619,-4.783102096975499,100.0,14.999955985841499,0.036337622621304556,0.0
132.5,2027.1205139279168,-4.779395659101771,100.0,14.999955985824265,0.03633762973542873,0.0
132.6,2028.65050943847,-4.775689220507138,100.0,14.999955985807254,0.03633763675762015,0.0
132.70000000000002,2030.1805049490215,-4.771982781200917,100.0,14.999955985790463,0.03633764368900203,0.0
132.8,2031.7105004595712,-4.768276341192314,100.0,14.999955985773889,0.03633765053068464,0.0
132.9,2033.2404959701194,-4.764569900490422,100.0,14.999955985757529,0.03633765728376541,0.0
133.0,2034.770491480666,-4.760863459104222,100.0,14.999955985741382,0.03633766394932911,0.0
133.1,2036.3004869912106,-4.757157017042586,100.0,14.999955985725444,0.03633767052844794,0.0
133.20000000000002,2037.8304825017537,-4.753450574314278,100.0,14.999955985709713,0.036337677022181714,0.0
133.3,2039.3604780122953,-4.749744130927952,100.0,14.999955985694186,0.03633768343157796,0.0
133.4,2040.8904735228352,-4.746037686892157,100.0,14.999955985678861,0.03633768975767211,0.0
133.5,2042.4204690333736,-4.742331242215337,100.0,14.999955985663735,0.03633769600148755,0.0
133.6,2043.9504645439106,-4.738624796905833,100.0,14.999955985648805,0.0363377021640358,0.0
133.70000000000002,2045.480460054446,-4.734918350971882,100.0,14.999955985634072,0.03633770824631667,0.0
133.8,2047.01045556498,-4.731211904421621,100.0,14.999955985619529,0.036337714249318316,0.0
133.9,2048.5404510755125,-4.727505457263087,100.0,14.999955985605178,0.03633772017401743,0.0
134.0,2050.0704465860435,-4.723799009504215,100.0,14.999955985591011,0.03633772602137935,0.0
134.1,2051.6004420965733,-4.720092561152846,100.0,14.99995598557703,0.03633773179235818,0.0
134.20000000000002,2053.1304376071016,-4.716386112216722,100.0,14.999955985563233,0.03633773748789689,0.0
134.3,2054.660433117628,-4.71267966270349,100.0,14.999955985549617,0.03633774310892748,0.0
134.4,2056.1904286281533,-4.708973212620702,100.0,14.999955985536177,0.036337748656371065,0.0
134.5,2057.720424138677,-4.7052667619758175,100.0,14.999955985522915,0.03633775413113804,0.0
134.6,2059.2504196491996,-4.701560310776203,100.0,14.999955985509827,0.03633775953412814,0.0
134.70000000000002,2060.780415159721,-4.697853859029133,100.0,14.999955985496909,0.0363377648662306,0.0
134.8,2062.3104106702413,-4.694147406741795,100.0,14.999955985484162,0.03633777012832427,0.0
134.9,2063.84040618076,-4.690440953921283,100.0,14.999955985471582,0.03633777532127771,0.0
135.0,2065.3704016912775,-4.686734500574606,100.0,14.999955985459167,0.036337780445949285,0.0
135.1,2066.9003972017936,-4.683028046708685,100.0,14.999955985446915,0.036337785503187336,0.0
135.20000000000002,2068.3900410449983,-4.707544692450596,99.99937169198152,14.792944559147985,-0.526679438958642,-0.012564704925800687
135.3,2069.858994119125,-4.788366889496356,99.99748765632937,14.58617262945798,-1.0897850563895535,-0.02511147779605495
135.4,2071.307289875072,-4.9255069773619455,99.9943506148708,14.37982908736409,-1.653048592501242,-0.03762168523841205
135.5,2072.734980298068,-5.1189840959519195,99.98996517119639,14.1740955841431,-2.216536445823428,-0.05007632407338716
135.6,2074.1421351404947,-5.368823848354136,99.98433784798758,13.96914566853069,-2.780311403970468,-0.06245601478718598
135.70000000000002,2075.5288410688645,-5.675057917140979,99.97747712486824,13.765143933173434,-3.3444321982533003,-0.0747409976336609
135.8,2076.895200726057,-6.037723638228965,99.96939347650076,13.562245174074386,-3.908953100906908,-0.08691113169978448
135.9,2078.241331710336,-6.456863536751121,99.9600994106143,13.360593567569056,-4.473923568698567,-0.09894589723911662
136.0,2079.5673654731618,-6.932524829744214,99.9496095056252,13.1603218701661,-5.0393879360917,-0.11082440154356468
136.1,2080.873446138377,-7.464758900737353,99.93794044748316,12.961550647325785,-5.605385160464992,-0.12252538858643255
136.20000000000002,2082.1597292459987,-8.053620751541349,99.92511106535642,12.764387537901055,-6.171948621132212,-0.13402725263067622
136.3,2083.4263563821564,-8.699160130171542,99.91114254918647,12.568430788659652,-6.738934970859271,-0.14530428835094578
136.4,2084.6734052716074,-9.401404419069744,99.89605884594974,12.372794889769462,-7.306037150706259,-0.156327010584483
136.5,2085.9008883258507,-10.160358417698859,99.87988667419805,12.17708027545761,-7.8731175902104775,-0.16706963434800265
136.6,2087.1087761829563,-10.976012532260997,99.86265534721666,11.980851805453504,-8.440026187313313,-0.17750606504822014
136.70000000000002,2088.2969944287993,-11.848341560761712,99.84439680079444,11.783644347855692,-9.006601038998946,-0.18760996210529304
136.8,2089.4654208749307,-12.777303538144615,99.82514561482002,11.562214935397051,-9.553867788259685,-0.19696718542795877
136.9,2090.6116355077247,-13.760968232993552,99.8049775408316,11.200421693317477,-9.97542902926446,-0.20339511786475833
137.0,2091.7217519084875,-14.786817919367767,99.78418515425686,10.829734400884648,-10.376567142145396,-0.20906255246738645
137.1,2092.794893033019,-15.852814312292715,99.7628451474384,10.45195301091692,-10.756900070414254,-0.2139605868063243
137.20000000000002,2093.830361518829,-16.956880675275617,99.74103503763465,10.068871455340977,-11.116216350730967,-0.21808635803539322
137.3,2094.8276389622583,-18.09691882762669,99.71883255965618,9.682255726812516,-11.4544701799929,-0.22144285100152
137.4,2095.7863830042393,-19.27082566342834,99.69631507825031,9.293823197767221,-11.771773743452083,-0.2240386163499113
137.5,2096.7064223514094,-20.47650890987108,99.6735590292989,8.90522362273271,-12.068387096366235,-0.2258874086447138
137.6,2097.5877499039566,-21.711901881706204,99.650639397882,8.518022207905737,-12.344705956161363,-0.22700775656101416
137.70000000000002,2098.4305141999052,-22.97497702395472,99.6276292400405,8.133685056991306,-12.601247811619096,-0.2274224787509507
137.8,2099.235009416239,-24.263758075284475,99.60459925369383,7.753567217375865,-12.838636788070207,-0.22715815997807445
137.9,2100.0016641893135,-25.576330727941993,99.58161740269024,7.378903459808743,-13.057587721729352,-0.22624460251118106
138.0,2100.7310295298407,-26.91085170500112,99.55874859644761,7.010801832291924,-13.258889891928531,-0.224714267565728
138.1,2101.423766111215,-28.26555622014602,99.5360544261437,6.650239939377965,-13.443390837976702,-0.22260172080687274
138.20000000000002,2102.0806312044397,-29.638763827506175,99.51359295699358,6.298063815899509,-13.611980649632683,-0.21994309464655495
138.3,2102.702465519141,-31.02888270765927,99.49141857486205,5.9549891930948045,-13.76557706958724,-0.21677557837105615
138.4,2103.290180189329,-32.43441246954606,99.46958188434195,5.621604898081561,-13.905111686444004,-0.21313694514036205
138.5,2103.8447441160756,-33.85394557577592,99.44812965451518,5.2983780865100245,-14.031517431370231,-0.20906512273374941
138.6,2104.367171848775,-35.28616752010054,99.4271048079222,4.985660983657901,-14.145717524787047,-0.2045978127057457
138.70000000000002,2104.85851215382,-36.72985590053849,99.40654644779849,4.683698800725278,-14.24861595482105,-0.1997721604820157
138.8,2105.319837385941,-38.18387853994541,99.38648991838855,4.392638499155672,-14.341089509821101,-0.19462447696669638
138.9,2105.7522337446203,-39.647190808247615,99.36696689309856,4.112538094193843,-14.42398133539145,-0.1891900105279715
139.0,2106.156792467107,-41.118832297826636,99.34800548537319,3.8433762168550847,-14.498095943615477,-0.18350276682698846
139.1,2106.5346019815606,-42.5979229965479,99.32963037744796,3.5850616880995374,-14.564195569136412,-0.1775953728794319
139.20000000000002,2106.886741019403,-44.083659092627116,99.31186296250355,3.3374428974276658,-14.622997743483712,-0.17149898098791622
139.3,2107.2142726654065,-45.5753085328839,99.29472149619816,3.100316817768452,-14.67517394485528,-0.16524320773595494
139.4,2107.5182393074897,-47.07220644184356,99.27822125404741,2.8734375272725607,-14.721349174426365,-0.158856103055407
139.5,2107.7996584355324,-48.57375049441308,99.26237469163233,2.656524144793434,-14.762102310837138,-0.15236414442507806
139.6,2108.0595192294813,-50.07939632014686,99.24719160511948,2.449268118290173,-14.79796710038698,-0.14579225148093833
139.70000000000002,2108.298779871194,-51.58865300296089,99.23267929005748,2.2513398334385886,-14.829433650227585,-0.13916381667098068
139.8,2108.5183655114424,-53.10107872694296,99.21884269685692,2.062394533115894,-14.856950304202613,-0.13250074802639372
139.9,2108.71916682278,-54.61627660690388,99.20568458175785,1.882077557177627,-14.880925794802899,-0.1258235206072537
140.0,2108.90203907009,-56.1338907316719,99.19320565243535,1.7100289263555293,-14.901731579066206,-0.11915123368368954
140.1,2109.06780163317,-57.65360243890792,99.18140470768937,1.545887304611549,-14.919704280427823,-0.1125016712075899
140.20000000000002,2109.217237919271,-59.1751268323994,99.17027877090888,1.389293381409855,-14.935148171996364,-0.10589136359705566
140.3,2109.351095607733,-60.69820954630861,99.15982321719781,1.2398927196699479,-14.948337649133126,-0.09933564928342621
140.4,2109.470087173514,-62.2226237556036,99.15003189420331,1.0973381171834007,-14.959519650343486,-0.09284873485128749
140.5,2109.5748906412514,-63.748167427763406,99.1408972368021,0.9612915295161991,-14.968915995250272,-0.08644375293186873
140.6,2109.6661505263023,-65.2746608076876,99.13241037588278,0.8314256013257197,-14.976725616804679,-0.0801328172892683
140.70000000000002,2109.744478923956,-66.80194412541886,99.12456124151532,0.7074248509777854,-14.98312667195453,-0.07392707476890893
140.8,2109.810456712487,-68.32987551467461,99.11733866083064,0.5889865506697392,-14.988278520828937,-0.06783675396199551
140.9,2109.864634839951,-69.8583291291582,99.11073045094547,0.4758213412058976,-14.992323569232155,-0.061871210582997896
141.0,2109.9075356685457,-71.38719344307151,99.10472350726661,0.3676536173258379,-14.995388972999205,-0.05603896966430688
141.1,2109.939654353923,-72.9163697220824,99.099303887497,0.2642217162034681,-14.997588205683984,-0.05034776474835918
141.20000000000002,2109.9614602401107,-74.44577065112682,99.0944568916466,0.16527793852107828,-14.999022493254664,-0.044804574307744593
141.3,2109.9733982536204,-75.97531910577705,99.09016713832769,0.07058842845056987,-14.99978212107957,-0.03941565565284567
141.4,2109.9758902829385,-77.50494705442173,99.08641863758726,-0.020067064010119783,-14.999947619605956,-0.034186576598767685
141.5,2109.9693365319317,-79.03459457913466,99.08319486050186,-0.10689551756726268,-14.99959083585818,-0.029122245162547026
141.6,2109.9541168377655,-80.56420900381336,99.08047880573297,-0.1900910526950524,-14.998775898291907,-0.024226937551243666
141.70000000000002,2109.930591945742,-82.09374411891801,99.07825306321465,-0.2698354071197674,-14.997560082706222,-0.019504324684366827
141.8,2109.899104735074,-83.62315949290783,99.07649987512139,-0.34629845961323175,-14.99599458689349,-0.014957497472512014
141.9,2109.8599813909964,-85.15241986123876,99.07520119424146,-0.41963878978087316,-14.994125221545264,-0.010588991050017394
142.0,2109.813532519842,-86.68149458453762,99.07433873986201,-0.49000426313503825,-14.99199302467036,-0.006400808134369876
142.1,2109.7600542047635,-88.21035716829482,99.0738940512547,-0.557532632174568,-14.989634806449075,-0.002394441660163769
142.20000000000002,2109.699829000696,-89.73898483711075,99.07384853883624,-0.6223521454641203,-14.987083631070465,0.0014291031885326575
142.3,2109.6331268679382,-91.26735815718835,99.07418353306626,-0.6845821578359129,-14.984369241696411,0.005069287445921025
142.4,2109.560206044416,-92.79546070138042,99.07488033113444,-0.7443337358391452,-14.98151843428167,0.008526017251278517
142.5,2109.4813138572504,-94.3232787516756,99.0759202414815,-0.8017102534514341,-14.978555385563913,0.011799623092054665
142.6,2109.3966874747516,-95.85080103454041,99.07728462619204,-0.8568079738547096,-14.975501940130163,0.014890839356548167
142.70000000000002,2109.3065546003627,-97.37801848502761,99.07895494129295,-0.9097166137778133,-14.97237786107136,0.01780078416330081
142.8,2109.211134110409,-98.90492403601394,99.08091277498771,-0.9605198875282581,-14.969201048358865,0.02053093944608373
142.9,2109.110636637797,-100.43151242934513,99.08313988385493,-1.009296028386194,-14.965987728717876,0.023083131283121082
143.0,2109.005265104013,-101.957780046045,99.08561822703827,-1.0561182855226776,-14.96275262043423,0.025459510467165554
143.1,2108.8952152019588,-103.48372475308948,99.08832999845474,-1.1010553950376354,-14.959509076213326,0.02766253331939111
143.20000000000002,2108.7806758322868,-105.00934576455913,99.09125765704823,-1.1441720240981332,-14.956269206912731,0.029694942755001223
143.3,2108.6618294959762,-106.53464351526573,99.09438395511631,-1.1855291874987268,-14.953043988693175,0.03155974961214933
143.4,2108.538852645977,-108.05961954520272,99.09769196473914,-1.2251846362675476,-14.949843355875052,0.03326021425840546
143.5,2108.411916000747,-109.58427639339789,99.10116510234074,-1.2631932182092955,-14.946676281548587,0.03479982849075681
143.6,2108.281184822534,-111.10861749995016,99.10478715141444,-1.29960721051167,-14.943550847764259,0.036182297746139194
143.70000000000002,2108.146819163216,-112.63264711521471,99.10854228344576,-1.3344766247486903,-14.940474306925408,0.037411523639911064
143.8,2108.008974080486,-114.1563702152612,99.11241507706798,-1.3678494847957585,-14.937453135815549,0.038491586849604034
143.9,2107.8677998270955,-115.67979242287225,99.11639053548674,-1.3997720783287628,-14.934493083518579,0.039426730360831524
144.0,2107.7234420158106,-117.20291993347365,99.1204541022122,-1.4302891827155044,-14.931599214329554,0.04022134309150181
144.1,2107.576041762633,-118.72575944549644,99.12459167513822,-1.4594442662244222,-14.928775946606294,0.04087994390951405
144.20000000000002,2107.425735810752,-120.2483180947644,99.1287896190101,-1.487279665573565,-14.926027088377216,0.04140716605801936
144.3,2107.2726566375827,-121.77060339258107,99.13303477632302,-1.5138367409247695,-14.923355870397753,0.041807742001116165
144.4,2107.11693254712,-123.29262316725801,99.13731447669507,-1.539156009494413,-14.920764977235786,0.04208648870158947
144.5,2106.9586877497354,-124.81438550888359,99.14161654475977,-1.563277259004195,-14.918256576865478,0.04224829334101698
144.6,2106.7980424313987,-126.33589871717759,99.14592930662354,-1.5862396422348601,-14.915832349157792,0.04229809949128777
144.70000000000002,2106.6351128141887,-127.85717125231577,99.1502415949349,-1.6080817539731642,-14.913493513574682,0.042240893745321806
144.8,2106.4700112098185,-129.37821168863778,99.15454275261267,-1.6288416916582018,-14.911240856301866,0.04208169281356429
144.9,2106.3028460677724,-130.8990286711749,99.1588226352811,-1.6485571010396654,-14.90907475699148,0.04182553109166459
145.0,2106.1337220195105,-132.41963087495088,99.16307161246013,-1.6672652081569717,-14.906995215230946,0.04147744870364163
145.1,2105.9627399200763,-133.94002696702015,99.16728056755981,-1.6850028389362206,-14.90500187680667,0.04104248002379701
145.20000000000002,2105.789996888294,-135.4602255712144,99.17144089672772,-1.7018064276824707,-14.90309405979121,0.04052564267965059
145.3,2105.615586346633,-136.9802352355715,99.17554450659863,-1.7177120157175265,-14.901270780448984,0.03993192703726043
145.4,2105.4395980616746,-138.50006440241975,99.17958381099585,-1.7327552413805016,-14.899530778928538,0.03926628616942888
145.5,2105.262118186003,-140.01972138108798,99.18355172663345,-1.746971322569205,-14.897872544687866,0.03853362630649955
145.6,2105.083229302223,-141.53921432320647,99.18744166786863,-1.7603950329563596,-14.896294341583264,0.03773879776870554
145.70000000000002,2104.9030104696894,-143.05855120055708,99.19124754055336,-1.773060672966022,-14.894794232540665,0.0368865863783336
145.8,2104.721537274465,-144.57773978542787,99.19496373503438,-1.7850020344832753,-14.893370103968085,0.03598170535479762
145.9,2104.538881891137,-146.09678763456455,99.19858511836921,-1.7962521294215936,-14.892019717672495,0.035028788188905556
146.0,2104.3551131736,-147.61570207854194,99.2021070258237,-1.8068414064310605,-14.890740946268098,0.03403238370908171
146.1,2104.1702979286715,-149.13449037430112,99.20552525328996,-1.8167800963814318,-14.889533951112869,0.03299697030716608
146.20000000000002,2103.984501373425,-150.65315971555526,99.20883604658532,-1.8260936258049323,-14.888396916514495,0.031926887043315665
146.3,2103.797785665242,-152.17171704284618,99.21203608783247,-1.8348132225006117,-14.887327166898295,0.030826356724465074
146.4,2103.610209814765,-153.69016902636415,99.2151224842946,-1.8429693503556979,-14.88632197400638,0.029699492661090225
146.5,2103.4218297658363,-155.20852206119062,99.21809275695108,-1.8505916705855712,-14.885378575954432,0.028550293801905102
146.6,2103.2326984793167,-156.7267822644363,99.22094482859903,-1.857709004657269,-14.88449419513561,0.02738264029704808
146.70000000000002,2103.042866020578,-158.24495547415546,99.22367701152409,-1.8643492993943722,-14.883666054930107,0.026200289483132237
146.8,2102.852379650426,-159.76304724991437,99.22628799478308,-1.8705395946985397,-14.882891395189432,0.025006872283127448
146.9,2102.6612839191675,-161.28106287488853,99.2287768311406,-1.8763059942618647,-14.882167486475137,0.02380589001364657
147.0,2102.4696207634966,-162.79900735936218,99.23114292370065,-1.8816736395845453,-14.881491643041976,0.022600711591815658
147.1,2102.277429605852,-164.31688544550246,99.23338601227358,-1.886666687554144,-14.880861234565675,0.02139457113351849
147.20000000000002,2102.084747455868,-165.83470161328154,99.23550615951815,-1.8913082917875406,-14.88027369662477,0.020190565934421395
147.3,2101.8916090135294,-167.35246008742052,99.23750373689685,-1.895620587882756,-14.879726539955028,0.018991654824807927
147.4,2101.6980467736216,-168.87016484523215,99.23937941048253,-1.899624682677235,-14.879217358503025,0.01780065688888169
147.5,2101.504091131071,-170.387819625241,99.2411341266528,-1.9033406475612906,-14.878743836312696,0.016620250538833065
147.6,2101.3097704867564,-171.9054279364646,99.24276909770792,-1.9067875158501317,-14.878303753285373,0.01545297293361189
147.70000000000002,2101.1151113533756,-173.42299306824245,99.2442857874469,-1.9099832841762998,-14.877894989859328,0.014301219732013868
147.8,2100.9201384609714,-174.940518100505,99.24568589673513,-1.912944917825373,-14.877515530659707,0.013167245169354677
147.9,2100.7248748617094,-176.4580059143799,99.24697134909627,-1.9156883599025618,-14.877163467173736,0.0120531624467055
148.0,2100.529342033529,-177.9754592030386,99.24814427635945,-1.9182285441859377,-14.87683699950926,0.010960944421363987
148.1,2100.333559982299,-179.492880482692,99.24920700439205,-1.9205794114932675,-14.876534437297014,0.009892424586974388
148.20000000000002,2100.1375473421326,-181.0102721036501,99.25016203894685,-1.9227539293642615,-14.876254199798865,0.00884929833145303
148.3,2099.9413214735273,-182.52763626136772,99.25101205165151,-1.924764114838611,-14.875994815285154,0.007833124460658689
148.4,2099.744898559035,-184.0449750074034,99.2517598661665,-1.9266210600912477,-14.875754919744796,0.006845326975546276
148.5,2099.548293696178,-185.56229026022612,99.25240844453698,-1.92833496067176,-14.875533254991616,0.005887197090372997
148.6,2099.35152098736,-187.07958381581082,99.2529608737625,-1.9299151460824853,-14.875328666229807,0.004959895479382043
148.70000000000002,2099.1545936265484,-188.59685735796938,99.253420352607,-1.931370112421214,-14.875140099140367,0.004064454739276433
148.8,2098.9575239825335,-190.11411246837096,99.25379017867064,-1.9327075568087524,-14.874966596548914,0.0032017820547118954
148.9,2098.7603236785935,-191.6313506362107,99.25407373574356,-1.9339344133184095,-14.87480729473352,0.0023726620539823652
149.0,2098.563003668427,-193.14857326749276,99.25427448145996,-1.9350568901243204,-14.874661419429225,0.001577759842050395
149.1,2098.365574308249,-194.66578169389825,99.25439593527034,-1.93608050758762,-14.874528281583585,0.0008176241980793686
149.20000000000002,2098.168045424961,-196.18297718121516,99.25444166674777,-1.9370101370043762,-14.874407272915136,9.269092466023923e-05
149.3,2097.9704263803474,-197.70016093731175,99.25441528424304,-1.937850039745439,-14.874297861324125,-0.0005967136640092335
149.4,2097.7727261312702,-199.21733411964038,99.25432042390223,-1.938603906527821,-14.874199586202012,-0.0012503691276410881
149.5,2097.5749532858604,-200.7344978422632,99.25416073905896,-1.939274896566726,-14.874112053683572,-0.0018681571715968342
149.6,2097.377116155732,-202.25165318239527,99.25393989001226,-1.9398656763705389,-14.874034931882344,-0.0024500578172351214
149.70000000000002,2097.1792228042673,-203.76880118646534,99.2536615341997,-1.9403784579535632,-14.873967946147458,-0.002996145483075417
149.8,2096.981281091042,-205.28594287569766,99.25332931677436,-1.9408150362565484,-14.873910874376726,-0.0035065849887912733
149.9,2096.783298712484,-206.803079251222,99.2529468615929,-1.9411768255803838,-14.873863542418029,-0.003981627493834293
150.0,2096.5852832388705,-208.3202112987221,99.25251776262074,-1.9414648948545985,-14.873825819588054,-0.004421606382245371
150.1,2096.3872421477995,-209.83733999263595,99.25204557575915,-1.9416800015795752,-14.873797614334503,-0.004826933104955867
150.20000000000002,2096.189182854269,-211.35446629992276,99.25153381109837,-1.941822624298575,-14.87377887006498,-0.005198092990603496
150.3,2095.9911127375267,-212.87159118341566,99.25098592559894,-1.9418929934731475,-14.873769561162973,-0.005535641035599072
150.4,2095.793039164858,-214.388715604779,99.25040531620321,-1.9418911206534648,-14.873769689208524,-0.005840197683868972
150.5,2095.5949695124878,-215.90584052709235,99.24979531337739,-1.9418168258523887,-14.873779279418445,-0.006112444606381928
150.6,2095.396911183789,-217.42296691708398,99.24915917508358,-1.9416697630496647,-14.873798377318373,-0.006353120490234371
150.70000000000002,2095.1988716249853,-218.94009574703776,99.24850008118051,-1.941449443769336,-14.873827045656327,-0.006563016846725241
150.8,2095.00085833855,-220.45722799639876,99.24782112825046,-1.9411552586899259,-14.873865361565034,-0.006742973847501133
150.9,2094.8028788945066,-221.97436465310275,99.247125324849,-1.9407864972631066,-14.873913413977915,-0.0068938761974880825
151.0,2094.604940939825,-223.49150671465586,99.24641558717344,-1.9403423653310634,-14.873971301301394,-0.007016649052961172
151.1,2094.407052206131,-225.0086551889902,99.24569473514511,-1.9398220007474178,-14.874039129344101,-0.007112253992729871
151.20000000000002,2094.2092205159165,-226.52581109512198,99.24496548889923,-1.9392244870200188,-14.874117009501498,-0.0071816850500368195
151.3,2094.0114537874647,-228.04297546363753,99.24423046567634,-1.9385488650057123,-14.874205057192723,-0.007225964812385448
151.4,2093.8137600386794,-229.56014933703284,99.24349217710758,-1.937794142699397,-14.874303390544592,-0.007246140596129783
151.5,2093.6161473900106,-231.07733376993156,99.24275302688612,-1.9369593031694357,-14.874412129316237,-0.007243280702265446
151.6,2093.4186240666636,-232.59452982920527,99.24201530881595,-1.9360433107006918,-14.874531394056453,-0.007218470759481402
151.70000000000002,2093.2211984002715,-234.1117385940195,99.24128120522904,-1.9350451152148371,-14.874661305484493,-0.007172810160134341
151.8,2093.0238788302036,-235.62896115582762,99.2405527857609,-1.9339636550444164,-14.874801984084035,-0.007107408594424402
151.9,2092.8266739046694,-237.1461986183336,99.23983200647444,-1.932797858142811,-14.874953549899045,-0.007023382687658759
152.0,2092.629592281778,-238.66345209744384,99.23912070932134,-1.9315466418172336,-14.875116122519486,-0.0069218527451071765
152.1,2092.432642730696,-240.18072272122646,99.23842062192959,-1.930208911075162,-14.87528982124422,-0.006803939608566394
152.20000000000002,2092.2358341330423,-241.69801162989557,99.23773335770589,-1.928783555677353,-14.875474765407924,-0.00667076162837012
152.3,2092.039175484646,-243.2153199758365,99.2370604162407,-1.9272694459919804,-14.87567107485857,-0.00652343175420291
152.4,2091.842675897784,-244.73264892368653,99.23640318400379,-1.9256654277446899,-14.875878870571754,-0.006363054747701594
152.5,2091.646344604008,-246.2499996504843,99.23576293531777,-1.9239703157590442,-14.876098275388207,-0.006190724519460365
152.6,2091.4501909576584,-247.76737334590004,99.23514083359659,-1.9221828867800896,-14.876329414860846,-0.006007521592685851
152.70000000000002,2091.2542244401525,-249.28477121255642,99.23453793283632,-1.9203018714717692,-14.87657241819793,-0.005814510695397355
152.8,2091.0584546651276,-250.80219446644998,99.23395517934465,-1.9183259456753246,-14.876827419289222,-0.005612738482705101
152.9,2090.8628913845123,-252.31964433748007,99.23339341369609,-1.9162537210120945,-14.877094557802536,-0.005403231390357933
153.0,2090.6675444955845,-253.8371220700924,99.23285337289923,-1.9140837349097035,-14.877373980338444,-0.005186993620411766
153.1,2090.472424049075,-255.35462892404212,99.23233569276262,-1.9118144401247605,-14.87766584163165,-0.004965005259533924
153.20000000000002,2090.2775402583625,-256.872166175281,99.23184091044578,-1.9094441938300277,-14.877970305788187,-0.0047382205301370935
153.3,2090.082903509801,-258.3897351169713,99.23136946718174,-1.906971246327132,-14.87828754754823,-0.004507566174217637
153.4,2089.8885243742156,-259.9073370606289,99.23092171115754,-1.9043937294393427,-14.878617753565324,-0.004273939969468169
153.5,2089.694413619598,-261.42497333739647,99.23049790053939,-1.9017096446316406,-14.878961123693417,-0.004038209376930454
153.60000000000002,2089.5005822250246,-262.94264529944735,99.23009820662897,-1.8989168508978216,-14.879317872274134,-0.0038012103191690278
153.70000000000002,2089.307041395822,-264.46035432151956,99.22972271713766,-1.8960130524465864,-14.87968822941751,-0.0035637460876657982
153.8,2089.1138025799974,-265.978101802579,99.22937143956574,-1.8929957862102456,-14.880072442270345,-0.0033265863778652194
153.9,2088.920877485951,-267.4958891676101,99.22904430467335,-1.8898624091920952,-14.88047077626712,-0.0030904664500419443
154.0,2088.728278101489,-269.0137178695322,99.22874117003077,-1.8866100856594192,-14.880883516359455,-0.0028560864139141255
154.10000000000002,2088.5360167141484,-270.5315893912388,99.22846182363533,-1.8832357741810006,-14.881310968220786,-0.0026241106346889245
154.20000000000002,2088.344105932855,-272.04950524775717,99.22820598758273,-1.8797362144998333,-14.881753459423779,-0.0023951672580009723
154.3,2088.1525587109286,-273.56746698852504,99.2279733217809,-1.8761079142225656,-14.882211340588862,-0.0021698478509918247
154.4,2087.9613883704556,-275.085476199782,99.22776342769448,-1.8723471352990586,-14.882684986502866,-0.0019487071565783402
154.5,2087.770608628054,-276.60353450707146,99.22757585210883,-1.868449880257024,-14.883174797207502,-0.001732262957761884
154.60000000000002,2087.5802336220586,-278.12164357785036,99.22741009090215,-1.8644118781477785,-14.883681199057996,-0.001520996048662153
154.70000000000002,2087.3902779411537,-279.63980512420386,99.22726559281539,-1.8602285701512233,-14.884204645752714,-0.0013153503087869741
154.8,2087.200756654497,-281.1580209056611,99.22714176320927,-1.8558950947792774,-14.884745619335066,-0.0011157328769007266
154.9,2087.0116853433756,-282.67629273210974,99.22703796779876,-1.8514062726087506,-14.885304631169364,-0.0009225144207149577
155.0,2086.8230801344457,-284.1946224668062,99.2269535363551,-1.8467565904662702,-14.885882222892603,-0.0007360294984943968
155.10000000000002,2086.634957734621,-285.71301202947905,99.22688776636646,-1.8419401849792991,-14.886478967344173,-0.0005565770085622088
155.20000000000002,2086.4473354676707,-287.23146339952285,99.2268399266485,-1.8369508253987417,-14.887095469475822,-0.00038442072257997064
155.3,2086.2602313126163,-288.74997861928085,99.22680926089615,-1.8317818955901264,-14.887732367243865,-0.0002197898984
155.4,2086.0736639440106,-290.2685597974135,99.22679499116924,-1.8264263750815997,-14.888390332485658,-6.287996819361911e-05
155.5,2085.887652774204,-291.78720911235166,99.22679632130408,-1.8208768190479152,-14.88907007178194,8.614670248298403e-05
155.60000000000002,2085.7022179977134,-293.30592881583226,99.22681244024416,-1.815125337100293,-14.889772327306247,0.00022715998909512855
155.70000000000002,2085.5173806378225,-294.82472123651456,99.22684252528346,-1.809163570742843,-14.890497877661883,0.0003600611204461022
155.8,2085.3331625955557,-296.3435887836754,99.22688574521622,-1.8029826693458362,-14.891247538706262,0.0004847817333742699
155.9,2085.149586701188,-297.8625339509807,99.22694126338745,-1.7965732644757235,-14.892022164361357,0.0006012828743118903
156.0,2084.966676768464,-299.38155932033214,99.2270082406391,-1.7899254424111246,-14.892822647407796,0.0007095539521990956
156.10000000000002,2084.784457651721,-300.9006675657848,99.22708583814709,-1.7830287146615234,-14.893649920258682,0.0008096116472315001
156.20000000000002,2084.602955306135,-302.4198614575335,99.22717322014503,-1.7758719862934613,-14.894504955707594,0.000901498779909478
156.3,2084.422196851314,-303.9391438659638,99.2272695565306,-1.768443521855115,-14.895388767643018,0.0009852831448217004
156.4,2084.2422106385047,-305.458517765761,99.22737402535145,-1.7607309086755611,-14.896302411719294,0.001061056313563432
156.5,2084.063026321687,-306.97798624007265,99.22748581516758,-1.7527210172992003,-14.897246985971243,0.0011289324111363015
156.60000000000002,2083.8846749328645,-308.4975524847153,99.22760412728773,-1.7443999587988748,-14.898223631356526,0.0011890468701205264
156.70000000000002,2083.7071889618787,-310.01721981241485,99.2277281778777,-1.7357530386920215,-14.899233532206017,0.0012415551668433114
156.8,2083.530602441116,-311.53699165706934,99.22785719993905,-1.726764707164054,-14.900277916558197,0.0012866315436899421
156.9,2083.3549510354947,-313.05687157801697,99.227990445157,-1.7174185052810438,-14.901358056348538,0.0013244677216190937
157.0,2083.1802721381587,-314.5768632642913,99.22812718561651,-1.707697006849131,-14.90247526741908,0.001355271606850519
157.10000000000002,2083.0066049723446,-316.09697053883957,99.22826671538651,-1.6975817555519097,-14.903630909306719,0.0013792659955973337
157.20000000000002,2082.8339906999204,-317.6171973626756,99.22840835197191,-1.6870531969679423,-14.904826384760907,0.0013966872805981198
157.3,2082.6624725371407,-319.1375478389335,99.22855143763407,-1.676090605039014,-14.906063138932549,0.001407784163099266
157.4,2082.4920958782095,-320.6580262167798,99.22869534058022,-1.664672002525975,-14.907342658165339,0.0014128163738110582
157.5,2082.322908427287,-322.17863689513507,99.22883945602311,-1.6527740749514912,-14.908666468308741,0.001412053406237124
157.60000000000002,2082.154960339636,-323.6993844261453,99.2289832071122,-1.6403720774890942,-14.91003613245775,0.0014057732656394348
157.70000000000002,2081.9883043726513,-325.22027351833214,99.22912604573817,-1.627439734215174,-14.911453248008165,0.0013942612367709279
157.8,2081.8229960475874,-326.74130903933855,99.22926745321296,-1.613949129093737,-14.912919442897186,0.0013778086733601239
157.9,2081.659093822863,-328.26249601817017,99.22940694082739,-1.5998705880150859,-14.914436370876953,0.0013567118121831769
158.0,2081.4966592798855,-329.7838396468147,99.22954405028942,-1.5851725511570898,-14.916005705643071,0.0013312706144174924
158.10000000000002,2081.3357573224316,-331.3053452811012,99.22967835404556,-1.5698214348831514,-14.917629133610017,0.0013017876368044243
158.20000000000002,2081.1764563906854,-332.8270184406354,99.22980945548892,-1.5537814823342062,-14.919308345090707,0.0012685669350029818
158.3,2081.0188286911366,-334.34886480761963,99.2299369890571,-1.5370146018141593,-14.921045023596719,0.0012319130013444676
158.4,2080.8629504436317,-335.870890224332,99.23006062022363,-1.5194801920095018,-14.922840832928474,0.001192129739047041
158.5,2080.7089021469733,-337.3931006889998,99.2301800453867,-1.5011349530267875,-14.924697401669698,0.0011495194747714803
158.60000000000002,2080.5567688645638,-338.9155023497582,99.23029499165932,-1.4819326821784478,-14.926616304636218,0.0011043820112446169
158.70000000000002,2080.4066405317085,-340.4381014963306,99.23040521656488,-1.461824053398529,-14.928599040754879,0.0010570137214950001
158.8,2080.2586122863045,-341.96090454900747,99.23051050764263,-1.4407563791328528,-14.93064700676147,0.0010077066860857012
158.9,2080.112784824759,-343.48391804442673,99.23061068196742,-1.418673353523915,-14.932761466006035,0.0009567478745469506
159.0,2079.969264785105,-345.00714861757706,99.2307055855882,-1.3955147757084716,-14.934943511537188,0.0009044183720440849
159.10000000000002,2079.8281651594,-346.5306029793483,99.23079509289015,-1.3712162520714901,-14.937194022501902,0.0008509926521344056
159.20000000000002,2079.689605737599,-348.0542878888405,99.23087910588498,-1.345708876366197,-14.939513612741145,0.0007967378962908303
159.3,2079.5537135852137,-349.5782101195138,99.23095755343428,-1.3189188867286692,-14.941902570281835,0.0007419133606860363
159.4,2079.4206235571432,-351.10237641811017,99.23103039041074,-1.2907672988045205,-14.944360786219134,0.0006867697905508781
159.5,2079.290478850131,-352.626793455105,99.23109759680217,-1.261169514486088,-14.946887671247046,0.00063154888222838
159.60000000000002,2079.1634315963315,-354.15146776524557,99.23115917676306,-1.2300349061609794,-14.949482057827058,0.0005764827928499801
159.70000000000002,2079.039643500455,-355.6764056765053,99.23121515761865,-1.197266376928283,-14.952142085681515,0.0005217936973697827
159.8,2078.9192865228592,-357.20161322551803,99.23126558882623,-1.1627598979956715,-14.954865067959522,0.0004676933924739582
159.9,2078.8025436107896,-358.72709605726,99.2313105408985,-1.126404025478882,-14.957647335048106,0.00041438294667648653
160.0,2078.689609412265,-360.2528593057526,99.23135010437265,-1.088080726318885,-14.960483956140266,0.0003620538919861411
160.10000000000002,2078.580690976993,-361.7789074461725,99.23138438876967,-1.0476651714328156,-14.963368524229963,0.00031088692377111577
160.20000000000002,2078.4760081132154,-363.30524412320807,99.23141352181705,-1.0050317046200548,-14.966292500300707,0.0002610581111182702
160.3,2078.375793722537,-364.8318719171838,99.231437648563,-0.9600572406707086,-14.969244805579795,0.00021273946687489544
160.4,2078.2802935802297,-366.3587920627864,99.23145693093214,-0.9126617825331917,-14.972209203825026,0.00016613416184272492
160.5,2078.189762219019,-367.88600157926777,99.23147155073913,-0.8627052577413709,-14.975170771097549,0.00012137152411696062
160.60000000000002,2078.1044636833094,-369.41334526931684,99.23148171227348,-0.8102913557518395,-14.978098274233249,7.877069495078392e-05
160.70000000000002,2078.024655759179,-370.94081761384837,99.23148764030589,-0.7552638335622771,-14.98097381815478,3.839009968096113e-05
160.8,2077.9506097168914,-372.46834999849386,99.23148956882045,-0.6975096506320785,-14.983773900031828,3.120961119705316e-07
160.9,2077.882610071396,-373.99592203948686,99.23148773595148,-0.6368644825655723,-14.986474022584202,-3.5430933035384066e-05
161.0,2077.820958935983,-375.5235235934204,99.2314823816062,-0.5731435519189915,-14.989046215959064,-6.882588630994139e-05
161.10000000000002,2077.7659775804077,-377.051141997879,99.23147374638161,-0.5061529599328787,-14.991457873441703,-9.98696138331374e-05
161.20000000000002,2077.7180073427508,-378.57876165243357,99.23146207058012,-0.435690014460234,-14.99367113800919,-0.00012856826655756334
161.3,2077.6774104992023,-380.10636354369774,99.23144759329226,-0.3615437863004746,-14.995642235882467,-0.0001549366495960201
161.4,2077.64457106639,-381.63392470953687,99.23143055154559,-0.2834959525293987,-14.997320761151284,-0.00017899758268139537
161.5,2077.61989550447,-383.16141763788875,99.23141117951917,-0.2013219968199917,-14.998648919595501,-0.0002007812708772202
161.60000000000002,2077.603813281596,-384.68880959639506,99.2313897078223,-0.11479284929463139,-14.999560745342107,-0.00022032468879769153
161.70000000000002,2077.5967772514323,-386.2160618903051,99.23136636283603,-0.023677061818366405,-14.99998131133023,-0.0002376709817657317
161.8,2077.5992637850554,-387.7431290480707,99.23134136611573,0.07225637176241514,-14.999825964083618,-0.00025286888758531265
161.9,2077.6117725868526,-389.2699579369138,99.23131493385242,0.17323442809752299,-14.998999625381037,-0.000265972182902953
162.0,2077.6348261110425,-390.7964868146741,99.2312872763903,0.27947556664711565,-14.997396218373927,-0.0002770391584682709
162.10000000000002,2077.6689684814833,-392.3226443297057,99.23125859779755,0.3911842029546305,-14.994898293669323,-0.00028613212797689246
162.20000000000002,2077.714763803087,-393.8483484877929,99.23122909548674,0.5085440056998594,-14.991376951709002,-0.00029331697553208915
162.3,2077.7727937393465,-395.37350561426996,99.2311989598811,0.6317098939875948,-14.986692180752854,-0.0002986627470363744
162.4,2077.8436542186428,-396.89800935096804,99.23116837412182,0.760798642295418,-14.980693753445854,-0.0003022412909367503
162.5,2077.927951124127,-398.42173974132544,99.23113751381162,0.8958780552724314,-14.97322284672168,-0.0003041269535602771
162.60000000000002,2078.026294820832,-399.9445624727698,99.23110654678861,1.0369547602260034,-14.964114565606193,-0.00030439633363804896
162.70000000000002,2078.139293382685,-401.4663283626692,99.23107563292463,1.183960788337554,-14.95320155551287,-0.00030312809928276284
162.8,2078.267544405417,-402.98687319151253,99.23104492394141,1.3367392808969667,-14.940318872255208,-0.0003004028684602249
162.9,2078.4116253333386,-404.50601800250496,99.23101456323816,1.4950298637201254,-14.925310235261087,-0.00029630315062549497
163.0,2078.572082292726,-406.02356999755136,99.23098468572418,1.6584544725526946,-14.908035708229283,-0.00029091334253441794
163.10000000000002,2078.749417514759,-407.5393241619146,99.23095541765112,1.8265046636089433,-14.888380725685955,-0.00028431976528192523
163.20000000000002,2078.9440755465967,-409.05306573936554,99.23092687644065,1.9985316705051,-14.866266211980552,-0.00027661072265728644
163.3,2079.156428585866,-410.5645736521678,99.23089917050558,2.173740621231165,-14.84165932905926,-0.0002678765535996648
163.4,2079.3867614216174,-412.0736249126139,99.23087239906533,2.3511903469937283,-14.81458416174856,-0.0002582096450342913
163.5,2079.6352566075643,-413.58000000427006,99.23084665196006,2.529800042425749,-14.785131439523466,-0.0002477043671885394
163.60000000000002,2079.901980609973,-415.08348912443506,99.23082200947178,2.7083636382968765,-14.753466248541034,-0.0002364568933264428
163.70000000000002,2080.186871739521,-416.58389908186865,99.23079854216435,2.885572127663779,-14.719832656848398,-0.0002245648711429097
163.8,2080.489730672765,-418.08106054717894,99.23077631075765,3.060043301003193,-14.68455429868362,-0.00021212692446069634
163.9,2080.810214281431,-419.57483527189584,99.23075536605296,3.230357503367065,-14.648030255319066,-0.00019924198076130579
164.0,2081.1478333157793,-421.06512284102746,99.2307357489267,3.395097268097034,-14.610726008845726,-0.00018600844042018414
164.10000000000002,2081.5019542457644,-422.55186651470433,99.230717490408,3.5528881485565305,-14.573159773161146,-0.00017252322406047027
164.20000000000002,2081.8718052777544,-424.0350577532869,99.23070061185136,3.702437866596928,-14.535885037339353,-0.00015888075152173503
164.3,2082.2564777038156,-425.5147235637702,99.23068512498051,3.8425323517147163,-14.499480856394474,-0.00014517563084565774
164.4,2082.6549432418515,-426.9909416530998,99.2306710320557,3.9721106270876083,-14.464519941874528,-0.00013149813261428367
164.5,2083.066085638907,-428.46386712871487,99.23065832678641,4.0903454648449,-14.431530548223776,-0.0001179266902306539
164.60000000000002,2083.4887107793315,-429.9337030889377,99.23064699516216,4.196579124694387,-14.400997314049189,-0.00010453386297057066
164.70000000000002,2083.92156428771,-431.400696308518,99.23063701604566,4.290325556468051,-14.373347091445531,-9.138594704334252e-05
164.8,2084.363349107919,-432.86513170884507,99.2306283618032,4.371265667910993,-14.348938513157469,-7.854275725204882e-05
164.9,2084.812742383443,-434.3273259510449,99.23062099895544,4.439236950612324,-14.328055530739494,-6.605757240062577e-05
165.0,2085.268411106542,-435.7876205050083,99.23061488883279,4.49421899330673,-14.310904780526197,-5.397722599491959e-05
165.10000000000002,2085.7290261646726,-437.24637453039315,99.23060998822116,4.536316454226673,-14.297616340681389,-4.234231609649036e-05
165.20000000000002,2086.1932745725544,-438.703957864286,99.23060624998661,4.565740948337434,-14.288247254009224,-3.1187504586098434e-05
165.3,2086.6598698221787,-440.16074435367216,99.2306036236701,4.582793079269341,-14.282787108690625,-2.0541876075180637e-05
165.4,2087.1275542450476,-441.6170876697711,99.23060205573606,4.587842689749369,-14.281165899673752,-1.0432358049679062e-05
165.5,2087.595110913253,-443.07332737678007,99.23060149001572,4.581328091171551,-14.28325708376915,-8.813492266661315e-07
165.60000000000002,2088.0613784839948,-444.5298101848929,99.23060186861642,4.563740365948908,-14.288886376206614,8.0971187766722e-06
165.70000000000002,2088.5252489650297,-445.98686635934945,99.2306031324133,4.535603057436843,-14.297842666119164,1.6493212478987946e-05
165.8,2088.9856705637944,-447.4448063740286,99.2306052214706,4.49746265430256,-14.30988573233774,2.430090754280417e-05
165.9,2089.4416496143663,-448.9039182447612,99.23060807542329,4.449881132677136,-14.32475332786051,3.151763105734747e-05
166.0,2089.8922517867063,-450.36446548701593,99.2306116338219,4.393430261325725,-14.34216756761029,3.8143936652875775e-05
166.10000000000002,2090.3366027506245,-451.8266856385526,99.23061583644379,4.328687333352841,-14.361840619089131,4.4183211788448e-05
166.20000000000002,2090.773888432099,-453.290789288884,99.23062062357417,4.256231983096267,-14.383479735571782,4.964141506652565e-05
166.3,2091.2033549653256,-454.75695956165475,99.23062593625968,4.176643769074578,-14.406791690840723,5.4526840532341766e-05
166.4,2091.6243084125967,-456.22535200149935,99.23063171653743,4.090500244046902,-14.43148667843992,5.8849905435884226e-05
166.5,2092.036114297277,-457.69609482226593,99.2306379076418,3.998375283557945,-14.457281732328221,6.262295779912591e-05
166.60000000000002,2092.4381969735628,-459.1692894778795,99.23064445419124,3.900837498409334,-14.483903714353602,6.586010020383978e-05
166.70000000000002,2092.8300388405123,-460.6450115202012,99.2306513023566,3.79844860948274,-14.51109190090173,6.857702646560074e-05
166.8,2093.211179396811,-462.12331170999846,99.23065840001273,3.691761711840953,-14.538600189081953,7.079086820317316e-05
166.9,2093.5812141263573,-463.60421734777515,99.23066569687401,3.581319396899058,-14.56619893356312,7.252004874738254e-05
167.0,2093.9397932022853,-465.08773379107066,99.23067314461524,3.467651735570404,-14.59367641944111,7.378414228991804e-05
167.10000000000002,2094.286619997766,-466.5738461243033,99.230680696978,3.3512741513348625,-14.62083997440055,7.46037366572477e-05
167.20000000000002,2094.6214493949815,-468.0625209466888,99.23068830986328,3.23268523042015,-14.647516724530421,7.500029857096252e-05
167.3,2094.944085888388,-469.5537082435183,99.2306959414107,3.112364527405849,-14.673554001772079,7.499604070618252e-05
167.4,2095.2543814840305,-471.0473433063748,99.23070355206438,2.9907704294726782,-14.698819416287302,7.46137902567943e-05
167.5,2095.5522334026914,-472.54334866883863,99.23071110462593,2.868338142275683,-14.723200613185595,7.387685908247616e-05
167.60000000000002,2095.837581600604,-474.04163602594645,99.2307185642946,2.7454778561012887,-14.746604739273252,7.280891578967425e-05
167.70000000000002,2096.1104061268875,-475.5421081080946,99.23072589869498,2.6225731436247415,-14.768957651142326,7.143386031533524e-05
167.8,2096.3707243415734,-477.04466048314254,99.23073307789234,2.4999796311926574,-14.790202900526861,6.9775701741496e-05
167.9,2096.6185880218623,-478.5491832640429,99.23074007439615,2.3780239749848553,-14.810300536106364,6.785844013597617e-05
168.0,2096.8540803869732,-480.0555627032503,99.23074686315213,2.2570031624016442,-14.829225762682006,6.570595324283031e-05
168.10000000000002,2097.077313073626,-481.56368265927733,99.23075342152333,2.1371841481973695,-14.84696749887605,6.33418888108276e-05
168.20000000000002,2097.2884230948284,-483.0734259249073,99.23075972926074,2.018803824716048,-14.863526873310267,6.0789563269862566e-05
168.3,2097.487569814293,-484.5846754105978,99.23076576846425,1.9020693164396636,-14.878915696786725,5.8071867364476466e-05
168.4,2097.6749319676223,-486.0973151803803,99.23077152353447,1.787158581175966,-14.893154944560298,5.5211179218203656e-05
168.5,2097.8507047594508,-487.61123134098455,99.2307769811162,1.6742212937241245,-14.906273278620409,5.222928517167172e-05
168.60000000000002,2098.01509706319,-489.1263127879137,99.23078213003441,1.5633799828179489,-14.918305635255926,4.9147308589062095e-05
168.70000000000002,2098.168328747031,-490.6424518147224,99.23078696122346,1.4547313885298963,-14.92929189831558,4.5985646696145576e-05
168.8,2098.3106281465357,-492.1595445937847,99.23079146765018,1.348348005049501,-14.939275673721612,4.276391539020463e-05
168.9,2098.442229700624,-493.67749153838423,99.23079564423199,1.244279772704442,-14.94830317613602,3.9500901851634385e-05
169.0,2098.5633717641986,-495.19619755703656,99.23079948775042,1.1425558831268925,-14.956422234365432,3.6214524692007415e-05
169.10000000000002,2098.674294607076,-496.7155722116002,99.23080299676097,1.0431866624188448,-14.963681418229525,3.292180131028268e-05
169.20000000000002,2098.775238605465,-498.2355297909939,99.23080617150009,0.946165498873061,-14.970129286277519,2.9638822064060273e-05
169.3,2098.8664426289793,-499.755989312268,99.23080901378971,0.8514707840988893,-14.975813750949564,2.638073083472802e-05
169.4,2098.948142623167,-501.27687446043365,99.23081152694016,0.7590678391315556,-14.980781555548418,2.316171153760956e-05
169.5,2099.0205703848133,-502.7981134778877,99.23081371565199,0.6689108001307007,-14.985077855689262,1.9994980129568095e-05
169.60000000000002,2099.0839525248593,-504.31963901354504,99.23081558591721,0.5809444414766785,-14.988745896693025,1.6892781661299808e-05
169.70000000000002,2099.1385096116933,-505.84138794094343,99.23081714492048,0.4951059173461705,-14.99182677762842,1.386639194064795e-05
169.8,2099.1844554858003,-507.3633011536709,99.23081840094063,0.41132640610279253,-14.99435929233134,1.0926123393064147e-05
169.9,2099.221996735329,-508.88532334551724,99.23081936325305,0.32953264500434326,-14.996379837674528,8.08133472505818e-06
170.0,2099.251332321003,-510.40740278179925,99.23082004203314,0.2496483457471625,-14.997922379564349,5.340444032317664e-06
170.10000000000002,2099.272653337981,-511.92949106738143,99.23082044826144,0.17159548420023527,-14.999018467546295,2.7109450093604907e-06
170.20000000000002,2099.286142901721,-513.4515429160306,99.23082059363036,0.09529546029426661,-14.999697289453785,1.9942595653710433e-07
170.3,2099.291976144604,-514.9735159249129,99.23082049045311,0.02067012640631948,-14.999985758188892,-2.1884086987625186e-06
170.4,2099.2903203100122,-516.4953703572832,99.23082015157497,-0.052357315295212384,-14.999908623438854,-4.447714621920053e-06
170.5,2099.281334930695,-518.0170689357212,99.23081959028704,-0.12386154421042914,-14.999488601876484,-6.574481769638465e-06
170.60000000000002,2099.2651720785693,-519.5385766476611,99.23081882024276,-0.1939144774206192,-14.998746520138718,-8.565506780100965e-06
170.70000000000002,2099.2419766735725,-521.059860564408,99.2308178553774,-0.2625847452335749,-14.997701465606724,-1.0418363753240649e-05
170.8,2099.211886839778,-522.5808896743732,99.2308167098305,-0.3299372797095511,-14.99637094070798,-1.2131373608149088e-05
170.9,2099.1750342976925,-524.1016347308489,99.2308153978717,-0.3960330088128097,-14.99477101711603,-1.3703572183115466e-05
171.0,2099.131544782433,-525.6220681143054,99.23081393382967,-0.4609286481415418,-14.992916486831152,-1.5134677245516479e-05
171.10000000000002,2099.0815384783164,-527.142163708911,99.2308123320247,-0.5246765816955904,-14.990821007681683,-1.6425054567186767e-05
171.20000000000002,2099.025130461289,-528.6618967927428,99.23081060670468,-0.5873248228286894,-14.98849724129075,-1.7575683210960154e-05
171.3,2098.962431141527,-530.1812439409786,99.23080877198466,-0.6489170463835392,-14.9859569820071,-1.8588120174429167e-05
171.4,2098.8935466994503,-531.7001829412142,99.2308068417901,-0.7094926830080841,-14.983211275703853,-1.9464464532562033e-05
171.5,2098.8185795093023,-533.2186927199574,99.2308048298038,-0.7690870667810831,-14.980270527707493,-2.0207321215801602e-05
171.60000000000002,2098.7376285453374,-534.7367532792738,99.23080274941657,-0.827731627518862,-14.977144599434551,-2.081976455777951e-05
171.70000000000002,2098.6507897665206,-536.2543456425263,99.23080061368154,-0.8854541194768086,-14.973842893587726,-2.1305301752039422e-05
171.8,2098.5581564764498,-537.7714518081359,99.23079843527229,-0.9422788785811965,-14.970374427999797,-2.166783634078843e-05
171.9,2098.459819656007,-539.2880547102977,99.23079622644465,-0.9982271008163981,-14.966747898415191,-2.1911631866608506e-05
172.0,2098.3558682669423,-540.8041381856184,99.23079399900222,-1.0533171349332482,-14.962971730668016,-2.204127581448133e-05
172.10000000000002,2098.2463895252777,-542.3196869446798,99.23079176426549,-1.1075647832236453,-14.959054122854027,-2.2061643962265136e-05
172.20000000000002,2098.1314691440066,-543.8346865475929,99.23078953304467,-1.1609836047113373,-14.955003078204578,-2.1977865258021017e-05
172.3,2098.0111915451193,-545.3491233826718,99.23078731561593,-1.2135852157282356,-14.950826429455024,-2.1795287337824253e-05
172.4,2097.885640041451,-546.8629846474313,99.23078512170117,-1.265379583468156,-14.946531855560302,-2.151944278885443e-05
172.5,2097.754896989274,-548.3762583311932,99.23078296045124,-1.3163753087271883,-14.942126891648519,-2.115601625986351e-05
172.60000000000002,2097.619043912904,-549.8889331986682,99.23078084043229,-1.3665798946426795,-14.937618933120817,-2.071081251268224e-05
172.70000000000002,2097.478161602882,-551.4009987739677,99.2307787696155,-1.4159999988248377,-14.933015234805076,-2.0189725505173922e-05
172.8,2097.332330189535,-552.9124453245834,99.23077675536977,-1.464641666828667,-14.928322906053621,-1.959870857933195e-05
172.9,2097.181629193889,-554.4232638449571,99.23077480445741,-1.5125105454361172,-14.923548902643287,-1.8943745834886647e-05
173.0,2097.026137558056,-555.9334460393444,99.23077292303263,-1.5596120747034194,-14.918700016291865,-1.8230824744343396e-05
173.10000000000002,2096.865933657269,-557.442984303751,99.23077111664283,-1.6059516581741835,-14.913782862550418,-1.7465910068527197e-05
173.20000000000002,2096.701095295815,-558.9518717067933,99.23076939023234,-1.6515348110629053,-14.908803867767864,-1.6654919122792263e-05
173.3,2096.531699689081,-560.460101969399,99.2307677481487,-1.696367286574271,-14.9037692557551,-1.5803698427128534e-05
173.4,2096.3578234339234,-561.9676694433239,99.23076619415117,-1.7404551808414563,-14.898685034702211,-1.4918001775123305e-05
173.5,2096.1795424694856,-563.4745690885114,99.2307647314214,-1.783805017240695,-14.893556984826386,-1.4003469746855493e-05
173.60000000000002,2095.996932030513,-564.9807964493673,99.23076336257608,-1.8264238110709197,-14.888390647151304,-1.3065610673707902e-05
173.70000000000002,2095.8100665950956,-566.4863476300583,99.23076208968145,-1.8683191157787307,-14.8831913137428,-1.210978307038786e-05
173.8,2095.619019828642,-567.9912192689751,99.2307609142695,-1.909499052059347,-14.877964019652028,-1.1141179531683549e-05
173.9,2095.423864525753,-569.495408512522,99.23075983735573,-1.9499723212794118,-14.872713536747115,-1.0164812089988876e-05
174.0,2095.2246725514965,-570.9989129884126,99.2307588594583,-1.9897482047470239,-14.867444369548576,-9.185499021569712e-06
174.10000000000002,2095.0215147834515,-572.5017307786616,99.23075798061842,-2.0288365504021777,-14.862160753123511,-8.207853081504683e-06
174.20000000000002,2094.814461055697,-574.0038603924672,99.23075720042185,-2.06724774852026,-14.856866653039113,-7.2362711499550135e-06
174.3,2094.6035801057906,-575.5053007391781,99.2307565180214,-2.1049926980138056,-14.85156576732801,-6.274925258894173e-06
174.4,2094.3889395255987,-577.0060511015336,99.23075593216022,-2.1420827648885696,-14.84626153037656,-5.327754967867227e-06
174.5,2094.1706057166984,-578.5061111093574,99.2307554411958,-2.178529734359464,-14.840957118612408,-4.398461056628363e-06
174.60000000000002,2093.9486438509134,-580.0054807138737,99.2307550431245,-2.2143457580658645,-14.835655457839518,-3.4905004895223845e-06
174.70000000000002,2093.7231178364113,-581.5041601627964,99.2307547356066,-2.249543297744661,-14.83035923204712,-2.607082617640595e-06
174.8,2093.4940902896474,-583.0021499763316,99.23075451599152,-2.2841350666277274,-14.825070893503291,-1.7511665692775793e-06
174.9,2093.2616225133274,-584.4994509242069,99.23075438134337,-2.3181339697294328,-14.819792673933925,-9.254597826714382e-07
175.0,2093.02577448044,-585.9960640038316,99.2307543284665,-2.351553044083138,-14.81452659658294,-1.3241763351779157e-07
175.10000000000002,2092.786604824311,-587.4919904196628,99.23075435393103,-2.3844053998742845,-14.809274488949482,6.257558930170995e-07
175.20000000000002,2092.5441708345465,-588.9872315638402,99.2307544540983,-2.4167041633049946,-14.804037996001718,1.347106537899984e-06
175.3,2092.2985284586425,-590.4817889981301,99.230754625146,-2.448462421911969,-14.798818593674321,2.029927161857273e-06
175.4,2092.049732308981,-591.9756644372007,99.23075486309308,-2.4796931729478136,-14.79361760246725,2.6727542538318143e-06
175.5,2091.7978356748745,-593.4688597332344,99.23075516382416,-2.5104092753272655,-14.788436200976088,3.2743636043195568e-06
175.60000000000002,2091.5428905392664,-594.9613768618664,99.23075552311349,-2.5406234055359525,-14.78327543919913,3.833765201492603e-06
175.70000000000002,2091.2849475996823,-596.4532179094258,99.23075593664839,-2.5703480177993816,-14.778136251482318,4.3501974012290696e-06
175.8,2091.024056292969,-597.9443850614384,99.23075640005197,-2.599595308717844,-14.773019468980229,4.823120426446368e-06
175.9,2090.760264823376,-599.434880592344,99.2307569089052,-2.6283771864856207,-14.767925831528759,5.2522092521245346e-06
176.0,2090.4936201935025,-600.9247068563681,99.23075745876822,-2.6567052447348387,-14.762855998842722,5.6373459262340184e-06
176.10000000000002,2090.224168237645,-602.4138662794804,99.23075804520082,-2.6845907409724097,-14.757810560969046,5.9786113826722306e-06
176.20000000000002,2089.9519536570792,-603.902361352368,99.23075866378205,-2.7120445795154713,-14.75279004794284,6.2762767996538025e-06
176.3,2089.6770200568367,-605.3901946243421,99.23075931012903,-2.739077298774504,-14.747794938610163,6.530794550845249e-06
176.4,2089.399409983533,-606.8773686981012,99.23075997991462,-2.765699062686198,-14.742825668595936,6.742788807190227e-06
176.5,2089.11916496385,-608.363886225262,99.23076066888432,-2.7919196560579986,-14.737882637409934,6.91304583604164e-06
176.60000000000002,2088.836325543281,-609.8497499025792,99.23076137287201,-2.8177484835531796,-14.73296621469635,7.042504046340692e-06
176.70000000000002,2088.5509313247935,-611.3349624687683,99.23076208781481,-2.8431945720204763,-14.728076745644097,7.132243831958091e-06
176.8,2088.2630210070806,-612.8195267018513,99.2307628097668,-2.8682665758534642,-14.723214555585008,7.1834772538026165e-06
176.9,2087.9726324221156,-614.303445416947,99.23076353491169,-2.8929727850525153,-14.718379953816036,7.19753761250942e-06
177.0,2087.6798025717503,-615.7867214644314,99.23076425957449,-2.917321135655454,-14.713573236688854,7.175868953007631e-06
177.10000000000002,2087.3845676631418,-617.2693577283966,99.23076498023204,-2.9413192222023086,-14.70879469001633,7.12001554204613e-06
177.20000000000002,2087.086963142811,-618.751357125345,99.23076569352256,-2.9649743119031817,-14.70404459084999,7.031611363530123e-06
177.3,2086.787023729185,-620.2327226030565,99.23076639625405,-2.9882933601855757,-14.699323208686277,6.912369668287196e-06
177.4,2086.484783443498,-621.7134571395756,99.23076708541173,-3.0112830273102364,-14.694630806161395,6.7640726149278654e-06
177.5,2086.1802756389607,-623.1935637422682,99.2307677581643,-3.033949695758365,-14.68996763929602,6.588561041561484e-06
177.60000000000002,2085.8735330281293,-624.6730454469077,99.23076841186936,-3.0562994881114895,-14.685333957351077,6.387724398174146e-06
177.70000000000002,2085.5645877084503,-626.1519053167505,99.23076904407765,-3.0783382851641656,-14.680730002355283,6.1634908745507765e-06
177.8,2085.25347118596,-627.6301464415722,99.23076965253641,-3.1000717440315855,-14.676156008363428,5.917817753468556e-06
177.9,2084.9402143971574,-629.1077719366384,99.23077023519177,-3.121505316036505,-14.671612200502162,5.652682015368212e-06
178.0,2084.624847729082,-630.58478494159,99.23077079019015,-3.1426442641832213,-14.667098793857203,5.37007122241099e-06
178.10000000000002,2084.307401037647,-632.0611886192279,99.23077131587878,-3.1634936800498306,-14.66261599225251,5.071974707465477e-06
178.20000000000002,2083.9879036643,-633.5369861541883,99.23077181080544,-3.1840584999540837,-14.658163986968063,4.760375087342056e-06
178.3,2083.666384451083,-635.0121807515019,99.23077227371716,-3.2043435202714496,-14.653742955438883,4.437240121949172e-06
178.4,2083.3428717541938,-636.4867756350365,99.23077270355837,-3.2243534118064714,-14.649353059973507,4.104514938319139e-06
178.5,2083.0173934561403,-637.9607740458241,99.2307730994681,-3.2440927331407665,-14.644994446525718,3.764114634418643e-06
178.60000000000002,2082.689976976602,-639.4341792402796,99.23077346077648,-3.2635659429018866,-14.640667243548679,3.4179172754401204e-06
178.70000000000002,2082.360649282103,-640.9069944883169,99.2307737870007,-3.2827774109166987,-14.63637156095614,3.0677573014643004e-06
178.8,2082.029436894619,-642.379223071375,99.23077407784014,-3.3017314282313053,-14.63210748921092,2.715419346845397e-06
178.9,2081.696365899224,-643.8508682803656,99.23077433317101,-3.320432215996148,-14.627875098556501,2.362632489282557e-06
179.0,2081.3614619509026,-645.321933413555,99.23077455304045,-3.338883933230348,-14.623674438403372,2.011064929250793e-06
179.10000000000002,2081.024750280627,-646.7924217743973,99.23077473766003,-3.357090683492305,-14.619505536877996,1.662319105952286e-06
179.20000000000002,2080.6862557008185,-648.2623366693323,99.2307748873989,-3.3750565204960568,-14.615368400538364,1.317927254397032e-06
179.3,2080.3460026102916,-649.7316814055654,99.2307750027764,-3.3927854527226513,-14.611263014256934,9.793474024696045e-07
179.4,2080.0040149987817,-651.2004592888452,99.2307750844544,-3.4102814470841976,-14.607189341268667,6.479598103942864e-07
179.5,2079.660316451146,-652.6686736212539,99.23077513322923,-3.4275484317058185,-14.603147323378987,3.250638487281684e-07
179.60000000000002,2079.314930151329,-654.1363276990263,99.23077515002339,-3.4445902978954894,-14.599136881324329,1.1875311590865622e-08
179.70000000000002,2078.9678788861625,-655.6034248104113,99.23077513587693,-3.4614109013760492,-14.595157915275703,-2.9047583826735847e-07
179.8,2078.6191850490777,-657.0699682335896,99.23077509193872,-3.4780140628561727,-14.591210305474126,-5.809473001197218e-07
179.9,2078.26887064379,-658.5359612346602,99.23077501945752,-3.4944035680180314,-14.58729391298544,-8.585858506739348e-07
180.0,2077.916957288007,-660.0014070657064,99.2307749197729,-3.510583167000438,-14.583408580560716,-1.1225283480962962e-06
180.10000000000002,2077.5634662172133,-661.4663089629512,99.23077479430616,-3.526556573454069,-14.579554133588106,-1.3720023392648565e-06
180.20000000000002,2077.208418288567,-662.9306701450105,99.23077464455115,-3.5423274632442734,-14.575730381121312,-1.6063262826413859e-06
180.3,2076.8518339849384,-664.3944938112517,99.23077447206512,-3.5578994728741886,-14.571937116969668,-1.8249093912801207e-06
180.4,2076.4937334191195,-665.8577831402621,99.2307742784596,-3.5732761976972873,-14.568174120834977,-2.0272511176877625e-06
180.5,2076.134136338219,-667.3205412884327,99.23077406539137,-3.588461189984082,-14.56444115948062,-2.212940288905051e-06
180.60000000000002,2075.7730621282544,-668.7827713886581,99.2307738345535,-3.603457956903976,-14.560737987918735,-2.3816539093910416e-06
180.70000000000002,2075.4105298189484,-670.2444765491565,99.23077358766658,-3.618269958477608,-14.55706435060215,-2.5331556455221866e-06
180.8,2075.0465580887267,-671.7056598524072,99.23077332647006,-3.6329006055499415,-14.553419982608478,-2.667294008734614e-06
180.9,2074.6811652699157,-673.1663243542065,99.23077305271391,-3.6473532578295735,-14.549804610804651,-2.784000253276869e-06
181.0,2074.314369354129,-674.6264730828394,99.23077276815036,-3.6616312220329594,-14.546217954981463,-2.88328600815333e-06
181.10000000000002,2073.946187997833,-676.0861090383628,99.23077247452596,-3.675737750168197,-14.542659728948474,-2.9652406564272956e-06
181.20000000000002,2073.57663852807,-677.5452351919973,99.23077217357398,-3.689676037986444,-14.539129641581008,-3.030028483679893e-06
181.3,2073.2057379483285,-679.0038544856225,99.23077186700701,-3.703449223624359,-14.53562739781213,-3.0778856123161365e-06
181.4,2072.833502944535,-680.4619698313696,99.23077155650991,-3.7170603864553105,-14.532152699563648,-3.1091167410391813e-06
181.5,2072.459949891146,-681.9195841113066,99.23077124373316,-3.7305125461627875,-14.528705246611354,-3.124091705719483e-06
181.60000000000002,2072.0850948573184,-683.3767001772071,99.23077093028651,-3.7438086620442164,-14.525284737380984,-3.123241883694692e-06
181.70000000000002,2071.7089536131352,-684.8333208503996,99.230770617733,-3.756951632549422,-14.521890869672397,-3.1070564585582757e-06
181.8,2071.3315416358632,-686.2894489216856,99.23077030758337,-3.769944295054107,-14.51852334131056,-3.076078562779842e-06
181.9,2070.952874116215,-687.7450871513236,99.23077000129089,-3.7827894258647428,-14.515181850722941,-3.0309013191441047e-06
182.0,2070.572965964597,-689.200238269069,99.23076970024657,-3.7954897404483634,-14.511866097443924,-2.9721637967770664e-06
182.10000000000002,2070.1918318173234,-690.6549049742642,99.23076940577478,-3.8080478938779176,-14.50857578254749,-2.9005469023392216e-06
182.20000000000002,2069.809486042763,-692.1090899359708,99.23076911912929,-3.8204664814811693,-14.505310609010445,-2.8167692227030922e-06
182.3,2069.4259427474176,-693.562795793138,99.23076884148976,-3.8327480396793288,-14.50207028200894,-2.721582835476312e-06
182.4,2069.041215781894,-695.0160251548006,99.23076857395861,-3.8448950469999374,-14.498854509151696,-2.615769108388239e-06
182.5,2068.655318746772,-696.4687806003003,99.2307683175583,-3.856909925246835,-14.495663000653892,-2.5001344990807746e-06
182.60000000000002,2068.2682649983353,-697.9210646795243,99.23076807322911,-3.868795040809882,-14.492495469455879,-2.375506374153179e-06
182.70000000000002,2067.880067654169,-699.372879913156,99.23076784182726,-3.8805527060954508,-14.489351631291521,-2.242728865242564e-06
182.8,2067.4907395986006,-700.8242287929332,99.23076762412347,-3.8921851810594315,-14.486231204710801,-2.1026587709561756e-06
182.9,2067.10029348798,-702.2751137819097,99.23076742080195,-3.9036946748238277,-14.483133911061799,-1.9561615264878626e-06
183.0,2066.7087417557914,-703.7255373147145,99.23076723245975,-3.915083347358277,-14.480059474437066,-1.8041072477943758e-06
183.10000000000002,2066.3160966175933,-705.1755017978085,99.23076705960653,-3.926353311208902,-14.477007621589353,-1.6473668698521724e-06
183.20000000000002,2065.9223700757752,-706.6250096097317,99.23076690266471,-3.9375066332567368,-14.47397808182177,-1.486808384912011e-06
183.3,2065.5275739241397,-708.0740631013425,99.23076676196997,-3.9485453364895404,-14.470970586857156,-1.3232931992263582e-06
183.4,2065.131719752301,-709.5226645960435,99.23076663777216,-3.959471401771489,-14.467984870691302,-1.1576726142116506e-06
183.5,2064.7348189499044,-710.970816389995,99.23076653023647,-3.9702867695964543,-14.46502066943447,-9.90784444202627e-07
183.60000000000002,2064.336882710673,-712.4185207523137,99.23076643944498,-3.9809933418118,-14.462077721145377,-8.234497789351236e-07
183.70000000000002,2063.9379220362744,-713.8657799252559,99.23076636539857,-3.9915929833011066,-14.459155765661457,-6.564699022441963e-07
183.8,2063.5379477400247,-715.3125961243853,99.23076630801906,-4.002087523615217,-14.456254544428969,-4.906233713916631e-07
183.9,2063.1369704504286,-716.7589715387253,99.23076626715164,-4.01247875854301,-14.453373800336065,-3.266632683672056e-07
184.0,2062.7350006145616,-718.2049083308958,99.2307662425676,-4.022768451613913,-14.450513277551762,-1.6531462362406016e-07
184.10000000000002,2062.3320485013055,-719.6504086372354,99.23076623396727,-4.032958335526396,-14.447672721373092,-7.2720228449855645e-09
184.20000000000002,2061.9281242044426,-721.0954745679095,99.23076624098324,-4.043050113497276,-14.44485187808271,1.4680260097049732e-07
184.3,2061.523237645617,-722.5401082070058,99.23076626318372,-4.053045460528614,-14.442050494818536,2.9628198551665225e-07
184.4,2061.117398577172,-723.9843116126173,99.23076630007616,-4.062946024589678,-14.439268319456867,4.4057536488389927e-07
184.5,2060.710616584871,-725.4280868169155,99.23076635111094,-4.0725370896319895,-14.435738256685882,5.790993373082728e-07
184.60000000000002,2060.3029221792017,-726.8713610112587,99.2307664156824,-4.081197517425548,-14.429260528355895,7.112180761702983e-07
184.70000000000002,2059.8944074627602,-728.3138431339714,99.2307664931236,-4.088946466233006,-14.419909056323005,8.364118628988334e-07
184.8,2059.4851626414456,-729.7552494627328,99.23076658271809,-4.095802713528013,-14.407756704901209,9.54209388219735e-07
184.9,2059.075276061973,-731.1953035085704,99.23076668370474,-4.10178466754764,-14.392875276065485,1.064188972200858e-06
185.0,2058.664834248168,-732.6337359094465,99.23076679528278,-4.106910380056437,-14.375335506081838,1.165979499906421e-06
185.10000000000002,2058.2539219359346,-734.0702843235739,99.23076691661687,-4.111197560064191,-14.355207063456444,1.2592610738894114e-06
185.20000000000002,2057.8426221068153,-735.5046933225887,99.23076704684227,-4.114663588244219,-14.332558548105474,1.3437653881743596e-06
185.3,2057.431016020083,-736.936714284697,99.23076718507001,-4.117325531806703,-14.307457491655429,1.4192758289187564e-06
185.4,2057.0191832433343,-738.3661052879055,99.230767330392,-4.119200159593837,-14.279970358791175,1.4856273061153557e-06
185.5,2056.6072016815697,-739.7926310034348,99.23076748188623,-4.120303957177422,-14.250162549575377,1.5427058269005305e-06
185.60000000000002,2056.1951476047743,-741.2160625894116,99.23076763862181,-4.120653141756585,-14.218098402668689,1.590447815560396e-06
185.70000000000002,2055.783095674025,-742.6361775849242,99.23076779966398,-4.1202636766719545,-14.183841199385142,1.6288391937410759e-06
185.8,2055.371118966172,-744.0527598045229,99.23076796407898,-4.1191512853724594,-14.14745316852163,1.6579142272985233e-06
185.9,2054.95928899716,-745.4655992332405,99.23076813093886,-4.11733146469235,-14.108995491904283,1.6777541552840676e-06
186.0,2054.547675744057,-746.8744919221997,99.23076829932607,-4.114819497317564,-14.068528310598083,1.688485611537604e-06
186.10000000000002,2054.136347665884,-748.2792398848738,99.23076846833793,-4.111630463342152,-14.02611073172912,1.6902788513133679e-06
186.20000000000002,2053.7253717233375,-749.6796509940573,99.23076863709086,-4.107779250837475,-13.981800835871722,1.683345799394291e-06
186.3,2053.3148133975074,-751.0755388796018,99.23076880472449,-4.103280565377852,-13.935655684955213,1.6679379322284087e-06
186.4,2052.9047367076937,-752.4667228269673,99.23076897040548,-4.0981489384869665,-13.887731330647258,1.6443440086662673e-06
186.5,2052.495204228436,-753.853027676633,99.23076913333112,-4.092398734987935,-13.838082823172977,1.6128876668898884e-06
186.60000000000002,2052.0862771058614,-755.2342837244113,99.23076929273272,-4.086044159258803,-13.786764220530861,1.5739249001517284e-06
186.70000000000002,2051.6780150734617,-756.6103266227003,99.23076944787867,-4.079099260411507,-13.733828598068332,1.5278414307353624e-06
186.8,2051.2704764674036,-757.9809972827119,99.23076959807733,-4.07157793642668,-13.679328058381616,1.4750499944780753e-06
186.9,2050.863718241478,-759.3461417777033,99.23076974267957,-4.063493937291123,-13.62331374150611,1.4159875552479758e-06
187.0,2050.457795981782,-760.7056112472419,99.23076988108103,-4.054860867195346,-13.5658358353651,1.3511124629950955e-06
187.10000000000002,2050.0527639212237,-762.0592618025255,99.23077001272415,-4.045692185858619,-13.506943586446187,1.2809015722251721e-06
187.20000000000002,2049.6486749539386,-763.4069544327815,99.23077013709985,-4.036001209056712,-13.446685310676322,1.205847337631529e-06
187.3,2049.2455806496873,-764.7485549127615,99.23077025374897,-4.025801108433948,-13.385108404467774,1.126454901362032e-06
187.4,2048.8435312683036,-766.0839337113483,99.23077036226337,-4.015104910685143,-13.322259355908885,1.0432391855606843e-06
187.5,2048.4425757742542,-767.4129659012883,99.23077046228676,-4.003925496195676,-13.258183756074905,9.567220079747748e-07
187.60000000000002,2048.0427618513568,-768.7355310700598,99.23077055351526,-3.9922755972295656,-13.192926310435578,8.674292344478949e-07
187.70000000000002,2047.6441359176977,-770.0515132318858,99.23077063569767,-3.980167795754446,-13.12653085033766,7.758879784404269e-07
187.8,2047.246743140783,-771.3608007408985,99.23077070863543,-3.967614520991002,-13.059040344541913,6.826238650279571e-07
187.9,2046.850627452944,-772.6632862054591,99.23077077218241,-3.9546280467714734,-12.990496910795503,5.881583710928444e-07
188.0,2046.455831567012,-773.9588664036355,99.23077082624425,-3.941220488787723,-12.920941827422158,4.930062481890068e-07
188.10000000000002,2046.0623969922722,-775.24744219984,99.23077087077766,-3.9274038018046267,-12.850415544913734,3.976730494503559e-07
188.20000000000002,2045.6703640506953,-776.5289184626248,99.23077090578933,-3.9131882931238797,-12.778962761758413,3.0265276116638357e-07
188.3,2045.2797731067228,-777.8032081393058,99.23077093133469,-3.898561164484102,-12.706706252265485,2.0842555314222825e-07
188.4,2044.8906654553803,-779.0702352989863,99.2307709475164,-3.8835249044423366,-12.633717299454666,1.1545565469403312e-07
188.5,2044.503081275673,-780.329928169908,99.23077095448267,-3.8680940984095433,-12.560025561749441,2.418936614412902e-08
188.60000000000002,2044.1170593300353,-781.5822180451593,99.23077095242535,-3.852282433872631,-12.48566277860556,-6.494678786910113e-08
188.70000000000002,2043.7326370467563,-782.8270394260154,99.23077094157789,-3.8361030043256483,-12.41066094626689,-1.5154776063914108e-07
188.8,2043.3498505622117,-784.06432997727,99.23077092221311,-3.8195685548249627,-12.335051340287416,-2.3523153090717987e-07
188.9,2042.968734755381,-785.2940304559376,99.23077089464081,-3.8026914895986024,-12.258864532246534,-3.1564049500850414e-07
189.0,2042.5893232815033,-786.5160846416569,99.23077085920531,-3.785483880770124,-12.182130405627927,-3.9244269832201205e-07
189.10000000000002,2042.211648604808,-787.7304392686447,99.23077081628276,-3.76795747809848,-12.104878170984476,-4.6533290701437167e-07
189.20000000000002,2041.835742030229,-788.9370439591335,99.23077076627847,-3.7501237195562322,-12.0271363804447,-5.340335135973096e-07
189.3,2041.4616337340265,-790.1358511582289,99.2307707096241,-3.7319937425689775,-11.948932941612654,-5.98295279712434e-07
189.4,2041.0893527932578,-791.326816070129,99.2307706467748,-3.7135783957416386,-11.870295130909767,-6.578979129922093e-07
189.5,2040.7189272140602,-792.5098965956512,99.23077057820628,-3.694888250902849,-11.791249606403822,-7.126504853147999e-07
189.60000000000002,2040.350383958718,-793.6850532710188,99.23077050441184,-3.675933615306642,-11.711822420166978,-7.623916848123308e-07
189.70000000000002,2039.9837489715105,-794.8522492078611,99.23077042589945,-3.656724543840001,-11.632039030201712,-8.069899139770418e-07
189.8,2039.6190472033418,-796.0114500343861,99.23077034318877,-3.6372708510964906,-11.551924311970478,-8.46343229714079e-07
189.9,2039.2563026351781,-797.1626238376879,99.23077025680814,-3.617582123188474,-11.471502569562006,-8.803791349259045e-07
190.0,2038.89553830032,-798.3057411071532,99.23077016729172,-3.597667729184252,-11.390797546524347,-9.090542232179016e-07
190.10000000000002,2038.5367763055538,-799.4407746789364,99.23077007517657,-3.577536832070356,-11.309832436392115,-9.32353681908149e-07
190.20000000000002,2038.180037851236,-800.5676996814727,99.23076998099981,-3.557198399154444,-11.228629892932766,-9.502906621244732e-07
190.3,2037.825343250366,-801.6864934820029,99.23076988529591,-3.536661211838532,-11.14721204013434,-9.629055211493293e-07
190.4,2037.4727119467161,-802.7971356340847,99.23076978859396,-3.515933874707435,-11.06560048195477,-9.70264942445491e-07
190.5,2037.12216253209,-803.8996078260681,99.2307696914151,-3.495024823891489,-10.983816311850648,-9.724609430270266e-07
190.60000000000002,2036.7737127627806,-804.9938938305128,99.23076959427007,-3.4739423346765372,-10.901880122101327,-9.696097752317008e-07
190.70000000000002,2036.427379575306,-806.0799794545289,99.23076949765681,-3.452694528347551,-10.819812012942267,-9.618507315508155e-07
190.8,2036.0831791014996,-807.157852491022,99.23076940205821,-3.4312893782643177,-10.737631601519809,-9.493448604244072e-07
190.9,2035.7411266830302,-808.2275026708244,99.23076930794007,-3.4097347151792547,-10.655358030677892,-9.322736013579766e-07
191.0,2035.4012368854283,-809.2889216156976,99.23076921574904,-3.3880382318177005,-10.573009977585745,-9.108373502191502e-07
191.10000000000002,2035.0635235116888,-810.3421027921905,99.23076912591087,-3.36620748675012,-10.490605662214216,-8.852539625957381e-07
191.20000000000002,2034.7279996155212,-811.3870414663367,99.23076903882873,-3.344249907593703,-10.408162855667214,-8.557572040510384e-07
191.3,2034.3946775143113,-812.4237346591785,99.23076895488164,-3.3221727935876064,-10.325698888373608,-8.225951570624007e-07
191.4,2034.0635688018544,-813.4521811031042,99.2307688744232,-3.299983317591774,-10.243230658144023,-7.860285932593097e-07
191.5,2033.7346843609153,-814.4723811989822,99.23076879778037,-3.2776885275632477,-10.16077463809612,-7.463293217588989e-07
191.60000000000002,2033.408034375664,-815.4843369740842,99.23076872525242,-3.2552953475675306,-10.078346884451221,-7.037785214361749e-07
191.70000000000002,2033.0836283440326,-816.4880520407787,99.2307686571101,-3.232810578384085,-9.995963044204602,-6.586650655851168e-07
191.8,2032.7614750900268,-817.4835315559877,99.230768593595,-3.210240897766307,-9.913638362671232,-6.112838494587713e-07
191.9,2032.4415827760283,-818.4707821813903,99.23076853491895,-3.1875928604162844,-9.831387690908372,-5.619341268855484e-07
192.0,2032.1239589151114,-819.4498120443633,99.23076848126372,-3.164872897733298,-9.74922549301616,-5.109178671963729e-07
192.10000000000002,2031.8086103833923,-820.4206306996451,99.23076843278082,-3.1420873173937522,-9.667165853317078,-4.5853813793746615e-07
192.20000000000002,2031.495543432428,-821.3832490917123,99.23076838959145,-3.1192423028171934,-9.585222483415041,-4.0509752072239766e-07
192.3,2031.1847637016704,-822.3376795178555,99.23076835178665,-3.096343912570226,-9.503408729134815,-3.508965720260937e-07
192.4,2030.8762762309834,-823.2839355919433,99.23076831942757,-3.0733980797561813,-9.421737577342407,-2.962323288004007e-07
192.5,2030.5700854732183,-824.2220322088631,99.23076829254587,-3.0504106114344864,-9.340221662647133,-2.4139687057324935e-07
192.60000000000002,2030.2661953068443,-825.151985509625,99.23076827114436,-3.0273871881089516,-9.258873273986113,-1.8667594260094004e-07
192.70000000000002,2029.9646090486256,-826.0738128471193,99.23076825519757,-3.0043333633197107,-9.177704361092069,-1.3234764590916228e-07
192.8,2029.6653294663322,-826.9875327525142,99.23076824465274,-2.9812545633684358,-9.096726540845413,-7.868119812546288e-08
192.9,2029.368358791472,-827.8931649022842,99.2307682394306,-2.958156087201703,-9.015951103511785,-2.593577054831608e-08
193.0,2029.073698732024,-828.7907300858548,99.23076823942658,-2.9350431064724405,-8.935389018866312,2.5640593548894804e-08
193.10000000000002,2028.781350485157,-829.6802501738556,99.23076824451185,-2.911920665794542,-8.855050942206086,7.581197822952955e-08
193.20000000000002,2028.4913147499117,-830.5617480869686,99.23076825453467,-2.8887936832011345,-8.774947220252473,1.2435550594208972e-07
193.3,2028.203591739828,-831.4352477653607,99.23076826932167,-2.865666950812502,-8.695087896945067,1.710621600293733e-07
193.4,2027.9181811954936,-832.3007741386914,99.23076828867934,-2.842545135715582,-8.61548271912922,2.1573751487914636e-07
193.5,2027.6350823969944,-833.1583530966828,99.23076831239545,-2.819432781053146,-8.536141142139272,2.582023735043059e-07
193.60000000000002,2027.3542941762466,-834.008011460244,99.23076834024064,-2.7963343073170535,-8.457072335279667,2.9829331269360696e-07
193.70000000000002,2027.0758149291883,-834.8497769531373,99.23076837197003,-2.7732540138372386,-8.378285187206338,3.358631316568065e-07
193.8,2026.7996426278132,-835.6836781741789,99.23076840732483,-2.7501960804550616,-8.299788311210731,3.7078120672459584e-07
193.9,2026.52577483203,-836.5097445699627,99.23076844603403,-2.727164569367309,-8.221590050409047,4.02933752655062e-07
194.0,2026.2542087013267,-837.3280064080978,99.23076848781612,-2.704163427125639,-8.143698482839175,4.3222399159373136e-07
194.10000000000002,2025.9849410062297,-838.1384947509526,99.23076853238072,-2.681196486774058,-8.066121426467989,4.5857222883285223e-07
194.20000000000002,2025.7179681395432,-838.9412414298939,99.23076857943036,-2.6582674701065665,-7.98886644411154,4.819158411654147e-07
194.3,2025.4532861273565,-839.7362790200142,99.23076862866216,-2.6353799900259833,-7.911940848270789,5.022091765200602e-07
194.4,2025.1908906398112,-840.5236408153388,99.23076867976951,-2.6125375529845845,-7.835351705885421,5.194233686202714e-07
194.5,2024.9307770016228,-841.3033608045042,99.23076873244374,-2.589743561487296,-7.759105843008277,5.335460705950113e-07
194.60000000000002,2024.6729402023473,-842.0754736468996,99.23076878637575,-2.5670013166383483,-7.683209849402856,5.445811121253658e-07
194.70000000000002,2024.4173749063934,-842.8400146492647,99.23076884125764,-2.544314020712765,-7.607670083066282,5.525480783709993e-07
194.8,2024.164075462776,-843.5970197427365,99.23076889678421,-2.521684779735068,-7.532492674680019,5.574818204879724e-07
194.9,2023.9130359146134,-844.3465254603371,99.2307689526545,-2.499116606048201,-7.457683531990552,5.594319018711935e-07
195.0,2023.664250008367,-845.0885689148967,99.23076900857322,-2.476612420857295,-7.3832483441220935,5.584619780481832e-07
195.10000000000002,2023.4177112028303,-845.8231877774035,99.2307690642521,-2.454175056733942,-7.309192585823294,5.546491222531784e-07
195.20000000000002,2023.173412677869,-846.5504202557769,99.23076911941124,-2.431807260068036,-7.235521521649814,5.480830997920652e-07
195.3,2022.9313473429188,-847.2703050740538,99.2307691737803,-2.4095116934561456,-7.16224021008445,5.388655934036981e-07
195.4,2022.691507845249,-847.9828814519852,99.2307692270997,-2.387290938016525,-7.089353507596422,5.271093859431402e-07
195.5,2022.4538865779969,-848.6881890850353,99.23076927912163,-2.3651474956227014,-7.016866072641285,5.129375083862057e-07
195.60000000000002,2022.2184756879856,-849.3862681247776,99.23076932961106,-2.3430837910493394,-6.944782369602783,4.964823545515035e-07
195.70000000000002,2021.9852670833295,-850.0771591596827,99.23076937834666,-2.321102174025177,-6.8731066726778725,4.778847707991935e-07
195.8,2021.7542524408404,-850.7609031962908,99.23076942512154,-2.2992049211899785,-6.801843069706,4.572931237578471e-07
195.9,2021.525423213243,-851.4375416407662,99.23076946974398,-2.2773942379534255,-6.730995465943608,4.348623539108272e-07
196.0,2021.298770636208,-852.1071162808247,99.23076951203805,-2.255672260255497,-6.660567587784746,4.10753016641044e-07
196.10000000000002,2021.0742857352168,-852.7696692680315,99.23076955184413,-2.2340410562289383,-6.590562986428561,3.8513032016533824e-07
196.20000000000002,2020.8519593322617,-853.4252431004628,99.2307695890193,-2.2125026277660185,-6.520985041494341,3.581631627836962e-07
196.3,2020.6317820523961,-854.0738806057263,99.23076962343767,-2.191058911992247,-6.4518369645847065,3.3002317384076576e-07
196.4,2020.4137443301413,-854.715624924336,99.23076965499061,-2.169711782651145,-6.383121802797483,3.008837668139111e-07
196.5,2020.1978364157587,-855.3505194934344,99.23076968358691,-2.148463051404599,-6.314842442186707,2.7091920291904754e-07
196.60000000000002,2019.9840483813964,-855.9786080308597,99.23076970915275,-2.1273144690540824,-6.247001611173184,2.4030367678918075e-07
196.70000000000002,2019.7723701271173,-856.5999345195511,99.23076973163172,-2.106267726688691,-6.179601883904931,2.092104243979304e-07
196.8,2019.5627913868157,-857.2145431922866,99.23076975098463,-2.0853244567661484,-6.112645683567851,1.7781085556637817e-07
196.9,2019.355301734029,-857.822478516751,99.23076976718932,-2.064486234133246,-6.046135285646918,1.4627372190047294e-07
197.0,2019.14989058765,-858.4237851809266,99.23076978024031,-2.0437545769923133,-5.980072821138158,1.147643138870786e-07
197.10000000000002,2018.9465472175448,-859.0185080788029,99.23076979014849,-2.0231309478205186,-5.914460279711667,8.344369879987564e-08
197.20000000000002,2018.7452607500813,-859.6066922964,99.23076979694056,-2.0026167542483777,-5.849299512825946,5.246799754032733e-08
197.3,2018.5460201735718,-860.1883830981011,99.23076980065862,-1.9822133499041281,-5.784592236793789,2.198770620987516e-08
197.4,2018.3488143436314,-860.7636259132896,99.23076980135946,-1.9619220352300197,-5.720340035799989,-7.852938535543434e-09
197.5,2018.1536319884572,-861.3324663232847,99.23076979911396,-1.9417440582763545,-5.6565443648711575,-3.691654468420268e-08
197.60000000000002,2017.9604617140285,-861.8949500485724,99.2307697940064,-1.9216806154788608,-5.59320655279792,-6.507310043411797e-08
197.70000000000002,2017.7692920092297,-862.4511229363259,99.23076978613368,-1.9017328524244443,-5.530327805009809,-9.220046171815175e-08
197.8,2017.5801112508975,-863.0010309482113,99.23076977560444,-1.8819018646097854,-5.467909206403198,-1.1818478269365732e-07
197.9,2017.3929077087917,-863.544720148474,99.23076976253834,-1.8621886981969704,-5.405951724122621,-1.429208958778782e-07
198.0,2017.2076695504913,-864.0822366923001,99.2307697470651,-1.8425943507696676,-5.344456210295861,-1.663126380662456e-07
198.10000000000002,2017.0243848462144,-864.61362681445,99.23076972932355,-1.8231197720929762,-5.283423404723219,-1.882731219854309e-07
198.20000000000002,2016.843041573561,-865.1389368181581,99.23076970946079,-1.8037658648791652,-5.222853937521419,-2.087249531008718e-07
198.3,2016.6636276221811,-865.6582130642948,99.23076968763114,-1.784533485561647,-5.16274833172258,-2.276003912846075e-07
198.4,2016.4861307983622,-866.1715019607863,99.23076966399522,-1.7654234450783983,-5.103107005828773,-2.4484146216278525e-07
198.5,2016.3105388295398,-866.6788499522868,99.23076963871895,-1.7464365096657832,-5.043930276322673,-2.6040001232122154e-07
198.60000000000002,2016.1368393687278,-867.1803035101012,99.2307696119726,-1.727573401663527,-4.985218360134832,-2.7423771378160014e-07
198.70000000000002,2015.9650199988664,-867.675909122351,99.23076958392976,-1.7088348003306237,-4.926971377068147,-2.8632601926751763e-07
198.8,2015.7950682370897,-868.1657132843808,99.23076955476637,-1.6902213426720973,-4.869189352180101,-2.966460665168408e-07
198.9,2015.6269715389094,-868.6497624894015,99.23076952465982,-1.6717336242758047,-4.8118722181233595,-3.051885357167407e-07
199.0,2015.4607173023137,-869.1281032193651,99.23076949378795,-1.653372200158476,-4.75501981744535,-3.119534631537238e-07
199.10000000000002,2015.2962928717825,-869.6007819360674,99.23076946232811,-1.6351375856195627,-4.698631904847428,-3.1695000857049084e-07
199.20000000000002,2015.1336855422157,-870.0678450724745,99.23076943045632,-1.6170302571015778,-4.642708149404269,-3.2019618297691305e-07
199.3,2014.9728825627756,-870.5293390242698,99.23076939834635,-1.5990506530552127,-4.5872481367441225,-3.2171853828655976e-07
199.4,2014.8138711406427,-870.9853101416164,99.23076936616893,-1.581199174807454,-4.532251371190555,-3.215518195182804e-07
199.5,2014.6566384446855,-871.4358047211326,99.2307693340909,-1.5634761874308456,-4.47771727786634,-3.197385845895597e-07
199.60000000000002,2014.501171609041,-871.880868998075,99.23076930227445,-1.545882020611973,-4.423645204760101,-3.1632879381878974e-07
199.70000000000002,2014.347457736611,-872.3205491387272,99.23076927087648,-1.5284169695171024,-4.370034424756379,-3.1137936874608045e-07
199.8,2014.1954839024709,-872.7548912329892,99.2307692400478,-1.5110812956532478,-4.316884137629711,-3.049537291284408e-07
199.9,2014.0452371571926,-873.1839412871648,99.23076920993265,-1.4938752277225205,-4.26419347200337,-2.9712130691520515e-07
200.0,2013.8967045300828,-873.6077452169427,99.23076918066796,-1.476798962468109,-4.211961487273348,-2.879570420540491e-07
200.10000000000002,2013.749873032337,-874.026348840569,99.23076915238299,-1.4598526655101598,-4.160187175498194,-2.775408598354085e-07
200.20000000000002,2013.6047296601105,-874.4397978722061,99.23076912519872,-1.4430364721698556,-4.108869463255279,-2.6595714008503653e-07
200.3,2013.4612613975073,-874.8481379154762,99.23076909922754,-1.4263504882802913,-4.058007213464063,-2.5329417101596107e-07
200.4,2013.3194552194896,-875.2514144571852,99.23076907457282,-1.4097947909828277,-4.007599227176917,-2.396436022296161e-07
200.5,2013.179298094707,-875.6496728612244,99.23076905132861,-1.3933694295078067,-3.9576442453380265,-2.2509989070578083e-07
200.60000000000002,2013.0407769882502,-876.0429583626463,99.23076902957939,-1.3770744259385026,-3.9081409505109166,-2.097597453126572e-07
200.70000000000002,2012.9038788643275,-876.4313160619115,99.23076900939992,-1.3609097759576734,-3.8590879685750865,-1.9372157553237412e-07
200.8,2012.7685906888685,-876.8147909193037,99.23076899085503,-1.3448754495759536,-3.8104838703922534,-1.7708494453185486e-07
200.9,2012.6348994320556,-877.1934277495104,99.23076897399955,-1.3289713918416954,-3.762327173442671,-1.599500298077964e-07
201.0,2012.502792070786,-877.5672712163652,99.23076895887829,-1.31319752353178,-3.7146163434319934,-1.4241709298540715e-07
201.10000000000002,2012.3722555910645,-877.936365827749,99.23076894552607,-1.297553741823563,-3.6673497958691073,-1.245859632756962e-07
201.20000000000002,2012.2432769903307,-878.300755930649,99.23076893396774,-1.282039920947667,-3.620525897615374,-1.0655553651790958e-07
201.3,2012.1158432797222,-878.6604857063691,99.23076892421835,-1.2666559128219252,-3.5741429684056922,-8.842328909004983e-08
201.4,2011.9899414862746,-879.015599165893,99.23076891628328,-1.2514015476666616,-3.528199282341783,-7.028481404204757e-08
201.5,2011.8655586550615,-879.3661401453942,99.23076891015847,-1.236276634601859,-3.482693069358074,-5.2233375237782383e-08
201.60000000000002,2011.7426818512752,-879.7121523018909,99.23076890583067,-1.221280962226467,-3.437622516660581,-3.4359488180763204e-08
201.70000000000002,2011.6212981622507,-880.053679109045,99.23076890327773,-1.2064142991807008,-3.39298577013913,-1.6750521102378015e-08
201.8,2011.501394699434,-880.390763853099,99.23076890246894,-1.191676394691774,-3.3487809357532963,5.096732889383546e-10
201.9,2011.3829586002973,-880.7234496289518,99.23076890336537,-1.1770669791038881,-3.3050060808923987,1.734110427159794e-08
202.0,2011.2659770302005,-881.0517793363684,99.23076890592033,-1.1625857643932624,-3.2616592357098915,3.36679560955649e-08
202.10000000000002,2011.1504371842036,-881.375795676322,99.23076891007975,-1.1482324446689043,-3.2187383944324934,4.941887644114722e-08
202.20000000000002,2011.0363262888286,-881.6955411474657,99.23076891578266,-1.1340066966600604,-3.176241516644377,6.452723065720096e-08
202.3,2010.9236316037739,-882.0110580427316,99.2307689229617,-1.1199081801910724,-3.134166528546746,7.89313270014041e-08
202.4,2010.8123404235812,-882.3223884460542,99.23076893154355,-1.1059365386445297,-3.0925113241931177,9.257461239291752e-08
202.5,2010.7024400792573,-882.6295742292166,99.23076894144954,-1.0920913994134256,-3.051273766700636,1.0540583603491418e-07
202.60000000000002,2010.5939179398506,-882.9326570488164,99.23076895259611,-1.0783723743432434,-3.0104516894377142,1.1737917987222803e-07
202.70000000000002,2010.4867614139841,-883.2316783433491,99.23076896489542,-1.0647790601645668,-2.970042897188337,1.2845436264005135e-07
202.8,2010.3809579513463,-883.5266793304072,99.23076897825587,-1.0513110389170148,-2.9300451672933163,1.385967067621314e-07
202.9,2010.2764950441385,-883.8177010039917,99.23076899258268,-1.037967878365172,-2.8904562507688216,1.4777718017142658e-07
203.0,2010.1733602284824,-884.1047841319348,99.23076900777845,-1.0247491324070168,-2.8512738734024876,1.5597240443452647e-07
203.10000000000002,2010.071541085786,-884.3879692534309,99.23076902374372,-1.0116543414755086,-2.8124957368274117,1.6316463703765241e-07
203.20000000000002,2009.9710252440718,-884.6672966766738,99.23076904037752,-0.9986830329338409,-2.77411951957434,1.6934172094419745e-07
203.3,2009.8718003792621,-884.9428064765984,99.23076905757799,-0.9858347214647669,-2.736142878102357,1.7449701183798512e-07
203.4,2009.7738542164298,-885.214538492724,99.23076907524282,-0.9731089094542511,-2.698563447808388,1.7862927293305723e-07
203.5,2009.6771745310077,-885.4825323270979,99.23076909326987,-0.9605050873700767,-2.66137884401581,1.8174255074144476e-07
203.60000000000002,2009.5817491499624,-885.7468273423364,99.23076911155766,-0.9480227341353932,-2.624586662942489,1.838460221831824e-07
203.70000000000002,2009.48756595293,-886.0074626597616,99.23076913000588,-0.9356613174975047,-2.5881844826485465,1.8495382154124176e-07
203.8,2009.3946128733155,-886.264477157633,99.23076914851586,-0.9234202943921782,-2.5521698639641546,1.8508484499603593e-07
203.9,2009.3028778993557,-886.5179094694691,99.23076916699107,-0.9112991113033975,-2.5165403513976754,1.8426253659172364e-07
204.0,2009.2123490751471,-886.7677979824606,99.23076918533751,-0.8992972046187333,-2.4812934740244454,1.825146548317573e-07
204.10000000000002,2009.1230145016373,-887.0141808359701,99.23076920346419,-0.8874140009803912,-2.4464267463564986,1.7987302492079445e-07
204.20000000000002,2009.0348623375824,-887.257095920119,99.2307692212835,-0.8756489176318067,-2.4119376691935486,1.7637327328040284e-07
204.3,2008.9478808004703,-887.4965808744577,99.23076923871153,-0.8640013627598333,-2.377823730455514,1.7205455246699428e-07
204.4,2008.8620581674086,-887.7326730867185,99.2307692556685,-0.8524707358325573,-2.3440824059968866,1.6695925187917802e-07
204.5,2008.7773827759802,-887.9654096916494,99.230769272079,-0.8410564279323403,-2.3107111604032524,1.6113270088958578e-07
204.60000000000002,2008.6938430250652,-888.1948275699259,99.23076928787226,-0.8297578220843268,-2.277707447770244,1.5462286330550517e-07
204.70000000000002,2008.611427375631,-888.4209633471404,99.23076930298247,-0.8185742935800967,-2.245068712465218,1.474800265025445e-07
204.8,2008.5301243514884,-888.6438533928666,99.2307693173489,-0.8075052102963685,-2.2127923898719555,1.3975648574871594e-07
204.9,2008.449922540019,-888.863533819798,99.2307693309162,-0.7965499330086685,-2.1808759071186548,1.315062258527489e-07
205.0,2008.3708105928688,-889.0800404829578,99.23076934363444,-0.7857078156997477,-2.149316683789514,1.2278460233143527e-07
205.10000000000002,2008.2927772266123,-889.2934089789793,99.23076935545929,-0.7749782058627133,-2.118112132620169,1.1364802389887303e-07
205.20000000000002,2008.2181764397758,-889.4973022384994,99.23076936639924,-0.7171385524263758,-1.960029162059628,1.0516584327888432e-07
205.3,2008.149325250288,-889.6854811329077,99.23076937649601,-0.6600250994305572,-1.8039309864422675,9.679017149663783e-08
205.4,2008.0861397374072,-889.8581750279172,99.23076938576192,-0.6038603809033647,-1.6504258190545145,8.855364265221038e-08
205.5,2008.0285147634363,-890.0156712778279,99.23076939421237,-0.5488462830951948,-1.5000654402354345,8.048586250512573e-08
205.60000000000002,2007.9763260130348,-890.1583096518359,99.23076940186562,-0.4951645643133379,-1.353346618149113,7.261348488074948e-08
205.70000000000002,2007.9294319775183,-890.2864769106956,99.23076940874239,-0.44297743411316026,-1.210712691785863,6.49602965850201e-08
205.8,2007.8876758785666,-890.4006015489834,99.23076941486569,-0.39242818476804786,-1.0725552968478733,5.7547310677534606e-08
205.9,2007.8508875264574,-890.5011487163162,99.23076942026047,-0.34364186820004156,-0.939216215884669,5.0392865427614254e-08
206.0,2007.8188851086072,-890.5886153290454,99.23076942495341,-0.2967260118268979,-0.810989334791953,4.351272924603186e-08
206.10000000000002,2007.791476904843,-890.6635253822052,99.23076942897261,-0.2517713670666883,-0.6881226885676397,3.6920209671108684e-08
206.20000000000002,2007.7684629264413,-890.7264254698148,99.2307694323474,-0.20885268453612232,-0.570820580025171,3.062626837386431e-08
206.3,2007.7496364765498,-890.7778805200526,99.2307694351081,-0.16802951028112462,-0.4592457559906608,2.4639637133020417e-08
206.4,2007.7347856301576,-890.8184697503108,99.23076943728579,-0.12934699768607405,-0.3535216263516933,1.896693689870799e-08
206.5,2007.7236946323035,-890.8487828457197,99.2307694389121,-0.092836730019302,-0.2537345121765281,1.3612798790357827e-08
206.60000000000002,2007.7161452136954,-890.8694163633953,99.23076944001906,-0.05851754888578024,-0.1599359099782964,8.579985108454022e-09
206.70000000000002,2007.7119178233745,-890.8809703634143,99.23076944063885,-0.026396384171019076,-0.07214476005493432,3.8695116420358115e-09
206.8,2007.710792778483,-890.8840452663557,99.2307694408037,0.003530918627786258,0.00965029231191715,-5.192316697575536e-10
206.9,2007.7125513315882,-890.8792389361694,99.23076944054567,0.031278777478305195,0.08548865317092416,-4.588359674809446e-09
207.0,2007.7169766563823,-890.8671439861379,99.23076943989658,0.05687106278710395,0.1554355632661393,-8.341373541674319e-09
207.10000000000002,2007.7238547529078,-890.8483453047811,99.23076943888779,0.08034029946118296,0.21957991717185926,-1.178304343231206e-08
207.20000000000002,2007.7329752737653,-890.8234177977267,99.23076943755015,0.101726884953489,0.2780321261136967,-1.491929417544234e-08
207.3,2007.7441322730358,-890.7929243408137,99.23076943591387,0.12107832590270257,0.33092203161000955,-1.7757092382184757e-08
207.4,2007.7571248798936,-890.7574139390214,99.23076943400841,0.13844849569932577,0.3783968763075883,-2.030433871698803e-08
207.5,2007.771757899111,-890.7174200852184,99.2307694318624,0.1538969150409513,0.42061933764955345,-2.256976240849087e-08
207.60000000000002,2007.7878423408422,-890.673459312194,99.23076942950354,0.16748805727973431,0.45776562930352166,-2.4562819353018138e-08
207.70000000000002,2007.8051958822489,-890.6260299309798,99.23076942695857,0.17929068011556784,0.4900236745957283,-2.6293592364515192e-08
207.8,2007.8236432636672,-890.5756109480745,99.23076942425321,0.1893771849491895,0.5175913555432733,-2.7772699538063743e-08
207.9,2007.8430166221394,-890.5226611538603,99.23076942141206,0.1978230049814454,0.5406748404531294,-2.9011203519782697e-08
208.0,2007.8631557652302,-890.4676183742291,99.23076941845862,0.20470602292795342,0.5594869924637239,-3.0020525990802283e-08
208.10000000000002,2007.8839083881232,-890.4108988772296,99.23076941541521,0.21010601901300982,0.5742458608434907,-3.081236706188456e-08
208.20000000000002,2007.9051302370517,-890.3528969263914,99.23076941230299,0.21410414971285416,0.5851732563311816,-3.139862787218018e-08
208.3,2007.9258815423327,-890.2960890061527,99.23076940873686,0.20096976622506202,0.5511081524090927,-3.985780268757447e-08
208.4,2007.9453336766107,-890.242650889076,99.23076940434522,0.18811997685056187,0.5177752654383896,-4.790351587363773e-08
208.5,2007.9635148743903,-890.1925099293833,99.230769399171,0.17555029275105127,0.48516310075951824,-5.550467506485854e-08
208.60000000000002,2007.9804529240728,-890.1455946236794,99.23076939326006,0.16325628061496142,0.45326030516040133,-6.263323715740857e-08
208.70000000000002,2007.9961751734838,-890.10183459687,99.23076938666095,0.1512335621636502,0.422055665626448,-6.926427792885846e-08
208.8,2008.0107085353527,-890.0611605882049,99.23076937942453,0.1394778136585365,0.3915381080937599,-7.537604176282514e-08
208.9,2008.0240794927413,-890.0235044374439,99.23076937160369,0.12798476540903597,0.3616966962057138,-8.094997590253744e-08
209.0,2008.036314104424,-889.9887990711492,99.23076936325299,0.11675020128162603,0.33252063007306715,-8.597074717655493e-08
209.10000000000002,2008.0474380102196,-889.9569784890999,99.23076935442839,0.10576995821001503,0.30399924503775,-9.042623994012435e-08
209.20000000000002,2008.057476436273,-889.9279777508309,99.23076934518689,0.09503992570650369,0.2761220104404963,-9.43075395043794e-08
209.3,2008.0664542002892,-889.901732962294,99.23076933558622,0.08455604537475807,0.24887852839245223,-9.760889867860416e-08
209.4,2008.0743957167178,-889.8781812626426,99.23076932568453,0.07431431042394564,0.22225853255091393,-1.0032768944689305e-07
209.5,2008.0813250018896,-889.8572608111377,99.23076931554009,0.06431076518451406,0.19625188689931983,-1.0246433930003722e-07
209.60000000000002,2008.0872656791041,-889.8389107741768,99.23076930521096,0.05454150462557984,0.1708485845316395,-1.0402225296721613e-07
209.70000000000002,2008.0922409836696,-889.8230713124425,99.23076929475472,0.045002673874066826,0.14603874644128573,-1.0500772234952429e-07
209.8,2008.0962737678954,-889.8096835681735,99.2307692842282,0.035690467735690165,0.1218126203146723,-1.0542982294830999e-07
209.9,2008.0993865060348,-889.7986896525551,99.23076927368716,0.026601130217935205,0.09816057932953773,-1.0530029764545385e-07
210.0,2008.1016012991827,-889.7900326332307,99.23076926318606,0.01773095405496461,0.0750731209581594,-1.0463343126400468e-07
210.10000000000002,2008.1029398801238,-889.7836565219309,99.23076925277783,0.009076280234686316,0.05254086577556268,-1.0344591348432152e-07
210.20000000000002,2008.1034236181347,-889.7795062622233,99.2307692425136,0.0006334975280054538,0.030554556272838217,-1.0175669532808254e-07
210.3,2008.1030735237387,-889.7775277173799,99.23076923244251,-0.007600957979715505,0.00910505567567605,-9.958683482101649e-08
210.4,2008.1019102534137,-889.7776676583624,99.23076922261149,-0.015630603354867226,-0.01181665323178363,-9.695933813876623e-08
210.5,2008.0999541142546,-889.7798737519248,99.23076921306507,-0.023458909279433275,-0.032219469277682745,-9.389899168688936e-08
210.60000000000002,2008.0972250685875,-889.7840945488334,99.23076920384524,-0.03108930051243302,-0.052112174067662526,-9.043219282780319e-08
210.70000000000002,2008.0937427385397,-889.7902794722021,99.23076919499125,-0.03852515634885277,-0.07150343314447773,-8.658677292404962e-08
210.8,2008.0895264105636,-889.7983788059439,99.23076918653953,-0.04576981107611856,-0.09040179714191042,-8.239181980270291e-08
210.9,2008.084595039914,-889.808343683338,99.23076917852353,-0.05282655442794415,-0.10881570293290699,-7.787749750315763e-08
211.0,2008.078967255081,-889.82012607571,99.23076917097364,-0.05969863203570957,-0.12675347477184032,-7.307486450252484e-08
211.10000000000002,2008.0726613621782,-889.8336787812278,99.23076916391712,-0.06638924587715377,-0.14422332543083058,-6.801569342869096e-08
211.20000000000002,2008.0656953492858,-889.8489554138092,99.23076915737799,-0.0729015547224545,-0.1612333573300402,-6.273228809916597e-08
211.3,2008.0580868907484,-889.8659103921434,99.23076915137705,-0.07923867457764544,-0.1777915636618697,-5.725730637659333e-08
211.4,2008.04985335143,-889.8844989288242,99.23076914593182,-0.0854036791254307,-0.19390582950897806,-5.162358297897867e-08
211.5,2008.0410117909246,-889.9046770195943,99.23076914105653,-0.09139960016321996,-0.20958393295606903,-4.5863956784661e-08
211.60000000000002,2008.0315789677218,-889.9264014327011,99.23076913676213,-0.09722942803850146,-0.22483354619536972,-4.001110258978166e-08
211.70000000000002,2008.0215713433313,-889.9496296983626,99.23076913305634,-0.10289611208157474,-0.23966223662573471,-3.4097366396212196e-08
211.8,2008.011005086363,-889.9743200983424,99.23076912994364,-0.10840256103551599,-0.2540774679453244,-2.8154609023211953e-08
211.9,2007.9998960765636,-890.0004316556343,99.23076912742535,-0.113751643483438,-0.26808660123779376,-2.221405271467637e-08
212.0,2007.9882599088119,-890.0279241242546,99.23076912549973,-0.11894618827306483,-0.2816968960519369,-1.6306137556103766e-08
212.10000000000002,2007.9761118970712,-890.0567579791425,99.23076912416205,-0.12398898493855538,-0.2949155114747359,-1.0460385095923609e-08
212.20000000000002,2007.9634670782996,-890.0868944061674,99.23076912340464,-0.12888278411962995,-0.30774950719776367,-4.705268764424742e-09
212.3,2007.9503402163184,-890.1182952922422,99.23076912321707,-0.13363029797793569,-0.32020584457689455,9.319066890946697e-10
212.4,2007.9367458056397,-890.1509232155425,99.23076912358623,-0.13823420061075922,-0.3322913876852723,6.425115392952243e-09
212.5,2007.9226980752517,-890.1847414358307,99.23076912449648,-0.14269712846197563,-0.3440129043594997,1.174971416865245e-08
212.60000000000002,2007.9082109923638,-890.2197138848843,99.23076912592978,-0.14702168073024782,-0.35537706723900864,1.6882532659468906e-08
212.70000000000002,2007.8932982661113,-890.255805157028,99.23076912786587,-0.15121041977452784,-0.3663904547985689,2.1801958052178542e-08
212.8,2007.8779733512183,-890.2929804997685,99.2307691302824,-0.15526587151685622,-0.37705955237390243,2.648800608377007e-08
212.9,2007.8622494516223,-890.3312058045317,99.23076913315508,-0.15919052584238091,-0.3873907531803731,3.092238349491422e-08
213.0,2007.8461395240572,-890.370447597501,99.23076913645792,-0.1629868369966928,-0.397390359324715,3.5088541810687194e-08
213.10000000000002,2007.829656281598,-890.410673030557,99.23076914016335,-0.16665722398036553,-0.4070645828097795,3.897171663197147e-08
213.20000000000002,2007.8128121971656,-890.451849872317,99.23076914424239,-0.17020407094082943,-0.4164195465322631,4.2558961518712927e-08
213.3,2007.7956195069926,-890.4939464992741,99.23076914866489,-0.17362972756144648,-0.4254612852734031,4.583916878570699e-08
213.4,2007.7780902140503,-890.5369318870346,99.23076915339968,-0.17693650944786943,-0.4341957466826114,4.880308085599199e-08
213.5,2007.7602360914373,-890.580775601654,99.23076915841472,-0.18012669851161725,-0.44262879225403057,5.144329156997604e-08
213.60000000000002,2007.74206868573,-890.6254477910697,99.23076916367735,-0.183202543350917,-0.4507661982959908,5.375424102182247e-08
213.70000000000002,2007.7235993202949,-890.6709191766311,99.23076916915446,-0.18616625962878527,-0.4586136568933524,5.5732195535388123e-08
213.8,2007.704839098563,-890.7171610447242,99.23076917481262,-0.1890200304482979,-0.46617677686272224,5.737522332367783e-08
213.9,2007.6857989072678,-890.7641452384933,99.23076918061832,-0.19176600672510646,-0.47346108470052806,5.868315960797686e-08
214.0,2007.666489419645,-890.8118441496553,99.23076918653813,-0.19440630755718277,-0.4804720255239392,5.965756393212574e-08
214.10000000000002,2007.646921098596,-890.8602307104088,99.23076919253882,-0.19694302059177415,-0.4872149640046266,6.030166943137123e-08
214.20000000000002,2007.6271041998152,-890.9092783854361,99.2307691985876,-0.1993782023895401,-0.49369518529535594,6.062032456340782e-08
214.3,2007.60704877488,-890.9589611639971,99.23076920465223,-0.20171387878585373,-0.49991789594940783,6.061992926402294e-08
214.4,2007.5867646743054,-891.0092535521148,99.2307692107012,-0.20395204524937138,-0.5058882248328148,6.030836308018516e-08
214.5,2007.5662615505632,-891.0601305648528,99.23076921670383,-0.20609466723773637,-0.5116112240294204,5.969490774139619e-08
214.60000000000002,2007.5455488610653,-891.1115677186807,99.23076922263047,-0.20814368055043478,-0.5170918697387576,5.8790165920051166e-08
214.70000000000002,2007.5246358711117,-891.1635410239315,99.23076922845256,-0.21010099167891694,-0.5223350631667396,5.760597376432486e-08
214.8,2007.5035316568046,-891.2160269773458,99.23076923414278,-0.2119684781537587,-0.5273456314091773,5.615530970484093e-08
214.9,2007.4822451079267,-891.2690025547048,99.2307692396752,-0.2137479888891573,-0.5321283283281107,5.445219974457258e-08
215.0,2007.4607849307854,-891.3224452035504,99.2307692450253,-0.21544134452439212,-0.536687835420979,5.2511619793062114e-08
215.10000000000002,2007.4391596510245,-891.376332835992,99.23076925017013,-0.21705033776259455,-0.541028762682614,5.034939449562835e-08
215.20000000000002,2007.4173776163998,-891.4306438215991,99.23076925508833,-0.21857673370663672,-0.5451556494600772,4.798209561644536e-08
215.3,2007.395446999523,-891.4853569803788,99.23076925976028,-0.2200222701921716,-0.5490729653003437,4.542693869085811e-08
215.4,2007.3733758005721,-891.5404515758379,99.23076926416805,-0.2213886581178377,-0.552785110790845,4.270167783212738e-08
215.5,2007.3511718499683,-891.5959073081287,99.23076926829555,-0.22267758177261138,-0.5562964183928801,3.982450317084167e-08
215.60000000000002,2007.3288428110206,-891.651704307278,99.2307692721285,-0.22389069916037538,-0.5596111532679029,3.681393421448199e-08
215.70000000000002,2007.3063961825387,-891.7078231264976,99.23076927565451,-0.22502964232158262,-0.5627335140967064,3.368871917706579e-08
215.8,2007.283839301413,-891.7642447355774,99.23076927886305,-0.2260960176521477,-0.5656676338915104,3.04677311297337e-08
215.9,2007.2611793451638,-891.8209505143587,99.2307692817455,-0.22709140621949347,-0.5684175808009714,2.7169869234848185e-08
216.0,2007.2384233344571,-891.8779222462878,99.23076928429509,-0.22801736407577985,-0.5709873589081291,2.3813960401532704e-08
216.10000000000002,2007.2155781355925,-891.9351421120487,99.23076928650697,-0.22887542256833396,-0.5733809090213067,2.0418664383068243e-08
216.20000000000002,2007.1926504629566,-891.9925926832753,99.23076928837813,-0.22966708864725643,-0.5756021094579833,1.7002383279262404e-08
216.3,2007.1696468814484,-892.0502569163415,99.23076928990736,-0.23039384517026565,-0.577654776821656,1.358317158569385e-08
216.4,2007.1465738088732,-892.1081181462274,99.23076929109526,-0.2310571512046903,-0.5795426667717145,1.0178653747626643e-08
216.5,2007.1234375183064,-892.1661600804641,99.23076929194416,-0.2316584423268018,-0.58126947478634,6.805943328180851e-09
216.60000000000002,2007.1002441404282,-892.2243667931526,99.23076929245806,-0.23219913091824193,-0.5828388369184637,3.4815680958135254e-09
216.70000000000002,2007.076999665828,-892.2827227190595,99.23076929264262,-0.23268060645978594,-0.584254330544795,2.2139990710261947e-10
216.8,2007.05370994728,-892.341212647786,99.230769292505,-0.23310423582232245,-0.5855194751079477,-2.95941128051489e-09
216.9,2007.0303807019895,-892.3998217180117,99.23076929205386,-0.23347136355514314,-0.5866377328516845,-6.046496465325293e-09
217.0,2007.007017513812,-892.4585354118108,99.23076929129928,-0.23378331217142462,-0.5876125095493133,-9.02632265285211e-09
217.10000000000002,2006.9836258354405,-892.5173395490414,99.23076929025261,-0.2340413824311287,-0.5884471552252447,-1.188624185264523e-08
217.20000000000002,2006.9602109905688,-892.5762202818066,99.23076928892642,-0.23424685362107361,-0.5891449648697555,-1.4614533958570355e-08
217.3,2006.9367781760238,-892.6351640889864,99.23076928733445,-0.23440098383235153,-0.589709179146973,-1.7200443207510387e-08
217.4,2006.9133324638717,-892.6941577708398,99.23076928549142,-0.23450501023517378,-0.5901429850961036,-1.9634210986092632e-08
217.5,2006.8898788034962,-892.7531884436777,99.23076928341298,-0.23456014935093553,-0.5904495168259493,-2.1907100631464393e-08
217.60000000000002,2006.86642202365,-892.812243534604,99.23076928111563,-0.2345675973217031,-0.5906318562027245,-2.40114165626996e-08
217.70000000000002,2006.8429668344802,-892.8713107763256,99.23076927861655,-0.23452853017701533,-0.5906930335312165,-2.594051883349154e-08
217.8,2006.8195178295246,-892.9303782020297,99.23076927593355,-0.23444410409814678,-0.5906360282293045,-2.768883086204517e-08
217.9,2006.7960794876847,-892.989434140329,99.23076927308496,-0.23431545567972803,-0.59046376949588,-2.9251841505514605e-08
218.0,2006.772656175171,-893.0484672102726,99.23076927008948,-0.23414370218868868,-0.5901791369722004,-3.0626102225203083e-08
218.10000000000002,2006.7492521474235,-893.1074663164234,99.23076926696612,-0.23392994182079288,-0.5897849613966907,-3.180921908095768e-08
218.20000000000002,2006.725871551005,-893.1664206439996,99.23076926373406,-0.2336752539544934,-0.5892840252532456,-3.2799838232059384e-08
218.3,2006.702518425471,-893.2253196540821,99.23076926041259,-0.2333806994022816,-0.5886790634130529,-3.359762719005845e-08
218.4,2006.6791967052138,-893.284153078885,99.23076925702095,-0.23304732065945413,-0.5879727637699766,-3.420325177286474e-08
218.5,2006.6559102212816,-893.3429109170887,99.2307692535783,-0.23267614215043736,-0.5871677678695272,-3.461834767179689e-08
218.60000000000002,2006.6326627031735,-893.4015834292371,99.23076925010356,-0.23226817047252846,-0.5862666715314601,-3.484548836580529e-08
218.70000000000002,2006.6094577806105,-893.4601611331952,99.23076924661537,-0.23182439463721088,-0.5852720254660311,-3.488814829486263e-08
218.8,2006.5862989852812,-893.5186347996693,99.23076924313195,-0.23134578630895505,-0.5841863358839469,-3.4750663495824255e-08
218.9,2006.5631897525661,-893.5769954477864,99.23076923967106,-0.23083330004151864,-0.5830120651000474,-3.4438187194060036e-08
219.0,2006.5401334232351,-893.6352343407358,99.23076923624994,-0.23028787351194482,-0.5817516321307447,-3.39566437215849e-08
219.10000000000002,2006.5171332451255,-893.6933429814678,99.23076923288515,-0.22971042775191217,-0.580407413285274,-3.33126797701689e-08
219.20000000000002,2006.4941923747933,-893.7513131084528,99.23076922959258,-0.22910186737685093,-0.5789817427507726,-3.2513610794499935e-08
219.3,2006.471313879145,-893.8091366914978,99.23076922638734,-0.22846308081249966,-0.5774769131712405,-3.156736885208355e-08
219.4,2006.4485007370445,-893.866805927621,99.23076922328373,-0.22779494051921526,-0.5758951762204028,-3.048244408890617e-08
219.5,2006.4257558408983,-893.9243132369833,99.23076922029517,-0.22709830321378663,-0.5742387431685276,-2.9267830438231395e-08
219.60000000000002,2006.4030819982197,-893.9816512588756,99.23076921743417,-0.2263740100889494,-0.572509785443226,-2.7932964640141816e-08
219.70000000000002,2006.3804819331694,-894.0388128477625,99.23076921471227,-0.2256228870305523,-0.5707104351842728,-2.6487668364101217e-08
219.8,2006.3579582880766,-894.0957910693814,99.23076921213999,-0.22484574483231112,-0.5688427857924965,-2.494208748948748e-08
219.9,2006.335513624936,-894.1525791968954,99.23076920972684,-0.22404337940839203,-0.5669088924727566,-2.3306631551356833e-08
220.0,2006.313150426887,-894.2091707071005,99.2307692074813,-0.22321657200352085,-0.5649107727710709,-2.1591914685075405e-08
220.10000000000002,2006.2908710996687,-894.2655592766866,99.23076920541075,-0.2223660894009269,-0.562850407105911,-1.9808696193672013e-08
220.20000000000002,2006.2908954835295,-894.3017347596575,99.2310013391855,0.22285242350261653,-0.1606577626495828,0.0046424472978396315
220.3,2006.3354413154286,-894.2976905304362,99.23169760170359,0.6680628681533451,0.2415438452620962,0.009282118998618576
220.4,2006.4245077875617,-894.2534256900999,99.23285758225683,1.1132652248091062,0.6437544683729504,0.013916368536163218
220.5,2006.5580940901016,-894.1689393344916,99.23448060645012,1.5584594727523906,1.0459741596268226,0.01854254903543054
220.60000000000002,2006.7361994110986,-894.0442305540998,99.23656573422157,2.0036455902382624,1.4482029731640615,0.02315799414266204
220.70000000000002,2006.9588229363749,-893.8792984339397,99.23911175792712,2.448823554440783,1.8504409643182829,0.027760018678601516
220.8,2007.2259638494136,-893.6741420534329,99.24211720049126,2.893993341397921,2.2526881896134645,0.032345919306449346
220.9,2007.537621331243,-893.4287604862899,99.24558031362535,3.3391549259549445,2.654944706761436,0.03691297521493678
221.0,2007.893794560313,-893.1431528003903,99.24949907611492,3.7843082817062896,3.0572105746598353,0.04145844881691968
221.10000000000002,2008.2944827123688,-892.8173180576649,99.2538711921777,4.229453380935896,3.4594858533905946,0.04597958646390823
221.20000000000002,2008.7396849603153,-892.451255313977,99.2586940898939,4.674590194556005,3.861770604219034,0.050473619176965266
221.3,2009.229400474078,-892.0449636190042,99.26396491971038,5.119718692044415,4.264064889593638,0.0549377633944261
221.4,2009.7636284204548,-891.5984420161203,99.2696805530205,5.564838841380174,4.6663687731466,0.059369221736909734
221.5,2010.342367962965,-891.1116895422764,99.27583758082139,6.009950608977723,5.068682319695213,0.0637651837901131
221.60000000000002,2010.9656182616877,-890.5847052278826,99.28243231245023,6.455053959619457,5.471005595244203,0.06812282690590019
221.70000000000002,2011.6333784730957,-890.0174880966891,99.2894607744018,6.900148856386708,5.873338666989095,0.07243931702222069
221.8,2012.3456477498823,-889.4100371656667,99.2969187092289,7.3452352605891384,6.275681603320713,0.07671180950241581
221.9,2013.10242524078,-888.7623514448871,99.30480157452763,7.790313131692526,6.678034473830921,0.08093744999449375
222.0,2013.9037100903722,-888.0744299374027,99.31310454200968,8.235382427244929,7.0803973493197025,0.085113375310983
222.10000000000002,2014.7495014388987,-887.3462716391248,99.3218224966637,8.68044310280122,7.482770301803704,0.0892367143299996
222.20000000000002,2015.6397984220519,-886.5778755387021,99.33095003600778,9.125495111845979,7.885153404526368,0.09330458891819224
222.3,2016.5746001707655,-885.7692406173969,99.3404814694354,9.570538405714693,8.287546731969758,0.0973141148762604
222.4,2017.5539058109962,-884.9203658489611,99.3504108176571,10.015572933513303,8.689950359868245,0.10126240290777247
222.5,2018.577714463496,-884.0312501995095,99.36073181224018,10.46059864203601,9.092364365224148,0.10514655961204447
222.60000000000002,2019.646025243578,-883.1018926273929,99.37143789524893,10.905615475681362,9.494788826325529,0.10896368850187615
222.70000000000002,2020.758837260871,-882.1322920830679,99.38252221898802,11.305381975855797,9.857775393189868,0.11226164712488695
222.8,2021.9116256538646,-881.1263925454822,99.39393274553619,11.298515470656664,9.865653591285623,0.11147814173678497
222.9,2023.0637286300189,-880.1197065206132,99.40526142682694,11.291931233387395,9.873198262141175,0.11065756595321513
223.0,2024.2151743662534,-879.1122673070448,99.41650458422056,11.285617911917141,9.880423669495052,0.10980190115336107
223.10000000000002,2025.365989906283,-878.104106779182,99.42765873810201,11.27956459066243,9.887343454562796,0.1089130689519586
223.20000000000002,2026.5162012041915,-877.0952554494155,99.43872060185507,11.273760775474685,9.893970664191427,0.10799293258319258
223.3,2027.6658331664985,-876.0857425274738,99.44968707597633,11.268196378900758,9.900317777668862,0.1070432982570857
223.4,2028.8149096927546,-875.0755959770969,99.4605552423262,11.262861705822464,9.906396732257257,0.10606591648887251
223.5,2029.9634537147024,-874.0648425701611,99.4713223585142,11.257747439479068,9.912218947515429,0.10506248340185417
223.60000000000002,2031.1114872340452,-873.0535079383739,99.48198585241595,11.252844627874804,9.917795348471966,0.10403464200422975
223.70000000000002,2032.2590313588566,-872.0416166226547,99.49254331681911,11.248144670571905,9.923136387707245,0.102983983440398
223.8,2033.406106338674,-871.0291921203108,99.50299250419573,11.243639305868179,9.928252066399416,0.10191204821721786
223.9,2034.5527315983109,-870.0162569301104,99.5133313215985,11.23932059835695,9.93315195438643,0.10082032740571359
224.0,2035.6989257704288,-869.0028325953533,99.52355782567838,11.235180926866079,9.937845209293306,0.09971026381870028
224.10000000000002,2036.8447067269044,-867.9889397450304,99.53367021782121,11.231212972771871,9.942340594771249,0.09858325316480028
224.20000000000002,2037.9900916090317,-866.9745981331623,99.54366683940088,11.22740970868287,9.94664649789268,0.09744064517931181
224.3,2039.1350968565926,-865.9598266764009,99.55354616714672,11.223764387487833,9.950770945743862,0.09628374473238237
224.4,2040.2797382358362,-864.9446434899735,99.56330680862283,11.220270531761624,9.954721621254633,0.09511381291493039
224.5,2041.4240308664007,-863.9290659220463,99.57294749781711,11.216921923522284,9.958505878302585,0.0939320681027493
224.60000000000002,2042.567989247211,-862.9131105865799,99.5824670908378,11.213712594332076,9.962130756127097,0.09273968699921811
224.70000000000002,2043.7116272813903,-861.8967933947451,99.59186456171523,11.21063681573511,9.965602993086772,0.09153780565703354
224.8,2044.854958300216,-860.8801295849647,99.60113899830685,11.207689090023685,9.968929039791995,0.0903275204793689
224.9,2045.9979950861543,-859.8631337516442,99.6102895983034,11.2048641413255,9.972115071642756,0.08910988920085591
225.0,2047.140749895006,-858.8458198726508,99.61931566533401,11.202156907003605,9.975167000800262,0.0878859318487751
225.10000000000002,2048.2832344771914,-857.8282013355962,99.62821660516853,11.199562529360895,9.978090487619383,0.08665663168483279
225.20000000000002,2049.4254600982104,-856.8102909629781,99.63699192201487,11.197076347640888,9.980890951567615,0.08542293612789252
225.3,2050.5674375583017,-855.792101036232,99.64564121490955,11.194693890316529,9.983573581654886,0.0841857576580206
225.4,2051.709177211332,-854.7736433187405,99.65416417419951,11.192410867658735,9.986143346397313,0.08294597470219663
225.5,2052.850688982947,-853.7549290778484,99.66256057811343,11.190223164576462,9.988605003336847,0.08170443250203235
225.60000000000002,2053.991982388002,-852.7359691059269,99.67083028942056,11.18812683372008,9.990963108137587,0.08046194396383254
225.70000000000002,2055.1330665473083,-851.7167737405297,99.6789732521755,11.18611808884003,9.993222023278578,0.07921929049132602
225.8,2056.273950203717,-850.6973528836811,99.68698948854689,11.184193298392696,9.995385926361829,0.07797722280138526
225.9,2057.4146417375605,-849.6777160203344,99.69487909572867,11.182348979385697,9.99745881805341,0.07673646172304806
226.0,2058.555149181483,-848.6578722360374,99.70264224293182,11.180581791454767,9.999444529674578,0.07549769898014524
226.10000000000002,2059.695480234679,-847.63783023384,99.7102791684552,11.178888531164668,10.001346730459042,0.07426159795783392
226.20000000000002,2060.835642276562,-846.6175983504771,99.71779017683379,11.177266126526684,10.003168934491704,0.07302879445332816
226.3,2061.9756423798867,-845.597184571859,99.72517563606263,11.175711631725335,10.00491450734342,0.07179989741111224
226.4,2063.1154873233454,-844.5765965478985,99.73243597489505,11.174222222047248,10.00658667241568,0.07057548964291699
226.5,2064.2551836036564,-843.5558416067055,99.73957168021357,11.17279518900517,10.008188517008355,0.06935612853273301
226.60000000000002,2065.3947374471663,-842.5349267681751,99.74658329447186,11.171427935650307,10.0097229981231,0.06814234672712856
226.70000000000002,2066.534154820986,-841.5138587569963,99.75347141320655,11.170117972066421,10.011192948014326,0.06693465281113559
226.8,2067.6734414436733,-840.4926440151071,99.76023668261708,11.168862911039207,10.01260107949915,0.06573353196996112
226.9,2068.812602795488,-839.4712887136182,99.76687979721244,11.16766046389464,10.013949991037121,0.0645394466367769
227.0,2069.9516441282276,-838.4497987642308,99.77340149752324,11.166508436500276,10.015242171590067,0.0633528371268347
227.10000000000002,2071.0905704746647,-837.4281798301685,99.7798025678778,11.165404725423532,10.016480005271877,0.06217412225815098
227.20000000000002,2072.229386657602,-836.4064373366447,99.7860838342408,11.16434731424121,10.017665775797592,0.061003699958998014
227.3,2073.3680972985576,-835.3845764808867,99.79224616211336,11.163334269994733,10.018801670740729,0.05984194786243724
227.4,2074.5067068260983,-834.3626022417337,99.79829045449294,11.16236373978564,10.019889785607333,0.05868922388812289
227.5,2075.64521948383,-833.3405193888286,99.80421764989212,11.16143394750617,10.02093212773491,0.057545866811602994
227.60000000000002,2076.7836393380644,-832.3183324914206,99.81002872041465,11.16054319069984,10.021930620023928,0.05641219682133813
227.70000000000002,2077.9219702851724,-831.2960459267949,99.8157246698878,11.159689837547136,10.022887104509293,0.055288516063656576
227.8,2079.0602160586336,-830.273663888346,99.82130653204968,11.158872323971577,10.023803345778832,0.05417510917585899
227.9,2080.1983802358,-829.2511903933098,99.82677536879025,11.15808915086161,10.024681034245512,0.05307224380768354
228.0,2081.3364662443805,-828.2286292901686,99.83213226844506,11.157338881403843,10.02552178927976,0.051980171131337814
228.10000000000002,2082.4744773686602,-827.2059842657437,99.83737834414033,11.156620138523442,10.026327162208053,0.050899126340300534
228.20000000000002,2083.612416755465,-826.183258851989,99.84251473218838,11.155931602427493,10.027098639183585,0.04982932913709322
228.3,2084.7502874198776,-825.1604564324967,99.84754259053224,11.155272008247387,10.027837643934582,0.04877098421021786
228.4,2085.888092250722,-824.1375802487305,99.85246309723841,11.154640143776387,10.0285455403956,0.04772428170045436
228.5,2087.02583401582,-823.1146334059939,99.85727744903654,11.154034847298677,10.029223635226868,0.04668939765670733
228.60000000000002,2088.1635153670313,-822.0916188791491,99.86198685990519,11.15345500550631,10.029873180226557,0.04566649448158971
228.70000000000002,2089.3011388450864,-821.0685395180934,99.8665925597024,11.152899551500639,10.030495374640578,0.04465572136692696
228.8,2090.438706884218,-820.0453980530061,99.87109579284032,11.1523674628749,10.031091367374353,0.043657214719363034
228.9,2091.576221816604,-819.022197099374,99.8754978170026,11.151857759874746,10.031662259110783,0.042671098576246076
229.0,2092.713685876625,-817.9989391628055,99.8797999019038,11.151369503633699,10.032209104338484,0.04169748501196998
229.10000000000002,2093.8511012049444,-816.9756266436424,99.88400332808972,11.150901794480482,10.032732913294085,0.04073647453494328
229.20000000000002,2094.988469852423,-815.9522618413775,99.88810938577777,11.150453770315467,10.033234653822358,0.03978815647535644
229.3,2096.125793783868,-814.9288469588872,99.89211937373642,11.150024605053428,10.033715253157666,0.03885260936391418
229.4,2097.2630748816296,-813.905384106485,99.89603459820282,11.149613507129983,10.034175599630093,0.03792990130169751
229.5,2098.4003149490445,-812.881875305806,99.89985637183763,11.149219718069197,10.034616544299519,0.03702009032131794
229.60000000000002,2099.5375157137423,-811.8583224935272,99.90358601271642,11.148842511109875,10.035038902520691,0.03612322473952343
229.70000000000002,2100.6746788308083,-810.8347275249323,99.90722484335639,11.148481189888198,10.035443455442246,0.0352393435014127
229.8,2101.8118058858195,-809.8110921773264,99.91077418977791,11.148135087174468,10.035830951442511,0.03436847651641332
229.9,2102.948898397752,-808.7874181533074,99.9142353805999,11.147803563661743,10.036202107504769,0.03351064498617565
230.0,2104.08595782177,-807.7637070839005,99.91760974616818,11.147486006804318,10.036557610534587,0.03266586172453245
230.10000000000002,2105.222985551894,-806.7399605315605,99.9208986177161,11.147181829703998,10.036898118621641,0.03183413146967227
230.20000000000002,2106.359982923564,-805.716179993049,99.92410332655663,11.146890470042269,10.037224262248424,0.03101545118867157
230.3,2107.4969512160915,-804.6923669021895,99.92722520330507,11.14661138905649,10.037536645448093,0.03020981037452932
230.4,2108.6338916550117,-803.668522632509,99.93026557713173,11.146344070558316,10.037835846913588,0.029417191335844813
230.5,2109.770805414336,-802.6446484997671,99.93322577504378,11.146088019992671,10.038122421060134,0.028637569479277137
230.60000000000002,2110.9076936187116,-801.6207457643793,99.93610712119549,11.145842763535585,10.038396899043063,0.027870913584924103
230.70000000000002,2112.044557345492,-800.5968156337398,99.93891093622625,11.145607847229332,10.038659789732856,0.02711718607475397
230.8,2113.181397626719,-799.5728592644455,99.9416385366256,11.145382836153361,10.038911580649245,0.02637634327422362
230.9,2114.3182154510223,-798.548877764428,99.94429123412463,11.145167313629537,10.039152738856066,0.02564833566721311
231.0,2115.4550117654426,-797.5248721949952,99.94687033511299,11.14496088046031,10.039383711818548,0.02493310814440494
231.10000000000002,2116.591787477175,-796.5008435727879,99.9493771400809,11.14476315419846,10.039604928224623,0.024230600245235153
231.20000000000002,2117.72854345524,-795.4767928716545,99.95181294308561,11.144573768447122,10.039816798771756,0.02354074639354063
231.3,2118.865280532089,-794.4527210244471,99.95417903124147,11.144392372188861,10.040019716920783,0.02286347612702463
231.4,2120.0019995051352,-793.4286289247416,99.9564766842331,11.144218629142603,10.040214059618126,0.022198714320662557
231.5,2121.1387011382285,-792.4045174284867,99.95870717385111,11.144052217147262,10.040400187987705,0.021546381404165406
231.60000000000002,2122.2753861630617,-791.3803873555833,99.96087176354966,11.143892827571008,10.040578447993878,0.020906393573619127
231.70000000000002,2123.4120552805234,-790.3562394913981,99.96297170802526,11.143740164745074,10.040749171076554,0.020278662997414272
231.8,2124.5487091619902,-789.3320745882132,99.9650082528164,11.143593945421117,10.04091267475971,0.019663098016579967
231.9,2125.6853484505673,-788.3078933666155,99.9669826339232,11.14345389825119,10.041069263234416,0.01905960333963335
232.0,2126.8219737622762,-787.2836965168275,99.96889607744676,11.143319763289316,10.04121922791741,0.018468080232054537
232.10000000000002,2127.9585856871936,-786.2594846999825,99.97074979924751,11.143191291513872,10.041362847986301,0.017888426700495307
232.20000000000002,2129.09518479054,-785.2352585493467,99.97254500462213,11.143068244369845,10.041500390892343,0.017320537671828073
232.3,2130.231771613726,-784.2110186714893,99.97428288799838,11.142950393330176,10.04163211285173,0.01676430516713956
232.4,2131.3683466753528,-783.1867656474047,99.97596463264752,11.142837519475407,10.041758259316335,0.016219618470772558
232.5,2132.504910472171,-782.1625000335864,99.97759141041362,11.142729413090844,10.041879065424727,0.01568636429451738
232.60000000000002,2133.6414634800003,-781.1382223630569,99.97916438145955,11.14262587328056,10.041994756434317,0.015164426937052522
232.70000000000002,2134.7780061546077,-780.1139331463539,99.98068469402874,11.142526707597485,10.042105548135405,0.014653688438732784
232.8,2135.9145389325527,-779.0896328724757,99.9821534842227,11.142431731688966,10.042211647247909,0.014154028731822048
232.9,2137.0510622319944,-778.065322009786,99.98357187579356,11.14234076895711,10.04231325180147,0.013665325786264993
233.0,2138.187576453466,-777.0410010068821,99.98494097995118,11.142253650233362,10.04241055149968,0.013187455751092446
233.10000000000002,2139.3240819806165,-776.0166702934255,99.98626189518461,11.142170213466638,10.042503728069034,0.01272029309155135
233.20000000000002,2140.46057918092,-774.9923302809386,99.98753570709724,11.142090303424531,10.042592955593308,0.012263710722050692
233.3,2141.5970684063573,-773.9679813635674,99.98876348825523,11.142013771407008,10.042678400833928,0.011817580135012011
233.4,2142.7335499940677,-772.9436239188126,99.989946298049,11.141940474972081,10.042760223536948,0.011381771525712589
233.5,2143.870024266974,-771.9192583082295,99.9910851825672,11.14187027767296,10.042838576727164,0.010956153913207544
233.60000000000002,2145.006491534379,-770.8948848780994,99.9921811744828,11.141803048806224,10.04291360698995,0.010540595257414865
233.70000000000002,2146.1429520925426,-769.8705039600724,99.9932352929509,11.141738663170512,10.042985454741283,0.01013496257244769
233.8,2147.279406225227,-768.8461158717826,99.99424854351804,11.14167700083534,10.043054254486469,0.009739122036275595
233.9,2148.415854204224,-767.8217209174389,99.99522191804233,11.141617946919599,10.043120135068055,0.00935293909679543
234.0,2149.5522962898613,-766.79731938839,99.99615639462435,11.141561391379328,10.043183219903364,0.008976278574390874
234.10000000000002,2150.6887327314817,-765.7729115636656,99.99705293754829,11.141507228804395,10.043243627212098,0.008609004761059403
234.20000000000002,2151.825163767908,-764.7484977104959,99.99791249723302,11.141455358223695,10.0433014702344,0.008250981516182086
234.3,2152.961589627886,-763.724078084808,99.99873601019273,11.141405682918515,10.04335685743982,0.007902072359013173
234.4,2154.098010530507,-762.6996529317024,99.99952439900696,11.141358110243722,10.043409892727503,0.00756214055796244
234.5,2155.2344266856167,-761.6752224859094,100.0002785722994,11.141312551456465,10.043460675618034,0.007231049216743287
234.60000000000002,2156.370838294203,-760.6507869722258,100.00099942472542,11.141268921552063,10.04350930143724,0.006908661357458884
234.70000000000002,2157.5072455487707,-759.6263466059338,100.00168783696799,11.141227139106768,10.043555861492294,0.006594840000696
234.8,2158.643648633697,-758.6019015932023,100.0023446757414,11.14118712612713,10.043600443240456,0.006289448242696002
234.9,2159.7800477255755,-757.5774521314709,100.00297079380294,11.141148807905708,10.043643130450759,0.005992349329671205
235.0,2160.916442993544,-756.5529984098181,100.00356702997188,11.141112112882803,10.043684003358916,0.005703406729332881
235.10000000000002,2162.0528345995976,-755.5285406093143,100.00413420915561,11.141076972514028,10.043723138815745,0.005422484199697423
235.20000000000002,2163.1892226988903,-754.5040789033592,100.00467314238273,11.141043321143423,10.043760610429388,0.0051494458552339695
235.3,2164.3256074400238,-753.4796134580059,100.00518462684269,11.141011095881915,10.04379648870157,0.004884156230418226
235.4,2165.4619889653227,-752.4551444322708,100.0056694459318,11.140980236490861,10.043830841158151,0.004626480340753542
235.5,2166.5983674111,-751.4306719784305,100.00612836930536,11.140950685270518,10.043863732474222,0.004376283741321348
235.60000000000002,2167.734742907909,-750.4061962423065,100.00656215293557,11.140922386953159,10.043895224593944,0.004133432582920225
235.70000000000002,2168.8711155807882,-749.3817173635379,100.00697153917514,11.140895288600717,10.043925376845392,0.003897793665853483
235.8,2170.0074855494922,-748.3572354758423,100.00735725682617,11.140869339506724,10.04395424605057,0.0036692344914225367
235.9,2171.1438529287148,-747.3327507072663,100.00772002121425,11.140844491102344,10.04398188663082,0.0034476233111831885
236.0,2172.2802178283027,-746.3082631804247,100.00806053426744,11.140820696866406,10.04400835070783,0.0032328291740207934
236.10000000000002,2173.4165803534593,-745.28377301273,100.00837948459989,11.140797912239176,10.044033688200388,0.0030247219710990503
236.20000000000002,2174.5529406049413,-744.2592803166128,100.00867754759999,11.140776094539769,10.04405794691709,0.002823172478736651
236.3,2175.689298679245,-743.2347851997322,100.00895538552285,11.140755202887064,10.044081172645182,0.0026280523992642905
236.4,2176.825654668787,-742.2102877651772,100.00921364758669,11.140735198123888,10.044103409235642,0.0024392343999138765
236.5,2177.9620086620766,-741.1857881116605,100.00945297007324,11.140716042744442,10.044124698684724,0.0022565921497916222
236.60000000000002,2179.098360743879,-740.1612863337032,100.00967397643173,11.14069770082475,10.04414508121207,0.0020800003549842016
236.70000000000002,2180.234710995374,-739.1367825218124,100.0098772773864,11.140680137956052,10.044164595335554,0.0019093347918476067
236.8,2181.3710594943077,-738.1122767626509,100.01006347104732,11.140663321180973,10.04418327794297,0.0017444723385267582
236.9,2182.5074063151374,-737.0877691392002,100.01023314302432,11.140647218932422,10.044201164360745,0.0015852910047530833
237.0,2183.643751529169,-736.0632597309158,100.0103868665439,11.14063180097501,10.044218288419733,0.0014316699599664702
237.10000000000002,2184.780095204692,-735.0387486138769,100.01052520256881,11.14061703834898,10.044234682518276,0.0012834895598070409
237.20000000000002,2185.9164374071047,-734.0142358609295,100.0106486999205,11.140602903316458,10.044250377682596,0.0011406313710219053
237.3,2187.0527781990377,-732.9897215418226,100.0107578954037,11.140589369310002,10.044265403624683,0.001002978194829609
237.4,2188.1891176404697,-731.9652057233405,100.0108533139336,11.140576410883288,10.04427978879771,0.0008704140887864226
237.5,2189.3254557888404,-730.9406884694275,100.010935468665,11.140564003663883,10.044293560449159,0.0007428243871959035
237.60000000000002,2190.4617926991564,-729.9161698413085,100.01100486112357,11.140552124308012,10.044306744671706,0.0006200957201029899
237.70000000000002,2191.598128424095,-728.8916498976046,100.0110619813389,11.140540750457214,10.04431936645195,0.0005021160309136624
237.8,2192.734463014103,-727.867128694443,100.01110730797933,11.140529860696843,10.044331449717115,0.0003887745926792404
237.9,2193.870796517488,-726.8426062855631,100.01114130848836,11.14051943451629,10.044343017379788,0.00027996202308462224
238.0,2195.0071289805123,-725.8180827224176,100.01116443922251,11.14050945227091,10.044354091380765,0.00017557029817870804
238.10000000000002,2196.143460447477,-724.7935580542695,100.01117714559057,11.14049989514553,10.044364692730111,7.549276488418602e-05
238.20000000000002,2197.2797909608057,-723.7690323282851,100.01117986219394,11.140490745119488,10.04437484154648,-2.0375847677109255e-05
238.3,2198.4161205611235,-722.7445055896229,100.01117301296824,11.140481984933173,10.044384557094785,-0.00011213941800612417
238.4,2199.552449287333,-721.7199778815187,100.01115701132576,11.140473598055946,10.044393857822294,-0.00019990042316179755
238.5,2200.6887771766865,-720.6954492453674,100.01113226029884,11.14046556865543,10.04440276139319,-0.0002837599307746503
238.60000000000002,2201.825104264857,-719.6709197208011,100.01109915268398,11.140457881568073,10.044411284721695,-0.00036381759210487083
238.70000000000002,2202.9614305860046,-718.6463893457636,100.01105807118667,11.140450522270976,10.04441944400378,-0.00044017163611206813
238.8,2204.097756172839,-717.6218581565829,100.01100938856665,11.140443476854886,10.044427254747564,-0.0005129188645039968
238.9,2205.2340810566825,-716.597326188039,100.0109534677838,11.140436731998328,10.044434731802403,-0.0005821546477327965
239.0,2206.370405267527,-715.57279347343,100.01089066214423,11.140430274942846,10.044441889386784,-0.0006479729219079446
239.10000000000002,2207.506728834093,-714.5482600446353,100.01082131544672,11.140424093469267,10.044448741115028,-0.0007104661865945336
239.20000000000002,2208.643051783879,-713.5237259321754,100.0107457621293,11.140418175874961,10.044455300022864,-0.0007697255034685019
239.3,2209.779374143218,-712.49919116527,100.01066432741602,11.140412510952084,10.044461578591942,-0.0008258404957984508
239.4,2210.915695937323,-711.4746557718933,100.01057732746358,11.140407087966704,10.04446758877329,-0.0008788993487263386
239.5,2212.0520171903368,-710.4501197788267,100.010485069508,11.140401896638835,10.044473342009805,-0.0009289888103188583
239.60000000000002,2213.1883379253754,-709.4255832117097,100.01038785201112,11.140396927123291,10.044478849257779,-0.0009761941933620358
239.70000000000002,2214.324658164573,-708.4010460950886,100.01028596480688,11.140392169991356,10.04448412100752,-0.0010205993778730218
239.8,2215.4609779291222,-707.3765084524628,100.0101796892473,11.140387616213234,10.04448916730311,-0.0010622868143020307
239.9,2216.597297239315,-706.351970306329,100.01006929834807,11.140383257141211,10.04449399776133,-0.001101337527399701
240.0,2217.7336161145804,-705.3274316782248,100.0099550569338,11.140379084493558,10.04449862158977,-0.001137831120724691
240.10000000000002,2218.869934573521,-704.3028925887685,100.00983722178267,11.140375090339086,10.04450304760419,-0.0011718457817667457
240.20000000000002,2220.0062526339466,-703.2783530576988,100.00971604177062,11.14037126708237,10.044507284245142,-0.0012034582876617815
240.3,2221.142570312911,-702.2538131039124,100.00959175801482,11.14036760744958,10.044511339593893,-0.0012327440114755334
240.4,2222.2788876267414,-701.2292727454991,100.00946460401664,11.140364104474926,10.044515221387675,-0.0012597769290330766
240.5,2223.415204591069,-700.2047319997769,100.0093348058037,11.140360751487654,10.044518937034278,-0.00128462962627181
240.60000000000002,2224.5515212208606,-699.1801908833244,100.00920258207128,11.140357542099599,10.044522493626047,-0.0013073733070961637
240.70000000000002,2225.6878375304445,-698.1556494120125,100.00906814432285,11.140354470193273,10.04452589795328,-0.0013280778017130536
240.8,2226.824153533539,-697.1311076010346,100.00893169700977,11.14035152991043,10.04452915651704,-0.0013468115754269856
240.9,2227.960469243278,-696.1065654649353,100.00879343766996,11.140348715641137,10.04453227554146,-0.001363641737874913
241.0,2229.0967846722356,-695.0820230176381,100.00865355706577,11.140346022013288,10.04453526098549,-0.0013786340526803738
241.10000000000002,2230.2330998324487,-694.0574802724718,100.00851223932068,11.140343443882566,10.044538118554186,-0.001391852947508807
241.20000000000002,2231.369414735442,-693.0329372421961,100.00836966205509,11.140340976322832,10.044540853709485,-0.0014033615245038814
241.3,2232.5057293922487,-692.0083939390254,100.00822599652095,11.14033861461691,10.044543471680539,-0.0014132215710876415
241.4,2233.64204381343,-690.9838503746524,100.00808140773528,11.140336354247767,10.044545977473629,-0.0014214935711056305
241.5,2234.7783580090977,-689.9593065602704,100.00793605461254,11.140334190890053,10.044548375881613,-0.0014282367163000464
241.60000000000002,2235.9146719889313,-688.9347625065942,100.00779009009587,11.140332120402023,10.044550671493033,-0.001433508918093796
241.70000000000002,2237.0509857621973,-687.9102182238809,100.00764366128696,11.140330138817765,10.044552868700787,-0.001437366819668605
241.8,2238.1872993377665,-686.8856737219489,100.0074969095749,11.140328242339777,10.044554971710454,-0.0014398658083212054
241.9,2239.3236127241303,-685.8611290101975,100.0073499707635,11.140326427331859,10.044556984548267,-0.0014410600280817328
242.0,2240.4599259294178,-684.8365840976238,100.00720297519757,11.140324690312289,10.044558911068744,-0.0014410023925789394
242.10000000000002,2241.59623896141,-683.8120389928405,100.00705604788764,11.140323027947293,10.044560754961996,-0.0014397445981376058
242.20000000000002,2242.732551827556,-682.787493704092,100.00690930863351,11.140321437044804,10.044562519760726,-0.0014373371370926052
242.3,2243.868864534986,-681.7629482392701,100.0067628721463,11.140319914548453,10.044564208846925,-0.0014338293113065202
242.4,2245.0051770905256,-680.7384026059294,100.00661684816924,11.140318457531848,10.044565825458294,-0.0014292692458764114
242.5,2246.1414895007074,-679.7138568113011,100.00647134159694,11.140317063193063,10.044567372694388,-0.0014237039030166423
242.60000000000002,2247.277801771785,-678.6893108623073,100.00632645259327,11.14031572884939,10.044568853522499,-0.0014171790961036413
242.70000000000002,2248.4141139097446,-677.6647647655739,100.00618227670788,11.140314451932278,10.044570270783284,-0.0014097395038716167
242.8,2249.550425920316,-676.6402185274435,100.00603890499107,11.140313229982514,10.044571627196163,-0.0014014286847453933
242.9,2250.686737808983,-675.6156721539872,100.00589642410746,11.140312060645595,10.044572925364493,-0.001392289091298631
243.0,2251.823049580995,-674.5911256510166,100.00575491644794,11.140310941667286,10.044574167780496,-0.001382362084826415
243.10000000000002,2252.9593612413764,-673.5665790240942,100.00561446024024,11.14030987088939,10.044575356830006,-0.0013716879500202638
243.20000000000002,2254.0956727949365,-672.5420322785446,100.005475129658,11.140308846245667,10.044576494796999,-0.0013603059097342448
243.3,2255.2319842462775,-671.5174854194648,100.00533699492829,11.140307865757952,10.044577583867937,-0.001348254139832404
243.4,2256.3682955998056,-670.4929384517334,100.00520012243766,11.140306927532412,10.044578626135923,-0.0013355697841063085
243.5,2257.504606859737,-669.4683913800199,100.00506457483662,11.140306029755981,10.044579623604681,-0.0013222889692530917
243.60000000000002,2258.6409180301075,-668.4438442087942,100.00493041114264,11.14030517069293,10.044580578192365,-0.001308446819903802
243.70000000000002,2259.777229114779,-667.4192969423347,100.0047976868415,11.140304348681596,10.044581491735206,-0.0012940774736930846
243.8,2260.913540117448,-666.3947495847366,100.00466645398727,11.140303562131232,10.044582365991007,-0.0012792140963604507
243.9,2262.0498510416533,-665.3702021399197,100.00453676130064,11.14030280951901,10.044583202642492,-0.0012638888968747471
244.0,2263.18616189078,-664.3456546116358,100.00440865426572,11.14030208938713,10.044584003300502,-0.0012481331425729175
244.10000000000002,2264.3224726680687,-663.3211070034762,100.00428217522527,11.140301400340071,10.044584769507065,-0.00123197717430467
244.20000000000002,2265.458783376621,-662.2965593188779,100.0041573634745,11.140300741041932,10.044585502738322,-0.0012154504215748858
244.3,2266.5950940194043,-661.2720115611312,100.00403425535319,11.140300110213913,10.044586204407349,-0.0011985814176767352
244.4,2267.7314045992593,-660.247463733385,100.00391288433632,11.14029950663189,10.044586875866843,-0.001181397814806653
244.5,2268.867715118904,-659.2229158386533,100.00379328112317,11.14029892912409,10.044587518411696,-0.001163926399155073
244.60000000000002,2270.00402558094,-658.198367879821,100.00367547372491,11.140298376568856,10.044588133281456,-0.0011461931059649423
244.70000000000002,2271.1403359878564,-657.1738198596493,100.00355948755059,11.140297847892537,10.044588721662707,-0.0011282230345520644
244.8,2272.2766463420353,-656.1492717807807,100.0034453454916,11.140297342067434,10.044589284691307,-0.001110040463280117
244.9,2273.412956645757,-655.124723645745,100.00333306800471,11.140296858109847,10.044589823454562,-0.001091668864483937
245.0,2274.5492669012024,-654.1001754569629,100.00322267319343,11.140296395078206,10.044590338993302,-0.0010731309193355407
245.10000000000002,2275.6855771104592,-653.0756272167515,100.00311417688806,11.140295952071273,10.044590832303857,-0.001054448532646516
245.20000000000002,2276.8218872755256,-652.0510789273285,100.00300759272397,11.140295528226435,10.044591304339964,-0.0010356428476016358
245.3,2277.9581973983127,-651.0265305908164,100.00290293221866,11.14029512271805,10.044591756014574,-0.0010167342604171222
245.4,2279.09450748065,-650.0019822092466,100.00280020484712,11.140294734755873,10.0445921882016,-0.0009977424349199915
245.5,2280.230817524288,-648.9774337845635,100.00269941811582,11.140294363583559,10.044592601737586,-0.0009786863170421374
245.60000000000002,2281.3671275309016,-647.9528853186275,100.00260057763518,11.140294008477207,10.044592997423297,-0.0009595841492252017
245.70000000000002,2282.5034375020937,-646.9283368132197,100.00250368719055,11.140293668743972,10.04459337602524,-0.0009404534847304476
245.8,2283.6397474393975,-645.9037882700446,100.00240874881187,11.140293343720765,10.044593738277149,-0.0009213112018506553
245.9,2284.7760573442806,-644.8792396907332,100.00231576284168,11.140293032772952,10.044594084881348,-0.0009021735180191484
246.0,2285.912367218147,-643.8546910768466,100.00222472800185,11.14029273529316,10.044594416510131,-0.0008830560038112949
246.10000000000002,2287.048677062341,-642.8301424298788,100.00213564145886,11.140292450700112,10.044594733807019,-0.0008639735968359318
246.20000000000002,2288.1849868781474,-641.8055937512597,100.00204849888763,11.140292178437507,10.04459503738799,-0.000844940615511655
246.3,2289.321296666796,-640.7810450423577,100.00196329453395,11.140291917972954,10.04459532784267,-0.0008259707727256145
246.4,2290.4576064294647,-639.7564963044822,100.00188002127558,11.140291668796952,10.044595605735436,-0.0008070771893703905
246.5,2291.5939161672786,-638.7319475388865,100.00179867068194,11.140291430421913,10.044595871606516,-0.0007882724077569896
246.60000000000002,2292.730225881316,-637.7073987467699,100.00171923307238,11.140291202381224,10.044596125973008,-0.0007695684048997956
246.70000000000002,2293.8665355726075,-636.6828499292801,100.00164169757326,11.140290984228347,10.044596369329867,-0.0007509766056711121
246.8,2295.0028452421393,-635.6583010875155,100.00156605217352,11.140290775535963,10.044596602150854,-0.0007325078958231478
246.9,2296.139154890855,-634.6337522225272,100.00149228377899,11.140290575895152,10.044596824889444,-0.0007141726348734011
247.0,2297.275464519658,-633.6092033353209,100.00142037826548,11.1402903849146,10.044597037979685,-0.0006959806688526416
247.10000000000002,2298.4117741294112,-632.5846544268592,100.00135032053046,11.140290202219845,10.04459724183703,-0.0006779413429123305
247.20000000000002,2299.5480837209425,-631.5601054980631,100.0012820945435,11.140290027452561,10.044597436859139,-0.0006600635137896801
247.3,2300.684393295042,-630.5355565498141,100.00121568339546,11.140289860269862,10.044597623426625,-0.0006423555621278481
247.4,2301.8207028524657,-629.5110075829557,100.0011510693464,11.14028970034364,10.044597801903798,-0.0006248254046503615
247.5,2302.9570123939384,-628.4864585982948,100.00108823387235,11.140289547359934,10.044597972639345,-0.0006074805061869215
247.60000000000002,2304.0933219201524,-627.4619095966038,100.00102715771071,11.14028940101832,10.044598135967005,-0.0005903278915499828
247.70000000000002,2305.22963143177,-626.4373605786217,100.00096782090453,11.140289261031333,10.044598292206215,-0.0005733741572602555
247.8,2306.365940929425,-625.4128115450555,100.00091020284566,11.140289127123907,10.044598441662709,-0.0005566254831191449
247.9,2307.502250413724,-624.388262496582,100.00085428231661,11.140288999032846,10.044598584629107,-0.0005400876436281561
248.0,2308.6385598852476,-623.3637134338485,100.0008000375313,11.140288876506315,10.04459872138548,-0.0005237660192531308
248.10000000000002,2309.77486934455,-622.3391643574745,100.00074744617476,11.140288759303346,10.04459885219988,-0.0005076656075325059
248.20000000000002,2310.911178792163,-621.3146152680528,100.00069648544148,11.140288647193378,10.044598977328855,-0.0004917910340293582
248.3,2312.0474882285944,-620.2900661661505,100.00064713207294,11.140288539955806,10.044599097017946,-0.0004761465631250514
248.4,2313.1837976543297,-619.2655170523103,100.00059936239381,11.140288437379557,10.044599211502149,-0.00046073610865552945
248.5,2314.3201070698346,-618.2409679270514,100.00055315234721,11.140288339262666,10.044599321006372,-0.0004455632443882416
248.60000000000002,2315.4564164755534,-617.2164187908705,100.00050847752878,11.140288245411904,10.044599425745863,-0.0004306312143398131
248.70000000000002,2316.592725871912,-616.191869644243,100.00046531321992,11.140288155642388,10.044599525926625,-0.0004159429429339436
248.8,2317.7290352593172,-615.1673204876236,100.00042363441977,11.14028806977723,10.044599621745808,-0.0004015010449993953
248.9,2318.8653446381586,-614.1427713214473,100.00038341587631,11.140287987647183,10.044599713392092,-0.0003873078356077621
249.0,2320.0016540088086,-613.1182221461304,100.00034463211644,11.140287909090322,10.044599801046047,-0.0003733653397502759
249.10000000000002,2321.1379633716238,-612.0936729620712,100.00030725747506,11.140287833951723,10.044599884880476,-0.0003596753018548694
249.20000000000002,2322.274272726945,-611.0691237696506,100.00027126612324,11.140287762083162,10.044599965060756,-0.0003462391951423733
249.3,2323.410582075099,-610.0445745692331,100.00023663209534,11.140287693342826,10.044600041745147,-0.0003330582308225378
249.4,2324.5468914163966,-609.0200253611674,100.00020332931534,11.140287627595038,10.044600115085098,-0.00032013336712950524
249.5,2325.683200751137,-607.9954761457873,100.00017133162216,11.14028756470999,10.044600185225544,-0.0003074653181980606
249.60000000000002,2326.819510079606,-606.9709269234118,100.00014061279406,11.140287504563492,10.04460025230518,-0.00029505456277981705
249.70000000000002,2327.9558194020765,-605.9463776943461,100.00011114657228,11.140287447036732,10.04460031645673,-0.0002829013528002616
249.8,2329.0921287188094,-604.9218284588825,100.0000829066837,11.140287392016033,10.0446003778072,-0.00027100572175725774
249.9,2330.2284380300553,-603.8972792173001,100.00005586686268,11.140287339392641,10.044600436478122,-0.00025936749296122944
250.0,2331.364747336053,-602.8727299698664,100.00003000087213,11.140287289062519,10.044600492585797,-0.0002479862876176182
250.10000000000002,2332.501056637031,-601.8481807168371,100.00000528252365,11.140287240926124,10.044600546241508,-0.0002368615327529742
250.20000000000002,2333.6373659332085,-600.8236314584566,99.999981685697,11.140287194888227,10.044600597551742,-0.0002259924689839203
250.3,2334.7736752247947,-599.7990821949589,99.99995918435866,11.140287150857723,10.04460064661839,-0.00021537815813150662
250.4,2335.90998451199,-598.7745329265679,99.99993775257973,11.140287108747453,10.044600693538948,-0.0002050174906803755
250.5,2337.0462937949856,-597.7499836534976,99.999917364553,11.140287068474032,10.04460073840671,-0.00019490919308419677
250.60000000000002,2338.1826030739644,-596.7254343759527,99.99989799460931,11.140287029957689,10.044600781310939,-0.00018505183491872843
250.70000000000002,2339.3189123491024,-595.7008850941289,99.9998796172332,11.140286993122107,10.044600822337038,-0.0001754438358822031
250.8,2340.455221620567,-594.6763358082138,99.99986220707785,11.140286957894274,10.044600861566726,-0.0001660834726456516
250.9,2341.5915308885183,-593.6517865183865,99.9998457389793,11.140286924204343,10.044600899078194,-0.00015696888555276518
251.0,2342.72784015311,-592.6272372248184,99.99983018797002,11.140286891985498,10.044600934946248,-0.00014809808517170312
251.10000000000002,2343.864149414488,-591.6026879276732,99.99981552929184,11.14028686117381,10.04460096924246,-0.0001394689586987569
251.20000000000002,2345.0004586727937,-590.5781386271078,99.99980173840817,11.140286831708126,10.04460100203531,-0.0001310792762161182
251.3,2346.136767928161,-589.5535893232723,99.99978879101566,11.14028680352994,10.044601033390311,-0.000122926696804099
251.4,2347.2730771807182,-588.5290400163099,99.9997766630552,11.140286776583284,10.044601063370143,-0.00011500877450993314
251.5,2348.4093864305883,-587.5044907063577,99.99976533072235,11.140286750814616,10.04460109203477,-0.00010732296417336395
251.60000000000002,2349.5456956778885,-586.4799413935472,99.99975477047714,11.140286726172713,10.044601119441563,-9.986662711202038e-05
251.70000000000002,2350.6820049227317,-585.4553920780035,99.99974495905332,11.140286702608575,10.044601145645403,-9.263703666586467e-05
251.8,2351.818314165225,-584.4308427598468,99.99973587346707,11.140286680075324,10.044601170698794,-8.563138360346629e-05
251.9,2352.954623405471,-583.4062934391917,99.99972749102515,11.140286658528114,10.044601194651968,-7.884678139165448e-05
252.0,2354.0909326435685,-582.381744116148,99.99971978933253,11.140286637924044,10.04460121755297,-7.228027132858535e-05
252.10000000000002,2355.2272418796115,-581.3571947908206,99.99971274629944,11.140286618222072,10.044601239447767,-6.592882754385664e-05
252.20000000000002,2356.3635511136895,-580.3326454633099,99.99970634014801,11.140286599382941,10.044601260380329,-5.978936186497002e-05
252.3,2357.499860345889,-579.3080961337118,99.99970054941838,11.14028658136909,10.044601280392719,-5.385872855290291e-05
252.4,2358.636169576292,-578.2835468021182,99.99969535297434,11.140286564144589,10.044601299525167,-4.813372890800866e-05
252.5,2359.7724788049777,-577.2589974686167,99.99969073000847,11.140286547675068,10.044601317816166,-4.261111574863293e-05
252.60000000000002,2360.908788032021,-576.2344481332913,99.99968666004686,11.140286531927641,10.044601335302524,-3.7287597761788314e-05
252.70000000000002,2362.0450972574945,-575.2098987962222,99.99968312295346,11.140286516870859,10.044601352019457,-3.215984373010552e-05
252.8,2363.181406481466,-574.1853494574862,99.99968009893382,11.140286502474629,10.044601368000647,-2.7224486635166763e-05
252.9,2364.3177157040022,-573.1608001171566,99.99967756853864,11.140286488710165,10.044601383278307,-2.2478127639055308e-05
253.0,2365.454024925166,-572.1362507753036,99.99967551266677,11.140286475549933,10.044601397883255,-1.7917339945904137e-05
253.10000000000002,2366.590334145017,-571.1117014319942,99.99967391256786,11.140286462967588,10.044601411844962,-1.353867254520541e-05
253.20000000000002,2367.7266433636137,-570.0871520872928,99.99967274984466,11.140286450937932,10.044601425191617,-9.338653838336298e-06
253.3,2368.862952581011,-569.0626027412605,99.99967200645494,11.140286439436862,10.044601437950185,-5.31379514998024e-06
253.4,2369.9992617972616,-568.038053393956,99.99967166471305,11.140286428441316,10.044601450146448,-1.4605941262654382e-06
253.5,2371.1355710124158,-567.0135040454354,99.99967170729111,11.140286417929236,10.044601461805065,2.224461978528659e-06
253.60000000000002,2372.2718802265217,-565.9889546957523,99.99967211721999,11.14028640787952,10.044601472949628,5.744893125827234e-06
253.70000000000002,2373.408189439626,-564.9644053449581,99.9996728778898,11.140286398271982,10.04460148360269,9.104223424230846e-06
253.8,2374.544498651772,-563.9398559931016,99.99967397305018,11.140286389087315,10.044601493785827,1.230597816785451e-05
253.9,2375.680807863002,-562.9153066402297,99.99967538681034,11.140286380307048,10.044601503519667,1.5353680979638337e-05
254.0,2376.8171170733567,-561.8907572863873,99.99967710363865,11.140286371913511,10.044601512823942,1.8250851057276105e-05
254.10000000000002,2377.9534262828747,-560.8662079316172,99.99967910836209,11.140286363889803,10.044601521717517,2.1001000521259073e-05
254.20000000000002,2379.0897354915924,-559.8416585759603,99.99968138616542,11.140286356219756,10.04460153021844,2.3607631862038565e-05
254.3,2380.2260446995456,-558.8171092194558,99.99968392259005,11.140286348887905,10.044601538343963,2.6074235485484497e-05
254.4,2381.3623539067676,-557.7925598621412,99.99968670353267,11.140286341879456,10.044601546110588,2.8404287354167135e-05
254.5,2382.498663113291,-556.7680105040521,99.99968971524369,11.140286335180262,10.044601553534092,3.0601246723514564e-05
254.60000000000002,2383.6349723191465,-555.7434611452229,99.99969294432537,11.140286328776783,10.044601560629564,3.2668553970968374e-05
254.70000000000002,2384.7712815243635,-554.7189117856863,99.99969637772989,11.140286322656076,10.044601567411432,3.460962851562187e-05
254.8,2385.9075907289703,-553.6943624254734,99.99970000275698,11.140286316805751,10.04460157389349,3.6427866827492654e-05
254.9,2387.0438999329936,-552.6698130646143,99.99970380705157,11.140286311213968,10.044601580088932,3.812664052460883e-05
255.0,2388.1802091364593,-551.6452637031375,99.99970777860112,11.140286305869392,10.044601586010371,3.970929455590376e-05
255.10000000000002,2389.3165183393926,-550.6207143410703,99.99971190573284,11.140286300761186,10.04460159166987,4.117914546862143e-05
255.20000000000002,2390.4528275418165,-549.5961649784389,99.99971617711067,11.140286295878987,10.044601597078964,4.25394797576747e-05
255.3,2391.5891367437534,-548.5716156152681,99.99972058173218,11.140286291212872,10.044601602248674,4.3793552296396915e-05
255.4,2392.725445945225,-547.547066251582,99.9997251089252,11.140286286753366,10.04460160718955,4.49445848462139e-05
255.5,2393.8617551462526,-546.5225168874033,99.99972974834445,11.140286282491392,10.04460161191167,4.599576464419278e-05
255.60000000000002,2394.998064346855,-545.4979675227537,99.99973448996788,11.140286278418277,10.044601616424671,4.695024306605763e-05
255.70000000000002,2396.134373547051,-544.4734181576542,99.99973932409297,11.140286274525723,10.044601620737774,4.781113436347935e-05
255.8,2397.270682746859,-543.4488687921247,99.9997442413329,11.14028627080579,10.044601624859785,4.858151447414416e-05
255.9,2398.4069919462963,-542.4243194261843,99.99974923261259,11.140286267250893,10.044601628799134,4.926441990248237e-05
256.0,2399.5433011453792,-541.3997700598511,99.99975428916456,11.140286263853767,10.04460163256387,4.9862846669489114e-05
256.1,2400.6796103441234,-540.3752206931426,99.9997594025248,11.140286260607471,10.044601636161698,5.037974933076813e-05
256.2,2401.815919542544,-539.3506713260754,99.99976456452852,11.140286257505368,10.044601639599978,5.0818040060392964e-05
256.3,2402.9522287406558,-538.3261219586653,99.99976976730571,11.140286254541104,10.044601642885748,5.118058779901546e-05
256.40000000000003,2404.0885379384717,-537.3015725909278,99.99977500327672,11.140286251708606,10.044601646025741,5.147021746510633e-05
256.5,2405.2248471360053,-536.2770232228772,99.99978026514778,11.140286249002067,10.04460164902639,5.1689709227637955e-05
256.6,2406.3611563332693,-535.2524738545275,99.99978554590632,11.14028624641593,10.04460165189384,5.184179783819884e-05
256.7,2407.4974655302753,-534.2279244858919,99.99979083881635,11.140286243944887,10.044601654633981,5.192917202143499e-05
256.8,2408.633774727035,-533.2033751169831,99.99979613741375,11.140286241583857,10.044601657252427,5.195447392253561e-05
256.90000000000003,2409.7700839235595,-532.1788257478133,99.99980143550145,11.14028623932798,10.044601659754553,5.192029860939934e-05
257.0,2410.906393119859,-531.1542763783941,99.99980672714464,11.140286237172614,10.044601662145501,5.182919362894876e-05
257.1,2412.0427023159436,-530.1297270087365,99.99981200666589,11.140286235113317,10.04460166443018,5.1683658615382575e-05
257.2,2413.179011511823,-529.1051776388512,99.99981726864024,11.14028623314584,10.04460166661329,5.1486144948996424e-05
257.3,2414.315320707506,-528.0806282687482,99.99982250789026,11.140286231266122,10.044601668699311,5.1239055464959985e-05
257.40000000000003,2415.451629903002,-527.0560788984372,99.9998277194811,11.140286229470282,10.044601670692542,5.094474420926315e-05
257.5,2416.5879390983187,-526.0315295279277,99.99983289871551,11.140286227754606,10.044601672597082,5.060551624142091e-05
257.6,2417.7242482934644,-525.0069801572282,99.9998380411288,11.140286226115544,10.044601674416855,5.022362748221798e-05
257.7,2418.860557488447,-523.9824307863473,99.99984314248384,11.1402862245497,10.044601676155606,4.9801284604719484e-05
257.8,2419.9968666832733,-522.9578814152931,99.99984819876606,11.14028622305383,10.044601677816923,4.934064496840467e-05
257.90000000000003,2421.1331758779506,-521.9333320440733,99.99985320617839,11.14028622162483,10.044601679404229,4.884381659322811e-05
258.0,2422.2694850724856,-520.9087826726952,99.9998581611362,11.140286220259734,10.0446016809208,4.831285817357358e-05
258.1,2423.405794266884,-519.884233301166,99.99986306026234,11.140286218955705,10.04460168236977,4.774977913105119e-05
258.2,2424.5421034611527,-518.8596839294923,99.99986790038206,11.140286217710031,10.044601683754125,4.7156539703599784e-05
258.3,2425.678412655297,-517.8351345576807,99.99987267851803,11.14028621652012,10.044601685076731,4.653505107047532e-05
258.40000000000003,2426.814721849323,-516.8105851857372,99.99987739188533,11.140286215383496,10.044601686340322,4.5887175511482724e-05
258.5,2427.951031043236,-515.7860358136677,99.9998820378865,11.140286214297788,10.04460168754751,4.521472659961139e-05
258.6,2429.0873402370407,-514.7614864414779,99.9998866141065,11.140286213260731,10.044601688700796,4.451946942561451e-05
258.7,2430.2236494307417,-513.7369370691732,99.99989111830791,11.140286212270164,10.044601689802569,4.380312085303999e-05
258.8,2431.359958624344,-512.7123876967587,99.99989554842591,11.14028621132401,10.044601690855108,4.306734980297377e-05
258.90000000000003,2432.496267817852,-511.68783832423924,99.99989990256347,11.1402862104203,10.044601691860603,4.231377756717298e-05
259.0,2433.6325770112703,-510.66328895161956,99.99990417898647,11.140286209557136,10.044601692821136,4.1543978148029335e-05
259.1,2434.7688862046025,-509.6387395789041,99.99990837611892,11.140286208732714,10.0446016937387,4.0759478625179014e-05
259.2,2435.9051953978524,-508.6141902060972,99.9999124925382,11.140286207945307,10.044601694615205,3.9961759546776886e-05
259.3,2437.0415045910236,-507.58964083320296,99.99991652697031,11.140286207193263,10.04460169545247,3.915225534413212e-05
259.40000000000003,2438.1778137841197,-506.56509146022523,99.9999204782852,11.140286206475004,10.04460169625224,3.833235476986314e-05
259.5,2439.3141229771445,-505.5405420871678,99.99992434549215,11.140286205789023,10.044601697016178,3.750340135727552e-05
259.6,2440.450432170101,-504.51599271403427,99.99992812773513,11.14028620513388,10.044601697745879,3.666669390065365e-05
259.7,2441.586741362992,-503.49144334082797,99.99993182428835,11.140286204508191,10.044601698442857,3.582348695493909e-05
259.8,2442.723050555821,-502.4668939675522,99.99993543455169,11.140286203910648,10.044601699108574,3.497499135399258e-05
259.90000000000003,2443.85935974859,-501.4423445942101,99.99993895804631,11.140286203339988,10.044601699744414,3.4122374746859896e-05
260.0,2444.9956689413025,-500.41779522080463,99.99994239441027,11.14028620279501,10.04460170035171,3.3266762150119935e-05
260.1,2446.1319781339603,-499.3932458473386,99.99994574339419,11.140286202274567,10.044601700931729,3.2409236516566377e-05
260.2,2447.268287326566,-498.3686964738148,99.99994900485704,11.140286201777558,10.044601701485686,3.155083931834185e-05
260.3,2448.404596519123,-497.3441471002358,99.99995217876187,11.140286201302935,10.04460170201474,3.069257114362483e-05
260.40000000000003,2449.5409057116326,-496.319597726604,99.99995526517174,11.140286200849697,10.044601702520001,2.9835392306930368e-05
260.5,2450.6772149040967,-495.2950483529219,99.99995826424556,11.140286200416885,10.044601703002527,2.8980223471061595e-05
260.6,2451.8135240965175,-494.27049897919176,99.99996117623418,11.140286200003583,10.044601703463336,2.8127946280605296e-05
260.7,2452.9498332888975,-493.24594960541566,99.99996400147637,11.14028619960892,10.04460170390339,2.7279404005699352e-05
260.8,2454.086142481238,-492.2214002315957,99.99996674039495,11.140286199232055,10.04460170432362,2.643540219512747e-05
260.90000000000003,2455.222451673541,-491.1968508577338,99.99996939349302,11.140286198872195,10.044601704724908,2.5596709338794513e-05
261.0,2456.358760865808,-490.172301483832,99.99997196135016,11.140286198528573,10.044601705108096,2.4764057537611972e-05
261.1,2457.495070058041,-489.14775210989194,99.99997444461877,11.140286198200466,10.044601705473998,2.3938143180891555e-05
261.2,2458.6313792502415,-488.12320273591547,99.9999768440205,11.140286197887173,10.044601705823384,2.3119627630310547e-05
261.3,2459.7676884424104,-487.09865336190416,99.99997916034263,11.14028619758803,10.04460170615699,2.2309137909705007e-05
261.40000000000003,2460.9039976345493,-486.0741039878596,99.99998139443471,11.140286197302402,10.044601706475525,2.150726739971726e-05
261.5,2462.04030682666,-485.0495546137833,99.99998354720508,11.140286197029683,10.04460170677966,2.071457653690002e-05
261.6,2463.1766160187435,-484.0250052396767,99.99998561961756,11.14028619676929,10.044601707070042,1.9931593516538504e-05
261.7,2464.312925210801,-483.0004558655412,99.99998761268824,11.140286196520671,10.044601707347281,1.915881499877033e-05
261.8,2465.449234402834,-481.97590649137805,99.99998952748228,11.140286196283299,10.044601707611974,1.839670681660514e-05
261.90000000000003,2466.5855435948433,-480.95135711718854,99.99999136511077,11.140286196056664,10.044601707864675,1.7645704686151897e-05
262.0,2467.72185278683,-479.92680774297384,99.99999312672772,11.140286195840286,10.044601708105928,1.690621491784878e-05
262.1,2468.8581619787947,-478.9022583687351,99.99999481352711,11.140286195633704,10.044601708336243,1.6178615128652703e-05
262.2,2469.994471170739,-477.8777089944734,99.99999642673998,11.140286195436477,10.044601708556112,1.5463254953566892e-05
262.3,2471.1307803626637,-476.8531596201898,99.99999796763164,11.140286195248184,10.044601708766002,1.4760456757518261e-05
262.40000000000003,2472.26708955457,-475.8286102458853,99.99999943749887,11.140286195068422,10.044601708966365,1.4070516345393008e-05
262.5,2473.4033987464577,-474.80406087156075,100.00000083766732,11.140286194896806,10.044601709157625,1.3393703671283363e-05
262.6,2474.539707938329,-473.7795114972172,100.00000216948882,11.140286194732973,10.044601709340192,1.2730263544908214e-05
262.7,2475.6760171301835,-472.75496212285543,100.00000343433896,11.140286194576568,10.044601709514458,1.2080416336165938e-05
262.8,2476.8123263220227,-471.73041274847634,100.00000463361457,11.140286194427262,10.044601709680798,1.1444358676357989e-05
262.90000000000003,2477.948635513847,-470.70586337408065,100.00000576873128,11.140286194284728,10.044601709839567,1.0822264155647935e-05
263.0,2479.084944705657,-469.68131399966916,100.00000684112136,11.140286194148667,10.044601709991108,1.021428401741676e-05
263.1,2480.2212538974536,-468.65676462524254,100.0000078522313,11.140286194018785,10.044601710135746,9.620547847382578e-06
263.2,2481.357563089237,-467.63221525080155,100.00000880351979,11.1402861938948,10.044601710273788,9.041164259016867e-06
263.3,2482.493872281008,-466.6076658763468,100.00000969645548,11.140286193776456,10.044601710405539,8.476221572627233e-06
263.40000000000003,2483.630181472767,-465.5831165018789,100.00001053251506,11.14028619366349,10.044601710531277,7.925788490244027e-06
263.5,2484.766490664515,-464.5585671273985,100.00001131318123,11.140286193555662,10.044601710651275,7.389914763441206e-06
263.6,2485.9027998562524,-463.5340177529061,100.0000120399408,11.140286193452738,10.044601710765793,6.8686318558825675e-06
263.7,2487.0391090479793,-462.5094683784023,100.0000127142829,11.1402861933545,10.044601710875082,6.3619535990479515e-06
263.8,2488.1754182396967,-461.4849190038876,100.00001333769717,11.140286193260735,10.044601710979373,5.869876840769372e-06
263.90000000000003,2489.3117274314045,-460.46036962936256,100.0000139116721,11.140286193171242,10.044601711078897,5.3923820872624245e-06
264.0,2490.4480366231037,-459.4358202548276,100.00001443769335,11.140286193085828,10.044601711173868,4.92943413684588e-06
264.1,2491.5843458147942,-458.41127088028315,100.00001491724223,11.140286193004307,10.044601711264493,4.480982707348945e-06
264.2,2492.7206550064766,-457.38672150572967,100.00001535179413,11.140286192926505,10.044601711350966,4.04696305394311e-06
264.3,2493.856964198151,-456.3621721311676,100.00001574281718,11.140286192852251,10.044601711433478,3.6272965800892462e-06
264.40000000000003,2494.9932733898186,-455.3376227565973,100.00001609177076,11.140286192781389,10.04460171151221,3.2218914389008188e-06
264.5,2496.1295825814786,-454.3130733820191,100.00001640010423,11.140286192713761,10.04460171158733,2.830643126694701e-06
264.6,2497.265891773132,-453.2885240074335,100.00001666925567,11.140286192649226,10.044601711659004,2.453435067543932e-06
264.7,2498.402200964779,-452.26397463284076,100.00001690065068,11.140286192587642,10.044601711727388,2.0901391882356958e-06
264.8,2499.5385101564198,-451.23942525824117,100.0000170957012,11.140286192528873,10.044601711792634,1.740616484249818e-06
264.90000000000003,2500.674819348055,-450.2148758836351,100.00001725580447,11.140286192472793,10.044601711854881,1.4047175768021915e-06
265.0,2501.8111285396844,-449.19032650902284,100.00001738234198,11.140286192419282,10.044601711914268,1.0822832595895516e-06
265.1,2502.9474377313086,-448.16577713440466,100.00001747667851,11.140286192368224,10.044601711970927,7.731450360019883e-07
265.2,2504.0837469229277,-447.1412277597808,100.00001754016118,11.140286192319504,10.044601712024978,4.771256465597133e-07
265.3,2505.220056114542,-446.1166783851516,100.0000175741186,11.140286192273019,10.044601712076545,1.940395860453308e-07
265.40000000000003,2506.3563653061515,-445.0921290105172,100.00001757986007,11.140286192228666,10.044601712125736,-7.630638859991341e-08
265.5,2507.4926744977565,-444.06757963587796,100.00001755867478,11.140286192186352,10.044601712172664,-3.341127620847935e-07
265.6,2508.6289836893575,-443.04303026123404,100.00001751183115,11.140286192145979,10.04460171221743,-5.795867733778334e-07
265.7,2509.7652928809543,-442.0184808865856,100.00001744057609,11.140286192107462,10.044601712260134,-8.129419398038632e-07
265.8,2510.9016020725476,-440.993931511933,100.00001734613446,11.140286192070716,10.044601712300867,-1.0343975911225297e-06
265.90000000000003,2512.037911264137,-439.9693821372763,100.00001722970845,11.140286192035662,10.044601712339722,-1.2441784141267197e-06
266.0,2513.174220455723,-438.9448327626157,100.0000170924771,11.14028619200222,10.044601712376783,-1.442514008008105e-06
266.1,2514.310529647306,-437.92028338795143,100.00001693559578,11.14028619197032,10.044601712412135,-1.629638450600405e-06
266.2,2515.4468388388855,-436.89573401328363,100.00001676019578,11.140286191939891,10.044601712445854,-1.8057898748485458e-06
266.3,2516.583148030462,-435.8711846386125,100.00001656738388,11.140286191910866,10.044601712478014,-1.9712100560832594e-06
266.40000000000003,2517.7194572220355,-434.84663526393814,100.00001635824206,11.14028619188318,10.044601712508689,-2.126144009793811e-06
266.5,2518.855766413606,-433.82208588926073,100.00001613382716,11.140286191856772,10.044601712537945,-2.2708396010337732e-06
266.6,2519.9920756051743,-432.79753651458043,100.00001589517059,11.140286191831585,10.044601712565848,-2.4055471635019345e-06
266.7,2521.1283847967397,-431.77298713989734,100.00001564327812,11.140286191807562,10.04460171259246,-2.5305191301022973e-06
266.8,2522.264693988303,-430.7484377652116,100.00001537912968,11.140286191784652,10.04460171261784,-2.646009673484856e-06
266.90000000000003,2523.401003179864,-429.7238883905233,100.0000151036792,11.140286191762803,10.044601712642045,-2.752274358012892e-06
267.0,2524.5373123714226,-428.6993390158326,100.00001481785449,11.140286191741964,10.044601712665127,-2.849569802001968e-06
267.1,2525.6736215629794,-427.6747896411396,100.00001452255714,11.140286191722094,10.044601712687141,-2.938153350441133e-06
267.2,2526.809930754534,-426.6502402664444,100.00001421866246,11.140286191703144,10.044601712708134,-3.018282758449921e-06
267.3,2527.9462399460867,-425.6256908917472,100.00001390701948,11.140286191685073,10.044601712728152,-3.090215885614301e-06
267.40000000000003,2529.0825491376377,-424.6011415170479,100.00001358845093,11.140286191667844,10.044601712747243,-3.1542104000768016e-06
267.5,2530.218858329187,-423.5765921423467,100.00001326375326,11.140286191651414,10.044601712765445,-3.2105234938140207e-06
267.6,2531.3551675207345,-422.55204276764374,100.00001293369674,11.14028619163575,10.044601712782804,-3.2594116070353335e-06
267.7,2532.4914767122805,-421.52749339293905,100.00001259902554,11.140286191620813,10.044601712799354,-3.301130164162417e-06
267.8,2533.627785903825,-420.5029440182327,100.00001226045782,11.140286191606574,10.044601712815137,-3.335933319353027e-06
267.90000000000003,2534.7640950953682,-419.4783946435248,100.00001191868593,11.140286191592997,10.044601712830184,-3.3640737120405505e-06
268.0,2535.90040428691,-418.45384526881537,100.00001157437649,11.140286191580055,10.044601712844532,-3.3858022327098868e-06
268.1,2537.0367134784506,-417.42929589410454,100.00001122817066,11.140286191567716,10.044601712858213,-3.4013677980824617e-06
268.2,2538.1730226699897,-416.40474651939235,100.00001088068433,11.140286191555951,10.044601712871255,-3.4110171369295343e-06
268.3,2539.309331861528,-415.38019714467885,100.0000105325083,11.140286191544739,10.044601712883692,-3.4149945843727307e-06
268.40000000000003,2540.4456410530647,-414.3556477699641,100.00001018420863,11.14028619153405,10.044601712895547,-3.413541886721492e-06
268.5,2541.5819502446006,-413.33109839524815,100.00000983632685,11.140286191523861,10.044601712906848,-3.4068980155211913e-06
268.6,2542.7182594361357,-412.30654902053107,100.00000948938025,11.140286191514148,10.044601712917622,-3.3952989907744607e-06
268.7,2543.85456862767,-411.28199964581296,100.00000914386221,11.140286191504893,10.044601712927896,-3.3789777129548524e-06
268.8,2544.990877819203,-410.25745027109383,100.00000880024254,11.14028619149607,10.044601712937688,-3.358163805016104e-06
268.90000000000003,2546.1271870107353,-409.2329008963737,100.00000845896778,11.140286191487661,10.04460171294702,-3.3330834624739914e-06
269.0,2547.2634962022667,-408.2083515216526,100.00000812046162,11.140286191479648,10.04460171295592,-3.3039593126918216e-06
269.1,2548.399805393797,-407.18380214693065,100.00000778512516,11.14028619147201,10.044601712964402,-3.2710102830177096e-06
269.2,2549.5361145853267,-406.1592527722079,100.00000745333745,11.14028619146473,10.044601712972486,-3.234451476524316e-06
269.3,2550.672423776856,-405.13470339748426,100.00000712545574,11.140286191457793,10.044601712980192,-3.1944940570845915e-06
269.40000000000003,2551.808732968384,-404.1101540227599,100.00000680181597,11.140286191451183,10.044601712987538,-3.151345142132513e-06
269.5,2552.9450421599117,-403.0856046480348,100.00000648273318,11.140286191444885,10.044601712994536,-3.1052077035483476e-06
269.6,2554.081351351439,-402.061055273309,100.00000616850193,11.140286191438882,10.04460171300121,-3.056280476736337e-06
269.7,2555.2176605429654,-401.03650589858256,100.00000585939668,11.140286191433164,10.044601713007568,-3.004757877093046e-06
269.8,2556.3539697344913,-400.0119565238555,100.00000555567235,11.140286191427714,10.044601713013627,-2.950829923730792e-06
269.90000000000003,2557.490278926017,-398.98740714912776,100.00000525756465,11.140286191422522,10.044601713019402,-2.8946821716310974e-06
270.0,2558.626588117542,-397.9628577743995,100.00000496529066,11.140286191417575,10.044601713024905,-2.8364956500474728e-06
270.1,2559.7628973090664,-396.9383083996707,100.00000467904916,11.14028619141286,10.044601713030149,-2.776446808583295e-06
270.2,2560.89920650059,-395.9137590249413,100.00000439902122,11.140286191408372,10.044601713035147,-2.7147074697284847e-06
270.3,2562.0355156921137,-394.8892096502115,100.00000412537062,11.140286191404094,10.04460171303991,-2.6514447888890674e-06
270.40000000000003,2563.171824883637,-393.8646602754812,100.00000385824433,11.140286191400017,10.044601713044447,-2.5868212202468756e-06
270.5,2564.3081340751596,-392.8401109007504,100.00000359777296,11.140286191396132,10.044601713048769,-2.5209944894419546e-06
270.6,2565.444443266682,-391.8155615260192,100.00000334407132,11.140286191392436,10.04460171305289,-2.454117572180688e-06
270.7,2566.5807524582037,-390.79101215128765,100.00000309723885,11.140286191388912,10.044601713056812,-2.3863386793620534e-06
270.8,2567.717061649725,-389.76646277655567,100.0000028573601,11.140286191385556,10.044601713060551,-2.317801247968165e-06
270.90000000000003,2568.8533708412465,-388.7419134018233,100.00000262450527,11.140286191382359,10.044601713064113,-2.2486439373211415e-06
271.0,2569.9896800327674,-387.7173640270906,100.00000239873063,11.140286191379312,10.044601713067506,-2.179000631218295e-06
271.1,2571.125989224288,-386.6928146523575,100.00000218007905,11.140286191376411,10.044601713070737,-2.109000445421154e-06
271.2,2572.2622984158083,-385.66826527762413,100.00000196858049,11.140286191373649,10.044601713073817,-2.038767740390984e-06
271.3,2573.3986076073284,-384.64371590289045,100.00000176425246,11.140286191371018,10.04460171307675,-1.9684221392409775e-06
271.40000000000003,2574.534916798848,-383.6191665281565,100.0000015671005,11.14028619136851,10.04460171307954,-1.8980785499134093e-06
271.5,2575.6712259903675,-382.59461715342223,100.00000137711869,11.140286191366124,10.044601713082203,-1.827847192707451e-06
271.6,2576.8075351818866,-381.5700677786877,100.0000011942901,11.14028619136385,10.044601713084736,-1.757833632246031e-06
271.7,2577.9438443734057,-380.54551840395294,100.00000101858728,11.140286191361687,10.04460171308715,-1.6881388134309414e-06
271.8,2579.0801535649243,-379.52096902921795,100.0000008499727,11.140286191359625,10.044601713089447,-1.6188591018038045e-06
271.90000000000003,2580.216462756443,-378.49641965448274,100.00000068839924,11.14028619135766,10.044601713091636,-1.550086327749173e-06
272.0,2581.352771947961,-377.4718702797473,100.00000053381066,11.140286191355791,10.044601713093721,-1.481907835535285e-06
272.1,2582.4890811394794,-376.4473209050116,100.00000038614203,11.140286191354011,10.044601713095705,-1.4144065341229682e-06
272.2,2583.6253903309976,-375.4227715302758,100.00000024532021,11.140286191352315,10.044601713097594,-1.3476609531929377e-06
272.3,2584.7616995225153,-374.3982221555397,100.00000011126423,11.1402861913507,10.044601713099391,-1.281745302435285e-06
272.40000000000003,2585.898008714033,-373.3736727808035,99.9999999838858,11.140286191349166,10.044601713101105,-1.2167295323241414e-06
272.5,2587.034317905551,-372.34912340606706,99.99999986308971,11.140286191347702,10.044601713102734,-1.1526793998030924e-06
272.6,2588.170627097068,-371.3245740313305,99.99999974877427,11.14028619134631,10.044601713104287,-1.089656536116986e-06
272.7,2589.3069362885853,-370.3000246565938,99.99999964083167,11.140286191344984,10.044601713105765,-1.0277185175431085e-06
272.8,2590.4432454801026,-369.2754752818569,99.99999953914849,11.140286191343721,10.04460171310717,-9.669189377841407e-07
272.90000000000003,2591.5795546716195,-368.25092590711995,99.99999944360599,11.140286191342518,10.044601713108507,-9.073074842829857e-07
273.0,2592.7158638631363,-367.2263765323828,99.99999935408059,11.140286191341374,10.044601713109783,-8.489300154330097e-07
273.1,2593.852173054653,-366.20182715764554,99.99999927044423,11.140286191340286,10.044601713110994,-7.918286404374133e-07
273.2,2594.98848224617,-365.17727778290816,99.99999919256474,11.140286191339248,10.044601713112149,-7.360418015434065e-07
273.3,2596.1247914376863,-364.1527284081707,99.9999991203062,11.14028619133826,10.044601713113249,-6.816043568193505e-07
273.40000000000003,2597.2611006292027,-363.12817903343307,99.99999905352934,11.14028619133732,10.044601713114295,-6.285476657315329e-07
273.5,2598.397409820719,-362.10362965869535,99.99999899209183,11.140286191336426,10.04460171311529,-5.768996762748972e-07
273.6,2599.5337190122355,-361.0790802839575,99.99999893584872,11.140286191335575,10.044601713116236,-5.266850121588271e-07
273.7,2600.670028203752,-360.05453090921964,99.99999888465267,11.140286191334765,10.044601713117137,-4.779250628145528e-07
273.8,2601.8063373952677,-359.02998153448164,99.99999883835432,11.140286191333994,10.044601713117995,-4.3063807342726284e-07
273.90000000000003,2602.9426465867837,-358.0054321597436,99.99999879680263,11.14028619133326,10.04460171311881,-3.8483923601045893e-07
274.0,2604.0789557782996,-356.9808827850054,99.99999875984516,11.140286191332562,10.044601713119587,-3.40540782222222e-07
274.1,2605.2152649698155,-355.9563334102672,99.99999872732835,11.140286191331898,10.044601713120326,-2.9775207556364414e-07
274.2,2606.3515741613314,-354.9317840355289,99.99999869909786,11.140286191331263,10.044601713121027,-2.564797049428685e-07
274.3,2607.4878833528473,-353.9072346607905,99.99999867499879,11.140286191330663,10.044601713121697,-2.1672757875460507e-07
274.40000000000003,2608.6241925443633,-352.88268528605204,99.99999865487601,11.140286191330091,10.044601713122331,-1.7849701892207588e-07
274.5,2609.7605017358787,-351.8581359113135,99.99999863857434,11.140286191329546,10.044601713122937,-1.4178685518010523e-07
274.6,2610.896810927394,-350.83358653657496,99.99999862593886,11.140286191329027,10.044601713123512,-1.065935197764073e-07
274.7,2612.0331201189097,-349.80903716183633,99.99999861681515,11.140286191328535,10.04460171312406,-7.291114117384608e-08
274.8,2613.169429310425,-348.78448778709765,99.99999861104949,11.140286191328064,10.04460171312458,-4.073163971900069e-08
274.90000000000003,2614.3057385019406,-347.7599384123589,99.9999986084891,11.140286191327618,10.044601713125076,-1.0044820501447193e-08
275.0,2615.442047693456,-346.7353890376201,99.99999860898232,11.140286191327194,10.044601713125546,1.9161532279106405e-08
275.1,2616.5783568849715,-345.71083966288126,99.99999861237889,11.14028619132679,10.044601713125994,4.690156208796183e-08
275.2,2617.714666076487,-344.6862902881424,99.99999861853003,11.140286191326407,10.044601713126418,7.319124736472849e-08
275.3,2618.8509752680025,-343.6617409134035,99.9999986272887,11.140286191326043,10.044601713126825,9.804830905721795e-08
275.40000000000003,2619.987284459518,-342.6371915386645,99.99999863850978,11.140286191325693,10.044601713127209,1.2149212003313998e-07
275.5,2621.123593651033,-341.61264216392556,99.99999865205018,11.140286191325362,10.044601713127575,1.4354361327631613e-07
275.6,2622.259902842548,-340.58809278918653,99.99999866776902,11.140286191325048,10.044601713127923,1.6422519262698396e-07
275.7,2623.396212034063,-339.56354341444745,99.99999868552779,11.140286191324751,10.044601713128255,1.8356064439604674e-07
275.8,2624.532521225578,-338.53899403970837,99.99999870519046,11.140286191324467,10.044601713128568,2.0157504918476546e-07
275.90000000000003,2625.668830417093,-337.51444466496923,99.99999872662364,11.140286191324197,10.044601713128866,2.1829469539324925e-07
276.0,2626.805139608608,-336.4898952902301,99.99999874969667,11.140286191323941,10.04460171312915,2.3374699402750574e-07
276.1,2627.941448800123,-335.4653459154909,99.99999877428174,11.140286191323698,10.044601713129422,2.479603941193849e-07
276.2,2629.077757991638,-334.4407965407517,99.99999880025398,11.140286191323465,10.044601713129678,2.609643004642834e-07
276.3,2630.214067183153,-333.41624716601245,99.99999882749158,11.140286191323245,10.044601713129921,2.7278899181637267e-07
276.40000000000003,2631.350376374668,-332.3916977912732,99.99999885587586,11.140286191323037,10.044601713130154,2.8346554131528055e-07
276.5,2632.486685566183,-331.3671484165339,99.99999888529135,11.140286191322836,10.044601713130373,2.9302573796344113e-07
276.6,2633.622994757698,-330.3425990417946,99.99999891562584,11.140286191322648,10.044601713130584,3.0150200930164074e-07
276.7,2634.759303949213,-329.3180496670553,99.99999894677046,11.140286191322467,10.044601713130783,3.0892734706145283e-07
276.8,2635.895613140728,-328.2935002923159,99.99999897861974,11.140286191322296,10.044601713130973,3.1533523305384386e-07
276.90000000000003,2637.031922332243,-327.26895091757655,99.99999901107167,11.140286191322133,10.044601713131152,3.2075956748264666e-07
277.0,2638.168231523758,-326.2444015428372,99.99999904402765,11.140286191321978,10.044601713131325,3.252345986449229e-07
277.1,2639.304540715273,-325.21985216809776,99.99999907739266,11.140286191321833,10.044601713131488,3.287948550703523e-07
277.2,2640.440849906788,-324.19530279335834,99.99999911107517,11.140286191321692,10.044601713131645,3.3147507868447387e-07
277.3,2641.577159098303,-323.1707534186189,99.99999914498721,11.140286191321557,10.044601713131792,3.33310160666907e-07
277.40000000000003,2642.713468289818,-322.1462040438795,99.9999991790444,11.140286191321431,10.044601713131932,3.343350782967462e-07
277.5,2643.8497774813327,-321.12165466914,99.99999921316588,11.14028619132131,10.044601713132066,3.345848345377618e-07
277.6,2644.9860866728473,-320.09710529440054,99.9999992472744,11.140286191321197,10.044601713132192,3.3409439907617194e-07
277.7,2646.122395864362,-319.07255591966106,99.99999928129627,11.140286191321088,10.044601713132312,3.3289865158476137e-07
277.8,2647.2587050558764,-318.0480065449216,99.99999931516132,11.140286191320987,10.044601713132426,3.3103232670633743e-07
277.90000000000003,2648.395014247391,-317.02345717018204,99.99999934880294,11.14028619132089,10.044601713132534,3.2852996153472127e-07
278.0,2649.5313234389055,-315.9989077954425,99.99999938215804,11.140286191320795,10.044601713132637,3.2542584424256073e-07
278.1,2650.66763263042,-314.97435842070297,99.99999941516698,11.140286191320708,10.044601713132735,3.2175396600364427e-07
278.2,2651.8039418219346,-313.94980904596343,99.99999944777359,11.140286191320625,10.044601713132826,3.175479733719464e-07
278.3,2652.940251013449,-312.9252596712239,99.99999947992511,11.140286191320547,10.044601713132913,3.1284112477798053e-07
278.40000000000003,2654.0765602049637,-311.90071029648436,99.99999951157214,11.140286191320472,10.044601713132995,3.076662467784791e-07
278.5,2655.2128693964783,-310.87616092174477,99.99999954266862,11.140286191320403,10.044601713133074,3.0205569418671697e-07
278.6,2656.349178587993,-309.8516115470052,99.99999957317175,11.140286191320335,10.044601713133149,2.9604131100085417e-07
278.7,2657.4854877795074,-308.8270621722656,99.99999960304197,11.140286191320271,10.044601713133218,2.8965439414547257e-07
278.8,2658.621796971022,-307.802512797526,99.99999963224286,11.140286191320211,10.044601713133286,2.829256589242759e-07
278.90000000000003,2659.7581061625365,-306.7779634227864,99.99999966074111,11.140286191320156,10.04460171313335,2.7588520666597525e-07
279.0,2660.894415354051,-305.7534140480468,99.99999968850645,11.1402861913201,10.044601713133408,2.6856249454725905e-07
279.1,2662.0307245455656,-304.7288646733072,99.99999971551158,11.14028619132005,10.044601713133467,2.6098630659623735e-07
279.2,2663.16703373708,-303.7043152985676,99.9999997417321,11.140286191320001,10.04460171313352,2.5318472741918426e-07
279.3,2664.3033429285947,-302.679765923828,99.99999976714643,11.140286191319955,10.044601713133572,2.451851180637329e-07
279.40000000000003,2665.4396521201093,-301.6552165490883,99.99999979173576,11.140286191319912,10.04460171313362,2.37014093277854e-07
279.5,2666.575961311624,-300.6306671743487,99.99999981548393,11.14028619131987,10.044601713133664,2.2869750106017273e-07
279.6,2667.7122705031384,-299.606117799609,99.9999998383774,11.140286191319833,10.04460171313371,2.2026040381080084e-07
279.7,2668.848579694653,-298.5815684248694,99.99999986040514,11.140286191319795,10.04460171313375,2.1172706180970122e-07
279.8,2669.9848888861675,-297.5570190501297,99.99999988155854,11.14028619131976,10.044601713133789,2.0312091801734192e-07
279.90000000000003,2671.121198077682,-296.5324696753901,99.99999990183133,11.140286191319726,10.044601713133826,1.9446458500917974e-07
280.0,2672.2575072691966,-295.5079203006504,99.99999992121954,11.140286191319696,10.044601713133861,1.8577983408546887e-07
280.1,2673.393816460711,-294.4833709259108,99.99999993972136,11.140286191319666,10.044601713133893,1.7708758519957492e-07
280.2,2674.5301256522257,-293.4588215511711,99.99999995733705,11.140286191319637,10.044601713133925,1.6840789908353017e-07
280.3,2675.6664348437403,-292.4342721764315,99.9999999740689,11.14028619131961,10.044601713133956,1.597599720099793e-07
280.40000000000003,2676.802744035255,-291.4097228016918,99.9999999899211,11.140286191319586,10.044601713133982,1.5116213047908727e-07
280.5,2677.9390532267694,-290.3851734269522,100.00000000489965,11.140286191319563,10.044601713134009,1.4263182847703952e-07
280.6,2679.075362418284,-289.36062405221253,100.00000001901232,11.14028619131954,10.044601713134034,1.3418564651863795e-07
280.7,2680.2116716097985,-288.3360746774729,100.0000000322685,11.140286191319518,10.044601713134057,1.2583929169211593e-07
280.8,2681.347980801313,-287.31152530273323,100.00000004467914,11.140286191319497,10.04460171313408,1.1760759966868995e-07
280.90000000000003,2682.4842899928276,-286.2869759279936,100.00000005625667,11.140286191319479,10.044601713134105,1.0950453820851813e-07
281.0,2683.620599184342,-285.2624265532539,100.00000006701488,11.14028619131946,10.044601713134124,1.0154321113292498e-07
281.1,2684.7569083758567,-284.23787717851417,100.00000007696887,11.140286191319444,10.044601713134144,9.373586498287884e-08
281.2,2685.8932175673713,-283.21332780377446,100.00000008613495,11.140286191319428,10.044601713134162,8.609389587364374e-08
281.3,2687.029526758886,-282.18877842903476,100.00000009453052,11.140286191319412,10.044601713134178,7.862785891661956e-08
281.40000000000003,2688.1658359504004,-281.16422905429505,100.00000010217404,11.140286191319397,10.044601713134194,7.134747691757584e-08
281.5,2689.302145141915,-280.13967967955534,100.00000010908492,11.140286191319383,10.04460171313421,6.426165256459323e-08
281.6,2690.4384543334295,-279.11513030481564,100.00000011528343,11.140286191319369,10.044601713134224,5.7378479956871074e-08
281.7,2691.574763524944,-278.09058093007593,100.0000001207906,11.140286191319356,10.044601713134238,5.070525798878761e-08
281.8,2692.7110727164586,-277.0660315553362,100.00000012562822,11.140286191319346,10.044601713134252,4.424850509168633e-08
281.90000000000003,2693.847381907973,-276.0414821805965,100.00000012981864,11.140286191319333,10.044601713134263,3.801397354354737e-08
282.0,2694.9836910994877,-275.0169328058568,100.00000013338482,11.140286191319325,10.044601713134275,3.2006666864670505e-08
282.1,2696.1200002910023,-273.9923834311171,100.00000013635012,11.140286191319314,10.044601713134284,2.6230856326593308e-08
282.2,2697.256309482517,-272.9678340563774,100.00000013873839,11.140286191319305,10.044601713134297,2.069009890077184e-08
282.3,2698.3926186740314,-271.9432846816377,100.00000014057373,11.140286191319296,10.044601713134307,1.5387256075973667e-08
282.40000000000003,2699.528927865546,-270.918735306898,100.00000014188053,11.140286191319287,10.044601713134316,1.0324513054652238e-08
282.5,2700.6652370570605,-269.8941859321583,100.00000014268338,11.140286191319278,10.044601713134325,5.503399475979697e-09
282.6,2701.801546248575,-268.8696365574186,100.00000014300694,11.140286191319271,10.044601713134334,9.248095328638315e-10
282.7,2702.9378554400896,-267.84508718267887,100.000000142876,11.140286191319264,10.044601713134341,-3.410976066951412e-09
282.8,2704.074164631604,-266.82053780793916,100.0000001423153,11.140286191319257,10.044601713134348,-7.504268650103662e-09
282.90000000000003,2705.2104738231187,-265.79598843319945,100.00000014134953,11.140286191319252,10.044601713134355,-1.1355948750733278e-08
283.0,2706.3467830146333,-264.77143905845975,100.00000014000328,11.140286191319246,10.04460171313436,-1.4967444061710523e-08
283.1,2707.483092206148,-263.74688968372004,100.00000013830095,11.140286191319241,10.044601713134366,-1.8340705938937743e-08
283.2,2708.6194013976624,-262.72234030898034,100.0000001362667,11.140286191319236,10.044601713134371,-2.147818592278942e-08
283.3,2709.755710589177,-261.69779093424063,100.00000013392446,11.14028619131923,10.044601713134377,-2.438281187800678e-08
283.40000000000003,2710.8920197806915,-260.6732415595009,100.00000013129778,11.140286191319227,10.044601713134384,-2.7057964239388715e-08
283.5,2712.028328972206,-259.6486921847612,100.0000001284099,11.140286191319223,10.044601713134389,-2.9507451224517553e-08
283.6,2713.1646381637206,-258.6241428100215,100.00000012528359,11.140286191319218,10.044601713134393,-3.1735485452459495e-08
283.7,2714.300947355235,-257.5995934352818,100.00000012194124,11.140286191319214,10.044601713134398,-3.37466588329902e-08
283.8,2715.4372565467497,-256.5750440605421,100.0000001184047,11.14028619131921,10.044601713134401,-3.554591874903352e-08
283.90000000000003,2716.5735657382643,-255.5504946858024,100.00000011469531,11.140286191319207,10.044601713134405,-3.7138543341732434e-08
284.0,2717.709874929779,-254.52594531106269,100.00000011083388,11.140286191319202,10.044601713134409,-3.853011702508842e-08
284.1,2718.8461841212934,-253.50139593632298,100.0000001068406,11.1402861913192,10.044601713134414,-3.972650665644816e-08
284.2,2719.982493312808,-252.47684656158327,100.00000010273507,11.140286191319195,10.044601713134416,-4.073383699524858e-08
284.3,2721.1188025043225,-251.45229718684357,100.00000009853626,11.140286191319193,10.044601713134421,-4.155846698370916e-08
284.40000000000003,2722.255111695837,-250.42774781210386,100.00000009426246,11.14028619131919,10.044601713134423,-4.220696617206949e-08
284.5,2723.3914208873516,-249.40319843736415,100.00000008993129,11.140286191319188,10.044601713134425,-4.2686090931840736e-08
284.6,2724.527730078866,-248.37864906262445,100.00000008555966,11.140286191319186,10.044601713134428,-4.3002761863062494e-08
284.7,2725.6640392703807,-247.35409968788474,100.00000008116379,11.140286191319184,10.04460171313443,-4.3164039591083656e-08
284.8,2726.8003484618953,-246.32955031314503,100.00000007675915,11.140286191319182,10.044601713134432,-4.317710414469372e-08
284.90000000000003,2727.93665765341,-245.30500093840533,100.00000007236049,11.14028619131918,10.044601713134433,-4.3049231763250346e-08
285.0,2729.0729668449244,-244.28045156366562,100.00000006798182,11.140286191319179,10.044601713134437,-4.2787773753430886e-08
285.1,2730.209276036439,-243.25590218892592,100.00000006363636,11.140286191319177,10.044601713134439,-4.240013524284021e-08
285.2,2731.3455852279535,-242.2313528141862,100.00000005933663,11.140286191319175,10.04460171313444,-4.1893754897306575e-08
285.3,2732.481894419468,-241.2068034394465,100.00000005509433,11.140286191319174,10.044601713134442,-4.127608425945929e-08
285.40000000000003,2733.6182036109826,-240.1822540647068,100.00000005092043,11.140286191319172,10.044601713134444,-4.055456874671221e-08
285.5,2734.754512802497,-239.1577046899671,100.00000004682516,11.14028619131917,10.044601713134446,-3.97366278382058e-08
285.6,2735.8908219940117,-238.13315531522738,100.00000004281796,11.140286191319168,10.044601713134448,-3.8829638452288517e-08
285.7,2737.0271311855263,-237.10860594048768,100.00000003890753,11.140286191319168,10.044601713134448,-3.784091523090787e-08
285.8,2738.163440377041,-236.08405656574797,100.00000003510185,11.140286191319166,10.04460171313445,-3.6777695047585304e-08
285.90000000000003,2739.2997495685554,-235.05950719100827,100.00000003140813,11.140286191319166,10.04460171313445,-3.564712045149809e-08
286.0,2740.43605876007,-234.03495781626856,100.0000000278329,11.140286191319165,10.044601713134451,-3.445622338778308e-08
286.1,2741.5723679515845,-233.01040844152885,100.00000002438193,11.140286191319165,10.044601713134451,-3.321191081959668e-08
286.2,2742.708677143099,-231.98585906678915,100.00000002106034,11.140286191319165,10.044601713134453,-3.192095024396394e-08
286.3,2743.8449863346136,-230.96130969204944,100.00000001787255,11.140286191319163,10.044601713134455,-3.058995712719155e-08
286.40000000000003,2744.981295526128,-229.93676031730973,100.00000001482229,11.140286191319161,10.044601713134456,-2.922538121526103e-08
286.5,2746.1176047176427,-228.91221094257003,100.00000001191268,11.14028619131916,10.044601713134458,-2.783349501757274e-08
286.6,2747.2539139091573,-227.88766156783032,100.00000000914618,11.140286191319158,10.044601713134458,-2.6420383080519475e-08
286.7,2748.390223100672,-226.86311219309061,100.00000000652464,11.140286191319158,10.04460171313446,-2.499193112299721e-08
286.8,2749.5265322921864,-225.8385628183509,100.00000000404935,11.140286191319158,10.04460171313446,-2.355381639192314e-08
286.90000000000003,2750.662841483701,-224.8140134436112,100.00000000172102,11.140286191319158,10.04460171313446,-2.2111499857086784e-08
287.0,2751.7991506752155,-223.7894640688715,99.99999999953978,11.140286191319156,10.04460171313446,-2.0670218227882752e-08
287.1,2752.93545986673,-222.7649146941318,99.99999999750528,11.140286191319156,10.04460171313446,-1.923497544595786e-08
287.2,2754.0717690582446,-221.74036531939208,99.99999999561666,11.140286191319156,10.04460171313446,-1.78105378378002e-08
287.3,2755.208078249759,-220.71581594465238,99.99999999387258,11.140286191319156,10.044601713134462,-1.6401428351677707e-08
287.40000000000003,2756.3443874412737,-219.69126656991267,99.99999999227126,11.140286191319154,10.044601713134462,-1.5011921360952066e-08
287.5,2757.4806966327883,-218.66671719517296,99.99999999081048,11.140286191319154,10.044601713134464,-1.3646039782638595e-08
287.6,2758.617005824303,-217.64216782043326,99.99999998948763,11.140286191319152,10.044601713134464,-1.2307550792571083e-08
287.7,2759.7533150158174,-216.61761844569355,99.99999998829975,11.140286191319152,10.044601713134465,-1.099996406222552e-08
287.8,2760.889624207332,-215.59306907095385,99.99999998724351,11.14028619131915,10.044601713134465,-9.726529824952165e-09
287.90000000000003,2762.0259333988465,-214.56851969621414,99.99999998631527,11.14028619131915,10.044601713134467,-8.490239735262384e-09
288.0,2763.162242590361,-213.54397032147443,99.99999998551111,11.140286191319149,10.044601713134467,-7.293824517433832e-09
288.1,2764.2985517818756,-212.51942094673473,99.99999998482681,11.140286191319149,10.044601713134469,-6.139756211105492e-09
288.2,2765.43486097339,-211.49487157199502,99.99999998425797,11.140286191319147,10.044601713134469,-5.030249108133233e-09
288.3,2766.5711701649047,-210.4703221972553,99.99999998379991,11.140286191319147,10.04460171313447,-3.9672617878291126e-09
288.40000000000003,2767.7074793564193,-209.4457728225156,99.99999998344781,11.140286191319147,10.04460171313447,-2.9525000764027555e-09
288.5,2768.843788547934,-208.4212234477759,99.99999998319667,11.140286191319145,10.04460171313447,-1.9874205531577995e-09
288.6,2769.9800977394484,-207.3966740730362,99.99999998304136,11.140286191319145,10.044601713134472,-1.0732343990207515e-09
288.7,2771.116406930963,-206.3721246982965,99.99999998297665,11.140286191319145,10.044601713134474,-2.109122466722435e-10
288.8,2772.2527161224775,-205.34757532355678,99.99999998299718,11.140286191319145,10.044601713134474,5.988101780897665e-10
288.90000000000003,2773.389025313992,-204.32302594881708,99.99999998309758,11.140286191319145,10.044601713134474,1.3554270103324915e-09
289.0,2774.5253345055066,-203.29847657407737,99.99999998327242,11.140286191319145,10.044601713134474,2.058654808920276e-09
289.1,2775.661643697021,-202.27392719933766,99.99999998351623,11.140286191319145,10.044601713134474,2.708426273449575e-09
289.2,2776.7979528885357,-201.24937782459796,99.99999998382359,11.140286191319145,10.044601713134474,3.304882704892898e-09
289.3,2777.9342620800503,-200.22482844985825,99.99999998418905,11.140286191319145,10.044601713134474,3.848365537504148e-09
289.40000000000003,2779.070571271565,-199.20027907511854,99.99999998460724,11.140286191319145,10.044601713134474,4.339409391122804e-09
289.5,2780.2068804630794,-198.17572970037884,99.99999998507286,11.140286191319143,10.044601713134474,4.778590857746945e-09
289.6,2781.343189654594,-197.15118032563913,99.99999998558066,11.140286191319142,10.044601713134474,5.166353766001151e-09
289.7,2782.4794988461085,-196.12663095089943,99.99999998612545,11.140286191319143,10.044601713134476,5.503967267671888e-09
289.8,2783.6156793904865,-195.10219757041938,99.99999998670201,11.140286191319142,10.044601713134476,5.791239700154876e-09
289.90000000000003,2784.7517098643507,-194.077899500515,99.9999999873053,11.140286191319142,10.044601713134476,6.030124392582895e-09
290.0,2785.8875513706707,-193.05377181256358,99.99999998793045,11.140286191319142,10.044601713134476,6.2227714061379635e-09
290.1,2787.0231685292442,-192.029846407006,99.99999998857282,11.140286191319142,10.044601713134476,6.371490653066527e-09
290.2,2788.158561384384,-191.0061232438881,99.99999998922807,11.140286191319143,10.044601713134476,6.478796072405631e-09
290.3,2789.2937299803934,-189.98260228326362,99.99999998989209,11.140286191319142,10.044601713134474,6.5471900271544684e-09
290.40000000000003,2790.428674361567,-188.95928348519416,99.99999999056105,11.140286191319142,10.044601713134474,6.579153729345457e-09
290.5,2791.5633945721916,-187.93616680974924,99.99999999123136,11.140286191319142,10.044601713134476,6.577139271164987e-09
290.6,2792.697890656544,-186.91325221700623,99.99999999189968,11.140286191319142,10.044601713134476,6.5435634955764014e-09
290.7,2793.8321626588936,-185.8905396670504,99.99999999256293,11.140286191319142,10.044601713134476,6.480801012210799e-09
290.8,2794.9662106235,-184.86802911997495,99.99999999321827,11.140286191319143,10.044601713134476,6.391178715918193e-09
290.90000000000003,2796.1000345946145,-183.8457205358809,99.99999999386306,11.140286191319143,10.044601713134474,6.2769691290343545e-09
291.0,2797.23363461648,-182.82361387487717,99.99999999449493,11.140286191319143,10.044601713134474,6.140388597206283e-09
291.1,2798.367010733329,-181.80170909708056,99.99999999511172,11.140286191319142,10.044601713134474,5.983590151074825e-09
291.2,2799.5001629893877,-180.78000616261576,99.9999999957115,11.140286191319143,10.044601713134476,5.808660984247571e-09
291.3,2800.633091428872,-179.75850503161533,99.99999999629253,11.140286191319143,10.044601713134476,5.617619373654939e-09
291.40000000000003,2801.765796095989,-178.7372056642197,99.99999999685328,11.140286191319142,10.044601713134474,5.412411903670206e-09
291.5,2802.898277034938,-177.71610802057717,99.99999999739241,11.140286191319142,10.044601713134474,5.1949107509609275e-09
291.6,2804.030534289909,-176.69521206084391,99.99999999790877,11.140286191319142,10.044601713134474,4.9669118503611495e-09
291.7,2805.1625679050835,-175.67451774518398,99.9999999984014,11.140286191319142,10.044601713134476,4.730133764098704e-09
291.8,2806.2943779246334,-174.65402503376927,99.9999999988695,11.140286191319142,10.044601713134476,4.486216355689165e-09
291.90000000000003,2807.425964392723,-173.6337338867796,99.99999999931244,11.140286191319142,10.044601713134478,4.2367201284645e-09
292.0,2808.557327353508,-172.61364426440258,99.99999999972972,11.14028619131914,10.044601713134478,3.983123986344288e-09
292.1,2809.688466851134,-171.59375612683374,100.00000000012103,11.140286191319138,10.044601713134478,3.7268278644587786e-09
292.2,2810.819382929739,-170.57406943427645,100.00000000048617,11.14028619131914,10.044601713134478,3.469150394225262e-09
292.3,2811.950075633452,-169.55458414694192,100.00000000082505,11.140286191319142,10.044601713134478,3.2113309547972362e-09
292.40000000000003,2813.0805450063935,-168.53530022504927,100.00000000113776,11.140286191319142,10.044601713134478,2.95452923812472e-09
292.5,2814.210791092675,-167.51621762882544,100.00000000142445,11.14028619131914,10.044601713134478,2.69982628437346e-09
292.6,2815.3408139363996,-166.49733631850523,100.00000000168541,11.14028619131914,10.044601713134478,2.448225160357488e-09
292.7,2816.470613581661,-165.4786562543313,100.000000001921,11.140286191319138,10.04460171313448,2.200653046431985e-09
292.8,2817.6001900725446,-164.46017739655414,100.00000000213167,11.140286191319136,10.044601713134481,1.9579615609239955e-09
292.90000000000003,2818.7295434531275,-163.44189970543215,100.00000000231799,11.140286191319138,10.044601713134483,1.720929872589513e-09
293.0,2819.8586737674773,-162.4238231412315,100.00000000248056,11.140286191319134,10.044601713134483,1.490264397775031e-09
293.1,2820.9875810596536,-161.4059476642263,100.00000000262008,11.140286191319134,10.044601713134485,1.266602680137752e-09
293.2,2822.116265373707,-160.3882732346984,100.00000000273731,11.140286191319133,10.044601713134487,1.0505132053522458e-09
293.3,2823.244726753679,-159.37079981293758,100.00000000283303,11.14028619131913,10.044601713134487,8.424985332752367e-10
293.40000000000003,2824.3729652436036,-158.35352735924144,100.0000000029081,11.140286191319131,10.04460171313449,6.429981123219253e-10
293.5,2825.5009808875047,-157.3364558339154,100.00000000296339,11.14028619131913,10.04460171313449,4.5239030229263247e-10
293.6,2826.6287737293987,-156.31958519727277,100.00000000299985,11.140286191319127,10.044601713134492,2.7099392160496727e-10
293.7,2827.7563438132925,-155.30291540963464,100.00000000301843,11.140286191319126,10.044601713134492,9.907031773652017e-11
293.8,2828.883691183184,-154.28644643132995,100.00000000302009,11.140286191319126,10.044601713134494,-6.31728351398632e-11
293.90000000000003,2830.0108158830635,-153.27017822269553,100.00000000300585,11.140286191319126,10.044601713134494,-2.1557977781959993e-10
294.0,2831.137717956912,-152.25411074407597,100.0000000029767,11.140286191319126,10.044601713134494,-3.580450009607911e-10
294.1,2832.264397448702,-151.23824395582375,100.00000000293366,11.140286191319126,10.044601713134496,-4.905095455188452e-10
294.2,2833.3908544023966,-150.22257781829913,100.00000000287774,11.140286191319124,10.044601713134496,-6.129586126469119e-10
294.3,2834.5170888619514,-149.20711229187023,100.00000000280997,11.140286191319126,10.044601713134496,-7.254190023447422e-10
294.40000000000003,2835.6431008713125,-148.191847336913,100.00000000273134,11.140286191319126,10.044601713134494,-8.279584017991195e-10
294.5,2836.7688904744177,-147.17678291381125,100.00000000264288,11.140286191319127,10.044601713134494,-9.206793650518171e-10
294.6,2837.894457715196,-146.1619189829565,100.00000000254555,11.140286191319127,10.044601713134492,-1.0037205911546193e-09
294.7,2839.0198026375674,-145.14725550474822,100.00000000244034,11.140286191319127,10.04460171313449,-1.077251314963416e-09
294.8,2840.1449252854436,-144.13279243959363,100.0000000023282,11.14028619131913,10.04460171313449,-1.141471851854624e-09
294.90000000000003,2841.2698257027278,-143.11852974790781,100.00000000221007,11.140286191319131,10.04460171313449,-1.1966085074069687e-09
295.0,2842.394503933314,-142.10446739011363,100.00000000208684,11.140286191319131,10.044601713134488,-1.2429128795237442e-09
295.1,2843.518960021088,-141.0906053266418,100.00000000195939,11.140286191319133,10.044601713134488,-1.2806582894551672e-09
295.2,2844.6431940099264,-140.0769435179308,100.0000000018286,11.140286191319131,10.044601713134487,-1.3101391693378721e-09
295.3,2845.7672059436977,-139.06348192442698,100.00000000169526,11.140286191319133,10.044601713134488,-1.3316684101236585e-09
295.40000000000003,2846.8909958662616,-138.05022050658448,100.00000000156015,11.140286191319133,10.044601713134487,-1.345574160459646e-09
295.5,2848.014563821469,-137.03715922486523,100.00000000142404,11.140286191319133,10.044601713134487,-1.3521980534319425e-09
295.6,2849.137909853162,-136.024298039739,100.00000000128765,11.140286191319133,10.044601713134488,-1.351893552841358e-09
295.7,2850.261034005174,-135.01163691168335,100.00000000115165,11.140286191319133,10.044601713134488,-1.3450247765200331e-09
295.8,2851.3839363213306,-133.99917580118367,100.00000000101669,11.140286191319131,10.044601713134488,-1.331963918055311e-09
295.90000000000003,2852.5066168454473,-132.98691466873314,100.00000000088336,11.14028619131913,10.044601713134488,-1.3130889517735682e-09
296.0,2853.6290756213325,-131.9748534748327,100.00000000075225,11.14028619131913,10.04460171313449,-1.288781815818286e-09
296.1,2854.7513126927847,-130.9629921799912,100.00000000062387,11.14028619131913,10.04460171313449,-1.2594284456018164e-09
296.2,2855.8733281035948,-129.95133074472517,100.0000000004987,11.14028619131913,10.04460171313449,-1.2254150902208576e-09
296.3,2856.995121897544,-128.939869129559,100.00000000037721,11.14028619131913,10.04460171313449,-1.187127294572727e-09
296.40000000000003,2858.116694118405,-127.9286072950249,100.0000000002598,11.140286191319127,10.044601713134492,-1.14495065934987e-09
296.5,2859.2380448099434,-126.91754520166282,100.00000000014684,11.140286191319127,10.04460171313449,-1.0992664854119432e-09
296.6,2860.359174015914,-125.90668281002053,100.00000000003865,11.140286191319127,10.044601713134492,-1.0504518364932951e-09
296.7,2861.480081780064,-124.8960200806536,99.99999999993554,11.140286191319127,10.044601713134492,-9.988782291002886e-10
296.8,2862.6007681461324,-123.88555697412538,99.99999999983775,11.140286191319127,10.044601713134494,-9.449106171225793e-10
296.90000000000003,2863.7212331578485,-122.875293451007,99.99999999974553,11.140286191319126,10.044601713134496,-8.889055455487919e-10
297.0,2864.8414768589337,-121.8652294718774,99.99999999965904,11.140286191319124,10.044601713134496,-8.312123593405583e-10
297.1,2865.9614992931,-120.85536499732329,99.99999999957843,11.140286191319122,10.044601713134496,-7.721704789905895e-10
297.2,2867.0813005040523,-119.84569998793917,99.99999999950384,11.140286191319122,10.044601713134497,-7.121081620166523e-10
297.3,2868.2008805354853,-118.83623440432733,99.99999999943533,11.14028619131912,10.0446017131345,-6.513435319997858e-10
297.40000000000003,2869.3202394310856,-117.82696820709783,99.99999999937296,11.140286191319118,10.044601713134501,-5.901820590408834e-10
297.5,2870.4393772345315,-116.81790135686853,99.99999999931676,11.140286191319118,10.044601713134503,-5.289171148891161e-10
297.6,2871.5582939894925,-115.80903381426504,99.9999999992667,11.140286191319117,10.044601713134504,-4.678296060063223e-10
297.7,2872.6769897396293,-114.80036553992075,99.99999999922278,11.140286191319117,10.044601713134504,-4.071862358480995e-10
297.8,2873.795464528594,-113.79189649447686,99.99999999918492,11.140286191319117,10.044601713134504,-3.472405467188954e-10
297.90000000000003,2874.91371840003,-112.7836266385823,99.99999999915305,11.140286191319115,10.044601713134506,-2.882322822181743e-10
298.0,2876.0317513975724,-111.77555593289382,99.99999999912704,11.140286191319113,10.044601713134508,-2.3038623733956887e-10
298.1,2877.1495635648475,-110.7676843380759,99.99999999910678,11.140286191319113,10.04460171313451,-1.7391276138316253e-10
298.2,2878.267154945473,-109.76001181480079,99.9999999990921,11.140286191319111,10.04460171313451,-1.1900708183215765e-10
298.3,2879.384525583058,-108.75253832374854,99.99999999908285,11.14028619131911,10.044601713134512,-6.584962933381974e-11
298.40000000000003,2880.5016755212023,-107.74526382560694,99.99999999907884,11.14028619131911,10.044601713134513,-1.4606819937036735e-11
298.5,2881.6186048034983,-106.73818828107156,99.99999999907986,11.140286191319106,10.044601713134515,3.457023073961786e-11
298.6,2882.7353134735295,-105.73131165084571,99.9999999990857,11.140286191319106,10.044601713134515,8.154570705096556e-11
298.7,2883.85180157487,-104.7246338956405,99.99999999909613,11.140286191319104,10.044601713134515,1.2619863197746354e-10
298.8,2884.968069151086,-103.71815497617476,99.99999999911091,11.140286191319104,10.044601713134517,1.6842182660219993e-10
298.90000000000003,2886.0841162457355,-102.7118748531751,99.9999999991298,11.140286191319104,10.044601713134519,2.0812306213947301e-10
299.0,2887.1999429023663,-101.7057934873759,99.99999999915252,11.140286191319102,10.044601713134519,2.452240758371577e-10
299.1,2888.3155491645193,-100.69991083951926,99.99999999917883,11.140286191319102,10.04460171313452,2.7966026678831024e-10
299.2,2889.4309350757258,-99.69422687035507,99.99999999920844,11.1402861913191,10.04460171313452,3.1138069542671524e-10
299.3,2890.546100679509,-98.68874154064095,99.99999999924108,11.1402861913191,10.044601713134522,3.4034759423836617e-10
299.40000000000003,2891.661046019383,-97.68345481114227,99.99999999927648,11.140286191319099,10.044601713134524,3.665364344272867e-10
299.5,2892.7757711388535,-96.67836664263217,99.99999999931435,11.140286191319099,10.044601713134526,3.899342600526827e-10
299.6,2893.8902760814185,-95.67347699589152,99.99999999935442,11.140286191319097,10.044601713134524,4.1054098585300163e-10
299.7,2895.004560890566,-94.66878583170893,99.9999999993964,11.140286191319099,10.044601713134524,4.283680485344669e-10
299.8,2896.1186256097762,-93.66429311088078,99.99999999944,11.140265548403141,10.044583100518526,4.43436668524066e-10
299.90000000000003,2897.2324682565904,-92.6600006208845,99.99999999948498,11.135872222135006,10.040621872610966,4.5560154868887353e-10
300.0,2898.345659732398,-91.6562952570441,99.99999999953103,11.127268876402752,10.032864694761422,4.6490483681961914e-10
300.1,2899.4577869874497,-90.65354944428206,99.99999999957787,11.114613840923884,10.021454324429115,4.714030740232894e-10
300.2,2900.5684525923243,-89.65212152350433,99.99999999962522,11.098061208609973,10.0065296989714,4.751647749240054e-10
300.3,2901.677274319036,-88.65235612929342,99.99999999967281,11.077760931011008,9.988226021700834,4.762708680442861e-10
300.40000000000003,2902.7838847315916,-87.65458455908102,99.99999999972039,11.053858911872673,9.966674846240783,4.748133673331701e-10
300.5,2903.8879307858115,-86.6591251339689,99.9999999997677,11.026497098839272,9.94200415920907,4.708938225854967e-10
300.6,2904.9890734382275,-85.66628355136393,99.99999999981449,10.995813573334575,9.91433846125872,4.646238541610757e-10
300.7,2906.0869872638805,-84.67635322958982,99.99999999986055,10.961942638652332,9.883798846504497,4.5612302027287384e-10
300.8,2907.181360082839,-83.68961564463585,99.99999999990565,10.9250149062878,9.850503080363412,4.4551878533301893e-10
300.90000000000003,2908.271892595263,-82.70634065919967,99.9999999999496,10.88515738054109,9.814565675837068,4.3294420631018117e-10
301.0,2909.3582980248448,-81.72678684417859,99.99999999999218,10.842493541422774,9.776097968263215,4.1853886855903774e-10
301.1,2910.440301770454,-80.7512017927612,100.00000000003325,10.797143425891651,9.735208188563506,4.0244638103402027e-10
301.2,2911.5176410658273,-79.7798224272682,100.00000000007263,10.749223707454187,9.692001535014073,3.848139726744708e-10
301.3,2912.590064647136,-78.81287529888904,100.00000000011018,10.698847774154677,9.646580243565092,3.6579161540394206e-10
301.40000000000003,2913.657332428272,-77.85057688045798,100.00000000014575,10.646125804984745,9.599043656735146,3.455315393035069e-10
301.5,2914.7192151837007,-76.89313385241098,100.00000000017924,10.591164844740343,9.549488291105796,3.2418689920908577e-10
301.6,2915.775494238718,-75.9407433820621,100.00000000021055,10.534068877354024,9.498007903441376,3.0191035254076166e-10
301.7,2916.8259611669687,-74.9935933963355,100.0000000002396,10.474938897729812,9.444693555458668,2.788548403786206e-10
301.8,2917.8704174950753,-74.05186284808714,100.0000000002663,10.413872982107584,9.389633677270702,2.551703037259089e-10
301.90000000000003,2918.9086744142287,-73.11572197614727,100.00000000029061,10.350966356983449,9.332914129528586,2.3100581187273066e-10
302.0,2919.9405524986,-72.1853325592129,100.0000000003125,10.28631146661223,9.2746182642849,2.0650682336168447e-10
302.1,2920.965881430435,-71.26084816371689,100.00000000033191,10.219998039117726,9.214826984601787,1.818152004882322e-10
302.2,2921.9844997316873,-70.34241438579802,100.00000000034885,10.152113151236055,9.153618802926571,1.5706946485412375e-10
302.3,2922.996254502063,-69.43016908749425,100.00000000036331,10.082741291716944,9.091069898257322,1.324026607061414e-10
302.40000000000003,2924.001001163336,-68.5242426272789,100.00000000037532,10.011964423407507,9.027254172120482,1.0794242872557126e-10
302.5,2924.9986032098072,-67.6247580850576,100.0000000003849,9.939862044042602,8.962243303382287,8.381108633611065e-11
302.6,2925.988931964782,-66.73183148174164,100.00000000039209,9.866511245765519,8.896106801915396,6.012431274972637e-11
302.7,2926.9718663429317,-65.84557199351075,100.00000000039694,9.791986773402359,8.828912061141793,3.6990886227194216e-11
302.8,2927.9472926184285,-64.96608216087718,100.00000000039951,9.716361081513103,8.76072440947269,1.4513326740718545e-11
302.90000000000003,2928.9151041987184,-64.09345809265992,100.00000000039987,9.639704390241997,8.691607160665836,-7.2140197960313884e-12
303.0,2929.875201403824,-63.227789664976555,100.00000000039809,9.562084739989512,8.62162166312031,-2.8103415730482422e-11
303.1,2930.8274912510556,-62.36916071535793,100.00000000039427,9.483568044927791,8.550827348128548,-4.807474850894644e-11
303.2,2931.771887245016,-61.51764923208889,100.0000000003885,9.404218145381162,8.479281777105047,-6.70562542970905e-11
303.3,2932.7083091727886,-60.67332753887663,100.00000000038088,9.324096859092878,8.407040687810865,-8.498358071271528e-11
303.40000000000003,2933.636682904198,-59.836262474945855,100.00000000037153,9.243264031399008,8.33415803959272,-1.018003951181612e-10
303.5,2934.5569401970315,-59.00651557065872,100.00000000036056,9.161777584329954,8.26068605765523,-1.1745896563638085e-10
303.6,2935.469018507121,-58.18414321875496,100.00000000034808,9.079693564659818,8.186675276384449,-1.3191909159727772e-10
303.7,2936.3728608031756,-57.369196841306454,100.00000000033421,8.997066190923476,8.11217458174066,-1.4514807734647513e-10
303.8,2937.268415386268,-56.561723052478285,100.00000000031909,8.913947899420881,8.037231252738003,-1.5712083491576108e-10
303.90000000000003,2938.1556357138675,-55.76176381718676,100.00000000030283,8.830389389227829,7.961891002028274,-1.6782085946014897e-10
304.0,2939.03448022833,-54.969356605743144,100.00000000028557,8.74643966623207,7.8861980156059435,-1.7723827421558232e-10
304.1,2939.904912189738,-54.184534544570134,100.00000000026742,8.662146086213358,7.810194991651139,-1.853697192407306e-10
304.2,2940.766899513008,-53.40732656307643,100.00000000024853,8.577554396985724,7.733923178527077,-1.9221974110803597e-10
304.3,2941.62041460916,-52.6377575367732,100.00000000022902,8.492708779619907,7.657422411948141,-1.9779962552921135e-10
304.40000000000003,2942.4654342306676,-51.875848426714484,100.00000000020901,8.407651888763674,7.580731151334552,-2.0212601245007427e-10
304.5,2943.301939320795,-51.12161641534222,100.00000000018863,8.322424892077343,7.503886515369283,-2.0522233794212872e-10
304.6,2944.129914866834,-50.37507503881474,100.00000000016801,8.237067508801637,7.42692431677263,-2.0711757509430092e-10
304.7,2944.9493497571543,-49.63623431589639,100.00000000014725,8.151618047474631,7.349879096309578,-2.0784603510588398e-10
304.8,2945.7602366419837,-48.905100873484045,100.00000000012648,8.066113442814336,7.272784156044851,-2.0744641275404124e-10
304.90000000000003,2946.5625717978382,-48.18167806884523,100.0000000001058,7.980589291783116,7.195671591860281,-2.0596237813789297e-10
305.0,2947.356354995514,-47.4659661086407,100.00000000008532,7.895079888849918,7.11857232524887,-2.0344202434592505e-10
305.1,2948.1415893715684,-46.75796216480324,100.00000000006514,7.809618260465984,7.0415161343997115,-1.9993681390951114e-10
305.2,2948.9182813032126,-46.057660487342844,100.00000000004536,7.724236198769469,6.964531684587633,-1.955014643809341e-10
305.3,2949.68644028653,-45.3650525141471,100.00000000002606,7.63896429453409,6.88764655788125,-1.9019332155598582e-10
305.40000000000003,2950.446078817959,-44.680126977844324,100.00000000000735,7.553831969376738,6.810887282182837,-1.8407264181839214e-10
305.5,2951.1972122789566,-44.00287000979552,99.99999999998927,7.468867507238633,6.734279359613218,-1.7720223383316726e-10
305.6,2951.9398588237746,-43.33326524128012,99.99999999997192,7.3840980851544415,6.657847294254628,-1.696457305405979e-10
305.7,2952.6740392702795,-42.67129390193892,99.99999999995536,7.299549803323462,6.581614619264301,-1.614683117226762e-10
305.8,2953.3997769937423,-42.0169349155367,99.99999999993965,7.215247714496762,6.505603923371287,-1.5273690313754624e-10
305.90000000000003,2954.117097823537,-41.370164993105426,99.99999999992482,7.131215852693922,6.429836876768801,-1.4351746894564208e-10
306.0,2954.826029942674,-40.730958723527934,99.99999999991095,7.047477261262768,6.354334256414192,-1.3387680907073415e-10
306.1,2955.52660379011,-40.099288661620754,99.99999999989807,6.964054020295268,6.279115970748394,-1.2388177562136532e-10
306.2,2956.2188519657675,-39.475125413773554,99.99999999988619,6.880967273412532,6.204201083846526,-1.1359838953860735e-10
306.3,2956.9028091381992,-38.85843772120144,99.99999999987534,6.798237253931603,6.129607839011099,-1.030916250745332e-10
306.40000000000003,2957.5785119548427,-38.24919254086537,99.99999999986557,6.715883310426542,6.055353681819077,-9.242493672544472e-11
306.5,2958.2459989547983,-37.64735512411469,99.99999999985685,6.633923931696045,5.981455282633849,-8.166145665427279e-11
306.6,2958.9053104840755,-37.052889093104774,99.99999999984922,6.552376771149651,5.9079285585929675,-7.086110762652165e-11
306.7,2959.5564886132506,-36.46575651504168,99.99999999984267,6.47125867062435,5.834788695082319,-6.008261588667526e-11
306.8,2960.1995770574763,-35.88591797430462,99.9999999998372,6.390585683643224,5.762050166707194,-4.938241832793791e-11
306.90000000000003,2960.83462109879,-35.313332642496,99.9999999998328,6.310373098127509,5.689726757770542,-3.8814244664768805e-11
307.0,2961.4616675106686,-34.74795834646795,99.99999999982944,6.230635458573281,5.617831582268514,-2.8429468073078055e-11
307.1,2962.08076448477,-34.18975163437292,99.99999999982711,6.1513865877037865,5.546377103413205,-1.8276822529483662e-11
307.20000000000005,2962.6919615598194,-33.63866783978531,99.99999999982577,6.072639607608184,5.475375152692331,-8.40110719435217e-12
307.3,2963.2953095525813,-33.094661143939874,99.99999999982542,5.994406960377324,5.404836948475417,1.1557782773168642e-12
307.40000000000003,2963.8908604908706,-32.55768463613172,99.999999999826,5.916700428246972,5.334773114175856,1.0354485163060643e-11
307.5,2964.478667548554,-32.02769037232202,99.99999999982748,5.839531153258686,5.265193695978081,1.9159874698835944e-11
307.6,2965.0587849824938,-31.50462943199234,99.99999999982983,5.762909656448401,5.19610818013889,2.7539607863159456e-11
307.70000000000005,2965.6312680713886,-30.988451973289695,99.99999999983298,5.686845856572557,5.127525509871786,3.546466734268423e-11
307.8,2966.1961730564617,-30.479107286503766,99.9999999998369,5.6113490883814405,5.059454101823083,4.2910121412587733e-11
307.90000000000003,2966.7535570839555,-29.97654384591646,99.99999999984155,5.536428120449234,4.991901862148311,4.985421550218405e-11
308.0,2967.3034781493875,-29.480709360063525,99.99999999984686,5.462091172570099,4.924876202197332,5.627862935866821e-11
308.1,2967.845995043525,-28.991550820446854,99.99999999985279,5.3883459327294165,4.8583840538164,6.216797663254049e-11
308.20000000000005,2968.3811673000346,-28.5090145487354,99.99999999985928,5.315199573659169,4.792431884275272,6.751120786493677e-11
308.3,2968.909055144768,-28.03304624249179,99.99999999986628,5.242658768986273,4.727025710827295,7.229993501009263e-11
308.40000000000003,2969.429719446642,-27.56359101946096,99.99999999987372,5.1707297089825035,4.6621711149102705,7.652972161671715e-11
308.5,2969.943221670075,-27.10059346045636,99.99999999988157,5.099418115924482,4.597873255995738,8.019843076580721e-11
308.6,2970.4496238289385,-26.643997650878465,99.99999999988975,5.028729259072062,4.534136885094189,8.330701218600795e-11
308.70000000000005,2970.948988441989,-26.193747220899695,99.99999999989822,4.9586679692732725,4.470966357923558,8.585952125167856e-11
308.8,2971.441378489743,-25.749785384348996,99.99999999990692,4.889238653203822,4.408365647748232,8.786287678010286e-11
308.90000000000003,2971.9268573727545,-25.312054976328707,99.99999999991579,4.820445307249041,4.346338357895651,8.93267556408069e-11
309.0,2972.4054888712676,-24.880498489595595,99.99999999992477,4.752291531035952,4.28488773395746,9.026336334614954e-11
309.1,2972.8773371062025,-24.45505810973728,99.99999999993382,4.684780540623057,4.224016675682027,9.068709469016603e-11
309.20000000000005,2973.3424665014427,-24.03567574917452,99.99999999994289,4.617915181355235,4.16372774856503,9.061507836236864e-11
309.3,2973.800941747395,-23.6222930800193,99.99999999995192,4.551697940391049,4.104023195144652,9.006569324979156e-11
309.40000000000003,2974.2528277657816,-23.214851565817895,99.99999999996089,4.4861309589095955,4.0449049460078506,8.905928030818582e-11
309.5,2974.698189675641,-22.813292492207463,99.99999999996973,4.421216044003893,3.986374630513991,8.761793756315499e-11
309.6,2975.137092760501,-22.417556996514172,99.9999999999784,4.356954680267694,3.928433587242053,8.576546512074601e-11
309.70000000000005,2975.5696024366953,-22.027586096320178,99.99999999998687,4.293348041082426,3.8710828741674703,8.352679084237683e-11
309.8,2975.9957842227936,-21.643320717026167,99.9999999999951,4.230396999610907,3.81432327857457,8.092781044353652e-11
309.90000000000003,2976.415703710119,-21.26470171843565,100.00000000000304,4.16810213950427,3.758155326710442,7.799572597041752e-11
310.0,2976.8294265343197,-20.891669920386537,100.00000000001069,4.106463765328488,3.7025792931859756,7.475887000181787e-11
310.1,2977.23701834797,-20.52416612745505,100.00000000001799,4.0454819127166965,3.6475952101296665,7.124465541933573e-11
310.20000000000005,2977.6385447941743,-20.162131152756356,100.00000000002493,3.9851563582534313,3.5932028760997117,6.748225256955386e-11
310.3,2978.034071481144,-19.805505840865848,100.00000000003148,3.925486629096776,3.539401864759782,6.350100881369324e-11
310.40000000000003,2978.423663957728,-19.454231089884484,100.00000000003762,3.8664720123442753,3.4861915333237654,5.933007225994531e-11
310.5,2978.8073876898607,-19.108247872670937,100.00000000004333,3.8081115641483705,3.433571030774675,5.499839465895825e-11
310.6,2979.185308037917,-18.767497257262963,100.0000000000486,3.7504041185870074,3.3815393058627974,5.053486644034105e-11
310.70000000000005,2979.557490234935,-18.431920426509784,100.00000000005343,3.693348296294933,3.3300951148880746,4.596819098199959e-11
310.8,2979.923999365696,-18.1014586969368,100.0000000000578,3.6369425128611104,3.279237029271604,4.1325768924334146e-11
310.90000000000003,2980.284900346629,-17.776053536863504,100.00000000006169,3.5811849869975507,3.228963442921041,3.663574505589149e-11
311.0,2980.6402579065216,-17.45564658379498,100.00000000006511,3.5260737484847873,3.1792725793946053,3.192422410316332e-11
311.1,2980.9901365680166,-17.140179661106856,100.00000000006807,3.4716066458990746,3.1301624988682857,2.721735416974037e-11
311.20000000000005,2981.3346006298675,-16.8295947940432,100.00000000007056,3.417781354126322,3.0816311049107545,2.2539316786309512e-11
311.3,2981.673714149938,-16.523834225046343,100.00000000007257,3.3645953816676633,3.033676151070407,1.7914407644996894e-11
311.40000000000003,2982.0075409289184,-16.22284042843724,100.00000000007414,3.3120460777414538,2.9862952472788575,1.3364896146413819e-11
311.5,2982.336144494746,-15.92655612446444,100.00000000007525,3.260130639186413,2.9394858660751293,8.912108863157867e-12
311.6,2982.6595880877026,-15.634924292739464,100.00000000007591,3.208846117170507,2.893245348654701,4.576208534003405e-12
311.70000000000005,2982.9779346461764,-15.347888185075847,100.00000000007616,3.1581894237100983,2.847570910747474,3.758625306339803e-13
311.8,2983.2912467930637,-15.065391337748778,100.00000000007599,3.108157338003782,2.802459648328655,-3.67145092542456e-12
311.90000000000003,2983.599586822797,-14.787377583191839,100.00000000007542,3.0587465125852438,2.757908543166458,-7.550280070653613e-12
312.0,2983.903016688979,-14.513791061146975,100.00000000007448,3.00995347929938,2.7139144682104566,-1.1245988143978483e-11
312.1,2984.2015979926045,-14.244576229283437,100.00000000007317,2.961774655105851,2.670474192824334,-1.474623933581086e-11
312.20000000000005,2984.495391970856,-13.979677873301084,100.00000000007154,2.914206347714123,2.6275843878667042,-1.8039274964738613e-11
312.3,2984.7844594864528,-13.719041116533036,100.00000000006958,2.8672447610540073,2.5852416306236026,-2.11160286619612e-11
312.40000000000003,2985.06886101754,-13.462611429062367,100.00000000006732,2.820886000585591,2.5434424095961674,-2.3967393560976928e-11
312.5,2985.3486566481,-13.210334636367103,100.00000000006479,2.77512607845239,2.502183129146963,-2.6586857418063535e-11
312.6,2985.623906058874,-12.962156927507532,100.000000000062,2.7299609184814715,2.4614601140083234,-2.896890094049301e-11
312.70000000000005,2985.8946685187725,-12.718024862869436,100.00000000005899,2.685386361034215,2.421269613656025,-3.11095864319787e-11
312.8,2986.1610028767645,-12.477885381476549,100.00000000005578,2.641398167711304,2.3816078065515294,-3.300637638795513e-11
312.90000000000003,2986.4229675542324,-12.241685807885235,100.0000000000524,2.5979920259154743,2.3424708042559628,-3.465833775609213e-11
313.0,2986.680620537774,-12.00937385867405,100.00000000004886,2.5551635532754466,2.303854655418947,-3.6065822471804864e-11
313.1,2986.93401937244,-11.78089764854055,100.00000000004519,2.512908301934432,2.2657553496453127,-3.7230552589290285e-11
313.20000000000005,2987.183221155396,-11.55620569601742,100.00000000004142,2.4712217627065023,2.228168821242678,-3.815519113476455e-11
313.3,2987.4282825299892,-11.335246928819652,100.00000000003757,2.4300993691040595,2.1910909528528033,-3.884393257341232e-11
313.40000000000003,2987.6692596802177,-11.117970688834317,100.00000000003367,2.389536501239571,2.1545175789695747,-3.9301446975064515e-11
313.5,2987.9062083255776,-10.904326736764062,100.00000000002971,2.349528489604653,2.118444489346408,-3.953424105488287e-11
313.6,2988.139183716287,-10.694265256435296,100.00000000002576,2.3100706187295583,2.0828674322958056,-3.954870514443567e-11
313.70000000000005,2988.368240628866,-10.487736858781693,100.00000000002181,2.271158130726002,2.0477821178837394,-3.935325399285148e-11
313.8,2988.593433362069,-10.284692585513413,100.00000000001789,2.232786228716255,2.01318422102148,-3.8956371536436456e-11
313.90000000000003,2988.814815733152,-10.085083912482158,100.00000000001403,2.19495008015133,1.9790693844574259,-3.836748471780512e-11
314.0,2989.0324410744665,-9.888862752751935,100.00000000001023,2.157644820021042,1.9454332216714472,-3.759705205936978e-11
314.1,2989.2463622303694,-9.695981459385166,100.00000000000652,2.120865553958668,1.9122713196741898,-3.665615132659761e-11
314.20000000000005,2989.456631554439,-9.506392827953517,100.00000000000291,2.0846073612428606,1.8795792417137407,-3.555595464803894e-11
314.3,2989.6633009069847,-9.320050098782588,99.99999999999942,2.0488652976994244,1.8473525298920017,-3.430797622131665e-11
314.40000000000003,2989.8664216528437,-9.136906958939386,99.99999999999605,2.0136343985054874,1.815586707693069,-3.292405954321881e-11
314.5,2990.0660446594516,-8.956917543971281,99.99999999999284,1.978909680898582,1.7842772824258604,-3.141649336719999e-11
314.6,2990.2622202951793,-8.780036439404867,99.99999999998978,1.9446861467930507,1.7534197475831932,-2.9798113619129967e-11
314.70000000000005,2990.4549984279297,-8.606218682013031,99.99999999998688,1.9109587853061778,1.7230095851194567,-2.8081785879531543e-11
314.8,2990.6444284239788,-8.435419760858219,99.99999999998417,1.8777225751963582,1.6930422676489847,-2.627965591076693e-11
314.90000000000003,2990.830559147059,-8.267595618119751,99.99999999998164,1.8449724872156033,1.6635132605671816,-2.4405175088004226e-11
315.0,2991.013438957673,-8.102702649712802,99.9999999999793,1.8127034863786022,1.6344180240964132,-2.2470295523982525e-11
315.1,2991.1931157126287,-7.940697705706469,99.99999999997715,1.7809105341505183,1.6057520152586284,-2.0487661501413625e-11
315.20000000000005,2991.369636764792,-7.7815380905481675,99.9999999999752,1.7495885905556585,1.5775106897766342,-1.846957511260026e-11
315.3,2991.543048963044,-7.625181563101378,99.99999999997345,1.718732616209102,1.5496895039059024,-1.6428136663403674e-11
315.40000000000003,2991.713398652438,-7.471586336503622,99.99999999997192,1.6883375742733115,1.522283916198747,-1.4374627000139186e-11
315.5,2991.8807316745506,-7.320711077851309,99.99999999997058,1.6583984323417402,1.4952893892026677,-1.2320660150682541e-11
315.6,2992.0450933680145,-7.172514907717988,99.99999999996946,1.6289101642513653,1.468701391094618,-1.0277048492865748e-11
315.70000000000005,2992.2065285692315,-7.02695739951229,99.99999999996854,1.5998677518260622,1.442515397252911,-8.254585343893224e-12
315.8,2992.3650816132554,-6.88399857868173,99.99999999996781,1.5712661865526771,1.4167268917684444,-6.262908884581977e-12
315.90000000000003,2992.520796334839,-6.743598921768357,99.99999999996729,1.5431004711916148,1.3913313688968836,-4.311430454590291e-12
316.0,2992.6737160696393,-6.6057193553220666,99.99999999996695,1.5153656213237263,1.3663243344534057,-2.409087106053642e-12
316.1,2992.8238836555747,-6.470321254677247,99.9999999999668,1.4880566668352249,1.3417013071515713,-5.639895772559611e-13
316.20000000000005,2992.9713414343273,-6.337366442598268,99.99999999996683,1.4611686533423396,1.3174578198878537,1.2161825195730817e-12
316.3,2993.1161312529844,-6.206817187799172,99.99999999996705,1.4346966435573478,1.2935894209733239,2.9246527950191025e-12
316.40000000000003,2993.2582944658134,-6.078636203342776,99.99999999996741,1.4086357185976286,1.2700916753139502,4.554524785864813e-12
316.5,2993.3978719361676,-5.952786644924253,99.99999999996795,1.3829809792393069,1.2469601655409412,6.100406413516596e-12
316.6,2993.53490403851,-5.829232109044123,99.99999999996864,1.3577275471170325,1.224190493092529,7.556852970506535e-12
316.70000000000005,2993.6694306605577,-5.707936631075432,99.99999999996946,1.3328705658714244,1.20177827924855,8.919501216832552e-12
316.8,2993.801491205539,-5.588864683229777,99.99999999997041,1.3084052022456336,1.179719166119163,1.0184901771527206e-11
316.90000000000003,2993.9311245945555,-5.4719811724267045,99.9999999999715,1.284326647132481,1.158008817588994,1.1349855220010703e-11
317.0,2994.0583692690466,-5.357251438070862,99.99999999997269,1.2606301165735696,1.1366429202179869,1.241165898078782e-11
317.1,2994.1832631933535,-5.244641249741184,99.99999999997398,1.2373108527117578,1.1156171841001943,1.3368463028353394e-11
317.20000000000005,2994.3058438573744,-5.134116804796246,99.99999999997536,1.2143641246983266,1.094927343681721,1.4218987695007938e-11
317.3,2994.42614827931,-5.025644725899824,99.99999999997682,1.1917852295561537,1.0745691585390038,1.4963127598622494e-11
317.40000000000003,2994.5442130084907,-4.919192058470548,99.99999999997836,1.169569493000175,1.054538414118578,1.560015613574687e-11
317.5,2994.660074128286,-4.814726268059477,99.99999999997995,1.1477122702163878,1.0348309224394634,1.6130879709419995e-11
317.6,2994.773767259088,-4.7122152376592386,99.99999999998158,1.1262089466006127,1.015442522759264,1.65563261300112e-11
317.70000000000005,2994.8853275613683,-4.611627264948343,99.99999999998326,1.1050549384582,0.9963690822050608,1.6878612745243986e-11
317.8,2994.9947897388024,-4.512931059474114,99.99999999998496,1.0842456936658569,0.9776064963701404,1.7099404781948854e-11
317.90000000000003,2995.1021880414582,-4.41609573977762,99.99999999998668,1.0637766922967153,0.959150689877588,1.722131035236982e-11
318.0,2995.2075562690457,-4.321090830463856,99.9999999999884,1.043643447209754,0.9409976169117387,1.724709275305409e-11
318.1,2995.310927774223,-4.22788625922035,99.99999999999012,1.0238415046046594,0.9231432617184641,1.7180791941546187e-11
318.20000000000005,2995.412335465957,-4.136452353787257,99.99999999999183,1.0043664445431715,0.9055836390752442,1.7026427080095747e-11
318.3,2995.511811812934,-4.0467598388819175,99.99999999999352,0.985213881437951,0.8883147947319512,1.6787490504748007e-11
318.40000000000003,2995.6093888470195,-3.9587798330807678,99.99999999999518,0.9663794645099685,0.8713328058232513,1.646847808852288e-11
318.5,2995.7050981667585,-3.872483845661388,99.99999999999682,0.9478588782153876,0.8546337812535071,1.6074222317903426e-11
318.6,2995.7989709409203,-3.787843773407402,99.99999999999841,0.9296478426429132,0.8382138620550404,1.5608747920761548e-11
318.70000000000005,2995.8910379120803,-3.7048318973788463,99.99999999999994,0.9117421138825188,0.8220692217205973,1.5077437755945267e-11
318.8,2995.981329400237,-3.623420879650548,100.00000000000142,0.8941374843664712,0.8061960665108321,1.4485855548207446e-11
318.90000000000003,2996.0698753064626,-3.5435837600209705,100.00000000000284,0.8768297831835418,0.7905906357376112,1.3839232348482756e-11
319.0,2996.156705116583,-3.4652939526939073,100.00000000000419,0.8598148763672534,0.7752492020239145,1.314273457352593e-11
319.1,2996.241847904886,-3.3885252429353194,100.00000000000547,0.8430886671590219,0.7601680715410922,1.2402465853630567e-11
319.20000000000005,2996.325332337854,-3.3132517837075532,100.00000000000668,0.8266470962470005,0.7453435842242214,1.162355199390669e-11
319.3,2996.437996942981,-3.2386382445852315,100.00000000000784,1.4266450257855827,0.7469197771683973,1.1610554348139279e-11
319.40000000000003,2996.610661346858,-3.163869313523389,100.00000000000901,2.0266430707222587,0.7484514123978881,1.15964257018602e-11
319.5,2996.8433255608675,-3.088949449657104,100.00000000001017,2.6266412279191074,0.7499384208517265,1.1581162678660767e-11
319.6,2997.1359895960795,-3.0138831195655627,100.00000000001133,3.226639494248699,0.7513807226945015,1.1564763786182656e-11
319.70000000000005,2997.488653420297,-2.9386583931774712,100.00000000001248,3.826637059952228,0.7530893318078914,1.1550776072893662e-11
319.8,2997.901317019603,-2.863269463636078,100.00000000001363,4.42663497513912,0.7546707034234205,1.1534324890402708e-11
319.90000000000003,2998.3739804238367,-2.7877275898021265,100.00000000001478,5.026633147210538,0.7561515180670375,1.1515782317628259e-11
320.0,2998.906643655821,-2.7120419876231905,100.00000000001593,5.626631523322134,0.7575472746278188,1.149537337713537e-11
320.1,2999.4993067341748,-2.6362206421973653,100.00000000001708,6.226630070070814,0.7588676801161615,1.1473230847991614e-11
320.20000000000005,3000.1519696747523,-2.560270746282707,100.00000000001823,6.826628764584349,0.760119164887276,1.1449439465769081e-11
320.3,3000.864632491455,-2.484198956755591,100.00000000001937,7.4266275901551895,0.7613061719372493,1.1424059709142886e-11
320.40000000000003,3001.637295196719,-2.4080115543788456,100.0000000000205,8.026626533907654,0.7624318697458001,1.1397144089702067e-11
320.5,3002.4699578018276,-2.331714548542699,100.00000000002164,8.626625585462781,0.7634985712395793,1.1368720513111714e-11
320.6,3003.362620317114,-2.255313748885847,100.00000000002278,9.22662473613024,0.7645079926530082,1.1338810838493541e-11
320.70000000000005,3004.3152827521058,-2.178814816043448,100.00000000002392,9.826623978395999,0.7654614202377729,1.130742200785604e-11
320.8,3005.327945115623,-2.1022232987261047,100.00000000002504,10.426623305584464,0.7663598214293844,1.127456279400126e-11
320.90000000000003,3006.4006074158506,-2.025544661553311,100.00000000002616,11.026622711627947,0.7672039211990684,1.1240247257448484e-11
321.0,3007.5332696603896,-1.9487843064588086,100.00000000002728,11.626622190904556,0.7679942558366823,1.1204483959457968e-11
321.1,3008.725931856296,-1.8719475895199555,100.00000000002841,12.226621738121054,0.7687312116689122,1.1167278309186533e-11
321.20000000000005,3009.9785940101096,-1.795039834462656,100.00000000002952,12.826621348226075,0.7694150534603519,1.1128623151072136e-11
321.3,3011.2912561278745,-1.7180663437083974,100.00000000003062,13.426621016344281,0.7700459455862745,1.1088523086665559e-11
321.40000000000003,3012.6639182151534,-1.6410324075764682,100.00000000003173,14.026620737725258,0.7706239680370119,1.1046971662105824e-11
321.5,3014.0965802770393,-1.5639433120836153,100.00000000003284,14.626620507702969,0.771149128658243,1.1003959076915456e-11
321.6,3015.5892423181604,-1.486804345665852,100.00000000003394,14.980776731050339,0.759163048640207,1.0782528881569637e-11
321.70000000000005,3017.1173199832774,-1.4108661567559595,100.00000000003502,14.982206123068778,0.7304106282636185,1.032426814394084e-11
321.8,3018.6455405886336,-1.3378046809472866,100.00000000003604,14.983529858792945,0.702732502920069,9.882564378830987e-12
321.90000000000003,3020.1738935684702,-1.2675123978924543,100.00000000003702,14.984755687428153,0.6760894823095751,9.456846361057929e-12
322.0,3021.702369131969,-1.1998857196325594,100.00000000003796,14.985890802704741,0.6504435789593518,9.046562382893011e-12
322.1,3023.2309582077414,-1.1348249417071412,100.00000000003885,14.986941940190507,0.6257565671719102,8.651136848353186e-12
322.20000000000005,3024.759652397978,-1.0722342275304846,100.00000000003972,14.987915368878122,0.601990776795646,8.270020094854132e-12
322.3,3026.2884439317154,-1.0120214101775877,100.00000000004054,14.988816812232674,0.5791118798049152,7.902676721422972e-12
322.40000000000003,3027.8173256103455,-0.954097757020532,100.00000000004133,14.989651573098095,0.5570868129095926,7.548614777451358e-12
322.5,3029.3462907655494,-0.8983778432044395,100.00000000004208,14.99042456453162,0.5358837328068421,7.2073614052797974e-12
322.6,3030.875333220319,-0.8447794295999769,100.0000000000428,14.991140338388327,0.5154719728038755,6.8784454517072215e-12
322.70000000000005,3032.4044472528385,-0.7932233450952468,100.00000000004349,14.991803111818415,0.4958220007943607,6.561412719778149e-12
322.8,3033.9336275630108,-0.7436333730916456,100.00000000004414,14.992416791828223,0.4769053785680724,6.255841341170089e-12
322.90000000000003,3035.4628692414444,-0.6959361420703054,100.00000000004476,14.992984998045388,0.4586947224308386,5.961313138686111e-12
323.0,3036.9921677407146,-0.6500610200980416,100.00000000004536,14.99351108381846,0.4411636651097378,5.677426922824772e-12
323.1,3038.5215188487355,-0.6059400131442246,100.00000000004593,14.993998155771978,0.42428681891680775,5.40380076480361e-12
323.20000000000005,3040.050918664087,-0.5635076670826791,100.00000000004647,14.99444909192945,0.40803974014317806,5.140068461071479e-12
323.3,3041.580363573155,-0.5227009732555166,100.00000000004698,14.994866558508413,0.3923988946544944,4.8858731742413545e-12
323.40000000000003,3043.1098502289497,-0.4834592774787296,100.00000000004746,14.995253025484455,0.37734162465772747,4.6408714995441026e-12
323.5,3044.639375531482,-0.44572419237236105,100.00000000004792,14.99561078101395,0.36284611660891225,4.404734343753508e-12
323.6,3046.1689366095816,-0.4094395129011146,100.00000000004836,14.995941944798876,0.3488913702310217,4.17714296999824e-12
323.70000000000005,3047.6985308040503,-0.37455113501434967,100.00000000004877,14.996248480470957,0.3354571686110073,3.957769886406211e-12
323.8,3049.2281556520556,-0.34100697727750523,100.00000000004917,14.996532207066876,0.3225240493450226,3.7463309851785374e-12
323.90000000000003,3050.7578088726705,-0.30875690539009437,100.00000000004954,14.996794809661026,0.31007327670095364,3.5425340642653316e-12
324.0,3052.287488353477,-0.27775265948850186,100.0000000000499,14.997037849217483,0.29808681476760324,3.3461078531261907e-12
324.1,3053.817192138156,-0.247947784134883,100.00000000005022,14.99726277171833,0.2865473015601886,3.1567706949231573e-12
324.20000000000005,3055.346918414988,-0.21929756089649768,100.00000000005053,14.997470916621449,0.2754380240522102,2.974283785927344e-12
324.3,3056.8766655062013,-0.1917589434228084,100.00000000005083,14.997663524696817,0.26474289410420465,2.798394095681484e-12
324.40000000000003,3058.4064318581013,-0.1652904949306215,100.0000000000511,14.997841745286959,0.2544464252604169,2.628850419735231e-12
324.5,3059.93621603193,-0.1398523280104485,100.00000000005136,14.99800664303378,0.24453371038498364,2.4654435774477907e-12
324.6,3061.466016695395,-0.11540604667010529,100.0000000000516,14.99815920411089,0.23499040010982045,2.3079376806086305e-12
324.70000000000005,3062.995832614821,-0.09191469053435035,100.00000000005183,14.998300341997801,0.2258026820670321,2.156127031420902e-12
324.8,3064.5256626478836,-0.0693426811220808,100.00000000005204,14.99843090282953,0.2169572608793131,2.0098001522769967e-12
324.90000000000003,3066.0555057368706,-0.04765577012526014,100.00000000005224,14.998551670352871,0.20844133888247382,1.8687634518454183e-12
325.0,3067.585360902447,-0.026820989616338754,100.00000000005242,14.998663370518203,0.20024259755490256,1.7328284328265193e-12
325.1,3069.115227237873,-0.006806604113447967,100.0000000000526,14.99876667573357,0.19234917962945944,1.6018101871949528e-12
325.20000000000005,3070.6451039036506,0.01241793556489992,100.00000000005275,14.99886220880591,0.18474967186398503,1.4755267128814999e-12
325.3,3072.174990122563,0.030882036721491028,100.00000000005289,14.998950546592386,0.17743308844729436,1.3538180409144435e-12
325.40000000000003,3073.704885175079,0.04861400754204008,100.00000000005302,14.999032223383134,0.17038885501821047,1.2365103283262101e-12
325.5,3075.2347883950983,0.06564109825809755,100.00000000005313,14.99910773403518,0.1636067932758724,1.1234578182063997e-12
325.6,3076.764699166006,0.0819895407703825,100.00000000005325,14.999177536875825,0.1570771061602235,1.0144958510160462e-12
325.70000000000005,3078.29461691702,0.09768458678957985,100.00000000005335,14.999242056392408,0.15079036358224834,9.094725741708824e-13
325.8,3079.824541119808,0.11275054454959697,100.00000000005343,14.99930168572422,0.14473748868418126,8.08249181353035e-13
325.90000000000003,3081.3544712853522,0.12721081414629573,100.0000000000535,14.99935678897106,0.13890974461054734,7.106870409533401e-13
326.0,3082.884406961044,0.1410879215528021,100.00000000005357,14.999407703331958,0.13329872177152716,6.166632408583085e-13
326.1,3084.4143477279963,0.15440355136064354,100.00000000005363,14.999454741086522,0.1278963255807504,5.260420559565521e-13
326.20000000000005,3085.944293198549,0.16717857829417446,100.00000000005367,14.99949819143052,0.12269476465022469,4.3869849400719176e-13
326.3,3087.474243013963,0.17943309754401968,100.00000000005372,14.999538322176386,0.11768653942569159,3.545239455304431e-13
326.40000000000003,3089.00419684228,0.19118645396359532,100.00000000005375,14.999575381328615,0.11286443124627392,2.733984246088302e-13
326.5,3090.534154376343,0.20245727017115142,100.00000000005377,14.999609598543216,0.10822149181283451,1.9520885709349752e-13
326.6,3092.0641153319593,0.21326347359822265,100.00000000005379,14.999641186479796,0.10375103305000768,1.1984216299392624e-13
326.70000000000005,3093.5940794462035,0.22362232252386896,100.0000000000538,14.999670342054127,0.09944661734739059,4.721233044212447e-14
326.8,3095.124046475842,0.23355043113263618,100.0000000000538,14.999697247598544,0.09530204816589244,-2.2797020957505184e-14
326.90000000000003,3096.654016195874,0.24306379363276587,100.0000000000538,14.99972207193697,0.0913113609957348,-9.027421815788657e-14
327.0,3098.1839883981816,0.2521778074698328,100.00000000005379,14.999744971380787,0.08746881465307625,-1.5531609351369636e-13
327.1,3099.7139628902773,0.26090729566968507,100.00000000005377,14.999766090651455,0.08376888290270114,-2.1799293526112113e-13
327.20000000000005,3101.243939494147,0.2692665283433052,100.00000000005375,14.999785563735212,0.08020624639466167,-2.7840670730678456e-13
327.3,3102.7739180451745,0.2772692433850001,100.00000000005372,14.999803514674866,0.0767757849032,-3.366320477655828e-13
327.40000000000003,3104.3038983911483,0.2849286663941582,100.00000000005367,14.999820058303323,0.07347256985669849,-3.9275157444472535e-13
327.5,3105.83388039134,0.29225752984968895,100.00000000005363,14.999835300923099,0.07029185714781483,-4.468274606614893e-13
327.6,3107.363863915651,0.2992680915651723,100.00000000005359,14.999849340935851,0.06722908021335357,-4.98940265270331e-13
327.70000000000005,3108.8938488438243,0.3059721524517035,100.00000000005353,14.999862269425536,0.06427984337380638,-5.49171011948577e-13
327.8,3110.42383506471,0.3123810736144088,100.00000000005348,14.99987417069866,0.06143991542286252,-5.975789496047182e-13
327.90000000000003,3111.9538224755897,0.31850579280763947,100.00000000005342,14.999885122784734,0.05870522345754619,-6.442352228797193e-13
328.0,3113.483810981547,0.3243568402729157,100.00000000005335,14.999895197899908,0.056071846939981386,-6.892063588296609e-13
328.1,3115.0138004948876,0.3299443539827925,100.00000000005328,14.999904462876456,0.05353601198211611,-7.32537745036941e-13
328.20000000000005,3116.543790934601,0.335278094312951,100.0000000000532,14.999912979560635,0.051094085845057834,-7.742935720075713e-13
328.3,3118.0737822258607,0.3403674581639866,100.00000000005312,14.999920805181253,0.04874257164498079,-8.145395839698058e-13
328.40000000000003,3119.6037742995627,0.34522149255355694,100.00000000005303,14.999927992691084,0.046478103257863376,-8.533198891424776e-13
328.5,3121.1337670918992,0.34984890769878224,100.00000000005295,14.999934591083141,0.044297440415600964,-8.906917968684116e-13
328.6,3122.663760543961,0.3542580896080423,100.00000000005285,14.999940645683672,0.04219746398631641,-9.267071430552084e-13
328.70000000000005,3124.1937546013714,0.35845711220059706,100.00000000005275,14.999946198423528,0.040175171431957216,-9.614009065476665e-13
328.8,3125.723749213947,0.3624537489717669,100.00000000005265,14.999951288089575,0.038227672436525834,-9.948193128251745e-13
328.90000000000003,3127.2537443353835,0.3662554842207423,100.00000000005255,14.999955950557577,0.03635218469853723,-1.0270120259061312e-12
329.0,3128.7837399229634,0.36986952385745225,100.00000000005245,14.999960219007896,0.03454602988153699,-1.058034193363733e-12
329.1,3130.3137359372877,0.37330280580430425,100.00000000005234,14.999964124125318,0.032806629716743356,-1.087928516651119e-12
329.20000000000005,3131.8437323420253,0.37656201000801326,100.00000000005222,14.999967694284129,0.0311315022520984,-1.116720309102266e-12
329.3,3133.373729103683,0.37965356807616774,100.00000000005211,14.999970955719558,0.029518258242227258,-1.1444523594574726e-12
329.40000000000003,3134.9037261913913,0.3825836725526284,100.000000000052,14.999973932686583,0.027964597674010137,-1.1711667479938127e-12
329.5,3136.4337235767057,0.38535828584532666,100.00000000005187,14.999976647606992,0.026468306422670042,-1.1969002098724022e-12
329.6,3137.9637212334233,0.38798314881951995,100.00000000005174,14.999979121205657,0.025027253033470268,-1.2216757623693098e-12
329.70000000000005,3139.4937191374147,0.39046378906906937,100.00000000005161,14.999981372636677,0.023639385624299267,-1.245534892404234e-12
329.8,3141.023717266465,0.39280552887783415,100.00000000005149,14.999983419600282,0.022302728904598022,-1.2685070732131852e-12
329.90000000000003,3142.5537156001305,0.3950134928828213,100.00000000005136,14.99998527845106,0.021015381306255118,-1.2906332108579327e-12
330.0,3144.083714119601,0.3970926154502921,100.00000000005123,14.999986964298213,0.01977551222225925,-1.3119408060797688e-12
330.1,3145.6137128075793,0.3990476477756062,100.0000000000511,14.999988491098408,0.0185813593490568,-1.3324723338840177e-12
330.20000000000005,3147.143711648162,0.40088316471717655,100.00000000005096,14.999989871741768,0.017431226128714325,-1.3522552985743423e-12
330.3,3148.673710626736,0.402603571374522,100.00000000005082,14.999991118131502,0.01632347928713244,-1.371302421297325e-12
330.40000000000003,3150.2037097298776,0.40421310942002486,100.00000000005068,14.999992241257658,0.015256546464698456,-1.3896426924671641e-12
330.5,3151.7337089452626,0.4057158631936421,100.00000000005053,14.999993251265423,0.01422891393590114,-1.4073031580968535e-12
330.6,3153.263708261581,0.4071157655694704,100.00000000005039,14.999994157518355,0.013239124414561498,-1.424310819107281e-12
330.70000000000005,3154.7937076684593,0.40841660360272913,100.00000000005025,14.99999496865696,0.012285774941459443,-1.440691625208232e-12
330.8,3156.3237071563876,0.40962202396540587,100.00000000005011,14.99999569265292,0.011367514851257263,-1.4564701034710433e-12
330.90000000000003,3157.8537067166535,0.4107355381784963,100.00000000004995,14.999996336859297,0.010483043815737413,-1.471667120229726e-12
331.0,3159.38370634128,0.41176052764847376,100.0000000000498,14.999996908057046,0.00963110996048438,-1.4862881668222724e-12
331.1,3160.9137060229673,0.41270024851533604,100.00000000004964,14.999997412498038,0.008810508052248358,-1.5003556063048217e-12
331.20000000000005,3162.4437057550417,0.4135578363193004,100.00000000004948,14.99999785594494,0.008020077754332446,-1.5138917642233047e-12
331.3,3163.973705531406,0.4143363104929522,100.00000000004933,14.999998243708097,0.007258701947445134,-1.5269174671926007e-12
331.40000000000003,3165.5037053464926,0.415038578685397,100.00000000004917,14.999998580679705,0.006525305113556127,-1.5394446824836129e-12
331.5,3167.0337051952242,0.4156674409247182,100.00000000004901,14.999998871365422,0.005818851780386246,-1.5515003271319635e-12
331.6,3168.563705072974,0.4162255936248072,100.00000000004886,14.999999119913655,0.005138345024251358,-1.563103099597759e-12
331.70000000000005,3170.093704975529,0.416715633442404,100.0000000000487,14.999999330142643,0.004482825029066085,-1.574270969531671e-12
331.8,3171.623704899059,0.4171400609899658,100.00000000004854,14.999999505565555,0.0038513676993957293,-1.5850138728453522e-12
331.90000000000003,3173.1537048400846,0.4175012844097723,100.00000000004839,14.999999649413681,0.003243083325524275,-1.5953559958013236e-12
332.0,3174.68370479545,0.41780162281447003,100.00000000004823,14.999999764657941,0.002657115298582923,-1.6053132781327188e-12
332.1,3176.213704762296,0.41804330959906527,100.00000000004806,14.99999985402875,0.002092638873857196,-1.6148973049443515e-12
332.20000000000005,3177.7437047380363,0.41822849562918507,100.00000000004789,14.999999920034425,0.0015488599804615493,-1.6241042371417172e-12
332.3,3179.273704720336,0.41835925231024496,100.00000000004772,14.999999964978205,0.0010250140756385968,-1.6329488923158673e-12
332.40000000000003,3180.8037047070898,0.41843757454198843,100.00000000004755,14.999999990974008,0.0005203650420057128,-1.6414455082843242e-12
332.5,3182.3337046964043,0.4184653835626945,100.00000000004738,14.999999999961002,3.4204126134913996e-05,-1.6496077657884533e-12
332.6,3183.8637046865797,0.41844452968718854,100.00000000004721,14.999999993717095,-0.00043415108308729244,-1.6574488103046993e-12
332.70000000000005,3185.393704676094,0.4183767949426363,100.00000000004704,14.999999973871393,-0.0008853576378149184,-1.6649810463397028e-12
332.8,3186.923704663588,0.41826389560595173,100.00000000004687,14.99999994191576,-0.001320048177750898,-1.6722198221917515e-12
332.90000000000003,3188.453704647852,0.41810748464650416,100.0000000000467,14.999999899215462,-0.0017388318411932547,-1.6791723455409978e-12
333.0,3189.9837046278126,0.4179091540776737,100.00000000004653,14.99999984701905,-0.002142295141951285,-1.6858498665804687e-12
333.1,3191.5137046025206,0.4176704372206686,100.00000000004636,14.999999786467491,-0.0025310028134138433,-1.6922631952320984e-12
333.20000000000005,3193.043704571142,0.41739281088389135,100.00000000004619,14.99999971860259,-0.002905498621003544,-1.6984271446129106e-12
333.3,3194.573704532946,0.4170776974610164,100.00000000004601,14.999999644374801,-0.0032663061442042554,-1.7043471105968077e-12
333.40000000000003,3196.103704487298,0.4167264669508235,100.00000000004584,14.99999956465044,-0.003613929529304541,-1.7100326896914404e-12
333.5,3197.633704433648,0.41634043890171646,100.00000000004567,14.999999480218339,-0.003948854213956709,-1.7154931029268063e-12
333.6,3199.163704371527,0.4159208842837472,100.0000000000455,14.999999391796017,-0.004271547624609715,-1.7207372105737159e-12
333.70000000000005,3200.6937043005364,0.4154690272908589,100.00000000004533,14.999999300035375,-0.004582459847834363,-1.7257735262877633e-12
333.8,3202.2237042203437,0.4149860470759603,100.00000000004516,14.999999205527944,-0.004882024276520857,-1.7306102307012549e-12
333.90000000000003,3203.7537041306746,0.4144730794213454,100.00000000004499,14.999999108809757,-0.0051706582318919465,-1.7352547041173707e-12
334.0,3205.283704031309,0.41393121834687757,100.00000000004482,14.999999010365823,-0.005448763562239329,-1.7397149965151112e-12
334.1,3206.8137039220746,0.41336151765826734,100.00000000004464,14.99999891063429,-0.00571672721925689,-1.7439942327213315e-12
334.20000000000005,3208.343703802844,0.4127649924376856,100.00000000004445,14.999998810010263,-0.005974921812811425,-1.7480788393997892e-12
334.3,3209.8737036735283,0.4121426204788685,100.00000000004427,14.99999870884934,-0.0062237061449598756,-1.7519762342114128e-12
334.40000000000003,3211.403703534075,0.4114953436687915,100.00000000004408,14.999998607470864,-0.0064634257239917,-1.7556935405961253e-12
334.5,3212.933703384462,0.4108240693179102,100.0000000000439,14.999998506160964,-0.006694413259245669,-1.7592375992449036e-12
334.6,3214.463703224698,0.41012967144089235,100.00000000004371,14.99999840517529,-0.006916989137422161,-1.7626149791219027e-12
334.70000000000005,3215.993703054815,0.40941299198969144,100.00000000004353,14.999998304741618,-0.007131461881084996,-1.7658314864502902e-12
334.8,3217.5237028748693,0.4086748420407446,100.00000000004334,14.999998205062186,-0.007338128590020636,-1.7688936966794743e-12
334.90000000000003,3219.053702684937,0.40791600293800956,100.00000000004316,14.999998106315882,-0.007537275366097518,-1.771808235569636e-12
335.0,3220.5837024851116,0.40713722739349145,100.00000000004297,14.99999800866026,-0.007729177722244092,-1.7745863447672384e-12
335.1,3222.1137022755033,0.4063392405468487,100.00000000004279,14.999997912233379,-0.007914100976140884,-1.7772413415677517e-12
335.20000000000005,3223.6437020562353,0.40552274098560726,100.0000000000426,14.999997817155524,-0.008092300629199476,-1.7797779440612319e-12
335.3,3225.173701827443,0.40468840172745485,100.00000000004242,14.99999772353077,-0.008264022731379795,-1.7822006842810723e-12
335.40000000000003,3226.703701589272,0.4038368711660329,100.00000000004223,14.999997631448426,-0.008429504232376348,-1.7845139154675354e-12
335.5,3228.2337013418773,0.40296877398158926,100.00000000004205,14.999997540984374,-0.00858897331968407,-1.7867218190476185e-12
335.6,3229.7637010854214,0.40208471201780493,100.00000000004187,14.9999974522023,-0.008742649744035299,-1.7888284113423343e-12
335.70000000000005,3231.293700820073,0.40118526512605807,100.00000000004168,14.999997365154801,-0.008890745132680813,-1.7908375500120586e-12
335.8,3232.8237005460055,0.4002709919783415,100.0000000000415,14.999997279884452,-0.009033463290970238,-1.7927529402501917e-12
335.90000000000003,3234.3537002633975,0.3993424308500047,100.00000000004131,14.999997196424735,-0.009171000492669836,-1.7945781407349658e-12
336.0,3235.8836999724303,0.398400100373447,100.00000000004113,14.999997114800932,-0.009303545759439372,-1.7963165693488669e-12
336.1,3237.413699673288,0.3974445002638462,100.00000000004094,14.999997035030916,-0.009431281129873785,-1.7979715086747539e-12
336.20000000000005,3238.9436993661566,0.39647611201796773,100.00000000004076,14.999996957125894,-0.009554381918500244,-1.7995461112774256e-12
336.3,3240.473699051223,0.39549539958705826,100.00000000004057,14.999996881091102,-0.00967301696510638,-1.8010434047790284e-12
336.40000000000003,3242.003698728674,0.39450281002479176,100.00000000004039,14.999996806926394,-0.009787348874761436,-1.8024660186106617e-12
336.5,3243.5336983986977,0.3934987741111994,100.0000000000402,14.999996734626837,-0.009897534248878454,-1.8038153610474672e-12
336.6,3245.0636980614804,0.39248370695347906,100.00000000004002,14.999996664183227,-0.010003723907652523,-1.8050941584544566e-12
336.70000000000005,3246.5936977172087,0.3914580085645481,100.00000000003983,14.999996595582564,-0.010106063104197524,-1.8063050285162201e-12
336.8,3248.1236973660666,0.3904220644201691,100.00000000003965,14.999996528808488,-0.010204691730691688,-1.8074504844713315e-12
336.90000000000003,3249.6536970082375,0.38937624599544907,100.00000000003946,14.999996463841681,-0.010299744516830625,-1.8085329391813971e-12
337.0,3251.1836966439027,0.3883209112814813,100.00000000003928,14.99999640066023,-0.010391351220875244,-1.8095547090412353e-12
337.1,3252.7136962732407,0.38725640528287064,100.0000000000391,14.999996339239962,-0.010479636813571168,-1.8105180177364308e-12
337.20000000000005,3254.243695896428,0.38618306049685625,100.00000000003891,14.99999627955475,-0.01056472165520589,-1.8114249998542583e-12
337.3,3255.7736955136384,0.3851011973747174,100.00000000003872,14.999996221576783,-0.01064672166605984,-1.8122677882511903e-12
337.40000000000003,3257.303695125043,0.3840111247661241,100.00000000003854,14.999996165276821,-0.010725748490497969,-1.8130585997910674e-12
337.5,3258.83369473081,0.3829131403470687,100.00000000003836,14.999996110624425,-0.01080190965493913,-1.8137993080245841e-12
337.6,3260.363694331104,0.38180753103199094,100.00000000003817,14.999996057588154,-0.010875308719931634,-1.8144936178503057e-12
337.70000000000005,3261.8936939260875,0.3806945733706862,100.00000000003799,14.999996006135785,-0.010946045426554791,-1.8151536886465853e-12
337.8,3263.423693515919,0.3795745339305646,100.0000000000378,14.999995956234438,-0.011014215837357878,-1.8157856221344056e-12
337.90000000000003,3264.9536931007533,0.37844766966480836,100.00000000003762,14.999995907850762,-0.011079912472040186,-1.8163905372903566e-12
338.0,3266.4836926807434,0.37731422826695205,100.00000000003743,14.999995860951067,-0.011143224438067966,-1.816969511676985e-12
338.1,3268.0136922560373,0.376174448512394,100.00000000003725,14.999995815501443,-0.011204237556416814,-1.8175235831260896e-12
338.20000000000005,3269.5436918267806,0.37502856058732575,100.00000000003706,14.999995771467878,-0.011263034482620926,-1.8180537513609385e-12
338.3,3271.0736913931146,0.3738767864055493,100.00000000003688,14.999995728816362,-0.011319694823303776,-1.8185609795599737e-12
338.40000000000003,3272.603690955178,0.3727193399136343,100.00000000003669,14.999995687512966,-0.011374295248358255,-1.8190461958644837e-12
338.5,3274.133690513106,0.3715564273848511,100.00000000003651,14.999995647523935,-0.011426909598937907,-1.8195102948326366e-12
338.6,3275.6636900670305,0.37038824770229767,100.00000000003632,14.999995608815752,-0.011477608991414845,-1.8199561653561012e-12
338.70000000000005,3277.1936896170796,0.36921499263162505,100.00000000003614,14.999995571355202,-0.011526461917454059,-1.820388664892492e-12
338.8,3278.7236891633784,0.36803684708374973,100.00000000003595,14.99999553510943,-0.011573534340348137,-1.8208063734457023e-12
338.90000000000003,3280.2536887060483,0.36685398936792674,100.00000000003577,14.999995500045996,-0.011618889787750997,-1.8212058226755176e-12
339.0,3281.783688245208,0.3656665914355445,100.00000000003558,14.999995466132898,-0.011662589440944008,-1.8215877771610215e-12
339.1,3283.3136877809725,0.36447481911498775,100.0000000000354,14.999995433338638,-0.011704692220762808,-1.8219529749182788e-12
339.20000000000005,3284.8436873134538,0.3632788323379035,100.00000000003521,14.99999540163223,-0.011745254870308227,-1.8223021285687007e-12
339.3,3286.3736868427613,0.3620787853571909,100.00000000003503,14.999995370983237,-0.011784332034560125,-1.822635926469298e-12
339.40000000000003,3287.9036863690008,0.36087482695702633,100.00000000003485,14.999995341361792,-0.011821976337008388,-1.8229550338066823e-12
339.5,3289.433685892275,0.35966710065522056,100.00000000003466,14.999995312738626,-0.011858238453410956,-1.823260093656651e-12
339.6,3290.9636854126843,0.3584557448981972,100.00000000003448,14.999995285085072,-0.011893167182784645,-1.8235517280111232e-12
339.70000000000005,3292.493684930326,0.3572408932488681,100.00000000003429,14.999995258373076,-0.011926809515730413,-1.823831643152527e-12
339.8,3294.0236844452934,0.3560226745676734,100.0000000000341,14.999995232575223,-0.011959210700190917,-1.82410813605505e-12
339.90000000000003,3295.553683957679,0.35480121318704255,100.00000000003392,14.999995207664726,-0.011990414304734336,-1.8243926572512858e-12
340.0,3297.0836834675715,0.35357662907952464,100.00000000003374,14.999995183615447,-0.012020462279455,-1.8246852307523885e-12
340.1,3298.6136829750576,0.3523490380198258,100.00000000003355,14.999995160401879,-0.01204939501457767,-1.824985891530178e-12
340.20000000000005,3300.1436824802204,0.3511185517409843,100.00000000003337,14.99999513799917,-0.012077251396849181,-1.8252946854550904e-12
340.3,3301.6736819831417,0.3498852780849041,100.00000000003318,14.999995116383102,-0.012104068863797704,-1.8256116692566605e-12
340.40000000000003,3303.2036814839,0.34864932114746156,100.000000000033,14.99999509553011,-0.012129883455936949,-1.8259369105066434e-12
340.5,3304.7336809825715,0.3474107814183893,100.00000000003281,14.999995075417253,-0.012154729866989449,-1.826270487624925e-12
340.6,3306.263680479231,0.34616975591613713,100.00000000003263,14.999995056022232,-0.012178641492200305,-1.8266124899084574e-12
340.70000000000005,3307.79367997395,0.34492633831790054,100.00000000003244,14.99999503732337,-0.012201650474809835,-1.826963017583507e-12
340.8,3309.3236794667987,0.3436806190850011,100.00000000003226,14.999995019299607,-0.01222378775075092,-1.8273221818815796e-12
340.90000000000003,3310.8536789578447,0.34243268558379675,100.00000000003207,14.999995001930502,-0.01224508309163421,-1.8276901051394694e-12
341.0,3312.383678447153,0.34118262220229373,100.00000000003189,14.999994985196217,-0.012265565146081797,-1.828066920923938e-12
341.1,3313.913677934788,0.3399305104626246,100.0000000000317,14.999994969077504,-0.012285261479467496,-1.8284527741816295e-12
341.20000000000005,3315.4436774208116,0.33867642912955337,100.00000000003152,14.999994953555701,-0.012304198612119555,-1.8288478214149057e-12
341.3,3316.973676905283,0.3374204543151605,100.00000000003133,14.999994938612732,-0.012322402056039232,-1.829252230884375e-12
341.40000000000003,3318.5036763882604,0.33616265957985725,100.00000000003115,14.999994924231077,-0.012339896350186473,-1.8296661828389847e-12
341.5,3320.0336758698,0.334903116029873,100.00000000003097,14.999994910393777,-0.012356705094381842,-1.830092425956495e-12
341.6,3321.5636753499566,0.33364189241135356,100.00000000003078,14.999994897084418,-0.012372850981871573,-1.830545160097025e-12
341.70000000000005,3323.093674828783,0.33237905520120536,100.0000000000306,14.999994884287121,-0.012388355830600753,-1.8310306315704298e-12
341.8,3324.623674306331,0.3311146686948144,100.00000000003041,14.999994871986534,-0.012403240613237523,-1.8315485184336947e-12
341.90000000000003,3326.15367378265,0.32984879509076537,100.00000000003023,14.999994860167813,-0.012417525485989307,-1.8320985442100025e-12
342.0,3327.6836732577885,0.32858149457268276,100.00000000003004,14.999994848816625,-0.012431229816250191,-1.8326804773242863e-12
342.1,3329.2136727317934,0.3273128253883099,100.00000000002986,14.999994837919122,-0.012444372209116651,-1.8332941306281592e-12
342.20000000000005,3330.74367220471,0.32604284392594085,100.00000000002967,14.999994827461947,-0.01245697053280714,-1.8339420601097955e-12
342.3,3332.273671676583,0.32477160478831457,100.00000000002949,14.999994817432205,-0.012469041943019099,-1.8346268251109173e-12
342.40000000000003,3333.803671147455,0.32349916086407793,100.0000000000293,14.999994807817473,-0.012480602906255434,-1.8353509941949854e-12
342.5,3335.3336706173677,0.3222255633969216,100.00000000002912,14.999994798605767,-0.012491669222150498,-1.836106036202818e-12
342.6,3336.8636700863617,0.32095086205248896,100.00000000002893,14.999994789785555,-0.012502256044824214,-1.836892006708389e-12
342.70000000000005,3338.393669554476,0.3196751049831559,100.00000000002875,14.999994781345732,-0.01251237790329103,-1.837709003840857e-12
342.8,3339.9236690217494,0.3183983388907766,100.00000000002856,14.999994773275617,-0.01252204872094892,-1.838557168504847e-12
342.90000000000003,3341.453668488218,0.31712060908748835,100.00000000002838,14.99999476556494,-0.012531281834171844,-1.8394366847008424e-12
343.0,3342.983667953919,0.3158419595546643,100.0000000000282,14.999994758203835,-0.012540090010027516,-1.840349250461107e-12
343.1,3344.513667418887,0.3145624330001044,100.00000000002801,14.999994751182834,-0.01254848546314056,-1.841305419872254e-12
343.20000000000005,3346.043666883156,0.3132820709135487,100.00000000002782,14.999994744492854,-0.012556479871719551,-1.842320082966537e-12
343.3,3347.57366634676,0.312000913620599,100.00000000002764,14.999994738125189,-0.01256408439276464,-1.8433930036967865e-12
343.40000000000003,3349.103665809731,0.31071900033513045,100.00000000002746,14.999994732071508,-0.012571309676470825,-1.844524030753486e-12
343.5,3350.6336652721006,0.3094363692102753,100.00000000002727,14.999994726323843,-0.012578165879840078,-1.845713097530376e-12
343.6,3352.1636647338996,0.3081530573880582,100.00000000002709,14.99999472087458,-0.012584662679513832,-1.8469602222898948e-12
343.70000000000005,3353.693664195158,0.30686910104776294,100.0000000000269,14.999994715716454,-0.012590809283835363,-1.8482655085343394e-12
343.8,3355.223663655905,0.30558453545310743,100.00000000002672,14.999994710842554,-0.012596614444149806,-1.8496121617234138e-12
343.90000000000003,3356.7536631161697,0.30429939499830594,100.00000000002653,14.999994706246289,-0.01260208646534743,-1.851017956230329e-12
344.0,3358.2836625759796,0.30301371325309423,100.00000000002635,14.99999470192142,-0.012607233215653817,-1.85248323125617e-12
344.1,3359.8136620353625,0.3017275230067951,100.00000000002616,14.99999469786202,-0.012612062135668331,-1.8540084157902975e-12
344.20000000000005,3361.343661494345,0.30044085631150086,100.00000000002598,14.99999469406249,-0.012616580246650027,-1.8555940300939548e-12
344.3,3362.873660952953,0.29915374452444926,100.00000000002579,14.999994690517553,-0.012620794158047679,-1.8572423788970353e-12
344.40000000000003,3364.4036604112125,0.297866218349671,100.00000000002561,14.999994687222244,-0.012624710074268016,-1.8589642924608203e-12
344.5,3365.9336598691484,0.296578307878986,100.00000000002542,14.999994684171906,-0.012628333800673542,-1.8607706103254548e-12
344.6,3367.463659326786,0.29529004263242864,100.00000000002524,14.999994681362192,-0.012631670748798295,-1.8626704478191594e-12
344.70000000000005,3368.9936587841494,0.2940014515981814,100.00000000002505,14.999994678789069,-0.012634725940766756,-1.864664224371673e-12
344.8,3370.523658241262,0.2927125632721,100.00000000002487,14.9999946764488,-0.012637504012897644,-1.866752511531432e-12
344.90000000000003,3372.0536576981485,0.2914234056969133,100.00000000002468,14.999994674337954,-0.01264000921847062,-1.8689396289395108e-12
345.0,3373.583657154831,0.290134006501186,100.0000000000245,14.999994672453404,-0.012642245429629847,-1.8712300283789758e-12
345.1,3375.113656611333,0.28884439293813213,100.00000000002431,14.99999467079233,-0.012644216138393852,-1.8736283088764083e-12
345.20000000000005,3376.643656067677,0.2875545919243736,100.00000000002413,14.999994669352207,-0.012645924456736344,-1.8761242824183354e-12
345.3,3378.1736555238854,0.28626463007873965,100.00000000002395,14.999994668130828,-0.012647373115697217,-1.8787193668120242e-12
345.40000000000003,3379.7036549799805,0.28497453376120907,100.00000000002376,14.999994667126284,-0.012648564463477,-1.881417093167594e-12
345.5,3381.233654435984,0.2836843291121013,100.00000000002356,14.999994666336987,-0.01264950046246163,-1.8842202843409484e-12
345.6,3382.7636538919182,0.2823940420916285,100.00000000002336,14.999994665761653,-0.012650182685116898,-1.88708981022405e-12
345.70000000000005,3384.293653347805,0.28110369851992767,100.00000000002316,14.999994665399326,-0.012650612308684065,-1.8900382334080216e-12
345.8,3385.8236528036655,0.27981332411769827,100.00000000002296,14.999994665249373,-0.012650790108598984,-1.893068131725359e-12
345.90000000000003,3387.353652259522,0.278522944547581,100.00000000002277,14.999994665311494,-0.012650716450546958,-1.896182252177612e-12
346.0,3388.8836517153954,0.27723258545642077,100.00000000002257,14.999994665585731,-0.012650391281054309,-1.899383521030517e-12
346.1,3390.4136511713077,0.2759422725185698,100.00000000002237,14.99999466607248,-0.01264981411650484,-1.9026750548645653e-12
346.20000000000005,3391.943650627281,0.27465203148039674,100.00000000002217,14.999994666772485,-0.012648984030455031,-1.9060601726754405e-12
346.3,3393.4736500833365,0.2733618882061836,100.00000000002197,14.999994667686877,-0.012647899639105661,-1.9095424091304597e-12
346.40000000000003,3395.003649539496,0.2720718687256057,100.00000000002177,14.999994668817163,-0.012646559084769029,-1.9131277627760294e-12
346.5,3396.5336489957826,0.2707819992830086,100.00000000002157,14.99999467016526,-0.012644960017150332,-1.916833623655654e-12
346.6,3398.063648452218,0.2694923063887158,100.00000000002137,14.999994671733495,-0.012643099572237857,-1.920677654844491e-12
346.70000000000005,3399.5936479088246,0.2682028168726214,100.00000000002117,14.999994673524638,-0.012640974348569685,-1.924675498283512e-12
346.8,3401.1236473656254,0.26691355794034993,100.00000000002098,14.99999467554192,-0.012638580380613633,-1.928836147270352e-12
346.90000000000003,3402.6536468226436,0.26562455723229234,100.00000000002078,14.999994677789052,-0.012635913108961755,-1.9331690028286715e-12
347.0,3404.183646279903,0.2643358428858594,100.00000000002058,14.999994680270257,-0.012632967346999839,-1.9376790723549972e-12
347.1,3405.7136457374277,0.26304744360133264,100.00000000002038,14.999994682990296,-0.012629737243665505,-1.9423668976396435e-12
347.20000000000005,3407.243645195242,0.261759388711733,100.00000000002018,14.999994685954505,-0.012626216241854057,-1.9472360436019444e-12
347.3,3408.773644653372,0.26047170825717664,100.00000000001998,14.999994689168833,-0.012622397031968395,-1.9523083850087833e-12
347.40000000000003,3410.3036441118425,0.2591844330642421,100.00000000001978,14.999994692639872,-0.012618271500036112,-1.9576064438627865e-12
347.5,3411.8336435706806,0.2578975948309364,100.00000000001958,14.999994696374925,-0.012613830669731624,-1.9631507851107258e-12
347.6,3413.3636430299134,0.256611226217919,100.00000000001938,14.99999470038203,-0.012609064637541351,-1.968949352073454e-12
347.70000000000005,3414.893642489569,0.25532536094672825,100.00000000001918,14.999994704670042,-0.012603962500193017,-1.9750108788265312e-12
347.8,3416.423641949677,0.25404003390584917,100.00000000001899,14.999994709248684,-0.012598512273332163,-1.981344951691453e-12
347.90000000000003,3417.953641410267,0.2527552812655746,100.00000000001879,14.99999471412862,-0.012592700800266149,-1.9879649758521798e-12
348.0,3419.483640871371,0.2514711406027417,100.00000000001859,14.999994719321544,-0.012586513649402647,-1.9948998275311087e-12
348.1,3421.0136403330207,0.2501876510365762,100.00000000001839,14.999994724840253,-0.01257993499877947,-2.0021796779008078e-12
348.20000000000005,3422.543639795251,0.24890485337705534,100.00000000001819,14.999994730698777,-0.012572947505807347,-2.0098390975834853e-12
348.3,3424.073639258096,0.2476227902874076,100.00000000001799,14.99999473691246,-0.012565532160016518,-2.0178989109161013e-12
348.40000000000003,3425.603638721594,0.24634150646261238,100.00000000001778,14.99999474349813,-0.01255766811619898,-2.0263578261812727e-12
348.5,3427.133638185783,0.24506104882605323,100.00000000001756,14.999994750474205,-0.01254933250485388,-2.0351431425846263e-12
348.6,3428.6636376507045,0.2437814667468226,100.00000000001735,14.999994757860895,-0.012540500216253164,-2.0442875798897023e-12
348.70000000000005,3430.193637116401,0.24250281228058734,100.00000000001714,14.999994765680377,-0.012531143653720052,-2.0538314963875116e-12
348.8,3431.723636582918,0.2412251404374181,100.00000000001693,14.99999477395702,-0.012521232450818941,-2.0638095808616927e-12
348.90000000000003,3433.253636050303,0.23994850948058116,100.00000000001671,14.999994782717629,-0.012510733146044365,-2.07424717373765e-12
349.0,3434.7836355186078,0.23867298126101327,100.0000000000165,14.999994791991751,-0.01249960880720652,-2.085175913659903e-12
349.1,3436.313634987885,0.2373986215930825,100.00000000001629,14.99999480181199,-0.012487818595957243,-2.0966082528584536e-12
349.20000000000005,3437.8436344581933,0.23612550067832183,100.00000000001607,14.99999481221441,-0.012475317260669852,-2.108650083002868e-12
349.3,3439.3736339295933,0.23485369358516442,100.00000000001586,14.99999482323899,-0.012462054543021798,-2.121366377572862e-12
349.40000000000003,3440.9036334021507,0.23358328079438553,100.00000000001565,14.999994834930156,-0.012447974479913087,-2.1348032845721304e-12
349.5,3442.433632875936,0.23231434882206692,100.00000000001543,14.9999948473374,-0.012433014577476701,-2.148976178400775e-12
349.6,3443.9636323510244,0.2310469909345849,100.00000000001522,14.999994860516043,-0.012417104827455974,-2.164003818066922e-12
349.70000000000005,3445.493631827498,0.22978130797357915,100.00000000001499,14.999994874528129,-0.012400166527486102,-2.1799471847991978e-12
349.8,3447.023631305445,0.22851740931336018,100.00000000001477,14.999994889443489,-0.01238211085484765,-2.1967732206572032e-12
349.90000000000003,3448.553630784961,0.22725541397916102,100.00000000001454,14.999994905341074,-0.012362837126563291,-2.21459579789875e-12
350.0,3450.083630266151,0.22599545196262658,100.00000000001431,14.999994922310556,-0.01234223065493216,-2.233535424146338e-12
350.1,3451.6136297491284,0.22473766578186088,100.00000000001408,14.999994940454338,-0.0123201600729241,-2.253709296403696e-12
350.20000000000005,3453.1436292340186,0.22348221234862972,100.00000000001386,14.999994959890097,-0.012296473951891446,-2.2752481521149205e-12
350.3,3454.6736287209596,0.22222926522722225,100.00000000001363,14.999994980754028,-0.012270996453647175,-2.29830101600986e-12
350.40000000000003,3456.2036282101044,0.22097901740184311,100.00000000001339,14.999995003205106,-0.012243521629772196,-2.323029024006158e-12
350.5,3457.733627701623,0.21973168471898707,100.00000000001315,14.999995027430801,-0.012213805763975516,-2.3494988986615977e-12
350.6,3459.2636271957067,0.2184875102505914,100.0000000000129,14.999995053655008,-0.012181556768484316,-2.377984657010207e-12
350.70000000000005,3460.7936266925713,0.21724676995779726,100.00000000001266,14.999995082149447,-0.012146418916233094,-2.408732114155417e-12
350.8,3462.3236261924626,0.21600978027765866,100.00000000001242,14.999995113251014,-0.012107949688255511,-2.4421776567848006e-12
350.90000000000003,3463.8536256956677,0.21477691303982885,100.00000000001216,14.99999514752972,-0.012065408606315187,-2.478620467430277e-12
351.0,3465.3836252025353,0.2135486212912147,100.00000000001191,14.999995185407256,-0.012018226122947416,-2.5184047935051024e-12
351.1,3466.9136247134384,0.21232539176191959,100.00000000001165,14.999995227035546,-0.011966156894613215,-2.5619721879774144e-12
351.20000000000005,3468.443624228782,0.2111077621235506,100.00000000001138,14.999995273011141,-0.01190838542435316,-2.609805534393621e-12
351.3,3469.9736237490315,0.20989635459011638,100.00000000001111,14.999995323901087,-0.011844110161244634,-2.6623341935710477e-12
351.40000000000003,3471.503623274713,0.20869188105189518,100.00000000001084,14.999995380373544,-0.011772373267321404,-2.720218920670104e-12
351.5,3473.0336228064452,0.20749519432387456,100.00000000001056,14.999995443749919,-0.011691342168125755,-2.7842385514095935e-12
351.6,3474.56362234494,0.2063072780479047,100.00000000001027,14.999995514415762,-0.011600323575043266,-2.854989436626949e-12
351.70000000000005,3476.0936218909487,0.20512919175570998,100.00000000000998,14.999995592798467,-0.011498522801469152,-2.933082943100565e-12
351.8,3477.6236214452647,0.20396208335301388,100.00000000000968,14.999995679390578,-0.011385001714483128,-3.0187197202816105e-12
351.90000000000003,3479.1536210087256,0.2028071931453663,100.00000000000936,14.999995774572831,-0.011258898581088904,-3.1123963333785434e-12
352.0,3480.6836205821796,0.20166580656140887,100.00000000000904,14.999995877730141,-0.011120615034254685,-3.214478942931082e-12
352.1,3482.2136201663925,0.20053913241910645,100.00000000000871,14.99999598852603,-0.010970150547969789,-3.3252041092217576e-12
352.20000000000005,3483.743619762129,0.19942844681611585,100.00000000000837,14.999996106727663,-0.010807319508477829,-3.4457317068511237e-12
352.3,3485.2736193700744,0.19833492468313646,100.00000000000801,14.999996230529884,-0.010634100302716065,-3.577102840055114e-12
352.40000000000003,3486.803618990682,0.19725940397212013,100.00000000000765,14.999996356106625,-0.0104554668943198,-3.720560627445102e-12
352.5,3488.333618623923,0.19620193387331422,100.00000000000726,14.999996475558437,-0.010282666699691707,-3.877746903942766e-12
352.6,3489.8636182687233,0.19516081211349603,100.00000000000686,14.999996572265829,-0.010140612080393624,-4.050784874287807e-12
352.70000000000005,3491.3924546885887,0.1941310837028509,100.00000000000644,14.99999660813446,-0.010087415658890668,-4.228870631005353e-12
352.8,3492.915918785368,0.19310231832327995,100.000000000006,14.99999652775516,-0.0102062399136902,-4.389345123463405e-12
352.90000000000003,3494.433476143113,0.19205208372386184,100.00000000000554,14.999996243814952,-0.010615344430895002,-4.529604146333563e-12
353.0,3495.945327419381,0.19094090128600602,100.00000000000507,14.999995555680051,-0.011546842803635939,-4.64746411005213e-12
353.1,3497.4516812670845,0.18969501135937922,100.0000000000046,14.999993924204974,-0.01350088196865933,-4.7385630164755335e-12
353.20000000000005,3498.952781945338,0.1881619902760053,100.00000000000412,14.999989563139643,-0.017694793069701835,-4.794529555013715e-12
353.3,3500.4489497982177,0.18597860029100083,100.00000000000364,14.909211049440666,-0.027518588378451996,-4.76674569011062e-12
353.40000000000003,3501.932093886789,0.1820863726010616,100.00000000000317,14.745775155088763,-0.05600361665212861,-4.607049109162799e-12
353.5,3503.3987239658495,0.1729149802243182,100.00000000000273,14.608056614454437,-0.129366076833196,-4.226448672524976e-12
353.6,3504.8582084282225,0.15899353192155127,100.00000000000233,14.59293349755517,-0.1317983060030392,-3.88478871304319e-12
353.70000000000005,3506.319073844432,0.14812300051760208,100.00000000000196,14.633292344169027,-0.0897317311226955,-3.592035630913491e-12
353.8,3507.7865642660945,0.1382405287217213,100.00000000000162,14.731910666216091,-0.12451820621872543,-3.2704868856238053e-12
353.90000000000003,3509.269562140667,0.12230884450004542,100.00000000000131,14.937222483519493,-0.18589582052590897,-3.011778862031932e-12
354.0,3510.773003545932,0.10270400661961522,100.00000000000101,14.998669603696785,-0.1997751714858033,-2.8787670324040926e-12
354.1,3512.279506772635,0.08273776793098181,100.00000000000072,14.998715343472067,-0.19631109366409277,-2.808674509175775e-12
354.20000000000005,3513.782743293657,0.06348573042294715,100.00000000000044,14.998829490651662,-0.18738706027361754,-2.77513186009128e-12
354.3,3515.2827991014037,0.045278774139185546,100.00000000000017,14.991872630623355,-0.17641266392835453,-2.7596883199434035e-12
354.40000000000003,3516.779158292883,0.028258280253994787,99.9999999999999,14.926128862668703,-0.16377082598291037,-2.7448025593433084e-12
354.5,3518.2662274602835,0.01256340136701601,99.99999999999963,14.807276994191069,-0.149972044096375,-2.7262823922825714e-12
354.6,3519.739050145173,-0.0017092056006084936,99.99999999999936,14.642392926427195,-0.1353760464872047,-2.701206143801383e-12
354.70000000000005,3521.1934110370985,-0.014494201446400278,99.99999999999909,14.439214445385216,-0.12025832202617921,-2.6680958537040283e-12
354.8,3522.6258613288023,-0.025750641244397465,99.99999999999882,14.205321928267233,-0.10483589392264565,-2.6256390257497475e-12
354.90000000000003,3524.0336938336145,-0.03545716705803694,99.99999999999856,13.9479577770254,-0.08928592739462471,-2.572568979109636e-12
355.0,3525.4148863226537,-0.0436084167499696,99.99999999999831,13.673570827626236,-0.07375271222849053,-2.509217371521761e-12
355.1,3526.768046069956,-0.05021248072807415,99.99999999999807,13.388298483434728,-0.058361788170587,-2.435072281369703e-12
355.20000000000005,3528.0923776645363,-0.055289224303275396,99.99999999999783,13.097946757526952,-0.04322357287340038,-2.351160492068604e-12
355.3,3529.387649086208,-0.05886889353599993,99.9999999999976,12.807975320150472,-0.028435547626962716,-2.257007755280143e-12
355.40000000000003,3530.654156497844,-0.06099089572599872,99.99999999999737,12.523486659590096,-0.014083641020108617,-2.1529822199507385e-12
355.5,3531.8926881335565,-0.061702693367314834,99.99999999999716,12.249218755586504,-0.0002431568434476932,-2.039094784039812e-12
355.6,3533.104487611232,-0.061058776613356715,99.99999999999696,11.9895408297106,0.013020559441683262,-1.9164924646875852e-12
355.70000000000005,3534.291216959539,-0.05911969424316576,99.99999999999677,11.748451833570739,0.02565160286671711,-1.7854643955637077e-12
355.8,3535.4549196187745,-0.05595113192449523,99.9999999999966,11.529581394009938,0.037603072151660075,-1.6473747229486062e-12
355.90000000000003,3536.5979836487913,-0.05162303192055978,99.99999999999645,11.33619297112016,0.04883667217127607,-1.50244994520074e-12
356.0,3537.7231053541223,-0.046208751737616564,99.9999999999963,11.171189009121662,0.059322329149825444,-1.3520010725332886e-12
356.1,3538.8332535153227,-0.03978426136393532,99.99999999999618,11.03711787709096,0.06903780132979771,-1.1965017629509356e-12
356.20000000000005,3539.9316343958963,-0.03242738015758291,99.99999999999606,10.936182409127104,0.07796827382869251,-1.0363151973206338e-12
356.3,3541.021657675657,-0.02421705534988232,99.99999999999596,10.870249863529537,0.08610593057248586,-8.720690711898177e-13
356.40000000000003,3542.106903443756,-0.015232684672691569,99.99999999999588,10.8408631288948,0.09344949950365025,-7.043521298522838e-13
356.5,3543.191090367767,-0.0055534858460475085,99.99999999999582,10.849253012252818,0.10000377028508227,-5.341857135028933e-13
356.6,3544.278045139056,0.004742084412196878,99.99999999999578,10.896351450697635,0.10577908680538867,-3.622110566121041e-13
356.70000000000005,3545.3715330483883,0.015576601085902147,99.99999999999575,10.979956262839472,0.110789373548163,-1.8960745306278773e-13
356.8,3546.474800152304,0.026877887488425005,99.99999999999574,11.091807384546893,0.11511974825015883,-1.7260734431750642e-14
356.90000000000003,3547.590175570625,0.03858033034440907,99.99999999999574,11.221832332385226,0.11881720989106442,1.5336792980438205e-13
357.0,3548.7192830807717,0.05062183449392711,99.99999999999577,11.366127050793937,0.1219090955572714,3.210730047465339e-13
357.1,3549.8634534593334,0.06294433312981557,99.99999999999581,11.52277541829636,0.1244451313780535,4.846520836197465e-13
357.20000000000005,3551.0238284318034,0.0754946685988462,99.99999999999586,11.689914131913934,0.1264736539051237,6.428352493716144e-13
357.3,3552.2013664143815,0.08822442102532152,99.99999999999594,11.865741715911078,0.12804098081448978,7.952228916179836e-13
357.40000000000003,3553.3968490995235,0.10108968007525221,99.99999999999602,12.048526391914805,0.1291909057752557,9.403039206197345e-13
357.5,3554.610888772692,0.11405077296893104,99.99999999999612,12.236612838003499,0.1299643300978707,1.0778919197813198e-12
357.6,3555.843936250888,0.12707196272048377,99.99999999999623,12.428427871491863,0.130399035722915,1.2068123150220954e-12
357.70000000000005,3557.096289337352,0.14012113059505085,99.99999999999636,12.622485096769507,0.13052959518099824,1.3270303379009958e-12
357.8,3558.3681016912624,0.15316945590027894,99.9999999999965,12.817388565597145,0.13038740557654768,1.4372069127647068e-12
357.90000000000003,3559.659392016272,0.16619110456598155,99.99999999999665,13.011835502589237,0.13000082663435555,1.537727370545494e-12
358.0,3560.9700534772346,0.17916293571976152,99.9999999999968,13.204618153054671,0.12939539831282043,1.6283649513545339e-12
358.1,3562.2998632603567,0.19206423291074506,99.99999999999697,13.394624813776467,0.1285941118565326,1.708571988433379e-12
358.20000000000005,3563.648492198197,0.20487646405709017,99.99999999999714,13.580840109590602,0.1276177093131861,1.7781531580927456e-12
358.3,3565.0155143872903,0.21758307184827583,99.99999999999733,13.762344579746502,0.12648498989958704,1.837297197180998e-12
358.40000000000003,3566.400416732575,0.23016929440023245,99.99999999999751,13.938313638054984,0.1252131063250065,1.8848811303254164e-12
358.5,3567.802608359164,0.24262201453137502,99.9999999999977,14.108015969879228,0.1238178393730337,1.92175975438393e-12
358.6,3569.221429838225,0.25492963510767935,99.9999999999979,14.270811427272594,0.12231384394248797,1.947923728611684e-12
358.70000000000005,3570.6561621797528,0.26708197743735557,99.9999999999981,14.426148481207916,0.12071486383035025,1.96327206899957e-12
358.8,3572.106035550771,0.27907019958374085,99.9999999999983,14.573561287064738,0.11903391554861714,1.968079089420154e-12
358.90000000000003,3573.5702376829736,0.2908867315985246,99.9999999999985,14.712666416513594,0.11728344337835012,1.962720745671795e-12
359.0,3575.0479219389663,0.30252522495252054,99.99999999999869,14.843159305799677,0.11547544881774507,1.9475238023885296e-12
359.1,3576.538215011119,0.3139805137730298,99.99999999999889,14.964810467288174,0.11362159780341521,1.9226587046975885e-12
359.20000000000005,3578.0402242315718,0.32524858582477284,99.99999999999908,14.99958813751144,0.11115621901686339,1.8787717417440584e-12
359.3,3579.545544434901,0.3362717210686591,99.99999999999926,14.999607451796056,0.10851862524143553,1.823412491832661e-12
359.40000000000003,3581.0508212459995,0.3470364829916616,99.99999999999945,14.999625285939107,0.10602490941338819,1.7616747733964244e-12
359.5,3582.5560597720155,0.35756051878695705,99.99999999999962,14.999641285116919,0.10373677176424703,1.6937144914926294e-12
359.6,3584.061264180532,0.3678673737727355,99.99999999999979,14.999655162071937,0.10171046617051369,1.619667200200174e-12
359.70000000000005,3585.5664041918467,0.3779854381696035,99.99999999999994,14.999666766321734,0.09998449531461803,1.5399292080859678e-12
359.8,3587.0714643521446,0.3879450935610993,100.0000000000001,14.999676181528491,0.09856190586070727,1.45544676678136e-12
359.90000000000003,3588.5764442185673,0.3977762832056646,100.00000000000024,14.999683559915104,0.09743255314616443,1.3668648777973444e-12
360.0,3590.081343341738,0.4075079569875662,100.00000000000037,14.999689029360908,0.09658686489369211,1.2746373827712027e-12
360.1,3591.5861612627186,0.41716812513843143,100.0000000000005,14.999692695944518,0.09601576552152287,1.1799686353481477e-12
360.20000000000005,3593.090897510154,0.42678390482920275,100.00000000000061,14.999694646198204,0.09571060971999752,1.082904671753385e-12
360.3,3594.595551597574,0.43638156047991955,100.00000000000071,14.999694949123892,0.09566312365389382,9.843461114696188e-13
360.40000000000003,3596.1001230208362,0.44598653848088887,100.00000000000081,14.999693658012351,0.09586535236472925,8.850724165535342e-13
360.5,3597.6046112556974,0.4556234968852632,100.0000000000009,14.999690812100432,0.09630961213656772,7.851624470973893e-13
360.6,3599.109015755499,0.46531633051740834,100.00000000000097,14.999686438095827,0.09698844675608852,6.851524118438317e-13
360.70000000000005,3600.613335948974,0.4750881918416639,100.00000000000102,14.99968055159462,0.09789458674602865,5.864741723432557e-13
360.8,3602.1175712381646,0.48496150785042064,100.00000000000108,14.999673158413405,0.09902091078352794,4.891172186966493e-13
360.90000000000003,3603.6217209964616,0.4949579930996221,100.00000000000112,14.999664255862807,0.10036040749042979,3.92943433622195e-13
361.0,3605.125784566775,0.5050986584832409,100.00000000000115,14.99965383403634,0.10190612876045566,2.9947767731003896e-13
361.1,3606.629761259855,0.5154038168410974,100.00000000000118,14.99964187686892,0.10365117307697033,2.0834755677165808e-13
361.20000000000005,3608.133650309021,0.5258930860626629,100.0000000000012,14.99962836308124,0.10558868049576538,1.1980070995078337e-13
361.3,3609.637450569822,0.5365853933590521,100.00000000000121,14.999613266358663,0.10771192913121068,3.497504043910287e-14
361.40000000000003,3611.14116111994,0.5474989883987578,100.00000000000121,14.999596558057236,0.11001406963420987,-4.698800161506621e-14
361.5,3612.644781000549,0.5586514262349052,100.0000000000012,14.999578207829233,0.11248816477469693,-1.2530293790509142e-13
361.6,3614.1483090895563,0.5700595576146713,100.00000000000118,14.999558184508203,0.1151271885913981,-1.9888644501231805e-13
361.70000000000005,3615.6517440519715,0.5817395193950453,100.00000000000115,14.999536457021756,0.11792401992470532,-2.684507291552071e-13
361.8,3617.1550847565227,0.5937067204614483,100.00000000000112,14.99951299648256,0.1208712883642429,-3.334811156881899e-13
361.90000000000003,3618.658330034814,0.6059758150468815,100.00000000000108,14.999487777184518,0.12396137338818677,-3.9416269986408656e-13
362.0,3620.1614786818996,0.6185606757105172,100.00000000000104,14.99946077794078,0.12718636332635444,-4.495187978633538e-13
362.1,3621.664529457269,0.631474362235918,100.000000000001,14.999431983468629,0.13053801476337554,-4.999166699785985e-13
362.20000000000005,3623.16748108627,0.6447290865162906,100.00000000000094,14.999401385819029,0.13400771280096188,-5.456927499904242e-13
362.3,3624.6703322620065,0.658336173539892,100.00000000000088,14.999368985845546,0.13758643266948117,-5.865641717226352e-13
362.40000000000003,3626.1730816477448,0.6723060186414045,100.00000000000082,14.999334794703941,0.14126470324785315,-6.227604554764048e-13
362.5,3627.6757278798527,0.6866480412444768,100.00000000000075,14.999298835370116,0.14503257311596918,-6.540290009171737e-13
362.6,3629.1782695713014,0.7013706355416942,100.00000000000068,14.999261144129507,0.14887958290779177,-6.799483029359872e-13
362.70000000000005,3630.6807053157463,0.7164811188279,100.00000000000061,14.999221772002693,0.15279474559144704,-7.01237823719484e-13
362.8,3632.183033692192,0.7319856770081262,100.00000000000054,14.999180786347642,0.15676650936892825,-7.176826221631917e-13
362.90000000000003,3633.685253263486,0.7478893075051594,100.00000000000047,14.999138272061884,0.16078275892760246,-7.292015262199628e-13
363.0,3635.1873621880077,0.7641957622137291,100.0000000000004,14.999094332292803,0.1648308556730612,-7.363062238128751e-13
363.1,3636.689358912521,0.7809074784673936,100.00000000000033,14.999049094712998,0.16889717105161345,-7.391432959540252e-13
363.20000000000005,3638.191241894789,0.7980254982527664,100.00000000000026,14.999002708293025,0.17296750162530294,-7.378794385969954e-13
363.3,3639.693009606808,0.8155494117431855,100.00000000000018,14.998955344004514,0.1770270842511369,-7.3275862458325e-13
363.40000000000003,3641.1946601498107,0.8334772989668626,100.00000000000011,14.998907194966543,0.1810606439314282,-7.238975241721381e-13
363.5,3642.696192003574,0.8518056788915673,100.00000000000004,14.998858479282633,0.18505220466526484,-7.114108473196267e-13
363.6,3644.197603692066,0.8705294467452884,99.99999999999997,14.99880943780094,0.1889853130098873,-6.956418357260877e-13
363.70000000000005,3645.6988937923707,0.889641831131782,99.9999999999999,14.998760333081904,0.1928431247641098,-6.766869927937752e-13
363.8,3647.200060784106,0.9091343564690181,99.99999999999983,14.998711448131164,0.1966084832838599,-6.544076131488419e-13
363.90000000000003,3648.70110301879,0.9289968171623914,99.99999999999976,14.998663084335984,0.20026403215999533,-6.289764970176191e-13
364.0,3650.2020191416204,0.949217268844865,99.9999999999997,14.998615559945863,0.20379225929817005,-6.009275381302745e-13
364.1,3651.7028078864587,0.9697820127618554,99.99999999999964,14.998569207797994,0.2071755750417656,-5.709118772344318e-13
364.20000000000005,3653.203467779392,0.9906755915332677,99.99999999999959,14.99852437188306,0.21039644966093382,-5.392023438938264e-13
364.3,3654.7039975501316,1.0118808066690461,99.99999999999953,14.998481403919955,0.21343752310054442,-5.055672942300387e-13
364.40000000000003,3656.204396175732,1.0333787413856252,99.99999999999949,14.998440659904167,0.21628169440202846,-4.702045543819492e-13
364.5,3657.704662751194,1.0551487912479594,99.99999999999945,14.998402496024777,0.2189122363820025,-4.339295800444238e-13
364.6,3659.204796494794,1.0771687087691135,99.9999999999994,14.998367264127957,0.22131292401229455,-3.96929885512977e-13
364.70000000000005,3660.7047967524045,1.0994146609619635,99.99999999999936,14.99833530693117,0.22346816520915377,-3.589622316115785e-13
364.8,3662.2046630007103,1.1218612999767201,99.99999999999933,14.99830695307589,0.22536313211223388,-3.1992812673477456e-13
364.90000000000003,3663.7043948492565,1.1444818467619347,99.9999999999993,14.998282512117528,0.22698389085895204,-2.8042366536265033e-13
365.0,3665.2039920412735,1.1672481874856806,99.99999999999928,14.996342524853002,0.228288303687955,-2.408402517747552e-13
365.1,3666.703269499137,1.190128233423121,99.99999999999925,14.991893946058964,0.22925722481111482,-2.013132848136818e-13
365.20000000000005,3668.2019856872435,1.2130883014537284,99.99999999999923,14.985123622705473,0.2298890127278685,-1.615783454406525e-13
365.3,3669.6999179095183,1.2360948419458362,99.99999999999922,14.976221188450753,0.23018785306902728,-1.2269054386055517e-13
365.40000000000003,3671.196862501648,1.2591149841390215,99.9999999999992,14.965377360022313,0.23016301470928172,-8.460245052786217e-14
365.5,3672.6926348595453,1.2821170080862903,99.9999999999992,14.952782365452158,0.22982812593274202,-4.7146585425999577e-14
365.6,3674.187069317259,1.3050707454607382,99.9999999999992,14.938624504656266,0.22920047642967115,-1.0940832422833772e-14
365.70000000000005,3675.68001888757,1.3279479120492483,99.9999999999992,14.923088842191378,0.22830034973138422,2.404142522059603e-14
365.8,3677.1713548784455,1.3507223751646442,99.9999999999992,14.90635603140246,0.22715038967932003,5.785455613906589e-14
365.90000000000003,3678.660966398437,1.3733703595231788,99.99999999999922,14.88860126857989,0.22577500366556155,9.059104574266799e-14
366.0,3680.148759763921,1.395870595370777,99.99999999999923,14.869993375164993,0.2241998046597502,1.2152064605601735e-13
366.1,3681.6346578208745,1.4182044128119997,99.99999999999925,14.850694005473677,0.22245109343723796,1.5047248983416271e-13
366.20000000000005,3683.118599193577,1.4403557864116392,99.99999999999926,14.830856976849203,0.2205553819287502,1.7713854318516303e-13
366.3,3684.6005374723145,1.4623113342099705,99.99999999999928,14.810627718607462,0.21853895820715816,2.0235879654926524e-13
366.40000000000003,3686.080440351752,1.4840602753272052,99.9999999999993,14.790142835605957,0.21642749329763172,2.2603473540462247e-13
366.5,3687.558288731214,1.5055943503374691,99.99999999999933,14.769529781752876,0.21424568972949962,2.4755569312189465e-13
366.6,3689.0340757876074,1.5269077085731662,99.99999999999936,14.74890663828147,0.21201697152961196,2.6697111973221095e-13
366.70000000000005,3690.507806031185,1.5479967664812542,99.99999999999939,14.728381991150224,0.20976321517615257,2.8417657777269336e-13
366.8,3691.979494353764,1.5688600410970255,99.99999999999942,14.708054901496169,0.20750452087917573,2.9934681185833924e-13
366.90000000000003,3693.4491650783843,1.5894979626307775,99.99999999999945,14.688014962671833,0.2052590234200158,3.1252513238098137e-13
367.0,3694.9168510187205,1.6099126700797615,99.99999999999947,14.668342437039847,0.20304274165875227,3.239883276775254e-13
367.1,3696.382592555877,1.6301077936827388,99.9999999999995,14.649108465388224,0.20086946569945163,3.339240588479543e-13
367.20000000000005,3697.8464367394536,1.650088227927385,99.99999999999953,14.630375341567552,0.19875068058110537,3.4230784757723863e-13
367.3,3699.3084364190236,1.6698598987012108,99.99999999999956,14.6121968447456,0.19669552523327422,3.4918476162982786e-13
367.40000000000003,3700.7686494114073,1.6894295280436422,99.99999999999959,14.594618621527895,0.1947107852950163,3.5467554709716425e-13
367.5,3702.2271377083243,1.7088043998091773,99.99999999999963,14.57767861011128,0.19280091824154294,3.5839497499656006e-13
367.6,3703.683966728243,1.727992129387652,99.99999999999967,14.561407498625949,0.19096810909421216,3.5971915690270056e-13
367.70000000000005,3705.139204441635,1.7470004356201123,99.99999999999972,14.545825828204386,0.1892121791001335,3.5882882883212545e-13
367.8,3706.592920006805,1.7658368769323334,99.99999999999976,14.530937232120875,0.18752987727607148,3.5581991462125414e-13
367.90000000000003,3708.045182808549,1.7845085002126178,99.99999999999979,14.516742687642578,0.18591433116661274,3.509231586790242e-13
368.0,3709.496062215364,1.8030215104109844,99.99999999999982,14.503240965203563,0.18435567815805065,3.4488009763614247e-13
368.1,3710.9456273791234,1.8213810021047685,99.99999999999984,14.49042902772756,0.1828416727967492,3.3771749248965323e-13
368.20000000000005,3712.3939470720557,1.8395907504222606,99.99999999999987,14.478302377031257,0.18135826591489618,3.294628646932856e-13
368.3,3713.841089555667,1.8576530582934012,99.9999999999999,14.466855346036054,0.17989015134323547,3.201442682439224e-13
368.40000000000003,3715.287122476184,1.875568656581741,99.99999999999993,14.456081337161208,0.17842127616703296,3.097900893151327e-13
368.5,3716.7321127812206,1.8933366532639822,99.99999999999996,14.445973008737802,0.17693531083922615,2.984288707595858e-13
368.6,3718.176126652618,1.9109545274792514,99.99999999999999,14.436522412544273,0.17541607597699674,2.861265257358212e-13
368.70000000000005,3719.6192294507628,1.928418163983872,100.00000000000001,14.427721086603883,0.17384792330589413,2.730903268496495e-13
368.8,3721.061485666155,1.9457219233296659,100.00000000000004,14.419560108190469,0.17221606894531422,2.5933511563074855e-13
368.90000000000003,3722.5029588745233,1.9628587429422308,100.00000000000007,14.412030112559053,0.17050687801615175,2.4487619670317735e-13
369.0,3723.9437116923377,1.9798202642141478,100.0000000000001,14.405121283257957,0.1687081003611352,2.296934889946845e-13
369.1,3725.383805730192,1.9965969807473427,100.00000000000013,14.398823320002522,0.16680905796839002,2.1380879442179487e-13
369.20000000000005,3726.8233015420947,2.0131784029763344,100.00000000000014,14.393125390016573,0.164800785448961,1.97484942972425e-13
369.3,3728.262258569313,2.0295532345746166,100.00000000000016,14.388016068502354,0.16267612561535588,1.8137651596002833e-13
369.40000000000003,3729.7007350779395,2.045709556282491,100.00000000000017,14.383483273510624,0.1604297828200422,1.6536908419356922e-13
369.5,3731.1387880898715,2.061635013087124,100.00000000000018,14.379514199980889,0.15805833722654128,1.4941461964012147e-13
369.6,3732.576473307331,2.0773170010240904,100.0000000000002,14.37609525713842,0.15556022359240695,1.3370011069951461e-13
369.70000000000005,3734.0138450314453,2.092742850243365,100.00000000000021,14.373212012798968,0.15293567843983294,1.1812552825530156e-13
369.8,3735.450956075726,2.1079000013805507,100.00000000000023,14.370849147472324,0.15018665967715192,1.0249047403060672e-13
369.90000000000003,3736.8878576755496,2.122776172685488,100.00000000000024,14.368990420496006,0.1473167428184139,8.686463252731604e-14
370.0,3738.324599394918,2.1373595157753207,100.00000000000026,14.367618649791568,0.14433099793722956,7.124538332420727e-14
370.1,3739.7612290319253,2.1516387582885885,100.00000000000026,14.366715706235425,0.14123585139575523,5.5765190729552626e-14
370.20000000000005,3741.19779252441,2.1656033321131947,100.00000000000026,14.366262523085723,0.1380389362222985,4.1027484549475814e-14
370.3,3742.6343338573065,2.1792434862375596,100.00000000000026,14.366239120417347,0.1347489347847944,2.7011006007392045e-14
370.40000000000003,3744.0708949731707,2.192550383625711,100.00000000000026,14.36662464409262,0.13137541713482453,1.364254623188941e-14
370.5,3745.5075156872986,2.2055161818394513,100.00000000000026,14.367397418438761,0.1279286780908346,7.967636062483031e-16
370.6,3746.9442336087513,2.2181340974213613,100.00000000000026,14.368535011515277,0.12441957580140348,-1.1557478205922286e-14
370.70000000000005,3748.3810840684832,2.2303984543095554,100.00000000000026,14.370014311631575,0.12085937418993911,-2.3449542472234738e-14
370.8,3749.8181000556206,2.242304716778171,100.00000000000026,14.371811613614105,0.11725959134071953,-3.490713589919487e-14
370.90000000000003,3751.25531216279,2.253849507586669,100.00000000000026,14.373902713218408,0.1136318555501692,-4.59624460529428e-14
371.0,3752.692748541225,2.2650306121771075,100.00000000000026,14.376263008027772,0.10998777044321745,-5.667742316789594e-14
371.1,3754.1304348662184,2.2758469698830086,100.00000000000026,14.378867603171528,0.10633879024754332,-6.710122153556134e-14
371.20000000000005,3755.568394313317,2.2862986532082252,100.00000000000024,14.381691420224948,0.10269610603219022,-7.69576300102674e-14
371.3,3757.006647545502,2.296386836301519,100.00000000000023,14.384709307713756,0.09907054345425201,-8.563025700308975e-14
371.40000000000003,3758.445212711433,2.306113753794824,100.00000000000021,14.387896151732305,0.0954724723194578,-9.317997085842188e-14
371.5,3759.884105454707,2.3154826511929483,100.0000000000002,14.391226985291466,0.09191172805081052,-9.966413934976707e-14
371.6,3761.3233389339284,2.324497728002374,100.00000000000018,14.39467709513258,0.08839754497350226,-1.0513685773898629e-13
371.70000000000005,3762.762923853292,2.3331640747694187,100.00000000000017,14.398222124875364,0.08493850116415198,-1.0964915995626711e-13
371.8,3764.2028685032483,2.341487605165844,100.00000000000016,14.40183817350456,0.08154247447682003,-1.1324921431389833e-13
371.90000000000003,3765.643178810755,2.3494749842154397,100.00000000000014,14.405501888339161,0.07821660924599062,-1.159825050417522e-13
372.0,3767.0838583985133,2.357133553700441,100.00000000000013,14.4091905517668,0.07496729307631879,-1.1794367507181714e-13
372.1,3768.5249086525396,2.3644712557239456,100.00000000000011,14.412882161161257,0.07180014305880845,-1.1912585008987973e-13
372.20000000000005,3769.9663287973744,2.371496555335716,100.0000000000001,14.416555501531025,0.06872000070112984,-1.1963033830119307e-13
372.3,3771.4081159781713,2.378218363055647,100.00000000000009,14.420190210570047,0.06573093482461521,-1.1947842789388828e-13
372.40000000000003,3772.850265348905,2.3846459580532695,100.00000000000007,14.423766835896847,0.06283625165983733,-1.1869097308069887e-13
372.5,3774.292770165905,2.3907889126643904,100.00000000000006,14.427266884374392,0.06003851136513743,-1.1728836707220715e-13
372.6,3775.735621885926,2.3966570188484844,100.00000000000004,14.43067286349936,0.05733955019610108,-1.152905206789909e-13
372.70000000000005,3777.1788102679598,2.402260217113856,100.00000000000003,14.433968314936266,0.05474050756722984,-1.1271684588747524e-13
372.8,3778.6223234780164,2.407608528362715,100.00000000000001,14.437137840348376,0.052241857268454504,-1.095862438212865e-13
372.90000000000003,3780.0661481961088,2.4127119890359308,100.0,14.440167119744093,0.049843442127201175,-1.0591709656007059e-13
373.0,3781.51026972471,2.417580589867926,99.99999999999999,14.443042922614568,0.047544511440176546,-1.0172726234179958e-13
373.1,3782.9546720979756,2.422224218496461,99.99999999999997,14.445753112185937,0.045343760536779264,-9.703407372318462e-14
373.20000000000005,3784.3993381910627,2.42665260611025,99.99999999999996,14.448286643148542,0.04323937187695655,-9.185433831650339e-14
373.3,3785.844249828909,2.4308752782598004,99.99999999999994,14.45063355325625,0.04122905712948029,-8.620434176046166e-14
373.40000000000003,3787.2893878938835,2.4349015099036637,99.99999999999993,14.452784949211706,0.039310099721234254,-8.008707972076077e-14
373.5,3788.7347324317575,2.4387402847136195,99.99999999999991,14.45473298726939,0.03747939739339958,-7.34643282372458e-14
373.6,3790.1802627554885,2.442400258618175,99.99999999999991,14.456470848997572,0.035733504345840224,-6.65090333127486e-14
373.70000000000005,3791.6259575463573,2.445889727524142,99.99999999999991,14.457992712644252,0.034068672595933325,-5.988671557465874e-14
373.8,3793.0717949520385,2.449216599120888,99.99999999999991,14.45929372055039,0.03248089222216234,-5.361347356280255e-14
373.90000000000003,3794.5177526812336,2.4523883686410493,99.99999999999991,14.460369943048043,0.030965930205587935,-4.765846402579862e-14
374.0,3795.9638080945356,2.455412098424876,99.99999999999991,14.461218339271015,0.029519367623509055,-4.199331858465273e-14
374.1,3797.4099382912354,2.458294401112792,99.99999999999991,14.461836715292637,0.028136634989029994,-3.659193066223118e-14
374.20000000000005,3798.8561201918264,2.461041426272016,99.99999999999991,14.46222367998948,0.026813045567669922,-3.143026100233917e-14
374.3,3800.3023306159967,2.4636588502479912,99.99999999999991,14.46237859901149,0.02554382653732064,-2.6486160108279505e-14
374.40000000000003,3801.748546355938,2.466151869019646,99.99999999999991,14.462301547219448,0.02432414789090742,-2.173920608453891e-14
374.5,3803.1947442448345,2.468525193829025,99.99999999999991,14.46199325992904,0.02314914901171594,-1.717055650451084e-14
374.6,3804.640901220433,2.470783049350241,99.99999999999991,14.461455083279203,0.02201396287971442,-1.2762813053305257e-14
374.70000000000005,3806.0869943836137,2.47292917415986,99.99999999999991,14.460688924018838,0.020913737893134967,-8.499897808966002e-15
374.8,3807.5330010519237,2.47496682327045,99.99999999999991,14.459697198983502,0.019843657313268953,-4.366940128951031e-15
374.90000000000003,3808.978898808054,2.476898772490922,99.99999999999991,14.45848278451,0.018798956361773592,-3.501732025473243e-16
375.0,3810.4246655432607,2.478727324381184,99.99999999999991,14.457048966013813,0.01777493701898069,3.571356690806573e-15
375.1,3811.870279495765,2.480454315574347,99.99999999999991,14.455399387931546,0.016766980588700967,7.441244404422204e-15
375.20000000000005,3813.3157192841672,2.482081125247051,99.99999999999991,14.453538004208102,0.01577055810998952,1.1256465215831842e-14
375.3,3814.7609639359503,2.483608684527173,99.99999999999991,14.451469029486637,0.014781238709419933,1.5014533778040357e-14
375.40000000000003,3816.2059929111356,2.485037486638127,99.99999999999991,14.449196891138012,0.013794695998578979,1.8713447252698424e-14
375.5,3817.650785833043,2.4863675951295505,99.99999999999991,14.44672037939361,0.012806638751238001,2.2351650936240068e-14
375.6,3819.095319586144,2.4875986200418874,99.99999999999991,14.443985573956896,0.01181206460621861,2.5928114532494937e-14
375.70000000000005,3820.539565630982,2.4887296053649166,99.99999999999991,14.440938071584492,0.010804688900071715,2.944217463378105e-14
375.8,3821.9834899960674,2.4897589110195084,99.99999999999991,14.437523775018565,0.009777148391377544,3.289349620407151e-14
375.90000000000003,3823.4270527100266,2.490684122644636,99.99999999999991,14.433676850833143,0.008721478490525798,3.62820120045216e-14
376.0,3824.8702050538527,2.4915020575218745,99.99999999999991,14.429288125141339,0.007630748740653792,3.9607803422045253e-14
376.1,3826.3128874567597,2.492208978068677,99.99999999999991,14.42424998247777,0.006500784382551654,4.287112588619191e-14
376.20000000000005,3827.7550297208445,2.492800865036033,99.99999999999991,14.418457713005518,0.00533011832170632,4.607238917965625e-14
376.3,3829.1965487603707,2.493273643703268,99.99999999999991,14.41175856085047,0.0041185550867298805,4.921194602477358e-14
376.40000000000003,3830.6373458935677,2.4936231857955224,99.99999999999991,14.403993638933747,0.002865163413395046,5.229019250234977e-14
376.5,3832.07730687045,2.493845229466657,99.99999999999991,14.395010709657422,0.0015682755441447085,5.530759583779721e-14
376.6,3833.5163026060745,2.493935326547435,99.99999999999991,14.38466551562209,0.0002258968400190842,5.82646861422836e-14
376.70000000000005,3834.954190036288,2.4938888282239717,99.99999999999991,14.372822899449767,-0.0011639354646488438,6.116204885637167e-14
376.8,3836.390813075154,2.4937009040033606,99.99999999999991,14.359357718876673,-0.002602845369822606,6.400854136337661e-14
376.90000000000003,3837.8260036540014,2.4933665887660657,99.99999999999991,14.34415556558398,-0.004091863217585534,6.681776321158565e-14
377.0,3839.259582822968,2.492880852734383,99.99999999999991,14.327113298166374,-0.005631222071434176,6.948194898120124e-14
377.1,3840.6913618970384,2.492238689301183,99.99999999999991,14.308139401198153,-0.007220203805554524,7.199252556900438e-14
377.20000000000005,3842.1211436298427,2.4914352158583624,99.99999999999993,14.287154183550935,-0.008857032574394061,7.424488985322637e-14
377.3,3843.548723399825,2.4904657830321795,99.99999999999994,14.264089829959037,-0.010538812653859038,7.577423083819947e-14
377.40000000000003,3844.973890394838,2.4893260880630037,99.99999999999996,14.238890320339268,-0.012261507074993745,7.659668101937558e-14
377.5,3846.396428782666,2.488012288448451,99.99999999999997,14.211511231576903,-0.014019953021232014,7.664793723936412e-14
377.6,3847.816118856468,2.4865211123889837,99.99999999999999,14.181919436420994,-0.015807909637191607,7.595680035456539e-14
377.70000000000005,3849.232738145557,2.48484996302114,100.0,14.150092713825131,-0.017618133700211633,7.455035744007439e-14
377.8,3850.6460624833703,2.482997013883179,100.00000000000001,14.116019284561755,-0.019442478530132645,7.247265034948383e-14
377.90000000000003,3852.0558670258138,2.4809612935195173,100.00000000000003,14.07969728526746,-0.02127201154792251,6.983253710554286e-14
378.0,3853.461927214451,2.47874275758334,100.00000000000003,14.04113419328067,-0.023097146027096043,6.671927424555102e-14
378.1,3854.8640196801994,2.476342347232218,100.00000000000003,14.000346213747989,-0.02490778279792691,6.361652366201986e-14
378.20000000000005,3856.2619230842906,2.4737620330218744,100.00000000000003,13.957357639533473,-0.026693457947533333,6.053731451297987e-14
378.3,3857.6554188942687,2.471004843882641,100.00000000000003,13.912200193495165,-0.028443492892480136,5.757662729382053e-14
378.40000000000003,3859.0442920936907,2.4680748811072375,100.00000000000003,13.864912361720588,-0.03014714356942282,5.472783131487953e-14
378.5,3860.4283318250273,2.464977317584619,100.00000000000003,13.815538725357703,-0.031793745879088696,5.198477724246699e-14
378.6,3861.8073319659543,2.4617183827811884,100.00000000000003,13.764129297755977,-0.0333728549170534,4.934176000826473e-14
378.70000000000005,3863.181091639873,2.4583053341975085,100.00000000000003,13.710738872756032,-0.034874375920488976,4.679348442831911e-14
378.8,3864.5494156620307,2.454746416216358,100.00000000000003,13.65542638914407,-0.03628868524456709,4.433503334252246e-14
378.90000000000003,3865.9121149230705,2.4510508074081283,100.00000000000003,13.598254315523285,-0.03760674004854957,4.196183810109334e-14
379.0,3867.2690067122444,2.447228557474204,100.00000000000003,13.53928805915201,-0.038820175714250386,3.9669651238205344e-14
379.1,3868.619914982831,2.443290515090667,100.00000000000003,13.478595401656799,-0.03992139033545076,3.7454521184865105e-14
379.20000000000005,3869.9646705625646,2.4392482479662556,100.00000000000003,13.41624596394666,-0.04090361590296743,3.531276888365999e-14
379.3,3871.3031113120974,2.4351139564529856,100.00000000000003,13.3523107021298,-0.04176097606586475,3.324096617732312e-14
379.40000000000003,3872.6350822346567,2.4309003820483066,100.00000000000003,13.28686143576254,-0.042488530574089946,3.1235915851395706e-14
379.5,3873.9604355401857,2.426620712107143,100.00000000000003,13.219970409338066,-0.04308230670250003,2.929463321878375e-14
379.6,3875.279030667317,2.4222884820436836,100.00000000000003,13.151709887546073,-0.04353931812152757,2.7414329140849603e-14
379.70000000000005,3876.590734266571,2.417917476249143,100.00000000000003,13.082151784499283,-0.043857571817433674,2.559239438597358e-14
379.8,3877.895420148173,2.4135216288856274,100.00000000000003,13.011367326825262,-0.04403606377676625,2.3826385232359597e-14
379.90000000000003,3879.1929691978557,2.4091149256402167,100.00000000000003,12.93942675025903,-0.04407476423733414,2.2114010227323883e-14
380.0,3880.4832692639757,2.404711307439657,100.00000000000003,12.866399029139421,-0.0439745933737565,2.0453118020449614e-14
380.1,3881.7662150191886,2.400324577036827,100.00000000000003,12.79235163800867,-0.043737388331492336,1.884168619286575e-14
380.20000000000005,3883.0417077998522,2.395968309287184,100.00000000000003,12.717350344336532,-0.04336586255146392,1.7277811009542045e-14
380.3,3884.30965542621,2.391655765838461,100.00000000000003,12.641459031236186,-0.042863558339593794,1.5759698025910942e-14
380.40000000000003,3885.5699720062935,2.3873998148614097,100.00000000000003,12.564739548907083,-0.04223479363417066,1.4285653484347427e-14
380.5,3886.822577726349,2.3832128563546826,100.00000000000003,12.487251593428322,-0.041484603910466544,1.2854076440069633e-14
380.6,3888.067398630451,2.379106753464104,100.00000000000003,12.409052611433703,-0.040618680138325744,1.1463451559874634e-14
380.70000000000005,3889.30436639181,2.3750927701665665,100.00000000000003,12.330197729125333,-0.03964330367610822,1.0112342540800162e-14
380.8,3890.5334180781365,2.3711815155823617,100.00000000000003,12.250739704025063,-0.03856527894492268,8.799386099305355e-15
380.90000000000003,3891.754495913245,2.3673828950975886,100.00000000000003,12.170728897821995,-0.0373918646819122,7.523286484898925e-15
381.0,3892.9675470369307,2.363706068400845,100.00000000000003,12.09021326864764,-0.036130704521705914,6.282810475306559e-15
381.1,3894.1725232649733,2.36015941446613,100.00000000000003,12.009238381098594,-0.03478975760211142,5.076782813271328e-15
381.20000000000005,3895.369380850961,2.356750503447029,100.00000000000003,11.927847432327745,-0.033377229834840705,3.904082047916997e-15
381.3,3896.558080251459,2.3534860753859923,100.00000000000003,11.846081292538887,-0.03190150642536485,2.763636746283142e-15
381.40000000000003,3897.7385858958764,2.3503720255869855,100.00000000000003,11.763978558244979,-0.03037108616872741,1.6544220431630587e-15
381.5,3898.9108659622316,2.34741339644995,100.00000000000003,11.68157561668627,-0.028794517990877424,5.754564997471158e-16
381.6,3900.0748921598533,2.3446143755214086,100.00000000000003,11.59890671985038,-0.02718034014876795,-4.742007561992423e-16
381.70000000000005,3901.2306395198993,2.341978299476976,100.00000000000003,11.516004066590773,-0.025537022447146444,-1.4954526338083619e-15
381.8,3902.378086194432,2.3395076637184573,100.00000000000003,11.432897891402519,-0.023872911776528383,-2.4891664494670637e-15
381.90000000000003,3903.517213264647,2.3372041372403385,100.00000000000003,11.349616558483174,-0.022196181225228907,-3.4561760854667907e-15
382.0,3904.648004558718,2.3350685823976827,100.00000000000003,11.266186659781548,-0.020514782969288447,-4.39728395665328e-15
382.1,3905.7704464795947,2.3331010791894085,100.00000000000003,11.182633115816978,-0.018836405097354413,-5.313262803193341e-15
382.20000000000005,3906.8845278429726,2.331300953657441,100.00000000000003,11.098979278134868,-0.0171684324836565,-6.204857326097849e-15
382.3,3907.990239725548,2.3296668099930007,100.00000000000003,11.015247032351136,-0.015517911781073965,-7.072785680759039e-15
382.40000000000003,3909.0875753235646,2.3281965659360218,100.00000000000003,10.93145690082627,-0.013891520567979569,-7.91774084247904e-15
382.5,3910.176529821574,2.326887491052139,100.00000000000003,10.847628144099142,-0.012295540647097383,-8.74039185677221e-15
382.6,3911.2571002712443,2.325736247473481,100.00000000000003,10.763778860300631,-0.010735835462183565,-9.54138498611236e-15
382.70000000000005,3912.329285479978,2.3247389326944568,100.00000000000003,10.67992608185587,-0.009217831568540951,-1.0321344763765875e-14
382.8,3913.3930859090424,2.323891124021481,100.00000000000003,10.596085868871965,-0.007746504066617573,-1.1080874964390328e-14
382.90000000000003,3914.448503580848,2.3231879242858784,100.00000000000003,10.512273398693699,-0.006326365883712116,-1.1820559500188818e-14
383.0,3915.495541994975,2.322624008441824,100.00000000000003,10.42850305119298,-0.004961460767310189,-1.2540963250581938e-14
383.1,3916.534206052499,2.322193670685768,100.00000000000003,10.344788489437603,-0.003655359834633198,-1.3242632832593831e-14
383.20000000000005,3917.56450198814,2.3218908717502025,100.00000000000003,10.261142735461661,-0.00241116150646629,-1.3926097318434958e-14
383.3,3918.586437309735,2.3217092860425326,100.00000000000003,10.17757824093192,-0.001231494639132568,-1.459186890610828e-14
383.40000000000003,3919.60002074452,2.3216423483190556,100.00000000000003,10.094106952572623,-0.0001185246565845034,-1.5240443548255214e-14
383.5,3920.6052621916806,2.3216832996043455,100.00000000000003,10.01074037227422,0.0009260375251301882,-1.587230154389654e-14
383.6,3921.6021726806553,2.3218252320875314,100.00000000000003,9.927489611870302,0.0019009239966588582,-1.648790809720435e-14
383.70000000000005,3922.590764334647,2.322061132748821,100.00000000000003,9.844365442619809,0.0028052959986225993,-1.7087713846966362e-14
383.8,3923.5710503388204,2.322383925491951,100.00000000000003,9.761378339480336,0.003638727934709255,-1.7672155369965947e-14
383.90000000000003,3924.5430449126766,2.3227865115809148,100.00000000000003,9.678538520301007,0.004401189481995775,-1.824165566110234e-14
384.0,3925.5067632860932,2.323261808202085,100.00000000000003,9.59585598010157,0.0050930260265281335,-1.879662459271169e-14
384.1,3926.4622216785588,2.323802784995626,100.00000000000003,9.513340520637174,0.005714937651129259,-1.933745935521848e-14
384.20000000000005,3927.4094372811373,2.324402498422667,100.00000000000003,9.431001775476195,0.0062679568999240015,-1.9864544880948734e-14
384.3,3928.3484282407258,2.3250541238569764,100.00000000000003,9.34884923084148,0.006753425540181676,-2.037825425266775e-14
384.40000000000003,3929.279213646194,2.3257509853116902,100.00000000000003,9.266892242484218,0.0071729705369624926,-2.0878949098163555e-14
384.5,3930.201813516028,2.3264865827328904,100.00000000000003,9.185140048873551,0.007528479449679631,-2.136697997198422e-14
384.6,3931.116248787117,2.327254616812371,100.00000000000003,9.103601780995023,0.007822075452229871,-2.184268672524809e-14
384.70000000000005,3932.022541304367,2.328049011291689,100.00000000000003,9.022286469057281,0.00805609217001374,-2.2306398864280198e-14
384.8,3932.9207138108395,2.3288639327484653,100.00000000000003,8.941203046408809,0.008233048517682591,-2.275843589868416e-14
384.90000000000003,3933.810789938156,2.3296938078737837,100.00000000000003,8.860360350965795,0.008355623711446152,-2.3199107679335348e-14
385.0,3934.692794196935,2.330533338266384,100.00000000000003,8.779767124448536,0.008426632618890508,-2.3628714726675938e-14
385.1,3935.5667519670533,2.331377512785079,100.00000000000003,8.699432009717247,0.008449001597822236,-2.4047548549604405e-14
385.20000000000005,3936.4326894875567,2.3322216175153723,100.00000000000003,8.619363546489273,0.00842574496378833,-2.4455891955180305e-14
385.3,3937.2906338460775,2.3330612434196247,100.00000000000003,8.539570165709048,0.0083599422136444,-2.4854019349305777e-14
385.40000000000003,3938.1406129676266,2.3338922917522114,100.00000000000003,8.460060182829082,0.00825471611986786,-2.5242197028501296e-14
385.5,3938.982655602673,2.334710977331957,100.00000000000003,8.38084179024649,0.00811321179776448,-2.5620683462857682e-14
385.6,3939.816791314434,2.3355138297737015,100.00000000000003,8.301923049123829,0.007938576834667333,-2.5989729570223388e-14
385.70000000000005,3940.643050465325,2.336297692789127,100.00000000000003,8.223311880806884,0.007733942557660847,-2.6349578981670513e-14
385.8,3941.4614642025385,2.3370597216739912,100.00000000000003,8.14501605803495,0.007502406503531442,-2.670046829827559e-14
385.90000000000003,3942.272064442743,2.3377973791046567,100.00000000000003,8.067043196121732,0.007247016142289349,-2.7042627339249368e-14
386.0,3943.0748838559043,2.3385084293713287,100.00000000000003,7.9894007442670345,0.006970753893377743,-2.7376279381455805e-14
386.1,3943.86995584825,2.339190931178742,100.00000000000003,7.912095977142031,0.006676523461991846,-2.7701641390367493e-14
386.20000000000005,3944.6573145444117,2.3398432291471916,100.00000000000003,7.835135986872987,0.006367137511498525,-2.801892424251817e-14
386.3,3945.4369947687924,2.3404639441478787,100.00000000000003,7.7585276755311945,0.006045306677254788,-2.832833293952773e-14
386.40000000000003,3946.2090320262078,2.3410519626065383,100.00000000000003,7.682277748219956,0.005713629916798408,-2.8630066813792666e-14
386.5,3946.9734624818725,2.3416064249083335,100.00000000000003,7.606392706833394,0.005374586181847867,-2.892431972595208e-14
386.6,3947.730322940797,2.342126713035099,100.00000000000003,7.530878844546226,0.005030527388632157,-2.9211280254260137e-14
386.70000000000005,3948.4796508266736,2.342612437563241,100.00000000000003,7.455742241079075,0.004683672654808758,-2.94911318760132e-14
386.8,3949.221484160326,2.3430634241470596,100.00000000000003,7.380988758769932,0.004336103763848038,-2.976405314120063e-14
386.90000000000003,3949.9558615378096,2.3434796996079896,100.00000000000003,7.306624039469737,0.00398976181095343,-3.003021783856485e-14
387.0,3950.6828221082433,2.3438614777453806,100.00000000000003,7.232653502268126,0.0036464449787351836,-3.028979515427416e-14
387.1,3951.4024055514524,2.344209144978971,100.00000000000003,7.159082342044451,0.0033078073856400384,-3.0542949823427724e-14
387.20000000000005,3952.11465205551,2.3445232459273044,100.00000000000003,7.085915528829669,0.002975358945786326,-3.078984227462612e-14
387.3,3952.8196022942525,2.344804469020003,100.00000000000003,7.013157807955788,0.002650466175173649,-3.1030628767853194e-14
387.40000000000003,3953.5172974048496,2.345053632235164,100.00000000000003,6.94081370096201,0.002334353876448056,-3.1265461525926723e-14
387.5,3954.2077789655004,2.3452716690462445,100.00000000000003,6.868887507220115,0.0020281076321631104,-3.1494488859782725e-14
387.6,3954.8910889733256,2.3454596146557285,100.00000000000003,6.797383306235958,0.0017326770350439401,-3.171785528786676e-14
387.70000000000005,3955.567269822523,2.345618592585656,100.00000000000003,6.726304960579529,0.0014488795830137529,-3.1935701649908716e-14
387.8,3956.2363642828445,2.3457498016878744,100.00000000000003,6.655656119392203,0.0011774051665102152,-3.2148165215361983e-14
387.90000000000003,3956.8984154784507,2.3458545036296314,100.00000000000003,6.585440222417107,0.0009188210761143397,-3.2355379786788434e-14
388.0,3957.553466867192,2.345934010902983,100.00000000000003,6.515660504496692,0.0006735774594434831,-3.2557475798469435e-14
388.1,3958.2015622203617,2.3459896753994456,100.00000000000003,6.4463200004804495,0.0004420131577562991,-3.275458041052126e-14
388.20000000000005,3958.8427456029553,2.346022877584468,100.00000000000003,6.377421550485279,0.00022436185464210802,-3.294681759878889e-14
388.3,3959.4770613544747,2.346035016299646,100.00000000000003,6.308967805451453,2.075847153519176e-05,-3.3134308240786406e-14
388.40000000000003,3960.104554070297,2.346027499214212,100.00000000000003,6.240961232937971,-0.00016875425251090242,-3.331717019794536e-14
388.5,3960.7252685836356,2.3460017339412147,100.00000000000003,6.173404123102513,-0.00034421905638303246,-3.3495518394424023e-14
388.6,3961.339249948103,2.3459591198280223,100.00000000000003,6.106298594813255,-0.0005057573840312293,-3.366946489272161e-14
388.70000000000005,3961.946543420892,2.34590104042532,100.00000000000003,6.0396466018422785,-0.0006535625959398216,-3.3839118966329964e-14
388.8,3962.547194446578,2.3458288566336796,100.00000000000003,5.973449939092691,-0.000787893214046052,-3.400458716964608e-14
388.90000000000003,3963.141248641542,2.345743900522064,100.00000000000003,5.907710248815029,-0.0009090662453885097,-3.416597340535532e-14
389.0,3963.728751779014,2.345647469808288,100.00000000000003,5.8424290267716295,-0.0010174506258840874,-3.4323378989483294e-14
389.1,3964.309749774731,2.3455408229875188,100.00000000000003,5.777607628311081,-0.0011134608216492397,-3.4476902714302743e-14
389.20000000000005,3964.884288673191,2.345425175091353,100.00000000000003,5.7132472743185145,-0.0011975506214487734,-3.462664090926749e-14
389.3,3965.4524146345007,2.345301694056847,100.00000000000003,5.649349057011244,-0.0012702071497402822,-3.4772687500133506e-14
389.40000000000003,3966.0141739217893,2.3451714976821267,100.00000000000003,5.585913945552986,-0.0013319451260445417,-3.491513406641335e-14
389.5,3966.5696128891764,2.3450356511428128,100.00000000000003,5.52294279146354,-0.001383301392555516,-3.5054069897298065e-14
389.6,3967.118777970268,2.344895165041503,100.00000000000003,5.460436333804487,-0.0014248297281742506,-3.51895820461678e-14
389.70000000000005,3967.661715667162,2.344750993960904,100.00000000000003,5.398395204125255,-0.0014570959636040807,-3.532175538379943e-14
389.8,3968.1984725399298,2.3446040354899185,100.00000000000003,5.336819931157063,-0.001480673408794191,-3.545067265036884e-14
389.90000000000003,3968.7290951965624,2.3444551296910214,100.00000000000003,5.2757109452459545,-0.0014961386007257833,-3.557641450633225e-14
390.0,3969.253630283341,2.3443050589766252,100.00000000000003,5.215068582519077,-0.0015040673765160122,-3.5699059582261826e-14
390.1,3969.7721244756117,2.344154548361765,100.00000000000003,5.154893088781367,-0.001505031273979127,-3.581868452769932e-14
390.20000000000005,3970.2846244689367,2.3440042660603706,100.00000000000003,5.095184623142746,-0.0014995942590719162,-3.593536405908232e-14
390.3,3970.7911769705966,2.343854824392562,100.00000000000003,5.035943261378445,-0.0014883097772695035,-3.6049171006788034e-14
390.40000000000003,3971.291828691412,2.3437067809708187,100.00000000000003,4.977168999027241,-0.0014717181237018536,-3.616017636133239e-14
390.5,3971.786626337865,2.3435606401334916,100.00000000000003,4.91886175423492,-0.0014503441247837102,-3.6268449318753115e-14
390.6,3972.2756166044933,2.3434168545949428,100.00000000000003,4.861021370351749,-0.0014246951224062335,-3.637405732519951e-14
390.70000000000005,3972.7588461665277,2.343275827282576,100.00000000000003,4.8036476182945655,-0.0013952592500766823,-3.647706612074589e-14
390.8,3973.23636167276,2.343137913332146,100.00000000000003,4.746740198685671,-0.001362503989070644,-3.657753978243825e-14
390.90000000000003,3973.708209738609,2.343003422213994,100.00000000000003,4.690298743781522,-0.0013268749915064512,-3.6675540766581665e-14
391.0,3974.1744369393764,2.3428726199642127,100.00000000000003,4.634322819205555,-0.0012887951562871782,-3.677112995026922e-14
391.1,3974.635089803658,2.3427457314961897,100.00000000000003,4.578811925499874,-0.0012486639430406283,-3.686436667215239e-14
391.20000000000005,3975.090214806909,2.3426229429694967,100.00000000000003,4.523765499511297,-0.0012068569086756738,-3.6955308772447846e-14
391.3,3975.539858365136,2.342504404194652,100.00000000000003,4.469182915627587,-0.001163725450676658,-3.7044012632174515e-14
391.40000000000003,3975.984066828708,2.3423902310538858,100.00000000000003,4.4150634868795855,-0.001119596741071893,-3.7130533211613503e-14
391.5,3976.4228864762713,2.342280507919653,100.00000000000003,4.361406465925186,-0.0010747738348434615,-3.7214924087981786e-14
391.6,3976.8563635087557,2.3421752900542523,100.00000000000003,4.308211045930859,-0.0010295359366561225,-3.72972374923098e-14
391.70000000000005,3977.284544043467,2.342074605975528,100.00000000000003,4.255476361365978,-0.0009841388098330872,-3.737752434551378e-14
391.8,3977.7074741082533,2.341978459775219,100.00000000000003,4.203201488724829,-0.0009388153119282677,-3.745583429365328e-14
391.90000000000003,3978.125199635741,2.3418868333780574,100.00000000000003,4.151385447190579,-0.0008937760415035692,-3.7532215742365126e-14
392.0,3978.537766457635,2.3417996887312578,100.00000000000003,4.100027199254822,-0.0008492100812502939,-3.760671589046606e-14
392.1,3978.9452202990797,2.3417169699154714,100.00000000000003,4.0491256513054585,-0.0008052858231358686,-3.767938076271766e-14
392.20000000000005,3979.347606773077,2.3416386051696993,100.00000000000003,3.998679654194936,-0.0007621518618869685,-3.7750255241748243e-14
392.3,3979.744971374961,2.341564508823984,100.00000000000003,3.948688003799936,-0.0007199379438204073,-3.781938309912814e-14
392.40000000000003,3980.137359476927,2.3414945831349696,100.00000000000003,3.8991494415825985,-0.0006787559586629795,-3.7886807025597063e-14
392.5,3980.5248163226197,2.34142872002061,100.00000000000003,3.8500626551624983,-0.0006387009629284417,-3.795256866044322e-14
392.6,3980.9073870217785,2.3413668026914123,100.00000000000003,3.8014262789075084,-0.0005998522240824301,-3.801670862003658e-14
392.70000000000005,3981.285116544943,2.3413087071766427,100.00000000000003,3.7532388945506856,-0.0005622742755807435,-3.8079266525520714e-14
392.8,3981.6580497182204,2.341254303744865,100.00000000000003,3.705499031839404,-0.0005260179737110615,-3.8140281029668846e-14
392.90000000000003,3982.026231218122,2.3412034582190557,100.00000000000003,3.658205169221913,-0.0004911215479094932,-3.8199789842912687e-14
393.0,3982.3897055664697,2.341156033187323,100.00000000000003,3.61135573457549,-0.00045761163721156993,-3.82578297585538e-14
393.1,3982.748517125376,2.341111889110959,100.00000000000003,3.564949105979575,-0.00042550430606730534,-3.8314436677169964e-14
393.20000000000005,3983.1027100923056,2.3410708853321847,100.00000000000003,3.518983612536118,-0.0003948060337778463,-3.8369645630230096e-14
393.3,3983.4523284952206,2.3410328809844896,100.00000000000003,3.4734575352389,-0.0003655146723915379,-3.8423490802933034e-14
393.40000000000003,3983.797416187815,2.3409977358089384,100.00000000000003,3.428369107892393,-0.0003376203687688722,-3.847600555628763e-14
393.5,3984.138016844844,2.3409653108802213,100.00000000000003,3.383716518080205,-0.00031110644712885365,-3.8527222448452515e-14
393.6,3984.4741739575525,2.340935469246548,100.00000000000003,3.339497908182441,-0.00028595024916514564,-3.8577173255355293e-14
393.70000000000005,3984.8059308292068,2.340908076487753,100.00000000000003,3.2957113764406327,-0.0002621239293757386,-3.8625888990612136e-14
393.8,3985.1333305707376,2.3408830011961816,100.00000000000003,3.2523549780682752,-0.0002395952038728378,-3.867339992476998e-14
393.90000000000003,3985.4564160964924,2.3408601153850714,100.00000000000003,3.2094267264045975,-0.00021832805155167932,-3.8719735603893686e-14
394.0,3985.775230120109,2.340839294829229,100.00000000000003,3.16692459410874,-0.00019828336688389823,-3.8764924867521994e-14
394.1,3986.089815150508,2.3408204193428523,100.00000000000003,3.1248465143910216,-0.0001794195642312469,-3.8808995866015994e-14
394.20000000000005,3986.4002134880116,2.3408033729993436,100.00000000000003,3.0831903822776883,-0.00016169313385590834,-3.885197607732484e-14
394.3,3986.706467220589,2.3407880442979048,100.00000000000003,3.0419540559054115,-0.00014505915030083927,-3.889389232319274e-14
394.40000000000003,3987.008618220233,2.3407743262816427,100.00000000000003,3.0011353578413686,-0.00012947173407192294,-3.8934770784832367e-14
394.5,3987.306708139472,2.340762116611786,100.00000000000003,2.960732076424855,-0.00011488446793885136,-3.897463701808849e-14
394.6,3987.6007784080116,2.340751317602478,100.00000000000003,2.920741967125942,-0.00010125076933998353,-3.901351596811702e-14
394.70000000000005,3987.890870229519,2.3407418362204564,100.00000000000003,2.8811627539170255,-8.85242206650975e-05,-3.9051431983602664e-14
394.8,3988.1770245785415,2.3407335840537216,100.00000000000003,2.841992130652785,-7.665885936462607e-05,-3.908840883053912e-14
394.90000000000003,3988.459282197563,2.3407264772531264,100.00000000000003,2.803227762454312,-6.560942993240161e-05,-3.912446970559476e-14
395.0,3988.737683594201,2.340720436450576,100.00000000000003,2.7648672870932316,-5.533160002924202e-05,-3.9159637249085585e-14
395.1,3989.0122690385397,2.3407153866573145,100.00000000000003,2.726908316371602,-4.5782142954080597e-05,-3.91939335575778e-14
395.20000000000005,3989.283078560603,2.340711257145554,100.00000000000003,2.689348437493861,-3.691908883876942e-05,-3.922738019613974e-14
395.3,3989.5501519479612,2.3407079813164424,100.00000000000003,2.6521852144267326,-2.870184694668843e-05,-3.925999821026415e-14
395.40000000000003,3989.8135287434766,2.340705496557154,100.00000000000003,2.6154161892438914,-2.1091301427174408e-05,-3.9291808137478474e-14
395.5,3990.0732482431786,2.340703744089628,100.00000000000003,2.5790388834517923,-1.4049882861967822e-05,-3.9322830018662e-14
395.6,3990.329349494273,2.3407026688132726,100.00000000000003,2.543050799293662,-7.54161794776594e-06,-3.935308340908634e-14
395.70000000000005,3990.581871293282,2.3407022191436933,100.00000000000003,2.5074494210288822,-1.5321595451210143e-06,-3.9382587389194915e-14
395.8,3990.8308521843046,2.340702346849311,100.00000000000003,2.4722322161850596,4.011200718294664e-06,-3.9411360575136986e-14
395.90000000000003,3991.0763304574084,2.3407030068875025,100.00000000000003,2.437396636780579,9.119535194715187e-06,-3.943942112906917e-14
396.0,3991.318344147137,2.340704157241701,100.00000000000003,2.4029401205156278,1.382229629576098e-05,-3.9466786769237466e-14
396.1,3991.5569310311357,2.34070575876069,100.00000000000003,2.3688600919298715,1.8147344045439325e-05,-3.9493474779851763e-14
396.20000000000005,3991.792128628894,2.3407077750011513,100.00000000000003,2.3351539635253835,2.2120983274309666e-05,-3.951950202076292e-14
396.3,3992.023974200594,2.340710172074347,100.00000000000003,2.3018191368535903,2.576800884114462e-05,-3.954488493695262e-14
396.40000000000003,3992.25250474607,2.3407129184976556,100.00000000000003,2.2688530035653174,2.9111757290312733e-05,-3.956963956784422e-14
396.5,3992.4777570038686,2.3407159850515424,100.00000000000003,2.236252946423277,3.217416355716066e-05,-3.959378155644262e-14
396.6,3992.6997674504087,2.340719344642392,100.00000000000003,2.2040163402765187,3.497582141512632e-05,-3.9617326158310065e-14
396.70000000000005,3992.9185722992374,2.3407229721715272,100.00000000000003,2.1721405529967193,3.753604649012426e-05,-3.9640288250383695e-14
396.8,3993.1342075003786,2.3407268444106117,100.00000000000003,2.1406229463762236,3.9872940785459925e-05,-3.9662682339640454e-14
396.90000000000003,3993.346708739767,2.340730939883541,100.00000000000003,2.109460876988137,4.2003457780214246e-05,-3.968452257161367e-14
397.0,3993.556111438768,2.3407352387548404,100.00000000000003,2.0786516970089113,4.3943467330063735e-05,-3.970582273876515e-14
397.1,3993.762450753777,2.3407397227245093,100.00000000000003,2.04819275500402,4.570781959400622e-05,-3.9726596288715707e-14
397.20000000000005,3993.9657615758983,2.3407443749291863,100.00000000000003,2.018081396677352,4.731040742932346e-05,-3.974685633233743e-14
397.3,3994.166078530692,2.3407491798494555,100.00000000000003,1.9883149655853538,4.8764226759775714e-05,-3.976661565170946e-14
397.40000000000003,3994.3634359779962,2.340754123223071,100.00000000000003,1.9588908038169535,5.00814344729114e-05,-3.978588670793834e-14
397.5,3994.55786801181,2.340759191963833,100.00000000000003,1.9298062526402446,5.1273403547482284e-05,-3.980468164884535e-14
397.6,3994.749408460246,2.3407643740858304,100.00000000000003,1.9010586531173552,5.235077519675347e-05,-3.982301231652058e-14
397.70000000000005,3994.938090885535,2.3407696586327367,100.00000000000003,1.8726453466885684,5.3323507794265835e-05,-3.984089025474521e-14
397.8,3995.123948584096,2.3407750356118378,100.00000000000003,1.8445636757273485,5.420092254461024e-05,-3.985832671628139e-14
397.90000000000003,3995.3070145866527,2.3407804959324605,100.00000000000003,1.8168109840673814,5.4991745833653297e-05,-3.98753326700309e-14
398.0,3995.4873216584065,2.340786031348469,100.00000000000003,1.7893846175033168,5.5704148263843586e-05,-3.98919188080614e-14
398.1,3995.6649022992565,2.340791634404503,100.00000000000003,1.7622819242664498,5.634578043535936e-05,-3.990809555250128e-14
398.20000000000005,3995.839788744066,2.3407972983856338,100.00000000000003,1.7355002554770311,5.6923805575620605e-05,-3.9923873062301715e-14
398.3,3996.0120129629718,2.340803017270133,100.00000000000003,1.709036965574449,5.744492915618766e-05,-3.99392612398667e-14
398.40000000000003,3996.1816066617384,2.340808785685058,100.00000000000003,1.682889412726967,5.791542563445409e-05,-3.9954269737549584e-14
398.5,3996.34860128215,2.340814598864373,100.00000000000003,1.657054959222144,5.834116251283112e-05,-3.9968907964017284e-14
398.6,3996.5130280024405,2.3408204526093543,100.00000000000003,1.6315309718395958,5.872762190458932e-05,-3.9983185090480495e-14
398.70000000000005,3996.674917737762,2.3408263432510314,100.00000000000003,1.6063148222072585,5.907991983785611e-05,-3.9997110056790806e-14
398.8,3996.834301140686,2.340832267614459,100.00000000000003,1.5814038871424978,5.940282347053919e-05,-4.001069157740422e-14
398.90000000000003,3996.9912086017384,2.340838222984612,100.00000000000003,1.5567955489793204,5.970076649533892e-05,-4.00239381472112e-14
399.0,3997.1456702499677,2.340844207073741,100.00000000000003,1.5324871958828306,5.997786289696317e-05,-4.0036858047233403e-14
399.1,3997.297715953543,2.3408502179900297,100.00000000000003,1.5084762221520285,6.0237919311272004e-05,-4.0049459350187605e-14
399.20000000000005,3997.447375320383,2.3408562542074267,100.00000000000003,1.4847600285120293,6.048444617858495e-05,-4.0061749925917096e-14
399.3,3997.5946776988108,2.3408623145365417,100.00000000000003,1.4613360223965866,6.0720667897265314e-05,-4.007373744669163e-14
399.40000000000003,3997.7396521782407,2.340868398096515,100.00000000000003,1.4382016182219366,6.094953218996584e-05,-4.008542939237606e-14
399.5,3997.8823275898885,2.3408745042877905,100.00000000000003,1.4153542376526775,6.117371882005328e-05,-4.009683305546941e-14
399.6,3998.0227325075093,2.3408806327657357,100.00000000000003,1.3927913098605151,6.139564783762974e-05,-4.010795554601473e-14
399.70000000000005,3998.160895248162,2.340886783415069,100.00000000000003,1.3705102717764621,6.161748752899663e-05,-4.011880379638202e-14
399.8,3998.2968438729968,2.3408929563250735,100.00000000000003,1.348508568337175,6.184116216445601e-05,-4.012938456592488e-14
399.90000000000003,3998.430606188067,2.3408991517655773,100.00000000000003,1.3267836527258652,6.206835967944229e-05,-4.013970444551318e-14
400.0,3998.562209745168,2.340905370163707,100.00000000000003,1.3053329866084518,6.230053939044565e-05,-4.014976986194268e-14
400.1,3998.6916818426935,2.3409116120814155,100.00000000000003,1.2841540403650553,6.253893983853556e-05,-4.015958708222479e-14
400.20000000000005,3998.819049526522,2.340917878193805,100.00000000000003,1.2632442933174897,6.278458681104482e-05,-4.0169162217757215e-14
400.3,3998.9443395909207,2.3409241692682605,100.00000000000003,1.2426012339527452,6.3038301589985e-05,-4.0178501228378827e-14
400.40000000000003,3999.0675785794715,2.340930486144426,100.00000000000003,1.2222223601429139,6.330070950241916e-05,-4.01876099263103e-14
400.5,3999.188792786023,2.340936829715047,100.00000000000003,1.202105179361626,6.357224878198244e-05,-4.0196493979983186e-14
400.6,3999.30800825566,2.3409432009077187,100.00000000000003,1.1822472088970757,6.38531797204798e-05,-4.0205158917760204e-14
400.70000000000005,3999.425250785695,2.340949600667562,100.00000000000003,1.162645976061877,6.414359415366983e-05,-4.0213610131548614e-14
400.8,3999.5405459266826,2.3409560299408656,100.00000000000003,1.143299018399585,6.444342525799882e-05,-4.022185288031033e-14
400.90000000000003,3999.6539189834507,2.340962489659721,100.00000000000003,1.1242038838880957,6.475245762138597e-05,-4.0229892293470415e-14
401.0,3999.7653950161557,2.3409689807276792,100.00000000000003,1.105358131139769,6.50703375853858e-05,-4.0237733374227326e-14
401.1,3999.874998841355,2.340975504006453,100.00000000000003,1.0867593295982168,6.539658379837415e-05,-4.024538100276783e-14
401.20000000000005,3999.9827550331,2.3409820603036806,100.00000000000003,1.0684050597317538,6.573059795828958e-05,-4.025283993938886e-14
401.3,4000.0886879240484,2.3409886503617754,100.00000000000003,1.0502929132234153,6.607167566298395e-05,-4.026011482752909e-14
401.40000000000003,4000.192821606594,2.3409952748478626,100.00000000000003,1.0324204931573036,6.641901738358582e-05,-4.026721019671398e-14
401.5,4000.2951799340176,2.3410019343448143,100.00000000000003,1.0147854142013208,6.677173941009598e-05,-4.027413046541566e-14
401.6,4000.3957865216526,2.3410086293433783,100.00000000000003,0.9973853027859876,6.712888479408976e-05,-4.0280879943831506e-14
401.70000000000005,4000.4946647480715,2.3410153602353994,100.00000000000003,0.9802177972793493,6.748943420985835e-05,-4.028746283658354e-14
401.8,4000.5918377562875,2.3410221273081167,100.00000000000003,0.9632805481577021,6.785231664264441e-05,-4.02938832453417e-14
401.90000000000003,4000.6873284549733,2.3410289307395216,100.00000000000003,0.9465712181720424,6.82164198835564e-05,-4.0300145171373325e-14
402.0,4000.781159519698,2.341035770594754,100.00000000000003,0.9300874825101794,6.858060078759952e-05,-4.0306252518021524e-14
402.1,4000.8733533941772,2.3410426468235066,100.00000000000003,0.9138270289542019,6.894369517464985e-05,-4.0312209093114996e-14
402.20000000000005,4000.9639322915414,2.341049559258403,100.00000000000003,0.8977875580332905,6.930452741273115e-05,-4.031801861131181e-14
402.3,4001.0529181956167,2.341056507614314,100.00000000000003,0.8819667831717234,6.966191956684203e-05,-4.0323684696379325e-14
402.40000000000003,4001.140332862223,2.341063491488567,100.00000000000003,0.8663624308319431,7.0014700109457e-05,-4.032921088341263e-14
402.5,4001.2261978204847,2.3410705103620018,100.00000000000003,0.8509722406525623,7.03617121622129e-05,-4.033460062099398e-14
402.6,4001.310534374153,2.3410775636008263,100.00000000000003,0.8357939655812324,7.070182118107758e-05,-4.033985727329501e-14
402.70000000000005,4001.3933636029465,2.341084650459211,100.00000000000003,0.8208253720023354,7.103392211890331e-05,-4.034498412212384e-14
402.8,4001.474706363897,2.3410917700825737,100.00000000000003,0.8060642398593133,7.135694601824106e-05,-4.034998436891944e-14
402.90000000000003,4001.554583292715,2.341098921511493,100.00000000000003,0.7915083627717369,7.16698659959169e-05,-4.035486113669438e-14
403.0,4001.6330148051616,2.34110610368619,100.00000000000003,0.7771555481468697,7.197170264842612e-05,-4.035961747192888e-14
403.1,4001.7100210984313,2.3411133154515222,100.00000000000003,0.7630036172858747,7.226152882107436e-05,-4.0364256346416883e-14
403.20000000000005,4001.7856221525485,2.3411205555624197,100.00000000000003,0.7490504054846059,7.253847379832619e-05,-4.0368780659066163e-14
403.3,4001.8598377317708,2.3411278226897134,100.00000000000003,0.735293762128877,7.28017268479e-05,-4.037319323765429e-14
403.40000000000003,4001.932687386002,2.341135115426287,100.00000000000003,0.7217315507843349,7.305054018147458e-05,-4.037749684054155e-14
403.5,4002.004190452216,2.341142432293492,100.00000000000003,0.7083616492809693,7.328423130066094e-05,-4.038169415834227e-14
403.6,4002.0743660558855,2.341149771747771,100.00000000000003,0.6951819497921292,7.350218478097838e-05,-4.0385787815556457e-14
403.70000000000005,4002.143233112421,2.341157132187432,100.00000000000003,0.6821903589083564,7.370385348932199e-05,-4.038978037216193e-14
403.8,4002.210810328616,2.341164511959512,100.00000000000003,0.6693847977058736,7.388875923688958e-05,-4.0393674325169084e-14
403.90000000000003,4002.2771162040985,2.3411719093666865,100.00000000000003,0.6567632018098325,7.405649293960516e-05,-4.0397472110139205e-14
404.0,4002.3421690327887,2.341179322674165,100.00000000000003,0.6443235214525046,7.420671428680563e-05,-4.0401176102667205e-14
404.1,4002.4059869043626,2.341186750116534,100.00000000000003,0.6320637215264595,7.433915095046278e-05,-4.040478861982957e-14
404.20000000000005,4002.468587705721,2.341194189904497,100.00000000000003,0.619981781632744,7.445359735245492e-05,-4.040831192159911e-14
404.3,4002.5299891224613,2.341201640231469,100.00000000000003,0.6080756961242616,7.454991303524654e-05,-4.041174821222684e-14
404.40000000000003,4002.5902086403557,2.341209099279997,100.00000000000003,0.5963434741444111,7.462802069668393e-05,-4.041509964159222e-14
404.5,4002.649263546832,2.34121656522796,100.00000000000003,0.5847831396611977,7.468790387747577e-05,-4.041836830652193e-14
404.6,4002.7071709324573,2.3412240362545256,100.00000000000003,0.5733927314966812,7.472960437171525e-05,-4.042155625207914e-14
404.70000000000005,4002.763947692424,2.341231510545835,100.00000000000003,0.5621703033522285,7.475321936795855e-05,-4.04246654728226e-14
404.8,4002.8196105280404,2.3412389863003926,100.00000000000003,0.5511139238294143,7.47588983912501e-05,-4.0427697914037116e-14
404.90000000000003,4002.87417594822,2.3412464617341366,100.00000000000003,0.540221676446885,7.474684005774778e-05,-4.043065547293567e-14
405.0,4002.9276602709747,2.34125393508518,100.00000000000003,0.5294916596531818,7.471728866141906e-05,-4.0433539999834066e-14
405.1,4002.9800796249083,2.341261404618204,100.00000000000003,0.5189219868357626,7.467053068351893e-05,-4.043635329929838e-14
405.20000000000005,4003.0314499507103,2.3412688686284975,100.00000000000003,0.5085107863262545,7.460689119421201e-05,-4.0439097131266146e-14
405.3,4003.0817870026513,2.3412763254456346,100.00000000000003,0.4982562014021316,7.452673021826564e-05,-4.044177321214152e-14
405.40000000000003,4003.131106350076,2.341283773436787,100.00000000000003,0.48815639028492896,7.443043907004228e-05,-4.044438321586507e-14
405.5,4003.179423378899,2.3412912110096706,100.00000000000003,0.4782095261351305,7.431843672796193e-05,-4.0446928774958707e-14
405.6,4003.2267532930973,2.341298636615132,100.00000000000003,0.46841379704382957,7.419116621032508e-05,-4.0449411481546186e-14
405.70000000000005,4003.2731111162025,2.341306048749372,100.00000000000003,0.4587674060213236,7.404909102612192e-05,-4.0451832888349523e-14
405.8,4003.318511692793,2.3413134459558234,100.00000000000003,0.4492685709827048,7.389269170557043e-05,-4.045419450966227e-14
405.90000000000003,4003.362969689984,2.341320826826682,100.00000000000003,0.43991552473063883,7.37224624516927e-05,-4.045649782229949e-14
406.0,4003.4064995989133,2.3413281900041114,100.00000000000003,0.43070651493535833,7.35389078766754e-05,-4.0458744266525395e-14
406.1,4003.449115736229,2.341335534181128,100.00000000000003,0.4216398041120545,7.334253991937394e-05,-4.046093524695878e-14
406.20000000000005,4003.4908322455717,2.3413428581021845,100.00000000000003,0.41271366959577394,7.313387488158663e-05,-4.0463072133456517e-14
406.3,4003.531663099055,2.3413501605634637,100.00000000000003,0.4039264035137892,7.291343064203974e-05,-4.046515626197627e-14
406.40000000000003,4003.5716220987442,2.3413574404129074,100.00000000000003,0.3952763127557821,7.268172404805718e-05,-4.0467188935417893e-14
406.5,4003.61072287813,2.341364696549987,100.00000000000003,0.38676171894171457,7.243926848006518e-05,-4.046917142444456e-14
406.6,4003.6489789036004,2.3413719279252456,100.00000000000003,0.37838095838751995,7.21865716132408e-05,-4.047110496828414e-14
406.70000000000005,4003.6864034759083,2.341379133539621,100.00000000000003,0.3701323820688446,7.192413335692916e-05,-4.047299077551032e-14
406.8,4003.723009731635,2.3413863124435763,100.00000000000003,0.3620143555826922,7.165244400927299e-05,-4.047483002480534e-14
406.90000000000003,4003.7588106446515,2.3413934637360536,100.00000000000003,0.35402525910726074,7.137198257839737e-05,-4.0476623865703193e-14
407.0,4003.7938190275736,2.3414005865632688,100.00000000000003,0.3461634873599655,7.108321532395513e-05,-4.047837341931458e-14
407.1,4003.8280475332144,2.341407680117373,100.00000000000003,0.3384274495535493,7.078659448017237e-05,-4.048007977903439e-14
407.20000000000005,4003.8615086560308,2.341414743634992,100.00000000000003,0.33081556935066925,7.048255714850044e-05,-4.0481744011230915e-14
407.3,4003.8942147335665,2.3414217763956677,100.00000000000003,0.3233262848168157,7.017152440229336e-05,-4.0483367155918006e-14
407.40000000000003,4003.92617794789,2.3414287777202163,100.00000000000003,0.31595804837156877,6.985390055304157e-05,-4.048495022741067e-14
407.5,4003.957410327028,2.341435746969023,100.00000000000003,0.3087093267384464,6.953007257739205e-05,-4.048649421496388e-14
407.6,4003.987923746391,2.3414426835402855,100.00000000000003,0.3015786008932348,6.920040972205723e-05,-4.0488000083395485e-14
407.70000000000005,4004.017729930199,2.3414495868682303,100.00000000000003,0.2945643660109178,6.886526325729724e-05,-4.0489468773693446e-14
407.8,4004.0468404528965,2.3414564564213056,100.00000000000003,0.2876651314112272,6.852496634802665e-05,-4.049090120360759e-14
407.90000000000003,4004.075266740565,2.3414632917003724,100.00000000000003,0.28087942050290965,6.8179834105361e-05,-4.0492298268226556e-14
408.0,4004.103020072329,2.3414700922369045,100.00000000000003,0.27420577072661656,6.783016371208505e-05,-4.049366084054027e-14
408.1,4004.1301115817564,2.3414768575912093,100.00000000000003,0.2676427334966905,6.747623470159952e-05,-4.0494989771987925e-14
408.20000000000005,4004.1565522582523,2.3414835873506794,100.00000000000003,0.26118887414162334,6.711830931381869e-05,-4.0496285892992366e-14
408.3,4004.182352948448,2.341490281128085,100.00000000000003,0.2548427718434391,6.675663294143556e-05,-4.049755001348066e-14
408.40000000000003,4004.2075243575837,2.341496938559916,100.00000000000003,0.2486030195758925,6.63914346837398e-05,-4.0498782923391846e-14
408.5,4004.232077050883,2.341503559304782,100.00000000000003,0.2424682240416054,6.602292794804926e-05,-4.049998539317161e-14
408.6,4004.2560214549244,2.341510143041876,100.00000000000003,0.23643700560808195,6.56513111112512e-05,-4.0501158174254645e-14
408.70000000000005,4004.279367859003,2.3415166894695085,100.00000000000003,0.23050799824279436,6.527676825079546e-05,-4.050230199953458e-14
408.8,4004.3021264164877,2.3415231983037126,100.00000000000003,0.22467984944717248,6.489946989205894e-05,-4.0503417583822294e-14
408.90000000000003,4004.324307146173,2.3415296692769303,100.00000000000003,0.21895122018967353,6.451957380470316e-05,-4.0504505624292556e-14
409.0,4004.345919933619,2.3415361021367755,100.00000000000003,0.2133207848378709,6.413722581345641e-05,-4.05055668009196e-14
409.1,4004.3669745324905,2.341542496644883,100.00000000000003,0.20778723108967428,6.375256063389869e-05,-4.050660177690152e-14
409.20000000000005,4004.3874805658857,2.341548852575838,100.00000000000003,0.20234925990364916,6.336570270176395e-05,-4.0507611199074196e-14
409.3,4004.4074475276584,2.34155516971619,100.00000000000003,0.19700558542847502,6.297676701594437e-05,-4.0508595698314784e-14
409.40000000000003,4004.4268847837343,2.3415614478635516,100.00000000000003,0.19175493493155085,6.258585996225307e-05,-4.0509555889935255e-14
409.5,4004.4458015734185,2.3415676868257767,100.00000000000003,0.1865960487268443,6.21930801239132e-05,-4.051049237406585e-14
409.6,4004.4642070106966,2.341573886420221,100.00000000000003,0.18152768010194698,6.179851908549642e-05,-4.05114057360293e-14
409.70000000000005,4004.482110085529,2.3415800464730814,100.00000000000003,0.17654859524436212,6.140226219939323e-05,-4.051229654670548e-14
409.8,4004.499519665136,2.3415861668188094,100.00000000000003,0.17165757316711844,6.100438933702261e-05,-4.0513165362887124e-14
409.90000000000003,4004.5164444952784,2.3415922472995985,100.00000000000003,0.1668534056336336,6.0604975591681657e-05,-4.0514012727626845e-14
410.0,4004.532893201527,2.3415982877649424,100.00000000000003,0.1621348970819841,6.0204091970856076e-05,-4.051483917057523e-14
410.1,4004.548874290527,2.341604288071257,100.00000000000003,0.15750086454844398,5.980180601725639e-05,-4.0515645208311005e-14
410.20000000000005,4004.564396151254,2.3416102480815653,100.00000000000003,0.15295013759047535,5.939818243165933e-05,-4.051643134466287e-14
410.3,4004.579467056263,2.3416161676652405,100.00000000000003,0.14848155820911438,5.899328359842811e-05,-4.051719807102326e-14
410.40000000000003,4004.594095162927,2.3416220466978013,100.00000000000003,0.14409398077079852,5.858717013046907e-05,-4.05179458666547e-14
410.5,4004.6082885146698,2.3416278850607584,100.00000000000003,0.1397862719286726,5.817990132599291e-05,-4.051867519898829e-14
410.6,4004.622055042194,2.341633682641504,100.00000000000003,0.1355573105433869,5.777153559778551e-05,-4.0519386523915114e-14
410.70000000000005,4004.6354025646933,2.3416394393332447,100.00000000000003,0.13140598760334746,5.7362130858042146e-05,-4.052008028607064e-14
410.8,4004.648338791064,2.341645155034967,100.00000000000003,0.12733120614462645,5.695174486137426e-05,-4.052075691911175e-14
410.90000000000003,4004.660871321105,2.3416508296514373,100.00000000000003,0.12333188117037784,5.65404354964193e-05,-4.052141684598718e-14
411.0,4004.6730076467106,2.3416564630932286,100.00000000000003,0.11940693956984613,5.612826104770643e-05,-4.052206047920158e-14
411.1,4004.684755153055,2.341662055276772,100.00000000000003,0.11555532003698817,5.571528040805739e-05,-4.052268822107289e-14
411.20000000000005,4004.696121119768,2.341667606124424,100.00000000000003,0.11177597298882758,5.5301553253707554e-05,-4.0523300463983264e-14
411.3,4004.707112722105,2.3416731155645563,100.00000000000003,0.1080678604833828,5.488714019014554e-05,-4.0523897590624274e-14
411.40000000000003,4004.717737032105,2.34167858353165,100.00000000000003,0.10442995613736594,5.447210285547773e-05,-4.0524479974235735e-14
411.5,4004.728001019743,2.3416840099664062,100.00000000000003,0.10086124504354993,5.405650399293051e-05,-4.0525047978839065e-14
411.6,4004.7379115540734,2.3416893948158575,100.00000000000003,0.09736072368792936,5.364040750001494e-05,-4.052560195946467e-14
411.70000000000005,4004.747475404367,2.341694738033484,100.00000000000003,0.09392739986665617,5.322387843543402e-05,-4.052614226237373e-14
411.8,4004.7566992412344,2.3417000395793295,100.00000000000003,0.09056029260268383,5.280698300966883e-05,-4.0526669225275014e-14
411.90000000000003,4004.7655896377473,2.3417052994201155,100.00000000000003,0.08725843206236786,5.2389788554015606e-05,-4.052718317753579e-14
412.0,4004.774153070548,2.3417105175293496,100.00000000000003,0.0840208594718218,5.19723634559024e-05,-4.0527684440387917e-14
412.1,4004.78239592095,2.3417156938874286,100.00000000000003,0.08084662703311092,5.155477709442634e-05,-4.0528173327129024e-14
412.20000000000005,4004.7903244760328,2.3417208284817326,100.00000000000003,0.07773479784044698,5.113709973420942e-05,-4.052865014331822e-14
412.3,4004.7979449297263,2.341725921306709,100.00000000000003,0.0746844457961658,5.071940243930951e-05,-4.052911518696771e-14
412.40000000000003,4004.805263383888,2.3417309723639455,100.00000000000003,0.07169465552671617,5.030175694500281e-05,-4.052956874872908e-14
412.5,4004.8122858493703,2.3417359816622323,100.00000000000003,0.06876452229855491,4.988423552379991e-05,-4.053001111207534e-14
412.6,4004.8190182470807,2.3417409492176082,100.00000000000003,0.06589315193398661,4.9466910867799816e-05,-4.0530442553478684e-14
412.70000000000005,4004.8254664090337,2.3417458750533955,100.00000000000003,0.06307966072707473,4.904985592596421e-05,-4.0530863342583246e-14
412.8,4004.8316360793924,2.34175075920022,100.00000000000003,0.0603231753594677,4.863314378315624e-05,-4.0531273742374294e-14
412.90000000000003,4004.8375329155047,2.3417556016960144,100.00000000000003,0.057622832816355496,4.821684750234776e-05,-4.0531674009342594e-14
413.0,4004.8431624889286,2.3417604025860124,100.00000000000003,0.05497778030232018,4.780103997420932e-05,-4.0532064393645346e-14
413.1,4004.8485302864497,2.341765161922721,100.00000000000003,0.05238717515736692,4.738579377492287e-05,-4.053244513926274e-14
413.20000000000005,4004.853641711091,2.3417698797658835,100.00000000000003,0.04985018477299359,4.697118102155425e-05,-4.0532816484150755e-14
413.3,4004.8585020831138,2.341774556182426,100.00000000000003,0.04736598650835659,4.655727323014314e-05,-4.053317866039007e-14
413.40000000000003,4004.8631166410105,2.34177919124639,100.00000000000003,0.04493376760646794,4.6144141180078096e-05,-4.053353189433165e-14
413.5,4004.867490542488,2.341783785038853,100.00000000000003,0.042552725110639886,4.573185478207215e-05,-4.053387640673826e-14
413.6,4004.8716288654446,2.341788337647835,100.00000000000003,0.04022206578099507,4.532048295469041e-05,-4.053421241292271e-14
413.70000000000005,4004.8755366089363,2.341792849168193,100.00000000000003,0.03794100601108982,4.49100935084222e-05,-4.053454012288274e-14
413.8,4004.8792186941373,2.341797319701506,100.00000000000003,0.0357087717447791,4.450075303409272e-05,-4.0534859741432336e-14
413.90000000000003,4004.8826799652898,2.341801749355945,100.00000000000003,0.03352459839322308,4.409252679950768e-05,-4.053517146832992e-14
414.0,4004.885925190647,2.3418061382461395,100.00000000000003,0.03138773075206443,4.368547865689148e-05,-4.0535475498403277e-14
414.1,4004.888959063408,2.3418104864930287,100.00000000000003,0.02929742291881977,4.3279670961311186e-05,-4.0535772021671543e-14
414.20000000000005,4004.891786202643,2.34181479422371,100.00000000000003,0.027252938210470853,4.2875164489966575e-05,-4.0536061223464055e-14
414.3,4004.894411154211,2.341819061571277,100.00000000000003,0.025253549081314473,4.2472018385415934e-05,-4.0536343284536126e-14
414.40000000000003,4004.8968383916704,2.341823288674652,100.00000000000003,0.023298537040983718,4.207029007819057e-05,-4.053661838118213e-14
414.5,4004.89907231718,2.341827475678414,100.00000000000003,0.021387192572796865,4.1670035257423526e-05,-4.0536886685345595e-14
414.6,4004.901117262392,2.341831622732621,100.00000000000003,0.019518815052248294,4.1271307814173685e-05,-4.053714836472681e-14
414.70000000000005,4004.902977489337,2.3418357299926305,100.00000000000003,0.017692712665899057,4.087415982642368e-05,-4.0537403582887377e-14
414.8,4004.9046571913022,2.3418397976189143,100.00000000000003,0.015908202330387585,4.047864151873545e-05,-4.0537652499352635e-14
414.90000000000003,4004.9061604936996,2.341843825776874,100.00000000000003,0.014164609611851519,4.008480125266968e-05,-4.0537895269711074e-14
415.0,4004.907491454926,2.341847814636654,100.00000000000003,0.012461268645538837,3.9692685522336154e-05,-4.053813204571171e-14
415.1,4004.908654067218,2.3418517643729553,100.00000000000003,0.010797522055816728,3.930233894869748e-05,-4.053836297535861e-14
415.20000000000005,4004.9096522574946,2.341855675164846,100.00000000000003,0.009172720876380522,3.8913804280375465e-05,-4.053858820300346e-14
415.3,4004.910489888196,2.3418595471955768,100.00000000000003,0.007586224470866557,3.85271224103917e-05,-4.053880786943547e-14
415.40000000000003,4004.9111707581123,2.3418633806523954,100.00000000000003,0.006037400453737495,3.8142332397114785e-05,-4.053902211196936e-14
415.5,4004.9116986032036,2.3418671757263643,100.00000000000003,0.004525624611491487,3.7759471470963286e-05,-4.0539231064530996e-14
415.6,4004.912077097414,2.341870932612179,100.00000000000003,0.0030502808242252686,3.737857508215473e-05,-4.053943485774098e-14
415.70000000000005,4004.912309853478,2.341874651507993,100.00000000000003,0.0016107609875576595,3.6999676921011624e-05,-4.053963361899601e-14
415.8,4004.9124004237156,2.341878332615241,100.00000000000003,0.000206464934808607,3.66228089444195e-05,-4.0539827472548587e-14
415.90000000000003,4004.9123523008257,2.341881976138469,100.00000000000003,-0.0011631996403365485,3.624800143035401e-05,-4.054001653958433e-14
416.0,4004.9121689186645,2.341885582285168,100.00000000000003,-0.002498817260886626,3.587528301100168e-05,-4.0540200938297634e-14
416.1,4004.911853653023,2.3418891512656126,100.00000000000003,-0.0038009647432137813,3.550468071366994e-05,-4.0540380783965277e-14
416.20000000000005,4004.911409822393,2.3418926832927016,100.00000000000003,-0.005070211273367487,3.513622001674015e-05,-4.05405561890185e-14
416.3,4004.910840688725,2.3418961785818055,100.00000000000003,-0.006307118482997536,3.476992488806305e-05,-4.0540727263113055e-14
416.40000000000003,4004.9101494581814,2.341899637350619,100.00000000000003,-0.007512240524874393,3.4405817842352286e-05,-4.0540894113197526e-14
416.5,4004.9093392818804,2.341903059819017,100.00000000000003,-0.008686124148103037,3.404391997599761e-05,-4.054105684358028e-14
416.6,4004.908413256632,2.3419064462089154,100.00000000000003,-0.00982930877281822,3.368425103003463e-05,-4.054121555599426e-14
416.70000000000005,4004.907374425667,2.3419097967441385,100.00000000000003,-0.010942326564564528,3.3326829441375716e-05,-4.054137034966051e-14
416.8,4004.9062257793607,2.341913111650291,100.00000000000003,-0.012025702508285878,3.297167238054568e-05,-4.0541521321350215e-14
416.90000000000003,4004.9049702559446,2.3419163911546343,100.00000000000003,-0.013079954481861984,3.261879581116996e-05,-4.054166856544492e-14
417.0,4004.9036107422157,2.3419196354859664,100.00000000000003,-0.014105593329257194,3.226821453636419e-05,-4.054181217399554e-14
417.1,4004.902150074234,2.341922844874511,100.00000000000003,-0.015103122933282961,3.191994225367908e-05,-4.054195223677993e-14
417.20000000000005,4004.9005910380183,2.3419260195518077,100.00000000000003,-0.01607304028787363,3.157399159093762e-05,-4.0542088841358664e-14
417.3,4004.898936370227,2.3419291597506064,100.00000000000003,-0.0170158355700039,3.123037415129897e-05,-4.05422220731299e-14
417.40000000000003,4004.8971887588405,2.341932265704769,100.00000000000003,-0.017931992211129316,3.0889100571182365e-05,-4.054235201538261e-14
417.5,4004.8953508438294,2.341935337649175,100.00000000000003,-0.018821986968251502,3.0550180558297816e-05,-4.0542478749348666e-14
417.6,4004.8934252178196,2.341938375819629,100.00000000000003,-0.019686289994514505,3.0213622924216336e-05,-4.0542602354253585e-14
417.70000000000005,4004.8914144267496,2.341941380452774,100.00000000000003,-0.020525364909331118,2.9879435639467984e-05,-4.0542722907365855e-14
417.8,4004.889320970519,2.341944351786009,100.00000000000003,-0.021339668868189325,2.9547625853737477e-05,-4.054284048404553e-14
417.90000000000003,4004.8871473036315,2.34194729005741,100.00000000000003,-0.02212965263187,2.9218199955186408e-05,-4.054295515779109e-14
418.0,4004.8848958358335,2.341950195505653,100.00000000000003,-0.022895760635289083,2.889116358410221e-05,-4.054306700028534e-14
418.1,4004.88256893274,2.3419530683699445,100.00000000000003,-0.023638431055942155,2.8566521683570505e-05,-4.05431760814405e-14
418.20000000000005,4004.8801689164584,2.3419559088899495,100.00000000000003,-0.024358095881819072,2.824427851385525e-05,-4.054328246944175e-14
418.3,4004.877698066204,2.3419587173057277,100.00000000000003,-0.025055180978877056,2.7924437697093e-05,-4.054338623078987e-14
418.40000000000003,4004.8751586189096,2.3419614938576694,100.00000000000003,-0.02573010615806313,2.7607002240928304e-05,-4.0543487430342765e-14
418.5,4004.8725527698257,2.3419642387864363,100.00000000000003,-0.026383285241951174,2.7291974555554563e-05,-4.054358613135626e-14
418.6,4004.869882673118,2.341966952332903,100.00000000000003,-0.027015126130807796,2.6979356494573726e-05,-4.0543682395523495e-14
418.70000000000005,4004.867150442455,2.341969634738101,100.00000000000003,-0.0276260308682922,2.666914936232898e-05,-4.0543776283013674e-14
418.8,4004.8643581515917,2.3419722862431676,100.00000000000003,-0.028216395706601987,2.6361353951408602e-05,-4.054386785250961e-14
418.90000000000003,4004.861507834944,2.341974907089293,100.00000000000003,-0.028786611171225832,2.605597054998442e-05,-4.054395716124443e-14
419.0,4004.858601488159,2.341977497517673,100.00000000000003,-0.029337062125211096,2.5752998964209263e-05,-4.0544044265037487e-14
419.1,4004.8556410686783,2.3419800577694594,100.00000000000003,-0.029868127832950134,2.5452438542640085e-05,-4.054412921832927e-14
419.20000000000005,4004.8526284962945,2.341982588085718,100.00000000000003,-0.03038018202352716,2.5154288186206347e-05,-4.054421207421554e-14
419.3,4004.8495656537007,2.341985088707382,100.00000000000003,-0.030873592953577368,2.4858546363236363e-05,-4.054429288448057e-14
419.40000000000003,4004.846454387036,2.3419875598752116,100.00000000000003,-0.031348723469641425,2.456521113454743e-05,-4.054437169962948e-14
419.5,4004.8432965064226,2.3419900018297515,100.00000000000003,-0.0318059310701139,2.427428015190815e-05,-4.054444856891991e-14
419.6,4004.8400937864976,2.341992414811293,100.00000000000003,-0.032245567966695886,2.3985750679080866e-05,-4.0544523540393004e-14
419.70000000000005,4004.836847966939,2.341994799059835,100.00000000000003,-0.03266798114532369,2.369961960141801e-05,-4.054459666090319e-14
419.8,4004.8335607529843,2.3419971548150453,100.00000000000003,-0.033073512426715086,2.3415883444369297e-05,-4.0544667976147833e-14
419.90000000000003,4004.8302338159456,2.3419994823162273,100.00000000000003,-0.03346249852638498,2.3134538369150132e-05,-4.0544737530695707e-14
420.0,4004.8268687937157,2.3420017818022836,100.00000000000003,-0.03383527111417658,2.2855580196753113e-05,-4.054480536801489e-14
420.1,4004.82346729127,2.3420040535116806,100.00000000000003,-0.03419215687336134,2.2579004409023238e-05,-4.054487153050002e-14
420.20000000000005,4004.820030881163,2.3420062976824174,100.00000000000003,-0.03453347755921978,2.230480615996406e-05,-4.054493605949874e-14
420.3,4004.8165611040176,2.3420085145519924,100.00000000000003,-0.03485955005720103,2.203298028695413e-05,-4.054499899533778e-14
420.40000000000003,4004.8130594690087,2.342010704357372,100.00000000000003,-0.035170686440580086,2.176352131614069e-05,-4.054506037734815e-14
420.5,4004.809527454343,2.3420128673349603,100.00000000000003,-0.0354671940276057,2.1496423470065355e-05,-4.0545120243889604e-14
420.6,4004.8059665077294,2.3420150037205683,100.00000000000003,-0.03574937543825367,2.123168067533962e-05,-4.054517863237483e-14
420.70000000000005,4004.802378046849,2.3420171137493857,100.00000000000003,-0.036017528650426595,2.0969286574553366e-05,-4.054523557929277e-14
420.8,4004.7987634598135,2.342019197655952,100.00000000000003,-0.036271947055749945,2.0709234525080973e-05,-4.0545291120231474e-14
420.90000000000003,4004.7951241056235,2.3420212556741293,100.00000000000003,-0.03651291951483475,2.045151761541938e-05,-4.0545345289900394e-14
421.0,4004.7914613146168,2.3420232880370744,100.00000000000003,-0.03674073041213584,2.0196128665811683e-05,-4.054539812215214e-14
421.1,4004.787776388915,2.342025294977214,100.00000000000003,-0.03695565971027354,1.9943060238400933e-05,-4.0545449650003545e-14
421.20000000000005,4004.784070602863,2.342027276726217,100.00000000000003,-0.03715798300392542,1.9692304636961196e-05,-4.054549990565636e-14
421.3,4004.78034520346,2.342029233514971,100.00000000000003,-0.037347971573272486,1.944385391529075e-05,-4.0545548920517507e-14
421.40000000000003,4004.7766014107933,2.3420311655735575,100.00000000000003,-0.03752589243689422,1.9197699897908763e-05,-4.054559672521855e-14
421.5,4004.7728404184577,2.3420330731312275,100.00000000000003,-0.037692008404283564,1.895383416722646e-05,-4.0545643349634945e-14
421.6,4004.769063393976,2.34203495641638,100.00000000000003,-0.03784657812785407,1.8712248086809352e-05,-4.0545688822904717e-14
421.70000000000005,4004.7652714792107,2.342036815656538,100.00000000000003,-0.03798985615451002,1.8472932787201974e-05,-4.0545733173446677e-14
421.8,4004.761465790774,2.342038651078328,100.00000000000003,-0.038122092976680344,1.8235879196691952e-05,-4.0545776428978034e-14
421.90000000000003,4004.7576474204284,2.3420404629074585,100.00000000000003,-0.03824353508302434,1.800107802592385e-05,-4.0545818616532016e-14
422.0,4004.753817435486,2.342042251368698,100.00000000000003,-0.0383544250085671,1.776851978609532e-05,-4.0545859762474577e-14
422.1,4004.749976879201,2.342044016685858,100.00000000000003,-0.03845500138439464,1.7538194797584083e-05,-4.0545899892520846e-14
422.20000000000005,4004.7461267711574,2.342045759081771,100.00000000000003,-0.03854549898692747,1.731009318862757e-05,-4.054593903175127e-14
422.3,4004.7422681076528,2.3420474787782735,100.00000000000003,-0.03862614878671726,1.7084204899205853e-05,-4.0545977204627256e-14
422.40000000000003,4004.738401862076,2.3420491759961877,100.00000000000003,-0.03869717799677191,1.6860519699331805e-05,-4.05460144350064e-14
422.5,4004.7345289852797,2.3420508509553035,100.00000000000003,-0.03875881012052228,1.66390271832495e-05,-4.054605074615763e-14
422.6,4004.73065040595,2.342052503874362,100.00000000000003,-0.03881126499917491,1.6419716776457093e-05,-4.054608616077536e-14
422.70000000000005,4004.7267670309707,2.342054134971039,100.00000000000003,-0.038854758858750636,1.6202577751712596e-05,-4.054612070099395e-14
422.8,4004.7228797457806,2.342055744461929,100.00000000000003,-0.038889504356626046,1.5987599221290678e-05,-4.0546154388401384e-14
422.90000000000003,4004.7189894147305,2.3420573325625322,100.00000000000003,-0.03891571062763697,1.5774770153590802e-05,-4.054618724405278e-14
423.0,4004.7150968814312,2.342058899487237,100.00000000000003,-0.03893358332975325,1.556407938028269e-05,-4.0546219288483657e-14
423.1,4004.7112029690998,2.342060445449308,100.00000000000003,-0.03894332468929218,1.5355515585260078e-05,-4.054625054172259e-14
423.20000000000005,4004.707308480901,2.3420619706608723,100.00000000000003,-0.03894513354569405,1.5149067324207934e-05,-4.0546281023303774e-14
423.3,4004.7034142002817,2.3420634753329055,100.00000000000003,-0.03893920539587771,1.4944723029941479e-05,-4.054631075227928e-14
423.40000000000003,4004.6995208913063,2.342064959675221,100.00000000000003,-0.03892573243814684,1.4742471014249051e-05,-4.054633974723091e-14
423.5,4004.6956292989807,2.342066423896458,100.00000000000003,-0.038904903615653116,1.4542299471996449e-05,-4.05463680262817e-14
423.6,4004.691740149579,2.342067868204068,100.00000000000003,-0.03887690465948371,1.4344196489595765e-05,-4.054639560710743e-14
423.70000000000005,4004.6878541509595,2.342069292804307,100.00000000000003,-0.03884191813123429,1.4148150044666474e-05,-4.054642250694747e-14
423.8,4004.683971992882,2.342070697902224,100.00000000000003,-0.038800123465227467,1.3954148021324648e-05,-4.05464487426157e-14
423.90000000000003,4004.6800943473177,2.3420720837016513,100.00000000000003,-0.03875169701026572,1.3762178198740154e-05,-4.0546474330510775e-14
424.0,4004.6762218687545,2.342073450405194,100.00000000000003,-0.038696812071010445,1.3572228273764081e-05,-4.054649928662671e-14
424.1,4004.672355194501,2.3420747982142234,100.00000000000003,-0.03863563894886888,1.3384285851921873e-05,-4.054652362656254e-14
424.20000000000005,4004.6684949449846,2.3420761273288657,100.00000000000003,-0.03856834498253957,1.3198338456945042e-05,-4.0546547365532305e-14
424.3,4004.664641724044,2.342077437947997,100.00000000000003,-0.03849509458810379,1.3014373531387778e-05,-4.054657051837443e-14
424.40000000000003,4004.660796119222,2.342078730269234,100.00000000000003,-0.03841604929867398,1.2832378452859402e-05,-4.054659309956098e-14
424.5,4004.65695870205,2.3420800044889263,100.00000000000003,-0.03833136780370251,1.265234052563518e-05,-4.054661512320675e-14
424.6,4004.653130028331,2.3420812608021517,100.00000000000003,-0.038241205987820374,1.2474246983432268e-05,-4.0546636603077966e-14
424.70000000000005,4004.6493106384182,2.342082499402708,100.00000000000003,-0.038145716969336066,1.2298084998106718e-05,-4.0546657552601075e-14
424.8,4004.64550105749,2.3420837204831075,100.00000000000003,-0.03804505113826725,1.2123841690437053e-05,-4.054667798487105e-14
424.90000000000003,4004.64170179582,2.342084924234571,100.00000000000003,-0.03793935619397855,1.1951504118677673e-05,-4.054669791265945e-14
425.0,4004.637913349046,2.3420861108470232,100.00000000000003,-0.03782877718246525,1.1781059298135293e-05,-4.054671734842255e-14
425.1,4004.634136198431,2.3420872805090878,100.00000000000003,-0.03771345653318997,1.1612494191556895e-05,-4.0546736304309e-14
425.20000000000005,4004.630370811125,2.3420884334080827,100.00000000000003,-0.037593534095603065,1.1445795719536592e-05,-4.05467547921676e-14
425.3,4004.6266176404206,2.3420895697300157,100.00000000000003,-0.03746914717515128,1.1280950765993933e-05,-4.054677282355448e-14
425.40000000000003,4004.6228771260057,2.3420906896595812,100.00000000000003,-0.03734043056902401,1.1117946173247628e-05,-4.0546790409740493e-14
425.5,4004.619149694212,2.3420917933801557,100.00000000000003,-0.03720751660144746,1.0956768744578995e-05,-4.0546807561718236e-14
425.6,4004.6154357582614,2.342092881073795,100.00000000000003,-0.03707053515857749,1.0797405255423734e-05,-4.0546824290208774e-14
425.70000000000005,4004.611735718507,2.3420939529212297,100.00000000000003,-0.03692961372307405,1.0639842452966368e-05,-4.0546840605668536e-14
425.8,4004.6080499626732,2.342095009101866,100.00000000000003,-0.03678487740822271,1.0484067066960363e-05,-4.0546856518295694e-14
425.90000000000003,4004.604378866089,2.34209604979378,100.00000000000003,-0.03663644899177007,1.0330065789683242e-05,-4.05468720380366e-14
426.0,4004.6007227919226,2.342097075173717,100.00000000000003,-0.036484448949293445,1.0177825300858465e-05,-4.0546887174591945e-14
426.1,4004.597082091407,2.342098085417089,100.00000000000003,-0.036328995487302736,1.0027332267991593e-05,-4.054690193742307e-14
426.20000000000005,4004.5934571040675,2.342099080697974,100.00000000000003,-0.036170204575848894,9.878573334271293e-06,-4.054691633575752e-14
426.3,4004.589848157942,2.3421000611891136,100.00000000000003,-0.036008189980882684,9.73153514108202e-06,-4.054693037859504e-14
426.40000000000003,4004.586255569802,2.342101027061914,100.00000000000003,-0.035843063296181504,9.586204310488942e-06,-4.0546944074713114e-14
426.5,4004.582679645365,2.3421019784864416,100.00000000000003,-0.03567493397496274,9.442567459168544e-06,-4.0546957432672524e-14
426.6,4004.5791206795107,2.3421029156314255,100.00000000000003,-0.0355039093610745,9.300611198705087e-06,-4.0546970460822556e-14
426.70000000000005,4004.575578956488,2.3421038386642548,100.00000000000003,-0.03533009471992141,9.160322141218037e-06,-4.0546983167306457e-14
426.8,4004.5720547501214,2.3421047477509807,100.00000000000003,-0.03515359326896844,9.021686900802044e-06,-4.054699556006635e-14
426.90000000000003,4004.5685483240154,2.342105643056316,100.00000000000003,-0.03497450620791651,8.884692088368777e-06,-4.054700764684828e-14
427.0,4004.565059931754,2.3421065247436337,100.00000000000003,-0.034792932748528904,8.749324327805537e-06,-4.054701943520697e-14
427.1,4004.5615898170986,2.3421073929749707,100.00000000000003,-0.034608970144123063,8.615570244677419e-06,-4.0547030932510595e-14
427.20000000000005,4004.558138214181,2.3421082479110265,100.00000000000003,-0.03442271371873278,8.48341647358522e-06,-4.0547042145945443e-14
427.3,4004.554705347696,2.342109089711164,100.00000000000003,-0.034234256895882074,8.352849664058608e-06,-4.0547053082520286e-14
427.40000000000003,4004.5512914330916,2.342109918533413,100.00000000000003,-0.034043691227075415,8.223856478866396e-06,-4.054706374907086e-14
427.5,4004.5478966767505,2.3421107345344696,100.00000000000003,-0.03385110641995127,8.096423593951028e-06,-4.0547074152264195e-14
427.6,4004.5445212761774,2.342111537869698,100.00000000000003,-0.03365659036604778,7.970537706342974e-06,-4.05470842986026e-14
427.70000000000005,4004.541165420177,2.3421123286931342,100.00000000000003,-0.03346022916831127,7.846185530768131e-06,-4.0547094194427815e-14
427.8,4004.5378292890323,2.342113107157486,100.00000000000003,-0.03326210716825124,7.723353806483282e-06,-4.0547103845925064e-14
427.90000000000003,4004.5345130546784,2.342113873414136,100.00000000000003,-0.03306230697276745,7.602029297415378e-06,-4.0547113259126826e-14
428.0,4004.531216880876,2.342114627613145,100.00000000000003,-0.032860909480648806,7.482198783243206e-06,-4.054712243991658e-14
428.1,4004.52794092338,2.342115369903253,100.00000000000003,-0.03265799390878419,7.363849085125302e-06,-4.0547131394032596e-14
428.20000000000005,4004.524685330107,2.342116100431884,100.00000000000003,-0.03245363781803398,7.246967051086343e-06,-4.0547140127071405e-14
428.3,4004.521450241298,2.3421168193451476,100.00000000000003,-0.0322479171388136,7.131539556927029e-06,-4.054714864449145e-14
428.40000000000003,4004.5182357896833,2.3421175267878436,100.00000000000003,-0.03204090619633029,7.017553514088948e-06,-4.0547156951616317e-14
428.5,4004.5150421006383,2.3421182229034634,100.00000000000003,-0.031832677735539903,6.904995867946621e-06,-4.054716505363812e-14
428.6,4004.511869292343,2.3421189078341964,100.00000000000003,-0.03162330294582268,6.793853612912162e-06,-4.054717295562097e-14
428.70000000000005,4004.508717475934,2.3421195817209326,100.00000000000003,-0.03141285148528305,6.6841137681841755e-06,-4.054718066250373e-14
428.8,4004.5055867556594,2.3421202447032656,100.00000000000003,-0.03120139150482766,6.575763396839781e-06,-4.0547188179103406e-14
428.90000000000003,4004.5024772290244,2.342120896919498,100.00000000000003,-0.030988989671923366,6.468789609326216e-06,-4.0547195510118124e-14
429.0,4004.4993889869424,2.3421215385066456,100.00000000000003,-0.030775711194026015,6.363179556926087e-06,-4.054720266012987e-14
429.1,4004.4963221138773,2.3421221696004406,100.00000000000003,-0.030561619841791152,6.25892043267289e-06,-4.0547209633607644e-14
429.20000000000005,4004.4932766879874,2.342122790335338,100.00000000000003,-0.030346777971896333,6.155999486210218e-06,-4.054721643491e-14
429.3,4004.490252781264,2.3421234008445198,100.00000000000003,-0.030131246549701174,6.054404007430868e-06,-4.054722306828798e-14
429.40000000000003,4004.487250459672,2.3421240012598994,100.00000000000003,-0.02991508517149439,5.954121339797522e-06,-4.0547229537887555e-14
429.5,4004.484269783283,2.3421245917121274,100.00000000000003,-0.029698352086579154,5.855138876088936e-06,-4.054723584775242e-14
429.6,4004.4813108064104,2.3421251723305962,100.00000000000003,-0.029481104219007286,5.757444063044541e-06,-4.054724200182646e-14
429.70000000000005,4004.478373577741,2.3421257432434452,100.00000000000003,-0.029263397189026846,5.661024406081363e-06,-4.0547248003956104e-14
429.8,4004.475458140463,2.342126304577567,100.00000000000003,-0.029045285334321193,5.565867449810898e-06,-4.054725385789282e-14
429.90000000000003,4004.4725645323956,2.3421268564586124,100.00000000000003,-0.028826821730924875,5.471960817494066e-06,-4.054725956729549e-14
430.0,4004.469692786111,2.3421273990109963,100.00000000000003,-0.02860805821392308,5.379292173932104e-06,-4.054726513573269e-14
430.1,4004.4668429290596,2.342127932357904,100.00000000000003,-0.02838904539780584,5.287849249130391e-06,-4.0547270566684865e-14
430.20000000000005,4004.464014983691,2.342128456621296,100.00000000000003,-0.028169832696608478,5.197619833709685e-06,-4.054727586354642e-14
430.3,4004.461208967572,2.3421289719219156,100.00000000000003,-0.027950468343856956,5.108591777601832e-06,-4.054728102962811e-14
430.40000000000003,4004.458424893505,2.342129478379294,100.00000000000003,-0.02773099941211074,5.0207529953918875e-06,-4.054728606815888e-14
430.5,4004.455662769641,2.342129976111756,100.00000000000003,-0.027511471832369027,4.934091460339142e-06,-4.054729098228794e-14
430.6,4004.452922599596,2.342130465236429,100.00000000000003,-0.02729193041316686,4.848595215161639e-06,-4.054729577508676e-14
430.70000000000005,4004.4502043825596,2.3421309458692456,100.00000000000003,-0.027072418859458942,4.764252367075911e-06,-4.0547300449551006e-14
430.8,4004.447508113405,2.3421314181249544,100.00000000000003,-0.026852979791221487,4.681051083723686e-06,-4.054730500860237e-14
430.90000000000003,4004.444833782797,2.342131882117122,100.00000000000003,-0.02663365476182703,4.5989795985453726e-06,-4.054730945509043e-14
431.0,4004.4421813772983,2.342132337958144,100.00000000000003,-0.02641448427614409,4.518026216287313e-06,-4.0547313791794325e-14
431.1,4004.439550879472,2.342132785759248,100.00000000000003,-0.02619550780848251,4.438179312189321e-06,-4.054731802142472e-14
431.20000000000005,4004.4369422679847,2.3421332256305036,100.00000000000003,-0.02597676382017809,4.359427320784171e-06,-4.0547322146625195e-14
431.3,4004.434355517707,2.3421336576808263,100.00000000000003,-0.02575828977704604,4.28175875369825e-06,-4.054732616997416e-14
431.40000000000003,4004.4317905998123,2.3421340820179877,100.00000000000003,-0.025540122166542757,4.205162196859812e-06,-4.054733009398633e-14
431.5,4004.4292474818726,2.3421344987486203,100.00000000000003,-0.02532229651472875,4.129626295359361e-06,-4.054733392111435e-14
431.6,4004.4267261279556,2.3421349079782257,100.00000000000003,-0.02510484740297233,4.0551397766897785e-06,-4.0547337653750326e-14
431.70000000000005,4004.4242264987165,2.342135309811181,100.00000000000003,-0.024887808484454772,3.981691432555747e-06,-4.054734129422725e-14
431.8,4004.421748551492,2.3421357043507465,100.00000000000003,-0.024671212500422455,3.909270127269242e-06,-4.0547344844820476e-14
431.90000000000003,4004.419292240388,2.3421360916990723,100.00000000000003,-0.0244550912962744,3.8378648001696034e-06,-4.0547348307749324e-14
432.0,4004.416857516372,2.342136471957206,100.00000000000003,-0.024239475837353176,3.7674644618566104e-06,-4.054735168517818e-14
432.1,4004.4144443273567,2.3421368452251,100.00000000000003,-0.024024396224569578,3.69805819430111e-06,-4.054735497921806e-14
432.20000000000005,4004.4120526182883,2.3421372116016195,100.00000000000003,-0.02380988170980246,3.6296351627570575e-06,-4.054735819192783e-14
432.3,4004.409682331229,2.3421375711845482,100.00000000000003,-0.023595960711089242,3.5621845938036436e-06,-4.0547361325315556e-14
432.40000000000003,4004.40733340544,2.342137924070597,100.00000000000003,-0.023382660827587293,3.495695794431101e-06,-4.0547364381339694e-14
432.5,4004.4050057774643,2.3421382703554117,100.00000000000003,-0.023170008854353257,3.430158145416075e-06,-4.054736736191039e-14
432.6,4004.4026993812035,2.3421386101335795,100.00000000000003,-0.022958030796890315,3.3655611023018535e-06,-4.0547370268890574e-14
432.70000000000005,4004.400414147998,2.342138943498637,100.00000000000003,-0.022746751885516083,3.30189419841635e-06,-4.054737310409721e-14
432.8,4004.398150006704,2.342139270543077,100.00000000000003,-0.022536196589516985,3.239147032962591e-06,-4.0547375869302346e-14
432.90000000000003,4004.395906883767,2.3421395913583574,100.00000000000003,-0.02232638863109926,3.177309294079354e-06,-4.054737856623435e-14
433.0,4004.3936847032983,2.342139906034908,100.00000000000003,-0.022117350999162334,3.1163707365598783e-06,-4.054738119657891e-14
433.1,4004.3914833871454,2.342140214662138,100.00000000000003,-0.021909105962837926,3.056321193997536e-06,-4.054738376198004e-14
433.20000000000005,4004.389302854965,2.342140517328444,100.00000000000003,-0.02170167508488843,2.99715057824313e-06,-4.0547386264041185e-14
433.3,4004.387143024292,2.342140814121217,100.00000000000003,-0.02149507923488147,2.9388488741472175e-06,-4.05473887043262e-14
433.40000000000003,4004.385003810609,2.3421411051268506,100.00000000000003,-0.021289338602178985,2.8814061359034563e-06,-4.0547391084360335e-14
433.5,4004.382885127412,2.3421413904307475,100.00000000000003,-0.0210844727087563,2.8248125052142138e-06,-4.054739340563123e-14
433.6,4004.3807868862787,2.3421416701173285,100.00000000000003,-0.020880500421799418,2.769058192279227e-06,-4.054739566958973e-14
433.70000000000005,4004.3787089969314,2.3421419442700397,100.00000000000003,-0.020677439966176155,2.714133491998887e-06,-4.054739787765094e-14
433.8,4004.3766513673027,2.3421422129713596,100.00000000000003,-0.020475308936636436,2.660028765806844e-06,-4.0547400031194844e-14
433.90000000000003,4004.3746139035957,2.342142476302807,100.00000000000003,-0.020274124309985642,2.6067344574944033e-06,-4.0547402131567574e-14
