t_s,x_m,y_m,z_m,vx_ms,vy_ms,vz_ms
0.0,-20.0,-16.0,100.0,15.0,0.0,0.0
0.1,-18.470033490865788,-15.998582844759731,100.0,14.99997526979975,0.02723794037464084,0.0
0.2,-16.940069111236518,-15.994449178171173,100.0,14.999905348987742,0.05328715988785443,0.0
0.30000000000000004,-15.410111367513363,-15.987718180749074,100.0,14.999796223294389,0.07818733684775057,0.0
0.4,-13.880164168542752,-15.978505048337828,100.0,14.999653352543596,0.10197697547803965,0.0
0.5,-12.35023087818085,-15.966921109893352,100.0,14.99948170924605,0.12469344005663982,0.0
0.6000000000000001,-10.82031436399698,-15.953073941865435,100.0,14.999285814611737,0.14637298790134953,0.0
0.7000000000000001,-9.29041704237435,-15.937067479293129,100.0,14.999069772149218,0.16705080125409588,0.0
0.8,-7.760540920249696,-15.91900212372086,100.0,14.998837299008004,0.18676101811209325,0.0
0.9,-6.230687633717739,-15.898974848038408,100.0,14.998591755209736,0.2055367620513455,0.0
1.0,-4.700858483711841,-15.877079298343574,100.0,14.99833617090428,0.2234101710852738,0.0
1.1,-3.1710544689585296,-15.85340589292231,100.0,14.998073271777866,0.24041242559882467,0.0
1.2000000000000002,-1.6412763163909063,-15.828041918437247,100.0,14.997805502732025,0.2565737753961833,0.0
1.3,-0.11152450919399537,-15.801071623411874,100.0,14.997535049944348,0.27192356589816896,0.0
1.4000000000000001,1.4182006873559796,-15.772576309094243,100.0,14.997263861415062,0.2864902635235004,0.0
1.5,2.9478992021068477,-15.74263441778071,100.0,14.996993666096476,0.3003014802863699,0.0
1.6,4.477571136158436,-15.711321618677172,100.0,14.996725991696403,0.31338399764114866,0.0
1.7000000000000002,6.0072167427705,-15.678710891372214,100.0,14.99646218124072,0.3257637896035373,0.0
1.8,7.536836408926457,-15.644872606993845,100.0,14.996203408474868,0.3374660451760735,0.0
1.9000000000000001,9.066430638436735,-15.609874607118687,100.0,14.995950692179083,0.34851519010459525,0.0
2.0,10.596000036473033,-15.57378228049999,100.0,14.995704909467426,0.3589349079910282,0.0
2.1,12.12554529543182,-15.536658637678329,100.0,14.995466808136266,0.36874816078670586,0.0
2.2,13.655067182031948,-15.498564383536497,100.0,14.995237018123834,0.3779772086893454,0.0
2.3000000000000003,15.184566525557454,-15.459557987857872,100.0,14.995016062138566,0.3866436294657655,0.0
2.4000000000000004,16.71404420716239,-15.419695753945328,100.0,14.994804365510321,0.39476833722145915,0.0
2.5,18.243501150159936,-15.379031885355756,100.0,14.994602265315365,0.40237160063720895,0.0
2.6,19.772938311223122,-15.337618550803237,100.0,14.994410018822597,0.4094730606920464,0.0
2.7,21.302356672429326,-15.29550594728204,100.0,14.994227811305821,0.4160917478910229,0.0
2.8000000000000003,22.831757234085078,-15.252742361458795,100.0,14.994055763263862,0.42224609901545307,0.0
2.9000000000000004,24.36114100827196,-15.209374229381474,100.0,14.993893937087872,0.42795397341253055,0.0
3.0,25.890509013058356,-15.165446194551112,100.0,14.993742343212697,0.4332326688404792,0.0
3.1,27.41986226732539,-15.121001164400655,100.0,14.993600945786854,0.43809893688470486,0.0
3.2,28.949201786158973,-15.076080365223769,100.0,14.993469667893583,0.44256899795973786,0.0
3.3000000000000003,30.47852857676305,-15.030723395594995,100.0,14.993348396353344,0.44665855591111203,0.0
3.4000000000000004,32.0078436348522,-14.984968278321237,100.0,14.993236986136354,0.4503828122307088,0.0
3.5,33.53714794148461,-14.938851510963238,100.0,14.993135264411846,0.45375647989849704,0.0
3.6,35.066442460299086,-14.89240811496442,100.0,14.99304303425917,0.456793796863033,0.0
3.7,36.59572813512235,-14.845671683423243,100.0,14.99296007806422,0.4595085391725328,0.0
3.8000000000000003,38.12500588791512,-14.79867442754407,100.0,14.992886160623256,0.4619140337678081,0.0
3.9000000000000004,39.65427661702779,-14.751447221800403,100.0,14.992821031974719,0.4640231709478459,0.0
4.0,41.18354119573843,-14.7040196478433,100.0,14.992764429978463,0.4658484165183344,0.0
4.1000000000000005,42.71280047104799,-14.656420037186752,100.0,14.992716082660426,0.4674018236329658,0.0
4.2,44.242055262709236,-14.608675512700833,100.0,14.992675710339833,0.468695044336908,0.0
4.3,45.77130636246757,-14.560812028942495,100.0,14.992643027554704,0.46973934082140495,0.0
4.4,47.30055453349383,-14.512854411353011,100.0,14.99261774480062,0.47054559639805976,0.0
4.5,48.82980050999018,-14.464826394350201,100.0,14.992599570096631,0.471124326200963,0.0
4.6000000000000005,50.35904499695197,-14.416750658342774,100.0,14.992588210391336,0.47148568762445636,0.0
4.7,51.888288670069606,-14.368648865693363,100.0,14.992583372821281,0.47163949050396303,0.0
4.800000000000001,53.41753217575557,-14.320541695656042,100.0,14.992584765833087,0.47159520704697916,0.0
4.9,54.94677613128313,-14.272448878313496,100.0,14.992592100179895,0.4713619815209953,0.0
5.0,56.47602112502412,-14.224389227538238,100.0,14.99260508980211,0.4709486397048103,0.0
5.1000000000000005,58.00526771677423,-14.176380673001718,100.0,14.992623452601643,0.4703636981094057,0.0
5.2,59.53451643815524,-14.128440291254499,100.0,14.992646911118339,0.46961537297427397,0.0
5.300000000000001,61.063767793084395,-14.080584335900097,100.0,14.992675193116641,0.46871158904482974,0.0
5.4,62.59302225830198,-14.032828266884565,100.0,14.992708032090013,0.4676599881362848,0.0
5.5,64.12228028394888,-13.985186778923289,100.0,14.992745167690092,0.4664679374891336,0.0
5.6000000000000005,65.65154229418667,-13.937673829086027,100.0,14.992786346087115,0.465142537921175,0.0
5.7,67.18080868785329,-13.890302663560684,100.0,14.992831320267655,0.46369063178078673,0.0
5.800000000000001,68.71007983914815,-13.843085843615858,100.0,14.992879850275319,0.462118810705976,0.0
5.9,70.23935609834099,-13.796035270781758,100.0,14.992931703399648,0.4604334231935437,0.0
6.0,71.76863779249918,-13.74916221126862,100.0,14.992986654318036,0.45864058198252894,0.0
6.1000000000000005,73.29792522622895,-13.702477319641394,100.0,14.993044485195227,0.4567461712559419,0.0
6.2,74.82721868242638,-13.655990661769,100.0,14.993104985744539,0.45475585366464094,0.0
6.300000000000001,76.35651842303399,-13.60971173706613,100.0,14.993167953254666,0.4526750771770709,0.0
6.4,77.88582468979995,-13.563649500045162,100.0,14.993233192585686,0.45050908175845356,0.0
6.5,79.41513770503656,-13.517812381195409,100.0,14.993300516137515,0.44826290588289514,0.0
6.6000000000000005,80.94445767237534,-13.472208307206566,100.0,14.993369743793908,0.44594139288177026,0.0
6.7,82.47378477751633,-13.426844720552898,100.0,14.993440702844824,0.44354919713163654,0.0
6.800000000000001,84.00311918896939,-13.381728598454368,100.0,14.993513227889665,0.4410907900848369,0.0
6.9,85.53246105878567,-13.336866471230595,100.0,14.9935871607239,0.43857046614586576,0.0
7.0,87.06181052327754,-13.292264440063226,100.0,14.993662350211164,0.4359923483964873,0.0
7.1000000000000005,88.59116770372559,-13.247928194181993,100.0,14.993738652142856,0.43336039417252603,0.0
7.2,90.12053270707139,-13.203863027489444,100.0,14.993815929087129,0.43067840049517986,0.0
7.300000000000001,91.6499056265951,-13.160073854639041,100.0,14.993894050228883,0.4279500093596433,0.0
7.4,93.17928654257686,-13.116565226581043,100.0,14.993972891202334,0.4251787128837734,0.0
7.5,94.7086755229414,-13.073341345590313,100.0,14.99405233391756,0.4223678583194777,0.0
7.6000000000000005,96.23807262388512,-13.03040607978991,100.0,14.99413226638226,0.41952065292945623,0.0
7.7,97.76747789048527,-12.987762977184083,100.0,14.994212582519932,0.4166401687318864,0.0
7.800000000000001,99.29689135729093,-12.945415279213975,100.0,14.994293181985448,0.41372934711559894,0.0
7.9,100.82631304889539,-12.90336593384917,100.0,14.994373969979025,0.41079100332825685,0.0
8.0,102.35574298048985,-12.861617608227853,100.0,14.994454857059402,0.4078278308400158,0.0
8.1,103.88518115839842,-12.820172700858203,100.0,14.994535758956994,0.40484240558511125,0.0
8.200000000000001,105.41462758059438,-12.779033353393318,100.0,14.994616596387704,0.4018371900837923,0.0
8.3,106.94408223719769,-12.738201461991773,100.0,14.994697294867976,0.3988145374469903,0.0
8.4,108.47354511095405,-12.697678688275637,100.0,14.994777784531662,0.3957766952660899,0.0
8.5,110.00301617769557,-12.657466469897562,100.0,14.994857999949144,0.3927258093901423,0.0
8.6,111.53249540678331,-12.617566030728291,100.0,14.994937879949118,0.38966392759283996,0.0
8.700000000000001,113.06198276153201,-12.577978390675725,100.0,14.995017367443417,0.386593003131549,0.0
8.8,114.5914781996172,-12.53870437514643,100.0,14.995096409255197,0.383514898200676,0.0
8.9,116.12098167346518,-12.499744624160265,100.0,14.995174955950699,0.3804313872816228,0.0
9.0,117.65049313062613,-12.46109960112853,100.0,14.99525296167485,0.3773441603915649,0.0
9.1,119.1800125141308,-12.422769601305895,100.0,14.995330383990915,0.3742548262332692,0.0
9.200000000000001,120.70953976283104,-12.384754759926016,100.0,14.995407183724248,0.37116491524814454,0.0
9.3,122.2390748117249,-12.347055060030677,100.0,14.995483324810403,0.3680758825747012,0.0
9.4,123.76861759226634,-12.309670340001926,100.0,14.995558774147556,0.3649891109145736,0.0
9.5,125.2981680326603,-12.272600300806582,100.0,14.995633501453433,0.3619059133082419,0.0
9.600000000000001,126.82772605814343,-12.235844512962162,100.0,14.995707479126668,0.3588275358225646,0.0
9.700000000000001,128.35729159125094,-12.199402423233154,100.0,14.995780682112722,0.3557551601522167,0.0
9.8,129.88686455207008,-12.163273361066299,100.0,14.995853087774266,0.3526899061371023,0.0
9.9,131.41644485848067,-12.127456544773331,100.0,14.995924675766105,0.34963283419779284,0.0
10.0,132.94603242638306,-12.091951087469463,100.0,14.995995427914547,0.3465849476910149,0.0
10.100000000000001,134.47562716991416,-12.056756002775643,100.0,14.996065328101201,0.3435471951871917,0.0
10.200000000000001,136.00522900165177,-12.021870210292441,100.0,14.996134362151176,0.34052047267201685,0.0
10.3,137.5348378328077,-11.987292540853218,100.0,14.99620251772556,0.3375056256740142,0.0
10.4,139.06445357341036,-11.953021741564013,100.0,14.996269784218175,0.3345034513200134,0.0
10.5,140.59407613247677,-11.919056480637414,100.0,14.996336152656472,0.33151470032044383,0.0
10.600000000000001,142.12370541817486,-11.885395352027471,100.0,14.996401615606505,0.3285400788863244,0.0
10.700000000000001,143.65334133797626,-11.852036879872529,100.0,14.996466167081909,0.32558025057979895,0.0
10.8,145.1829837987999,-11.818979522752649,100.0,14.99652980245675,0.322635838100039,0.0
10.9,146.7126327071471,-11.786221677768133,100.0,14.99659251838216,0.31970742500630833,0.0
11.0,148.24228796922807,-11.753761684445458,100.0,14.996654312706696,0.316795557379956,0.0
11.100000000000001,149.7719494910808,-11.721597828476773,100.0,14.996715184400227,0.3139007454270717,0.0
11.200000000000001,151.30161717868202,-11.689728345298912,100.0,14.996775133481355,0.3110234650235131,0.0
11.3,152.83129093805124,-11.658151423517715,100.0,14.996834160948172,0.3081641592039803,0.0
11.4,154.36097067534763,-11.626865208183288,100.0,14.99689226871228,0.30532323959678476,0.0
11.5,155.89065629696046,-11.595867803921639,100.0,14.99694945953597,0.3025010878059281,0.0
11.600000000000001,157.42034770959322,-11.565157277928005,100.0,14.997005736972465,0.2996980567420771,0.0
11.700000000000001,158.9500448203418,-11.534731662826992,100.0,14.997061105309067,0.2969144719039864,0.0
11.8,160.47974753676698,-11.504588959404495,100.0,14.99711556951316,0.29415063261189367,0.0
11.9,162.00945576696168,-11.474727139216231,100.0,14.997169135180942,0.29140681319437756,0.0
12.0,163.53916941961285,-11.445144147077551,100.0,14.997221808488769,0.2886832641301367,0.0
12.100000000000001,165.06888840405875,-11.415837903439066,100.0,14.997273596147032,0.28598021314611866,0.0
12.200000000000001,166.59861263034148,-11.386806306652439,100.0,14.997324505356445,0.2832978662733945,0.0
12.3,168.12834200925525,-11.35804723513062,100.0,14.997374543766684,0.28063640886214275,0.0
12.4,169.65807645239047,-11.329558549406599,100.0,14.997423719437226,0.2779960065570757,0.0
12.5,171.187815872174,-11.301338094094643,100.0,14.997472040800345,0.2753768062346086,0.0
12.600000000000001,172.71756018190572,-11.273383699757877,100.0,14.997519516626141,0.27277893690304233,0.0
12.700000000000001,174.24730929579147,-11.2456931846859,100.0,14.997566155989555,0.27020251056699657,0.0
12.8,175.77706312897294,-11.21826435658601,100.0,14.997611968239204,0.26764762305730166,0.0
12.9,177.30682159755435,-11.19109501419153,100.0,14.997656962968062,0.26511435482752504,0.0
13.0,178.83658461862612,-11.16418294879055,100.0,14.997701149985817,0.2626027717182786,0.0
13.100000000000001,180.366352110286,-11.13752594567833,100.0,14.997744539292858,0.2601129256904219,0.0
13.200000000000001,181.8961239916574,-11.111121785536476,100.0,14.997787141055838,0.2576448555282475,0.0
13.3,183.42590018290545,-11.08496824574189,100.0,14.997828965584684,0.2551985875137038,0.0
13.4,184.9556806052508,-11.059063101608412,100.0,14.997870023311068,0.25277413607268284,0.0
13.5,186.48546518098098,-11.033404127563927,100.0,14.997910324768156,0.25037150439437,0.0
13.600000000000001,188.01525383346018,-11.00798909826565,100.0,14.997949880571712,0.2479906850246262,0.0
13.700000000000001,189.5450464871369,-10.982815789656199,100.0,14.99798870140234,0.24563166043434248,0.0
13.8,191.07484306754978,-10.95788197996293,100.0,14.998026797988949,0.24329440356368254,0.0
13.9,192.60464350133205,-10.933185450642982,100.0,14.998064181093255,0.24097887834309825,0.0
14.0,194.1344477162142,-10.908723987276327,100.0,14.998100861495384,0.23868504019197967,0.0
14.100000000000001,195.6642556410253,-10.884495380409085,100.0,14.998136849980401,0.23641283649577186,0.0
14.200000000000001,197.1940672056931,-10.860497426349253,100.0,14.998172157325827,0.23416220706236823,0.0
14.3,198.72388234124264,-10.836727927916908,100.0,14.998206794290013,0.2319330845585624,0.0
14.4,200.25370097979402,-10.813184695150893,100.0,14.998240771601363,0.22972539492731717,0.0
14.5,201.78352305455883,-10.789865545973907,100.0,14.998274099948352,0.2275390577865849,0.0
14.600000000000001,203.31334849983577,-10.766768306817827,100.0,14.9983067899703,0.22537398681039,0.0
14.700000000000001,204.84317725100533,-10.743890813211053,100.0,14.998338852248843,0.22323009009286027,0.0
14.8,206.3730092445235,-10.721230910329568,100.0,14.998370297300099,0.2211072704958732,0.0
14.9,207.9028444179149,-10.698786453513364,100.0,14.998401135567448,0.21900542598095885,0.0
15.0,209.4326827097651,-10.676555308749785,100.0,14.998431377414914,0.21692444992608115,0.0
15.100000000000001,210.96252405971217,-10.654535353125338,100.0,14.998461033121128,0.21486423142789826,0.0
15.200000000000001,212.49236840843795,-10.632724475247368,100.0,14.998490112873792,0.21282465559008093,0.0
15.3,214.02221569765842,-10.611120575637049,100.0,14.998518626764685,0.21080560379824995,0.0
15.4,215.55206587011386,-10.589721567094973,100.0,14.998546584785098,0.2088069539820719,0.0
15.5,217.0819188695584,-10.568525375040668,100.0,14.998573996821744,0.20682858086503605,0.0
15.600000000000001,218.6117746407492,-10.547529937827239,100.0,14.998600872653071,0.20487035620241426,0.0
15.700000000000001,220.1416331294353,-10.52673320703233,100.0,14.998627221945982,0.20293214900789058,0.0
15.8,221.6714942823462,-10.506133147726533,100.0,14.998653054252891,0.20101382576932714,0.0
15.9,223.20135804718,-10.485727738720342,100.0,14.998678379009162,0.19911525065411834,0.0
16.0,224.73122437259144,-10.465514972790656,100.0,14.998703205530852,0.19723628570456755,0.0
16.1,226.26109320817966,-10.445492856887872,100.0,14.998727543012752,0.19537679102370475,0.0
16.2,227.79096450447574,-10.425659412324496,100.0,14.99875140052672,0.19353662495194893,0.0
16.3,229.3208382129302,-10.406012674946178,100.0,14.99877478702029,0.19171564423500345,0.0
16.400000000000002,230.85071428590024,-10.386550695286079,100.0,14.99879771131551,0.18991370418335748,0.0
16.5,232.38059267663687,-10.367271538703367,100.0,14.998820182108009,0.1881306588237539,0.0
16.6,233.9104733392721,-10.348173285506673,100.0,14.998842207966305,0.18636636104296955,0.0
16.7,235.44035622880588,-10.329254031063268,100.0,14.998863797331293,0.1846206627242406,0.0
16.8,236.97024130109318,-10.310511885894673,100.0,14.998884958515909,0.18289341487665287,0.0
16.900000000000002,238.50012851283083,-10.291944975759447,100.0,14.998905699705006,0.1811844677578054,0.0
17.0,240.03001782154456,-10.273551441723773,100.0,14.998926028955356,0.17949367099004276,0.0
17.1,241.55990918557595,-10.255329440220523,100.0,14.998945954195815,0.17782087367054,0.0
17.2,243.08980256406934,-10.237277143097396,100.0,14.998965483227625,0.17616592447551377,0.0
17.3,244.61969791695893,-10.219392737654717,100.0,14.998984623724837,0.17452867175882153,0.0
17.400000000000002,246.1495952049558,-10.201674426673456,100.0,14.999003383234871,0.172908963645201,0.0
17.5,247.67949438953505,-10.184120428434014,100.0,14.999021769179164,0.1713066481183912,0.0
17.6,249.20939543292297,-10.166728976726255,100.0,14.999039788853917,0.16972157310436708,0.0
17.7,250.73929829808432,-10.149498320851311,100.0,14.999057449430962,0.16815358654991117,0.0
17.8,252.26920294870973,-10.132426725615593,100.0,14.999074757958667,0.16660253649673448,0.0
17.900000000000002,253.79910934920312,-10.115512471317462,100.0,14.999091721362968,0.1650682711513532,0.0
18.0,255.32901746466928,-10.09875385372699,100.0,14.999108346448423,0.16355063895091584,0.0
18.1,256.85892726090157,-10.0821491840592,100.0,14.999124639899367,0.16204948862517085,0.0
18.2,258.3888387043697,-10.065696788941182,100.0,14.999140608281099,0.16056466925475393,0.0
18.3,259.9187517622076,-10.049395010373447,100.0,14.999156258041136,0.15909603032596895,0.0
18.400000000000002,261.4486664022016,-10.03324220568586,100.0,14.999171595510495,0.15764342178222754,0.0
18.5,262.9785825927784,-10.017236747488504,100.0,14.99918662690504,0.1562066940723067,0.0
18.6,264.5085003029938,-10.00137702361776,100.0,14.999201358326854,0.15478569819557605,0.0
18.7,266.0384195025206,-9.985661437077948,100.0,14.999215795765624,0.15338028574434043,0.0
18.8,267.5683401616376,-9.970088405978773,100.0,14.99922994510009,0.15199030894343737,0.0
18.900000000000002,269.0982622512183,-9.954656363468876,100.0,14.999243812099495,0.1506156206872226,0.0
19.0,270.62818574271967,-9.939363757665744,100.0,14.999257402425052,0.14925607457407106,0.0
19.1,272.15811060817134,-9.924209051582213,100.0,14.999270721631449,0.14791152493851617,0.0
19.200000000000003,273.68803682016477,-9.90919072304983,100.0,14.99928377516834,0.14658182688114313,0.0
19.3,275.2179643518425,-9.894307264639249,100.0,14.99929656838188,0.14526683629634884,0.0
19.400000000000002,276.7478931768878,-9.879557183577926,100.0,14.999309106516243,0.1439664098980746,0.0
19.5,278.27782326951433,-9.86493900166528,100.0,14.999321394715146,0.1426804052436136,0.0
19.6,279.8077546044558,-9.850451255185513,100.0,14.999333438023402,0.14140868075559135,0.0
19.700000000000003,281.33768715695624,-9.836092494818296,100.0,14.999345241388449,0.14015109574221118,0.0
19.8,282.8676209027599,-9.821861285547454,100.0,14.999356809661876,0.1389075104158546,0.0
19.900000000000002,284.3975558181016,-9.80775620656786,100.0,14.999368147600979,0.13767778591012142,0.0
20.0,285.92749187969724,-9.793775851190638,100.0,14.999379259870288,0.13646178429539013,0.0
20.1,287.45742906473447,-9.779918826746886,100.0,14.99939015104307,0.1352593685929765,0.0
20.200000000000003,288.98736735086317,-9.766183754489994,100.0,14.999400825602878,0.13407040278796448,0.0
20.3,290.51730671618674,-9.752569269496734,100.0,14.999411287945042,0.1328947518407793,0.0
20.400000000000002,292.0472471392528,-9.73907402056723,100.0,14.999421542378183,0.13173228169757065,0.0
20.5,293.57718859904486,-9.725696670123925,100.0,14.999431593125694,0.13058285929946942,0.0
20.6,295.10713107497315,-9.712435894109662,100.0,14.999441444327218,0.12944635259077997,0.0
20.700000000000003,296.63707454686664,-9.699290381884978,100.0,14.999451100040122,0.12832263052616558,0.0
20.8,298.1670189949644,-9.68625883612472,100.0,14.999460564240954,0.12721156307688297,0.0
20.900000000000002,299.6969643999076,-9.673339972714064,100.0,14.999469840826865,0.12611302123611862,0.0
21.0,301.2269107427313,-9.660532520644045,100.0,14.999478933617054,0.12502687702347764,0.0
21.1,302.7568580048569,-9.64783522190666,100.0,14.999487846354159,0.123953003488673,0.0
21.200000000000003,304.28680616808384,-9.63524683138964,100.0,14.999496582705671,0.12289127471446071,0.0
21.3,305.81675521458254,-9.622766116770956,100.0,14.999505146265287,0.12184156581886485,0.0
21.400000000000002,307.3467051268867,-9.610391858413138,100.0,14.999513540554291,0.12080375295673366,0.0
21.5,308.87665588788593,-9.598122849257464,100.0,14.999521769022895,0.1197777133206661,0.0
21.6,310.40660748081865,-9.58595789471809,100.0,14.999529835051543,0.11876332514134624,0.0
21.700000000000003,311.93655988926497,-9.573895812576163,100.0,14.99953774195225,0.11776046768732161,0.0
21.8,313.4665130971399,-9.561935432874002,100.0,14.99954549296988,0.11676902126425871,0.0
21.900000000000002,314.99646708868636,-9.550075597809363,100.0,14.999553091283397,0.1157888672137084,0.0
22.0,316.52642184846866,-9.538315161629866,100.0,14.999560540007165,0.11481988791141168,0.0
22.1,318.05637736136595,-9.526652990527612,100.0,14.999567842192132,0.1138619667651745,0.0
22.200000000000003,319.5863336125657,-9.515087962534041,100.0,14.99957500082709,0.11291498821234003,0.0
22.3,321.11629058755756,-9.503618967415061,100.0,14.999582018839845,0.11197883771688355,0.0
22.400000000000002,322.6462482721272,-9.4922449065665,100.0,14.999588899098407,0.1110534017661557,0.0
22.5,324.17620665235,-9.480964692909897,100.0,14.999595644412157,0.11013856786729728,0.0
22.6,325.7061657145855,-9.469777250788693,100.0,14.999602257532977,0.10923422454334772,0.0
22.700000000000003,327.2361254454713,-9.45868151586481,100.0,14.99960874115639,0.10834026132906913,0.0
22.8,328.76608583191756,-9.447676435015689,100.0,14.999615097922645,0.10745656876650515,0.0
22.900000000000002,330.29604686110116,-9.43676096623178,100.0,14.999621330417824,0.10658303840029448,0.0
23.0,331.82600852046045,-9.425934078514537,100.0,14.999627441174901,0.10571956277275642,0.0
23.1,333.35597079768985,-9.415194751774907,100.0,14.999633432674798,0.1048660354187659,0.0
23.200000000000003,334.88593368073447,-9.40454197673237,100.0,14.999639307347408,0.104022350860434,0.0
23.3,336.4158971577851,-9.393974754814518,100.0,14.999645067572626,0.10318840460160945,0.0
23.400000000000002,337.945861217273,-9.38349209805721,100.0,14.999650715681325,0.10236409312221503,0.0
23.5,339.47582584786505,-9.373093029005311,100.0,14.999656253956356,0.10154931387243323,0.0
23.6,341.00579103845894,-9.362776580614026,100.0,14.999661684633502,0.10074396526675357,0.0
23.700000000000003,342.5357567781782,-9.352541796150861,100.0,14.999667009902415,0.09994794667789396,0.0
23.8,344.0657230563678,-9.342387729098196,100.0,14.999672231907558,0.09916115843060751,0.0
23.900000000000002,345.59568986258944,-9.332313443056501,100.0,14.999677352749108,0.09838350179538584,0.0
24.0,347.125657186617,-9.322318011648202,100.0,14.999682374483847,0.09761487898206889,0.0
24.1,348.6556250184324,-9.312400518422198,100.0,14.999687299126041,0.09685519313337099,0.0
24.200000000000003,350.18559334822095,-9.302560056759045,100.0,14.999692128648318,0.09610434831833238,0.0
24.3,351.7155621663675,-9.292795729776815,100.0,14.999696864982484,0.09536224952570449,0.0
24.400000000000002,353.24553146345204,-9.28310665023762,100.0,14.99970151002038,0.09462880265727736,0.0
24.5,354.7755012302459,-9.273491940454837,100.0,14.99970606561467,0.09390391452115639,0.0
24.6,356.30547145770754,-9.263950732201009,100.0,14.999710533579673,0.09318749282499608,0.0
24.700000000000003,357.8354421369789,-9.254482166616436,100.0,14.999714915692104,0.09247944616919673,0.0
24.8,359.36541325938134,-9.245085394118474,100.0,14.999719213691884,0.09177968404007114,0.0
24.900000000000002,360.8953848164122,-9.235759574311524,100.0,14.999723429282865,0.09108811680298663,0.0
25.0,362.42535679974105,-9.22650387589772,100.0,14.999727564133575,0.0904046556954882,0.0
25.1,363.955329201206,-9.217317476588322,100.0,14.999731619877958,0.08972921282040791,0.0
25.200000000000003,365.48530201281034,-9.208199563015814,100.0,14.999735598116064,0.0890617011389653,0.0
25.3,367.01527522671915,-9.199149330646703,100.0,14.999739500414753,0.08840203446386344,0.0
25.400000000000002,368.54524883525573,-9.190165983695024,100.0,14.99974332830839,0.08775012745238482,0.0
25.5,370.0752228308986,-9.18124873503655,100.0,14.999747083299496,0.08710589559949096,0.0
25.6,371.60519720627804,-9.1723968061237,100.0,14.999750766859423,0.08646925523092958,0.0
25.700000000000003,373.1351719541731,-9.163609426901155,100.0,14.999754380428971,0.08584012349635242,0.0
25.8,374.66514706750837,-9.154885835722176,100.0,14.999757925419056,0.08521841836244756,0.0
25.900000000000002,376.19512253935113,-9.146225279265618,100.0,14.999761403211298,0.08460405860608823,0.0
26.0,377.7250983629083,-9.137627012453645,100.0,14.999764815158642,0.08399696380750185,0.0
26.1,379.2550745315234,-9.129090298370135,100.0,14.999768162585942,0.08339705434346123,0.0
26.200000000000003,380.78505103867406,-9.120614408179787,100.0,14.999771446790557,0.08280425138050038,0.0
26.3,382.3150278779689,-9.112198621047906,100.0,14.999774669042916,0.08221847686815739,0.0
26.400000000000002,383.84500504314497,-9.103842224060894,100.0,14.999777830587062,0.08163965353224593,0.0
26.5,385.37498252806506,-9.09554451214741,100.0,14.99978093264123,0.08106770486815777,0.0
26.6,386.90496032671507,-9.087304788000212,100.0,14.999783976398357,0.08050255513419735,0.0
26.700000000000003,388.43493843320147,-9.079122361998694,100.0,14.999786963026617,0.07994412934495072,0.0
26.8,389.96491684174885,-9.070996552132073,100.0,14.999789893669947,0.0793923532646896,0.0
26.900000000000002,391.49489554669736,-9.062926683923264,100.0,14.999792769448536,0.07884715340081223,0.0
27.0,393.0248745425004,-9.054912090353422,100.0,14.999795591459328,0.07830845699732204,0.0
27.1,394.55485382372217,-9.046952111787137,100.0,14.999798360776508,0.07777619202834533,0.0
27.200000000000003,396.08483338503555,-9.039046095898295,100.0,14.999801078451966,0.07725028719168874,0.0
27.3,397.6148132212196,-9.031193397596592,100.0,14.999803745515786,0.07673067190243758,0.0
27.400000000000002,399.14479332715763,-9.023393378954703,100.0,14.999806362976672,0.07621727628659561,0.0
27.5,400.67477369783484,-9.015645409136091,100.0,14.999808931822415,0.075710031174767,0.0
27.6,402.2047543283362,-9.007948864323465,100.0,14.999811453020325,0.07520886809588126,0.0
27.700000000000003,403.73473521384454,-9.000303127647868,100.0,14.999813927517659,0.0747137192709613,0.0
27.8,405.26471634963843,-8.992707589118405,100.0,14.999816356242032,0.07422451760693541,0.0
27.900000000000002,406.79469773109014,-8.985161645552596,100.0,14.99981874010185,0.07374119669049345,0.0
28.0,408.3246793536637,-8.97766470050736,100.0,14.99982107998669,0.07326369078198748,0.0
28.1,409.85466121291324,-8.970216164210605,100.0,14.999823376767697,0.07279193480937715,0.0
28.200000000000003,411.38464330448073,-8.96281545349345,100.0,14.999825631297995,0.07232586436222024,0.0
28.3,412.9146256240945,-8.955461991723046,100.0,14.999827844413025,0.07186541568570817,0.0
28.400000000000002,414.4446081675673,-8.948155208736011,100.0,14.999830016930956,0.07141052567474701,0.0
28.5,415.97459093079453,-8.940894540772454,100.0,14.99983214965301,0.07096113186808367,0.0
28.6,417.5045739097526,-8.933679430410612,100.0,14.99983424336385,0.07051717244247764,0.0
28.700000000000003,419.0345571004972,-8.926509326502064,100.0,14.999836298831907,0.07007858620691804,0.0
28.8,420.5645404991617,-8.919383684107547,100.0,14.999838316809727,0.06964531259688606,0.0
28.900000000000002,422.0945241019556,-8.912301964433341,100.0,14.99984029803431,0.0692172916686628,0.0
29.0,423.6245079051628,-8.905263634768247,100.0,14.99984224322743,0.06879446409368219,0.0
29.1,425.15449190514016,-8.898268168421117,100.0,14.99984415309595,0.068376771152929,0.0
29.200000000000003,426.68447609831605,-8.89131504465898,100.0,14.999846028332145,0.06796415473138202,0.0
29.3,428.2144604811888,-8.884403748645711,100.0,14.999847869614014,0.06755655731250174,0.0
29.400000000000002,429.74444505032517,-8.877533771381275,100.0,14.999849677605562,0.06715392197276272,0.0
29.5,431.2744298023591,-8.870704609641509,100.0,14.999851452957108,0.06675619237623041,0.0
29.6,432.8044147339903,-8.863915765918474,100.0,14.999853196305567,0.06636331276918203,0.0
29.700000000000003,434.3343998419829,-8.857166748361344,100.0,14.999854908274735,0.06597522797477137,0.0
29.8,435.8643851231638,-8.85045707071783,100.0,14.999856589475568,0.06559188338773742,0.0
29.900000000000002,437.394370574422,-8.84378625227616,100.0,14.999858240506446,0.06521322496915606,0.0
30.0,438.92435619270685,-8.837153817807572,100.0,14.999859861953436,0.0648391992412352,0.0
30.1,440.45434197502686,-8.83055929750935,100.0,14.999861454390562,0.06446975328215257,0.0
30.200000000000003,441.9843279184487,-8.824002226948377,100.0,14.999863018380049,0.06410483472093605,0.0
30.3,443.5143140200957,-8.817482147005212,100.0,14.999864554472573,0.0637443917323863,0.0
30.400000000000002,445.044300277147,-8.810998603818678,100.0,14.99986606320751,0.06338837303204127,0.0
30.5,446.57428668683616,-8.80455114873097,100.0,14.999867545113165,0.06303672787118227,0.0
30.6,448.10427324645025,-8.79813933823326,100.0,14.999869000707019,0.06268940603188138,0.0
30.700000000000003,449.6342599533286,-8.79176273391181,100.0,14.999870430495935,0.062346357822089714,0.0
30.8,451.16424680486165,-8.785420902394582,100.0,14.999871834976407,0.062007534070766486,0.0
30.900000000000002,452.6942337984902,-8.779113415298353,100.0,14.999873214634757,0.061672886123048186,0.0
31.0,454.2242209317041,-8.7728398491763,100.0,14.999874569947368,0.061342365835457796,0.0
31.1,455.75420820204147,-8.766599785466093,100.0,14.999875901380875,0.061015925571153644,0.0
31.200000000000003,457.28419560708744,-8.760392810438459,100.0,14.999877209392386,0.06069351819521747,0.0
31.3,458.8141831444735,-8.754218515146222,100.0,14.999878494429673,0.06037509706998154,0.0
31.400000000000002,460.3441708118762,-8.748076495373832,100.0,14.999879756931374,0.060060616050394325,0.0
31.5,461.87415860701674,-8.741966351587344,100.0,14.999880997327185,0.059750029479424475,0.0
31.6,463.40414652765946,-8.735887688884885,100.0,14.999882216038044,0.05944329218350268,0.0
31.700000000000003,464.93413457161137,-8.729840116947567,100.0,14.999883413476319,0.05914035946800125,0.0
31.8,466.46412273672115,-8.723823249990874,100.0,14.999884590045989,0.058841187112750944,0.0
31.900000000000002,467.99411102087834,-8.717836706716485,100.0,14.999885746142825,0.058545731367594674,0.0
32.0,469.52409942201245,-8.711880110264573,100.0,14.999886882154543,0.058253948947977925,0.0
32.1,471.05408793809227,-8.705953088166531,100.0,14.99988799846101,0.05796579703057553,0.0
32.2,472.58407656712484,-8.700055272298151,100.0,14.99988909543437,0.05768123324895424,0.0
32.300000000000004,474.11406530715493,-8.694186298833248,100.0,14.999890173439233,0.05740021568927114,0.0
32.4,475.6440541562642,-8.68834580819771,100.0,14.999891232832823,0.05712270288600736,0.0
32.5,477.17404311257025,-8.682533445023989,100.0,14.99989227396514,0.05684865381773679,0.0
32.6,478.70403217422626,-8.676748858106023,100.0,14.999893297179105,0.056578027902929554,0.0
32.7,480.23402133941994,-8.67099170035458,100.0,14.99989430281071,0.056310784995789925,0.0
32.800000000000004,481.76401060637306,-8.665261628753022,100.0,14.999895291189167,0.056046885382128306,0.0
32.9,483.2939999733406,-8.659558304313498,100.0,14.999896262637057,0.05578628977526713,0.0
33.0,484.8239894386101,-8.653881392033542,100.0,14.999897217470448,0.055528959311980215,0.0
33.1,486.3539790005012,-8.648230560853095,100.0,14.999898155999063,0.055274855548465396,0.0
33.2,487.88396865736485,-8.642605483611925,100.0,14.999899078526385,0.055023940456350104,0.0
33.300000000000004,489.41395840758247,-8.637005837007457,100.0,14.9998999853498,0.054776176418729595,0.0
33.4,490.9439482495658,-8.631431301553011,100.0,14.999900876760734,0.054531526226237685,0.0
33.5,492.4739381817558,-8.62588156153643,100.0,14.999901753044762,0.05428995307314943,0.0
33.6,494.0039282026225,-8.620356304979106,100.0,14.999902614481742,0.05405142055351583,0.0
33.7,495.53391831066415,-8.61485522359541,100.0,14.999903461345927,0.05381589265733001,0.0
33.800000000000004,497.0639085044067,-8.60937801275249,100.0,14.999904293906093,0.05358333376672478,0.0
33.9,498.5938987824033,-8.603924371430477,100.0,14.999905112425648,0.053353708652201244,0.0
34.0,500.1238891432337,-8.598494002183058,100.0,14.999905917162739,0.05312698246888818,0.0
34.1,501.6538795855039,-8.59308661109844,100.0,14.999906708370377,0.052903120752832086,0.0
34.2,503.18387010784517,-8.587701907760684,100.0,14.999907486296527,0.05268208941731743,0.0
34.300000000000004,504.7138607089141,-8.582339605211411,100.0,14.999908251184234,0.05246385474921702,0.0
34.4,506.2438513873919,-8.576999419911893,100.0,14.999909003271704,0.05224838340537217,0.0
34.5,507.7738421419836,-8.571681071705491,100.0,14.999909742792424,0.052035642409002554,0.0
34.6,509.30383297141805,-8.566384283780474,100.0,14.999910469975251,0.05182559914614531,0.0
34.7,510.83382387444715,-8.561108782633193,100.0,14.99991118504451,0.05161822136212332,0.0
34.800000000000004,512.3638148498455,-8.555854298031612,100.0,14.999911888220096,0.05141347715804245,0.0
34.9,513.8938058964101,-8.550620562979201,100.0,14.99991257971755,0.05121133498731737,0.0
35.0,515.4237970129593,-8.545407313679176,100.0,14.999913259748174,0.05101176365222595,0.0
35.1,516.9537881983333,-8.54021428949909,100.0,14.999913928519097,0.050814732300491834,0.0
35.2,518.4837794513929,-8.535041232935777,100.0,14.999914586233377,0.05062021042189514,0.0
35.300000000000004,520.0137707710197,-8.52988788958063,100.0,14.999915233090078,0.050428167844910846,0.0
35.4,521.5437621561152,-8.52475400808523,100.0,14.999915869284358,0.050238574733374966,0.0
35.5,523.0737536056008,-8.51963934012731,100.0,14.999916495007549,0.05005140158317805,0.0
35.6,524.6037451184171,-8.51454364037705,100.0,14.999917110447232,0.04986661921898592,0.0
35.7,526.1337366935238,-8.50946666646372,100.0,14.999917715787328,0.04968419879098751,0.0
35.800000000000004,527.6637283298991,-8.504408178942626,100.0,14.999918311208157,0.04950411177166938,0.0
35.9,529.1937200265395,-8.499367941262419,100.0,14.999918896886523,0.04932632995261704,0.0
36.0,530.7237117824593,-8.494345719732697,100.0,14.999919472995796,0.049150825441342666,0.0
36.1,532.2537035966905,-8.489341283491953,100.0,14.999920039705959,0.048977570658138986,0.0
36.2,533.783695468282,-8.484354404475823,100.0,14.999920597183705,0.04880653833295942,0.0
36.300000000000004,535.3136873962998,-8.479384857385668,100.0,14.999921145592484,0.04863770150232399,0.0
36.4,536.8436793798263,-8.474432419657456,100.0,14.999921685092588,0.04847103350625099,0.0
36.5,538.3736714179603,-8.469496871430966,100.0,14.999922215841195,0.048306507985214214,0.0
36.6,539.9036635098162,-8.4645779955193,100.0,14.999922737992465,0.04814409887712555,0.0
36.7,541.4336556545242,-8.45967557737869,100.0,14.999923251697563,0.04798378041434274,0.0
36.800000000000004,542.9636478512297,-8.454789405078627,100.0,14.999923757104755,0.04782552712070221,0.0
36.9,544.4936400990931,-8.449919269272277,100.0,14.999924254359454,0.04766931380857677,0.0
37.0,546.0236323972897,-8.445064963167201,100.0,14.999924743604275,0.0475151155759579,0.0
37.1,547.5536247450088,-8.440226282496372,100.0,14.999925224979103,0.0473629078035627,0.0
37.2,549.0836171414543,-8.435403025489485,100.0,14.999925698621137,0.04721266615196511,0.0
37.300000000000004,550.6136095858436,-8.430594992844556,100.0,14.99992616466496,0.04706436655875139,0.0
37.4,552.143602077408,-8.425801987699819,100.0,14.999926623242576,0.04691798523569956,0.0
37.5,553.6735946153921,-8.421023815605894,100.0,14.99992707448348,0.046773498665982856,0.0
37.6,555.2035871990533,-8.416260284498254,100.0,14.9999275185147,0.04663088360139681,0.0
37.7,556.7335798276623,-8.411511204669965,100.0,14.999927955460846,0.046490117059609926,0.0
37.800000000000004,558.263572500502,-8.406776388744708,100.0,14.999928385444166,0.046351176321437794,0.0
37.9,559.7935652168679,-8.402055651650077,100.0,14.999928808584592,0.04621403892814045,0.0
38.0,561.3235579760676,-8.397348810591152,100.0,14.999929224999784,0.04607868267874292,0.0
38.1,562.8535507774205,-8.392655685024346,100.0,14.99992963480518,0.045945085627378625,0.0
38.2,564.3835436202578,-8.387976096631515,100.0,14.999930038114048,0.045813226080655696,0.0
38.300000000000004,565.913536503922,-8.383309869294347,100.0,14.999930435037511,0.04568308259504592,0.0
38.400000000000006,567.4435294277671,-8.378656829069005,100.0,14.999930825684613,0.04555463397429626,0.0
38.5,568.9735223911578,-8.374016804161037,100.0,14.999931210162346,0.045427859266862665,0.0
38.6,570.5035153934698,-8.369389624900549,100.0,14.9999315885757,0.04530273776336627,0.0
38.7,572.0335084340895,-8.364775123717632,100.0,14.999931961027702,0.04517924899407151,0.0
38.800000000000004,573.5635015124136,-8.360173135118051,100.0,14.999932327619447,0.04505737272638635,0.0
38.900000000000006,575.0934946278489,-8.355583495659182,100.0,14.999932688450158,0.04493708896238428,0.0
39.0,576.6234877798126,-8.351006043926201,100.0,14.999933043617201,0.04481837793634792,0.0
39.1,578.1534809677315,-8.34644062050853,100.0,14.999933393216134,0.04470122011233425,0.0
39.2,579.683474191042,-8.341887067976515,100.0,14.999933737340745,0.044585596181761236,0.0
39.300000000000004,581.2134674491901,-8.33734523085837,100.0,14.999934076083088,0.04447148706101567,0.0
39.400000000000006,582.7434607416312,-8.332814955617343,100.0,14.999934409533505,0.044358873889082134,0.0
39.5,584.2734540678296,-8.328296090629138,100.0,14.999934737780684,0.04424773802519305,0.0
39.6,585.8034474272587,-8.323788486159568,100.0,14.999935060911664,0.04413806104649945,0.0
39.7,587.3334408194008,-8.319291994342446,100.0,14.999935379011898,0.04402982474576259,0.0
39.800000000000004,588.8634342437467,-8.314806469157713,100.0,14.999935692165263,0.04392301112906611,0.0
39.900000000000006,590.3934276997958,-8.310331766409792,100.0,14.999936000454092,0.04381760241354856,0.0
40.0,591.9234211870557,-8.305867743706182,100.0,14.999936303959226,0.043713581025156475,0.0
40.1,593.4534147050424,-8.301414260436268,100.0,14.999936602760018,0.04361092959641738,0.0
40.2,594.9834082532795,-8.296971177750367,100.0,14.99993689693438,0.04350963096423306,0.0
40.300000000000004,596.513401831299,-8.292538358538998,100.0,14.999937186558801,0.04340966816769264,0.0
40.400000000000006,598.0433954386402,-8.288115667412365,100.0,14.999937471708389,0.04331102444590557,0.0
40.5,599.5733890748504,-8.283702970680066,100.0,14.99993775245688,0.043213683235854165,0.0
40.6,601.103382739484,-8.279300136331027,100.0,14.999938028876686,0.04311762817026579,0.0
40.7,602.6333764321029,-8.274907034013635,100.0,14.999938301038897,0.04302284307550441,0.0
40.800000000000004,604.1633701522761,-8.270523535016101,100.0,14.999938569013336,0.042929311969481465,0.0
40.900000000000006,605.6933638995798,-8.266149512247031,100.0,14.999938832868555,0.04283701905958585,0.0
41.0,607.2233576735971,-8.261784840216194,100.0,14.999939092671884,0.04274594874063301,0.0
41.1,608.7533514739177,-8.257429395015524,100.0,14.999939348489443,0.04265608559283287,0.0
41.2,610.2833453001384,-8.253083054300303,100.0,14.999939600386165,0.04256741437977657,0.0
41.300000000000004,611.8133391518622,-8.248745697270564,100.0,14.99993984842582,0.04247992004644187,0.0
41.400000000000006,613.3433330286988,-8.244417204652692,100.0,14.999940092671052,0.04239358771721711,0.0
41.5,614.8733269302639,-8.240097458681218,100.0,14.999940333183378,0.04230840269394352,0.0
41.6,616.4033208561799,-8.235786343080829,100.0,14.99994057002323,0.04222435045397583,0.0
41.7,617.9333148060749,-8.231483743048559,100.0,14.999940803249954,0.04214141664826104,0.0
41.800000000000004,619.4633087795833,-8.22718954523618,100.0,14.999941032921864,0.0420595870994353,0.0
41.900000000000006,620.9933027763451,-8.222903637732795,100.0,14.999941259096232,0.04197884779993855,0.0
42.0,622.5232967960063,-8.2186259100476,100.0,14.999941481829316,0.04189918491014709,0.0
42.1,624.0532908382187,-8.21435625309286,100.0,14.999941701176397,0.041820584756523733,0.0
42.2,625.5832849026393,-8.210094559167068,100.0,14.99994191719177,0.04174303382978554,0.0
42.300000000000004,627.113278988931,-8.205840721938268,100.0,14.999942129928785,0.04166651878308895,0.0
42.400000000000006,628.643273096762,-8.201594636427595,100.0,14.999942339439858,0.041591026430232235,0.0
42.5,630.1732672258056,-8.197356198992972,100.0,14.999942545776486,0.04151654374387514,0.0
42.6,631.7032613757406,-8.193125307313004,100.0,14.99994274898927,0.04144305785377553,0.0
42.7,633.2332555462506,-8.188901860371034,100.0,14.999942949127924,0.041370556045043035,0.0
42.800000000000004,634.7632497370245,-8.1846857584394,100.0,14.999943146241307,0.0412990257564095,0.0
42.900000000000006,636.293243947756,-8.180476903063841,100.0,14.999943340377424,0.04122845457851609,0.0
43.0,637.8232381781437,-8.176275197048097,100.0,14.999943531583451,0.04115883025221701,0.0
43.1,639.353232427891,-8.172080544438673,100.0,14.99994371990575,0.041090140666899706,0.0
43.2,640.8832266967061,-8.167892850509775,100.0,14.99994390538988,0.04102237385882132,0.0
43.300000000000004,642.4132209843015,-8.16371202174841,100.0,14.999944088080614,0.04095551800946147,0.0
43.400000000000006,643.9432152903944,-8.159537965839663,100.0,14.999944268021963,0.04088956144389108,0.0
43.5,645.4732096147065,-8.155370591652131,100.0,14.999944445257174,0.040824492629157175,0.0
43.6,647.003203956964,-8.151209809223525,100.0,14.999944619828762,0.040760300172683596,0.0
43.7,648.533198316897,-8.147055529746433,100.0,14.99994479177851,0.04069697282068742,0.0
43.800000000000004,650.0631926942402,-8.142907665554244,100.0,14.999944961147488,0.040634499456611024,0.0
43.900000000000006,651.5931870887324,-8.138766130107228,100.0,14.999945127976071,0.0405728690995697,0.0
44.0,653.1231815001163,-8.134630837978786,100.0,14.999945292303941,0.0405120709028146,0.0
44.1,654.6531759281387,-8.130501704841837,100.0,14.999945454170113,0.04045209415221106,0.0
44.2,656.1831703725504,-8.126378647455372,100.0,14.999945613612944,0.040392928264731995,0.0
44.300000000000004,657.7131648331061,-8.12226158365116,100.0,14.999945770670132,0.04033456278696639,0.0
44.400000000000006,659.2431593095642,-8.1181504323206,100.0,14.999945925378748,0.04027698739364277,0.0
44.5,660.773153801687,-8.114045113401733,100.0,14.999946077775235,0.04022019188616743,0.0
44.6,662.3031483092404,-8.109945547866385,100.0,14.999946227895423,0.040164166191177374,0.0
44.7,663.833142831994,-8.105851657707477,100.0,14.999946375774549,0.040108900359107934,0.0
44.800000000000004,665.3631373697208,-8.101763365926466,100.0,14.999946521447244,0.040054384562774735,0.0
44.900000000000006,666.8931319221974,-8.097680596520934,100.0,14.99994666494758,0.0400006090959702,0.0
45.0,668.4231264892039,-8.093603274472324,100.0,14.999946806309039,0.039947564372074106,0.0
45.1,669.9531210705238,-8.089531325733809,100.0,14.999946945564563,0.03989524092267851,0.0
45.2,671.4831156659438,-8.085464677218308,100.0,14.999947082746543,0.039843629396226515,0.0
45.300000000000004,673.013110275254,-8.081403256786635,100.0,14.999947217886824,0.03979272055666506,0.0
45.400000000000006,674.5431048982476,-8.077346993235786,100.0,14.999947351016733,0.03974250528211148,0.0
45.5,676.0730995347212,-8.073295816287361,100.0,14.999947482167073,0.039692974563533795,0.0
45.6,677.6030941844743,-8.069249656576124,100.0,14.999947611368142,0.03964411950344457,0.0
45.7,679.1330888473096,-8.065208445638689,100.0,14.999947738649736,0.03959593131460823,0.0
45.800000000000004,680.6630835230327,-8.061172115902341,100.0,14.999947864041165,0.039548401318761785,0.0
45.900000000000006,682.1930782114522,-8.05714060067399,100.0,14.999947987571256,0.03950152094534879,0.0
46.0,683.7230729123796,-8.053113834129238,100.0,14.999948109268365,0.03945528173026647,0.0
46.1,685.2530676256293,-8.049091751301605,100.0,14.999948229160378,0.03940967531462583,0.0
46.2,686.7830623510187,-8.045074288071838,100.0,14.999948347274737,0.039364693443524834,0.0
46.300000000000004,688.3130570883676,-8.041061381157382,100.0,14.999948463638423,0.03932032796483425,0.0
46.400000000000006,689.8430518374989,-8.037052968101955,100.0,14.999948578277994,0.03927657082799631,0.0
46.5,691.373046598238,-8.033048987265248,100.0,14.99994869121956,0.039233414082835955,0.0
46.6,692.9030413704129,-8.029049377812747,100.0,14.99994880248882,0.03919084987838463,0.0
46.7,694.4330361538542,-8.025054079705676,100.0,14.999948912111051,0.039148870461716376,0.0
46.800000000000004,695.9630309483954,-8.021063033691052,100.0,14.999949020111128,0.039107468176796355,0.0
46.900000000000006,697.493025753872,-8.017076181291865,100.0,14.999949126513515,0.03906663546334143,0.0
47.0,699.0230205701223,-8.013093464797366,100.0,14.999949231342288,0.03902636485569294,0.0
47.1,700.553015396987,-8.00911482725348,100.0,14.999949334621139,0.03898664898170141,0.0
47.2,702.0830102343092,-8.005140212453314,100.0,14.999949436373374,0.038947480561623136,0.0
47.300000000000004,703.6130050819343,-8.001169564927798,100.0,14.999949536621928,0.03890885240702854,0.0
47.400000000000006,705.1429999397099,-7.99720282993642,100.0,14.999949635389367,0.03887075741972223,0.0
47.5,706.6729948074861,-7.9932399534580805,100.0,14.999949732697903,0.03883318859067464,0.0
47.6,708.2029896851153,-7.989280882182053,100.0,14.999949828569386,0.03879613899896508,0.0
47.7,709.7329845724519,-7.985325563499047,100.0,14.999949923025325,0.038759601810736205,0.0
47.800000000000004,711.2629794693524,-7.981373945492384,100.0,14.999950016086883,0.03872357027815974,0.0
47.900000000000006,712.792974375676,-7.977425976929276,100.0,14.999950107774891,0.03868803773841337,0.0
48.0,714.3229692912832,-7.973481607252205,100.0,14.999950198109845,0.03865299761266869,0.0
48.1,715.8529642160372,-7.9695407865704055,100.0,14.99995028711192,0.038618443405090186,0.0
48.2,717.382959149803,-7.965603465651458,100.0,14.999950374800976,0.03858436870184499,0.0
48.300000000000004,718.9129540924476,-7.961669595912966,100.0,14.99995046119655,0.03855076717012348,0.0
48.400000000000006,720.4429490438401,-7.957739129414347,100.0,14.999950546317883,0.03851763255717054,0.0
48.5,721.9729440038515,-7.9538120188487165,100.0,14.99995063018391,0.03848495868932739,0.0
48.6,723.5029389723545,-7.949888217534866,100.0,14.999950712813265,0.0384527394710839,0.0
48.7,725.0329339492241,-7.9459676794093435,100.0,14.999950794224294,0.0384209688841413,0.0
48.800000000000004,726.5629289343368,-7.942050359018624,100.0,14.999950874435052,0.038389640986485195,0.0
48.900000000000006,728.0929239275711,-7.938136211511375,100.0,14.999950953463323,0.03835874991146874,0.0
49.0,729.6229189288072,-7.9342251926308185,100.0,14.999951031326598,0.03832828986690592,0.0
49.1,731.1529139379271,-7.930317258707181,100.0,14.99995110804211,0.038298255134174924,0.0
49.2,732.6829089548147,-7.926412366650234,100.0,14.999951183626813,0.03826864006733131,0.0
49.300000000000004,734.2129039793555,-7.922510473941928,100.0,14.999951258097404,0.03823943909223105,0.0
49.400000000000006,735.7428990114365,-7.918611538629116,100.0,14.999951331470324,0.03821064670566337,0.0
49.5,737.2728940509468,-7.914715519316356,100.0,14.999951403761752,0.0381822574744931,0.0
49.6,738.8028890977766,-7.910822375158815,100.0,14.999951474987622,0.03815426603481269,0.0
49.7,740.3328841518182,-7.906932065855243,100.0,14.999951545163622,0.038126667091103586,0.0
49.800000000000004,741.8628792129653,-7.903044551641048,100.0,14.999951614305196,0.0380994554154071,0.0
49.900000000000006,743.392874281113,-7.89915979328144,100.0,14.999951682427552,0.0380726258465044,0.0
50.0,744.9228693561582,-7.895277752064671,100.0,14.999951749545666,0.03804617328910583,0.0
50.1,746.4528644379992,-7.8913983897953495,100.0,14.999951815674278,0.03802009271304926,0.0
50.2,747.9828595265358,-7.887521668787837,100.0,14.999951880827911,0.03799437915250746,0.0
50.300000000000004,749.5128546216691,-7.883647551859729,100.0,14.999951945020863,0.03796902770520443,0.0
50.400000000000006,751.0428497233021,-7.8797760023254115,100.0,14.999952008267202,0.037944033531640525,0.0
50.5,752.5728448313388,-7.875906983989696,100.0,14.999952070580806,0.0379193918543264,0.0
50.6,754.1028399456847,-7.872040461141535,100.0,14.999952131975316,0.0378950979570255,0.0
50.7,755.6328350662467,-7.868176398547814,100.0,14.999952192464178,0.03787114718400532,0.0
50.800000000000004,757.1628301929333,-7.864314761447217,100.0,14.99995225206064,0.03784753493929702,0.0
50.900000000000006,758.6928253256539,-7.860455515544166,100.0,14.99995231077773,0.03782425668596349,0.0
51.0,760.2228204643195,-7.856598627002844,100.0,14.999952368628296,0.03780130794537579,0.0
51.1,761.7528156088424,-7.8527440624412765,100.0,14.999952425624983,0.037778684296497805,0.0
51.2,763.2828107591362,-7.848891788925497,100.0,14.99995248178025,0.03775638137517907,0.0
51.300000000000004,764.8128059151155,-7.845041773963784,100.0,14.999952537106362,0.03773439487345568,0.0
51.400000000000006,766.3428010766966,-7.84119398550096,100.0,14.999952591615399,0.03771272053885926,0.0
51.5,767.8727962437964,-7.8373483919127676,100.0,14.999952645319269,0.037691354173733815,0.0
51.6,769.4027914163337,-7.833504962000318,100.0,14.99995269822969,0.03767029163456037,0.0
51.7,770.932786594228,-7.829663664984599,100.0,14.99995275035821,0.037649528831289525,0.0
51.800000000000004,772.4627817774001,-7.825824470501055,100.0,14.999952801716196,0.037629061726681574,0.0
51.900000000000006,773.992776965772,-7.821987348594236,100.0,14.999952852314857,0.03760888633565431,0.0
52.0,775.5227721592668,-7.8181522697125105,100.0,14.999952902165223,0.037588998724638285,0.0
52.1,777.0527673578086,-7.814319204702844,100.0,14.999952951278164,0.03756939501093963,0.0
52.2,778.582762561323,-7.810488124805643,100.0,14.999952999664389,0.03755007136211018,0.0
52.300000000000004,780.1127577697362,-7.806659001649658,100.0,14.999953047334444,0.03753102399532496,0.0
52.400000000000006,781.6427529829757,-7.80283180724696,100.0,14.999953094298718,0.037512249176766835,0.0
52.5,783.1727482009701,-7.799006513987969,100.0,14.99995314056745,0.03749374322101839,0.0
52.6,784.7027434236489,-7.795183094636549,100.0,14.999953186150718,0.03747550249046082,0.0
52.7,786.2327386509428,-7.791361522325163,100.0,14.999953231058461,0.03745752339467995,0.0
52.800000000000004,787.7627338827832,-7.787541770550089,100.0,14.999953275300458,0.037439802389879005,0.0
52.900000000000006,789.2927291191028,-7.783723813166695,100.0,14.99995331888636,0.03742233597829845,0.0
53.0,790.8227243598351,-7.779907624384774,100.0,14.999953361825655,0.03740512070764244,0.0
53.1,792.3527196049147,-7.776093178763932,100.0,14.99995340412771,0.03738815317051217,0.0
53.2,793.882714854277,-7.772280451209042,100.0,14.999953445801738,0.0373714300038457,0.0
53.300000000000004,795.4127101078584,-7.768469416965748,100.0,14.999953486856827,0.037354947888364506,0.0
53.400000000000006,796.9427053655963,-7.764660051616027,100.0,14.99995352730192,0.037338703548026465,0.0
53.5,798.4727006274289,-7.760852331073807,100.0,14.999953567145843,0.03732269374948531,0.0
53.6,800.0026958932953,-7.7570462315806425,100.0,14.999953606397279,0.03730691530155645,0.0
53.7,801.5326911631354,-7.753241729701435,100.0,14.999953645064787,0.03729136505468911,0.0
53.800000000000004,803.0626864368902,-7.7494388023202205,100.0,14.999953683156804,0.037276039900444716,0.0
53.900000000000006,804.5926817145014,-7.745637426635997,100.0,14.999953720681638,0.03726093677098145,0.0
54.0,806.1226769959115,-7.741837580158613,100.0,14.999953757647482,0.037246052638544865,0.0
54.1,807.6526722810639,-7.738039240704704,100.0,14.999953794062403,0.03723138451496467,0.0
54.2,809.182667569903,-7.734242386393679,100.0,14.999953829934352,0.03721692945115734,0.0
54.300000000000004,810.7126628623735,-7.730446995643762,100.0,14.999953865271163,0.03720268453663476,0.0
54.400000000000006,812.2426581584214,-7.726653047168078,100.0,14.999953900080554,0.03718864689901863,0.0
54.5,813.7726534579932,-7.722860519970792,100.0,14.999953934370135,0.03717481370356078,0.0
54.6,815.3026487610364,-7.719069393343292,100.0,14.999953968147404,0.037161182152669045,0.0
54.7,816.8326440674989,-7.715279646860429,100.0,14.999954001419743,0.03714774948543895,0.0
54.800000000000004,818.3626393773297,-7.7114912603767936,100.0,14.999954034194436,0.037134512977190906,0.0
54.900000000000006,819.8926346904785,-7.707704214023047,100.0,14.999954066478656,0.037121469939012997,0.0
55.0,821.4226300068955,-7.703918488202295,100.0,14.99995409827947,0.03710861771730922,0.0
55.1,822.9526253265318,-7.700134063586511,100.0,14.999954129603848,0.037095953693353154,0.0
55.2,824.4826206493391,-7.696350921112999,100.0,14.999954160458655,0.037083475282846994,0.0
55.300000000000004,826.0126159752699,-7.6925690419809065,100.0,14.999954190850657,0.03707117993548587,0.0
55.400000000000006,827.5426113042773,-7.688788407647778,100.0,14.99995422078652,0.037059065134527454,0.0
55.5,829.0726066363152,-7.685008999826156,100.0,14.999954250272818,0.03704712839636666,0.0
55.6,830.6026019713379,-7.681230800480219,100.0,14.999954279316025,0.0370353672701156,0.0
55.7,832.1325973093006,-7.67745379182247,100.0,14.999954307922527,0.03702377933718854,0.0
55.800000000000004,833.6625926501591,-7.673677956310459,100.0,14.999954336098613,0.03701236221089181,0.0
55.900000000000006,835.1925879938699,-7.669903276643554,100.0,14.999954363850481,0.03700111353601882,0.0
56.0,836.7225833403899,-7.666129735759747,100.0,14.999954391184245,0.03699003098844988,0.0
56.1,838.2525786896767,-7.662357316832508,100.0,14.999954418105922,0.03697911227475686,0.0
56.2,839.7825740416888,-7.6585860032676685,100.0,14.999954444621451,0.03696835513181274,0.0
56.300000000000004,841.3125693963849,-7.654815778700355,100.0,14.999954470736682,0.0369577573264058,0.0
56.400000000000006,842.8425647537246,-7.651046626991958,100.0,14.99995449645738,0.036947316654858536,0.0
56.5,844.3725601136678,-7.647278532227135,100.0,14.99995452178923,0.036937030942651244,0.0
56.6,845.9025554761752,-7.6435114787108605,100.0,14.999954546737829,0.03692689804405015,0.0
56.7,847.4325508412079,-7.639745450965504,100.0,14.999954571308699,0.036916915841740096,0.0
56.800000000000004,848.9625462087278,-7.635980433727952,100.0,14.999954595507283,0.03690708224646168,0.0
56.900000000000006,850.4925415786971,-7.632216411946767,100.0,14.999954619338943,0.03689739519665287,0.0
57.0,852.0225369510787,-7.628453370779377,100.0,14.999954642808968,0.03688785265809494,0.0
57.1,853.5525323258358,-7.624691295589307,100.0,14.999954665922564,0.036878452623562805,0.0
57.2,855.0825277029326,-7.620930171943443,100.0,14.99995468868487,0.03686919311247957,0.0
57.300000000000004,856.6125230823333,-7.617169985609331,100.0,14.99995471110095,0.03686007217057538,0.0
57.400000000000006,858.1425184640029,-7.613410722552509,100.0,14.999954733175791,0.036851087869550395,0.0
57.5,859.672513847907,-7.609652368933882,100.0,14.999954754914313,0.036842238306741944,0.0
57.6,861.2025092340114,-7.605894911107117,100.0,14.999954776321367,0.03683352160479574,0.0
57.7,862.7325046222825,-7.60213833561608,100.0,14.999954797401728,0.03682493591134117,0.0
57.800000000000004,864.2625000126872,-7.598382629192307,100.0,14.99995481816011,0.03681647939867054,0.0
57.900000000000006,865.7924954051929,-7.594627778752502,100.0,14.999954838601155,0.0368081502634223,0.0
58.0,867.3224907997676,-7.59087377139607,100.0,14.999954858729442,0.03679994672626819,0.0
58.1,868.8524861963796,-7.587120594402683,100.0,14.999954878549477,0.03679186703160419,0.0
58.2,870.3824815949976,-7.583368235229876,100.0,14.99995489806572,0.03678390944724536,0.0
58.300000000000004,871.9124769955909,-7.579616681510671,100.0,14.999954917282544,0.03677607226412437,0.0
58.400000000000006,873.4424723981291,-7.575865921051237,100.0,14.99995493620428,0.036768353795993816,0.0
58.5,874.9724678025824,-7.572115941828579,100.0,14.999954954835182,0.03676075237913222,0.0
58.6,876.5024632089213,-7.56836673198825,100.0,14.999954973179452,0.03675326637205363,0.0
58.7,878.0324586171168,-7.564618279842103,100.0,14.999954991241232,0.03674589415522088,0.0
58.800000000000004,879.5624540271403,-7.5608705738660635,100.0,14.999955009024601,0.03673863413076232,0.0
58.900000000000006,881.0924494389636,-7.557123602697938,100.0,14.999955026533582,0.036731484722192176,0.0
59.0,882.6224448525589,-7.553377355135241,100.0,14.999955043772145,0.036724444374134295,0.0
59.1,884.1524402678989,-7.549631820133061,100.0,14.999955060744195,0.036717511552049345,0.0
59.2,885.6824356849564,-7.545886986801947,100.0,14.99995507745359,0.036710684741965434,0.0
59.300000000000004,887.2124311037051,-7.542142844405825,100.0,14.99995509390413,0.03670396245021206,0.0
59.400000000000006,888.7424265241185,-7.538399382359941,100.0,14.999955110099558,0.0366973432031574,0.0
59.5,890.272421946171,-7.5346565902288285,100.0,14.999955126043567,0.036690825546948844,0.0
59.6,891.8024173698369,-7.530914457724306,100.0,14.999955141739798,0.03668440804725677,0.0
59.7,893.3324127950914,-7.5271729747034986,100.0,14.999955157191842,0.036678089289021575,0.0
59.800000000000004,894.8624082219095,-7.523432131166886,100.0,14.999955172403231,0.03667186787620377,0.0
59.900000000000006,896.392403650267,-7.519691917256373,100.0,14.99995518737746,0.036665742431537314,0.0
60.0,897.9223990801399,-7.51595232325339,100.0,14.99995520211796,0.036659711596285886,0.0
60.1,899.4523945115045,-7.512213339577012,100.0,14.999955216628127,0.036653774030002396,0.0
60.2,900.9823899443375,-7.508474956782109,100.0,14.999955230911299,0.036647928410291325,0.0
60.300000000000004,902.5123853786157,-7.504737165557516,100.0,14.99995524497077,0.03664217343257418,0.0
60.400000000000006,904.0423808143167,-7.500999956724224,100.0,14.999955258809791,0.03663650780985783,0.0
60.5,905.5723762514182,-7.497263321233602,100.0,14.99995527243156,0.03663093027250575,0.0
60.6,907.102371689898,-7.493527250165638,100.0,14.999955285839237,0.03662543956801218,0.0
60.7,908.6323671297345,-7.489791734727201,100.0,14.999955299035928,0.036620034460779036,0.0
60.800000000000004,910.1623625709063,-7.486056766250332,100.0,14.99995531202471,0.03661471373189576,0.0
60.900000000000006,911.6923580133925,-7.482322336190546,100.0,14.9999553248086,0.03660947617892179,0.0
61.0,913.2223534571723,-7.478588436125172,100.0,14.999955337390585,0.03660432061567191,0.0
61.1,914.7523489022251,-7.474855057751697,100.0,14.999955349773597,0.0365992458720042,0.0
61.2,916.282344348531,-7.471122192886146,100.0,14.999955361960541,0.03659425079361073,0.0
61.300000000000004,917.8123397960699,-7.46738983346148,100.0,14.999955373954274,0.03658933424181082,0.0
61.400000000000006,919.3423352448224,-7.463657971526004,100.0,14.99995538575761,0.03658449509334701,0.0
61.5,920.8723306947692,-7.459926599241811,100.0,14.999955397373327,0.036579732240183516,0.0
61.6,922.4023261458913,-7.456195708883238,100.0,14.999955408804164,0.03657504458930729,0.0
61.7,923.9323215981699,-7.452465292835343,100.0,14.999955420052817,0.03657043106253156,0.0
61.800000000000004,925.4623170515866,-7.4487353435924035,100.0,14.99995543112195,0.03656589059630187,0.0
61.900000000000006,926.9923125061233,-7.4450058537564345,100.0,14.999955442014185,0.036561422141504624,0.0
62.0,928.5223079617621,-7.441276816035724,100.0,14.999955452732111,0.036557024663277954,0.0
62.1,930.0523034184852,-7.437548223243389,100.0,14.999955463278273,0.03655269714082506,0.0
62.2,931.5822988762752,-7.433820068295951,100.0,14.999955473655191,0.036548438567229946,0.0
62.300000000000004,933.1122943351152,-7.43009234421193,100.0,14.999955483865339,0.03654424794927535,0.0
62.400000000000006,934.6422897949881,-7.426365044110456,100.0,14.999955493911159,0.036540124307263167,0.0
62.5,936.1722852558773,-7.422638161209899,100.0,14.999955503795068,0.03653606667483706,0.0
62.6,937.7022807177665,-7.418911688826516,100.0,14.999955513519435,0.036532074098807286,0.0
62.7,939.2322761806395,-7.415185620373121,100.0,14.9999555230866,0.036528145638977855,0.0
62.800000000000004,940.7622716444803,-7.411459949357763,100.0,14.999955532498873,0.036524280367975816,0.0
62.900000000000006,942.2922671092733,-7.40773466938243,100.0,14.999955541758537,0.03652047737108273,0.0
63.0,943.822262575003,-7.404009774141768,100.0,14.999955550867824,0.036516735746068264,0.0
63.1,945.3522580416543,-7.400285257421812,100.0,14.999955559828955,0.03651305460302601,0.0
63.2,946.8822535092121,-7.39656111309874,100.0,14.999955568644108,0.03650943306421124,0.0
63.300000000000004,948.4122489776615,-7.392837335137642,100.0,14.99995557731543,0.03650587026388088,0.0
63.400000000000006,949.9422444469882,-7.389113917591299,100.0,14.999955585845044,0.03650236534813542,0.0
63.5,951.4722399171777,-7.385390854598987,100.0,14.999955594235045,0.036498917474762894,0.0
63.6,953.0022353882159,-7.381668140385294,100.0,14.999955602487482,0.036495525813084836,0.0
63.7,954.5322308600888,-7.377945769258947,100.0,14.999955610604397,0.03649218954380425,0.0
63.800000000000004,956.0622263327828,-7.374223735611661,100.0,14.999955618587784,0.036488907858855425,0.0
63.900000000000006,957.5922218062842,-7.370502033917004,100.0,14.999955626439625,0.03648567996125578,0.0
64.0,959.1222172805799,-7.36678065872927,100.0,14.999955634161863,0.036482505064959536,0.0
64.10000000000001,960.6522127556567,-7.36305960468237,100.0,14.999955641756415,0.036479382394713294,0.0
64.2,962.1822082315017,-7.359338866488743,100.0,14.999955649225175,0.036476311185913456,0.0
64.3,963.712203708102,-7.355618438938277,100.0,14.999955656570009,0.036473290684465455,0.0
64.4,965.2421991854453,-7.351898316897237,100.0,14.999955663792758,0.03647032014664484,0.0
64.5,966.7721946635191,-7.348178495307223,100.0,14.999955670895227,0.03646739883896007,0.0
64.60000000000001,968.3021901423112,-7.344458969184128,100.0,14.999955677879212,0.03646452603801715,0.0
64.7,969.8321856218097,-7.340739733617117,100.0,14.99995568474647,0.03646170103038592,0.0
64.8,971.3621811020026,-7.337020783767619,100.0,14.99995569149874,0.03645892311246817,0.0
64.9,972.8921765828785,-7.333302114868325,100.0,14.999955698137736,0.03645619159036732,0.0
65.0,974.4221720644258,-7.329583722222213,100.0,14.999955704665142,0.0364535057797599,0.0
65.10000000000001,975.9521675466333,-7.3258656012015715,100.0,14.999955711082627,0.03645086500576859,0.0
65.2,977.4821630294897,-7.322147747247046,100.0,14.999955717391831,0.03644826860283697,0.0
65.3,979.0121585129841,-7.318430155866693,100.0,14.999955723594368,0.03644571591460578,0.0
65.4,980.5421539971059,-7.314712822635051,100.0,14.99995572969184,0.03644320629379092,0.0
65.5,982.0721494818441,-7.3109957431922155,100.0,14.999955735685813,0.036440739102062886,0.0
65.60000000000001,983.6021449671886,-7.307278913242939,100.0,14.999955741577837,0.03643831370992782,0.0
65.7,985.1321404531288,-7.30356232855573,100.0,14.999955747369448,0.03643592949661012,0.0
65.8,986.6621359396547,-7.299845984961971,100.0,14.999955753062144,0.036433585849936494,0.0
65.9,988.1921314267562,-7.296129878355051,100.0,14.999955758657414,0.03643128216622159,0.0
66.0,989.7221269144235,-7.2924140046894985,100.0,14.999955764156722,0.03642901785015503,0.0
66.10000000000001,991.2521224026468,-7.288698359980139,100.0,14.999955769561511,0.03642679231468997,0.0
66.2,992.7821178914166,-7.284982940301257,100.0,14.999955774873204,0.036424604980933036,0.0
66.3,994.3121133807235,-7.281267741785765,100.0,14.999955780093204,0.03642245527803576,0.0
66.4,995.8421088705581,-7.277552760624395,100.0,14.999955785222895,0.03642034264308732,0.0
66.5,997.3721043609114,-7.273837993064889,100.0,14.999955790263638,0.036418266521008755,0.0
66.60000000000001,998.9020998517743,-7.270123435411211,100.0,14.999955795216778,0.03641622636444853,0.0
66.7,1000.432095343138,-7.266409084022759,100.0,14.999955800083638,0.03641422163367941,0.0
66.8,1001.9620908349938,-7.262694935313594,100.0,14.99995580486553,0.03641225179649674,0.0
66.9,1003.4920863273329,-7.258980985751681,100.0,14.999955809563737,0.03641031632811797,0.0
67.0,1005.022081820147,-7.2552672318581335,100.0,14.999955814179529,0.03640841471108354,0.0
67.10000000000001,1006.5520773134277,-7.251553670206471,100.0,14.999955818714156,0.036406546435159,0.0
67.2,1008.0820728071669,-7.247840297421891,100.0,14.999955823168854,0.036404710997238465,0.0
67.3,1009.6120683013564,-7.244127110180543,100.0,14.999955827544838,0.03640290790124928,0.0
67.4,1011.1420637959883,-7.240414105208818,100.0,14.999955831843305,0.036401136658057914,0.0
67.5,1012.6720592910547,-7.236701279282646,100.0,14.999955836065443,0.0363993967853771,0.0
67.60000000000001,1014.2020547865478,-7.2329886292268,100.0,14.999955840212404,0.03639768780767414,0.0
67.7,1015.7320502824601,-7.229276151914214,100.0,14.99995584428535,0.03639600925608052,0.0
67.8,1017.2620457787841,-7.225563844265307,100.0,14.999955848285406,0.03639436066830253,0.0
67.9,1018.7920412755124,-7.2218517032473155,100.0,14.999955852213688,0.03639274158853317,0.0
68.0,1020.3220367726376,-7.21813972587364,100.0,14.999955856071297,0.03639115156736518,0.0
68.10000000000001,1021.8520322701528,-7.214427909203193,100.0,14.999955859859318,0.03638959016170514,0.0
68.2,1023.3820277680508,-7.210716250339761,100.0,14.999955863578817,0.0363880569346888,0.0
68.3,1024.9120232663247,-7.207004746431374,100.0,14.999955867230849,0.03638655145559739,0.0
68.4,1026.4420187649678,-7.20329339466968,100.0,14.999955870816454,0.03638507329977511,0.0
68.5,1027.972014263973,-7.199582192289337,100.0,14.999955874336651,0.03638362204854767,0.0
68.60000000000001,1029.5020097633342,-7.195871136567398,100.0,14.999955877792454,0.03638219728914187,0.0
68.7,1031.0320052630445,-7.192160224822722,100.0,14.999955881184857,0.036380798614606254,0.0
68.8,1032.5620007630976,-7.188449454415378,100.0,14.999955884514836,0.03637942562373279,0.0
68.9,1034.091996263487,-7.184738822746067,100.0,14.999955887783363,0.03637807792097958,0.0
69.0,1035.621991764207,-7.181028327255547,100.0,14.999955890991385,0.036376755116394564,0.0
69.10000000000001,1037.151987265251,-7.177317965424065,100.0,14.999955894139848,0.03637545682554027,0.0
69.2,1038.681982766613,-7.173607734770799,100.0,14.999955897229668,0.03637418266941943,0.0
69.3,1040.211978268287,-7.16989763285331,100.0,14.999955900261766,0.036372932274401734,0.0
69.4,1041.7419737702678,-7.166187657266994,100.0,14.999955903237035,0.036371705272151396,0.0
69.5,1043.271969272549,-7.162477805644547,100.0,14.999955906156366,0.036370501299555734,0.0
69.60000000000001,1044.8019647751253,-7.158768075655438,100.0,14.99995590902063,0.0363693199986547,0.0
69.7,1046.3319602779907,-7.155058465005385,100.0,14.999955911830684,0.036368161016571275,0.0
69.8,1047.86195578114,-7.151348971435839,100.0,14.999955914587382,0.03636702400544285,0.0
69.9,1049.391951284568,-7.147639592723479,100.0,14.99995591729156,0.036365908622353456,0.0
70.0,1050.921946788269,-7.143930326679709,100.0,14.99995591994404,0.03636481452926683,0.0
70.10000000000001,1052.4519422922378,-7.140221171150165,100.0,14.999955922545636,0.0363637413929605,0.0
70.2,1053.9819377964695,-7.1365121240142235,100.0,14.999955925097149,0.03636268888496063,0.0
70.3,1055.5119333009588,-7.132803183184526,100.0,14.999955927599368,0.036361656681477714,0.0
70.4,1057.041928805701,-7.129094346606502,100.0,14.99995593005307,0.03636064446334316,0.0
70.5,1058.571924310691,-7.125385612257899,100.0,14.99995593245902,0.03635965191594671,0.0
70.60000000000001,1060.1019198159238,-7.121676978148324,100.0,14.999955934817978,0.03635867872917462,0.0
70.7,1061.631915321395,-7.1179684423187854,100.0,14.999955937130686,0.03635772459734874,0.0
70.8,1063.1619108270995,-7.114260002841245,100.0,14.999955939397877,0.0363567892191663,0.0
70.9,1064.691906333033,-7.110551657818176,100.0,14.999955941620277,0.03635587229764056,0.0
71.0,1066.221901839191,-7.106843405382122,100.0,14.9999559437986,0.036354973540042225,0.0
71.10000000000001,1067.751897345569,-7.10313524369527,100.0,14.999955945933543,0.03635409265784156,0.0
71.2,1069.2818928521624,-7.0994271709490215,100.0,14.999955948025802,0.03635322936665141,0.0
71.3,1070.8118883589673,-7.095719185363576,100.0,14.999955950076059,0.03635238338617083,0.0
71.4,1072.341883865979,-7.092011285187514,100.0,14.999955952084985,0.03635155444012954,0.0
71.5,1073.8718793731937,-7.088303468697391,100.0,14.999955954053245,0.03635074225623304,0.0
71.60000000000001,1075.401874880607,-7.084595734197334,100.0,14.999955955981493,0.036349946566108536,0.0
71.7,1076.931870388215,-7.080888080018645,100.0,14.999955957870368,0.03634916710525152,0.0
71.8,1078.4618658960135,-7.077180504519407,100.0,14.99995595972051,0.03634840361297307,0.0
71.9,1079.9918614039989,-7.0734730060840985,100.0,14.999955961532535,0.03634765583234782,0.0
72.0,1081.521856912167,-7.069765583123215,100.0,14.99995596330707,0.03634692351016269,0.0
72.10000000000001,1083.0518524205145,-7.066058234072888,100.0,14.999955965044718,0.036346206396866185,0.0
72.2,1084.5818479290372,-7.062350957394518,100.0,14.999955966746072,0.03634550424651843,0.0
72.3,1086.1118434377315,-7.058643751574407,100.0,14.999955968411726,0.03634481681674189,0.0
72.4,1087.641838946594,-7.054936615123399,100.0,14.99995597004226,0.03634414386867267,0.0
72.5,1089.171834455621,-7.051229546576522,100.0,14.999955971638247,0.0363434851669125,0.0
72.60000000000001,1090.701829964809,-7.0475225444926375,100.0,14.999955973200253,0.03634284047948134,0.0
72.7,1092.2318254741544,-7.043815607454097,100.0,14.999955974728826,0.03634220957777061,0.0
72.8,1093.7618209836544,-7.040108734066396,100.0,14.99995597622452,0.036341592236497106,0.0
72.9,1095.291816493305,-7.036401922957841,100.0,14.999955977687875,0.0363409882336574,0.0
73.0,1096.8218120031033,-7.032695172779215,100.0,14.999955979119418,0.03634039735048289,0.0
73.10000000000001,1098.351807513046,-7.028988482203451,100.0,14.99995598051968,0.036339819371395556,0.0
73.2,1099.88180302313,-7.0252818499253085,100.0,14.999955981889167,0.03633925408396411,0.0
73.3,1101.411798533352,-7.021575274661053,100.0,14.999955983228396,0.036338701278860894,0.0
73.4,1102.9417940437093,-7.017868755148147,100.0,14.999955984537864,0.03633816074981925,0.0
73.5,1104.4717895541985,-7.014162290144932,100.0,14.999955985818067,0.03633763229359148,0.0
73.60000000000001,1106.0017850648169,-7.01045587843033,100.0,14.999955987069491,0.03633711570990739,0.0
73.7,1107.5317805755615,-7.006749518803537,100.0,14.999955988292616,0.03633661080143334,0.0
73.8,1109.0617760864293,-7.00304321008373,100.0,14.999955989487908,0.036336117373731866,0.0
73.9,1110.5917715974176,-6.999336951109767,100.0,14.99995599065584,0.03633563523522185,0.0
74.0,1112.1217671085237,-6.995630740739906,100.0,14.999955991796869,0.03633516419713914,0.0
74.10000000000001,1113.6517626197449,-6.9919245778515124,100.0,14.999955992911444,0.036334704073497835,0.0
74.2,1115.1817581310784,-6.988218461340782,100.0,14.99995599400001,0.036334254681051927,0.0
74.3,1116.7117536425214,-6.984512390122463,100.0,14.999955995063004,0.036333815839257565,0.0
74.4,1118.2417491540716,-6.980806363129578,100.0,14.999955996100862,0.036333387370235774,0.0
74.5,1119.7717446657264,-6.977100379313162,100.0,14.999955997114007,0.036332969098735665,0.0
74.60000000000001,1121.3017401774832,-6.973394437641989,100.0,14.999955998102859,0.036332560852098156,0.0
74.7,1122.8317356893397,-6.9696885371023125,100.0,14.999955999067831,0.03633216246022016,0.0
74.8,1124.3617312012934,-6.965982676697606,100.0,14.999956000009327,0.03633177375551927,0.0
74.9,1125.891726713342,-6.962276855448309,100.0,14.99995600092775,0.03633139457289887,0.0
75.0,1127.421722225483,-6.958571072391574,100.0,14.999956001823493,0.036331024749713746,0.0
75.10000000000001,1128.9517177377145,-6.954865326581017,100.0,14.999956002696948,0.03633066412573618,0.0
75.2,1130.4817132500339,-6.951159617086477,100.0,14.999956003548496,0.03633031254312241,0.0
75.3,1132.011708762439,-6.947453942993769,100.0,14.999956004378511,0.03632996984637963,0.0
75.4,1133.5417042749275,-6.943748303404449,100.0,14.999956005187371,0.036329635882333386,0.0
75.5,1135.0716997874974,-6.94004269743558,100.0,14.999956005975436,0.03632931050009537,0.0
75.60000000000001,1136.6016953001467,-6.936337124219499,100.0,14.999956006743071,0.03632899355103175,0.0
75.7,1138.1316908128733,-6.932631582903586,100.0,14.99995600749063,0.03632868488873179,0.0
75.8,1139.6616863256752,-6.928926072650044,100.0,14.999956008218462,0.03632838436897701,0.0
75.9,1141.1916818385503,-6.925220592635675,100.0,14.99995600892691,0.03632809184971064,0.0
76.0,1142.7216773514965,-6.9215151420516605,100.0,14.999956009616318,0.03632780719100764,0.0
76.10000000000001,1144.251672864512,-6.917809720103345,100.0,14.999956010287017,0.03632753025504489,0.0
76.2,1145.7816683775952,-6.9141043260100234,100.0,14.999956010939334,0.03632726090607206,0.0
76.3,1147.311663890744,-6.910398959004733,100.0,14.999956011573596,0.03632699901038261,0.0
76.4,1148.8416594039566,-6.906693618334045,100.0,14.999956012190125,0.03632674443628536,0.0
76.5,1150.3716549172311,-6.9029883032578585,100.0,14.999956012789232,0.03632649705407632,0.0
76.60000000000001,1151.901650430566,-6.899283013049203,100.0,14.999956013371225,0.03632625673601096,0.0
76.7,1153.4316459439592,-6.8955777469940385,100.0,14.999956013936412,0.03632602335627689,0.0
76.80000000000001,1154.9616414574093,-6.891872504391058,100.0,14.999956014485093,0.036325796790966786,0.0
76.9,1156.4916369709144,-6.888167284551496,100.0,14.999956015017563,0.03632557691805177,0.0
77.0,1158.021632484473,-6.884462086798941,100.0,14.999956015534115,0.03632536361735513,0.0
77.10000000000001,1159.5516279980836,-6.88075691046914,100.0,14.999956016035034,0.03632515677052639,0.0
77.2,1161.0816235117445,-6.877051754909823,100.0,14.999956016520603,0.036324956261015694,0.0
77.30000000000001,1162.611619025454,-6.873346619480516,100.0,14.999956016991101,0.03632476197404861,0.0
77.4,1164.1416145392109,-6.869641503552361,100.0,14.999956017446802,0.03632457379660118,0.0
77.5,1165.6716100530134,-6.865936406507938,100.0,14.999956017887973,0.03632439161737537,0.0
77.60000000000001,1167.2016055668603,-6.862231327741093,100.0,14.999956018314885,0.036324215326774836,0.0
77.7,1168.73160108075,-6.858526266656764,100.0,14.999956018727794,0.03632404481688099,0.0
77.80000000000001,1170.261596594681,-6.85482122267081,100.0,14.999956019126959,0.036323879981429434,0.0
77.9,1171.791592108652,-6.851116195209847,100.0,14.999956019512636,0.03632372071578664,0.0
78.0,1173.3215876226616,-6.847411183711078,100.0,14.999956019885072,0.036323566916927015,0.0
78.10000000000001,1174.8515831367085,-6.843706187622133,100.0,14.999956020244515,0.03632341848341025,0.0
78.2,1176.3815786507917,-6.8400012064009115,100.0,14.999956020591204,0.03632327531535895,0.0
78.30000000000001,1177.9115741649093,-6.836296239515417,100.0,14.999956020925381,0.03632313731443661,0.0
78.4,1179.4415696790604,-6.832591286443607,100.0,14.99995602124728,0.03632300438382582,0.0
78.5,1180.9715651932438,-6.828886346673237,100.0,14.99995602155713,0.03632287642820685,0.0
78.60000000000001,1182.501560707458,-6.825181419701706,100.0,14.999956021855159,0.036322753353736456,0.0
78.7,1184.0315562217022,-6.821476505035913,100.0,14.999956022141589,0.036322635068027,0.0
78.80000000000001,1185.561551735975,-6.817771602192106,100.0,14.999956022416644,0.036322521480125845,0.0
78.9,1187.0915472502752,-6.814066710695736,100.0,14.999956022680538,0.03632241250049502,0.0
79.0,1188.6215427646018,-6.810361830081316,100.0,14.999956022933487,0.03632230804099119,0.0
79.10000000000001,1190.1515382789537,-6.806656959892277,100.0,14.999956023175699,0.036322208014845835,0.0
79.2,1191.6815337933297,-6.802952099680831,100.0,14.999956023407384,0.036322112336645784,0.0
79.30000000000001,1193.2115293077288,-6.799247249007834,100.0,14.99995602362874,0.03632202092231394,0.0
79.4,1194.74152482215,-6.79554240744265,100.0,14.999956023839975,0.03632193368909027,0.0
79.5,1196.2715203365922,-6.791837574563015,100.0,14.999956024041278,0.036321850555513104,0.0
79.60000000000001,1197.8015158510543,-6.788132749954911,100.0,14.99995602423285,0.03632177144140065,0.0
79.7,1199.3315113655356,-6.784427933212431,100.0,14.99995602441488,0.03632169626783275,0.0
79.80000000000001,1200.861506880035,-6.780723123937656,100.0,14.999956024587556,0.03632162495713289,0.0
79.9,1202.3915023945515,-6.777018321740524,100.0,14.999956024751063,0.03632155743285048,0.0
80.0,1203.921497909084,-6.77331352623871,100.0,14.99995602490558,0.036321493619743336,0.0
80.10000000000001,1205.4514934236322,-6.769608737057503,100.0,14.999956025051294,0.036321433443760445,0.0
80.2,1206.9814889381946,-6.765903953829682,100.0,14.999956025188375,0.03632137683202489,0.0
80.30000000000001,1208.5114844527707,-6.762199176195402,100.0,14.999956025317,0.03632132371281707,0.0
80.4,1210.0414799673595,-6.758494403802074,100.0,14.999956025437339,0.03632127401555817,0.0
80.5,1211.57147548196,-6.754789636304249,100.0,14.999956025549558,0.03632122767079375,0.0
80.60000000000001,1213.1014709965716,-6.751084873363506,100.0,14.999956025653827,0.03632118461017766,0.0
80.7,1214.6314665111934,-6.747380114648338,100.0,14.999956025750304,0.03632114476645613,0.0
80.80000000000001,1216.1614620258247,-6.743675359834043,100.0,14.999956025839152,0.03632110807345207,0.0
80.9,1217.6914575404646,-6.739970608602615,100.0,14.99995602592053,0.03632107446604962,0.0
81.0,1219.2214530551125,-6.736265860642634,100.0,14.999956025994592,0.03632104388017884,0.0
81.10000000000001,1220.7514485697675,-6.732561115649163,100.0,14.999956026061488,0.036321016252800695,0.0
81.2,1222.281444084429,-6.728856373323642,100.0,14.999956026121373,0.03632099152189218,0.0
81.30000000000001,1223.8114395990963,-6.725151633373786,100.0,14.99995602617439,0.03632096962643168,0.0
81.4,1225.3414351137685,-6.721446895513482,100.0,14.999956026220689,0.036320950506384515,0.0
81.5,1226.8714306284453,-6.717742159462693,100.0,14.999956026260406,0.03632093410268866,0.0
81.60000000000001,1228.4014261431257,-6.714037424947355,100.0,14.999956026293692,0.03632092035724075,0.0
81.7,1229.931421657809,-6.71033269169928,100.0,14.999956026320676,0.03632090921288215,0.0
81.80000000000001,1231.461417172495,-6.706627959456066,100.0,14.999956026341499,0.03632090061338528,0.0
81.9,1232.9914126871827,-6.702923227960995,100.0,14.999956026356294,0.03632089450344017,0.0
82.0,1234.5214082018715,-6.699218496962947,100.0,14.999956026365192,0.036320890828641095,0.0
82.10000000000001,1236.051403716561,-6.695513766216304,100.0,14.999956026368322,0.036320889535473494,0.0
82.2,1237.5813992312505,-6.691809035480859,100.0,14.999956026365815,0.036320890571301,0.0
82.30000000000001,1239.1113947459396,-6.688104304521734,100.0,14.999956026357792,0.03632089388435266,0.0
82.4,1240.6413902606275,-6.684399573109284,100.0,14.999956026344378,0.036320899423710376,0.0
82.5,1242.1713857753139,-6.6806948410190135,100.0,14.999956026325696,0.03632090713929643,0.0
82.60000000000001,1243.701381289998,-6.676990108031496,100.0,14.999956026301865,0.036320916981861275,0.0
82.7,1245.2313768046793,-6.673285373932282,100.0,14.999956026272999,0.036320928902971436,0.0
82.80000000000001,1246.7613723193574,-6.669580638511825,100.0,14.999956026239214,0.03632094285499759,0.0
82.9,1248.291367834032,-6.66587590156539,100.0,14.999956026200627,0.0363209587911028,0.0
83.0,1249.8213633487023,-6.662171162892985,100.0,14.999956026157346,0.03632097666523094,0.0
83.10000000000001,1251.351358863368,-6.6584664222992735,100.0,14.999956026109484,0.036320996432095236,0.0
83.2,1252.8813543780286,-6.6547616795934985,100.0,14.999956026057143,0.036321018047166996,0.0
83.30000000000001,1254.4113498926836,-6.651056934589406,100.0,14.999956026000435,0.036321041466664504,0.0
83.4,1255.9413454073326,-6.647352187105172,100.0,14.999956025939461,0.03632106664754202,0.0
83.5,1257.4713409219753,-6.643647436963323,100.0,14.999956025874326,0.03632109354747897,0.0
83.60000000000001,1259.001336436611,-6.639942683990667,100.0,14.999956025805128,0.036321122124869286,0.0
83.7,1260.5313319512393,-6.636237928018219,100.0,14.999956025731969,0.03632115233881087,0.0
83.80000000000001,1262.0613274658601,-6.63253316888113,100.0,14.999956025654942,0.03632118414909521,0.0
83.9,1263.5913229804728,-6.628828406418617,100.0,14.999956025574146,0.03632121751619715,0.0
84.0,1265.121318495077,-6.625123640473895,100.0,14.999956025489675,0.0363212524012648,0.0
84.10000000000001,1266.6513140096727,-6.621418870894105,100.0,14.99995602540162,0.036321288766109565,0.0
84.2,1268.181309524259,-6.617714097530251,100.0,14.999956025310073,0.03632132657319635,0.0
84.30000000000001,1269.7113050388357,-6.614009320237133,100.0,14.999956025215123,0.03632136578563384,0.0
84.4,1271.2413005534027,-6.61030453887328,100.0,14.999956025116859,0.036321406367164966,0.0
84.5,1272.7712960679594,-6.606599753300888,100.0,14.999956025015363,0.0363214482821575,0.0
84.60000000000001,1274.3012915825057,-6.602894963385753,100.0,14.999956024910723,0.036321491495594764,0.0
84.7,1275.831287097041,-6.599190168997216,100.0,14.999956024803026,0.036321535973066456,0.0
84.80000000000001,1277.3612826115652,-6.5954853700080935,100.0,14.999956024692347,0.03632158168075961,0.0
84.9,1278.891278126078,-6.591780566294621,100.0,14.999956024578768,0.03632162858544972,0.0
85.0,1280.421273640579,-6.5880757577363935,100.0,14.999956024462373,0.03632167665449194,0.0
85.10000000000001,1281.9512691550683,-6.584370944216307,100.0,14.999956024343234,0.0363217258558124,0.0
85.2,1283.4812646695452,-6.580666125620497,100.0,14.99995602422143,0.03632177615789971,0.0
85.30000000000001,1285.0112601840094,-6.576961301838288,100.0,14.999956024097035,0.03632182752979648,0.0
85.4,1286.5412556984609,-6.573256472762133,100.0,14.999956023970123,0.036321879941091054,0.0
85.5,1288.0712512128991,-6.5695516382875585,100.0,14.999956023840765,0.03632193336190931,0.0
85.60000000000001,1289.6012467273242,-6.56584679831311,100.0,14.999956023709034,0.03632198776290657,0.0
85.7,1291.1312422417357,-6.562141952740302,100.0,14.999956023575,0.036322043115259654,0.0
85.80000000000001,1292.6612377561335,-6.55843710147356,100.0,14.999956023438731,0.03632209939065899,0.0
85.9,1294.1912332705172,-6.554732244420171,100.0,14.999956023300292,0.036322156561300896,0.0
86.0,1295.7212287848865,-6.551027381490234,100.0,14.999956023159754,0.03632221459987996,0.0
86.10000000000001,1297.2512242992416,-6.5473225125966055,100.0,14.999956023017177,0.03632227347958147,0.0
86.2,1298.7812198135819,-6.5436176376548545,100.0,14.999956022872626,0.036322333174074,0.0
86.30000000000001,1300.3112153279073,-6.539912756583209,100.0,14.999956022726165,0.0363223936575021,0.0
86.4,1301.8412108422178,-6.536207869302511,100.0,14.999956022577857,0.036322454904479065,0.0
86.5,1303.371206356513,-6.532502975736169,100.0,14.999956022427758,0.03632251689007981,0.0
86.60000000000001,1304.9012018707929,-6.528798075810109,100.0,14.999956022275931,0.03632257958983385,0.0
86.7,1306.4311973850572,-6.525093169452731,100.0,14.999956022122431,0.036322642979718406,0.0
86.80000000000001,1307.9611928993058,-6.521388256594861,100.0,14.999956021967318,0.03632270703615156,0.0
86.9,1309.4911884135386,-6.517683337169709,100.0,14.999956021810645,0.03632277173598549,0.0
87.0,1311.0211839277551,-6.513978411112824,100.0,14.99995602165247,0.03632283705649991,0.0
87.10000000000001,1312.5511794419556,-6.51027347836205,100.0,14.999956021492844,0.03632290297539546,0.0
87.2,1314.0811749561396,-6.506568538857485,100.0,14.999956021331823,0.0363229694707873,0.0
87.30000000000001,1315.6111704703071,-6.502863592541439,100.0,14.999956021169458,0.03632303652119872,0.0
87.4,1317.141165984458,-6.499158639358388,100.0,14.9999560210058,0.036323104105554865,0.0
87.5,1318.671161498592,-6.4954536792549415,100.0,14.999956020840898,0.036323172203176594,0.0
87.60000000000001,1320.2011570127092,-6.491748712179796,100.0,14.999956020674801,0.03632324079377435,0.0
87.7,1321.7311525268094,-6.488043738083699,100.0,14.999956020507561,0.036323309857442164,0.0
87.80000000000001,1323.2611480408925,-6.484338756919407,100.0,14.999956020339221,0.03632337937465172,0.0
87.9,1324.7911435549584,-6.480633768641651,100.0,14.999956020169828,0.036323449326246524,0.0
88.0,1326.321139069007,-6.476928773207096,100.0,14.999956019999429,0.03632351969343612,0.0
88.10000000000001,1327.8511345830382,-6.473223770574305,100.0,14.999956019828067,0.036323590457790454,0.0
88.2,1329.3811300970517,-6.469518760703703,100.0,14.999956019655787,0.03632366160123424,0.0
88.30000000000001,1330.9111256110477,-6.46581374355754,100.0,14.999956019482632,0.03632373310604146,0.0
88.4,1332.441121125026,-6.462108719099858,100.0,14.999956019308643,0.0363238049548299,0.0
88.5,1333.9711166389866,-6.458403687296451,100.0,14.999956019133863,0.036323877130555814,0.0
88.60000000000001,1335.5011121529292,-6.45469864811484,100.0,14.999956018958331,0.03632394961650862,0.0
88.7,1337.0311076668538,-6.450993601524226,100.0,14.999956018782086,0.03632402239630571,0.0
88.80000000000001,1338.5611031807605,-6.4472885474954715,100.0,14.99995601860517,0.03632409545388726,0.0
88.9,1340.0910986946492,-6.443583486001056,100.0,14.999956018427618,0.03632416877351122,0.0
89.0,1341.6210942085197,-6.439878417015049,100.0,14.999956018249469,0.03632424233974828,0.0
89.10000000000001,1343.151089722372,-6.436173340513081,100.0,14.999956018070758,0.03632431613747696,0.0
89.2,1344.6810852362062,-6.432468256472306,100.0,14.999956017891524,0.03632439015187877,0.0
89.30000000000001,1346.211080750022,-6.428763164871375,100.0,14.999956017711797,0.036324464368433396,0.0
89.4,1347.7410762638192,-6.425058065690406,100.0,14.999956017531616,0.03632453877291402,0.0
89.5,1349.271071777598,-6.421352958910951,100.0,14.999956017351014,0.03632461335138263,0.0
89.60000000000001,1350.8010672913585,-6.4176478445159715,100.0,14.999956017170023,0.036324688090185464,0.0
89.7,1352.3310628051006,-6.413942722489805,100.0,14.999956016988675,0.03632476297594849,0.0
89.80000000000001,1353.8610583188242,-6.410237592818142,100.0,14.999956016807003,0.036324837995572956,0.0
89.9,1355.3910538325292,-6.40653245548799,100.0,14.999956016625038,0.03632491313623099,0.0
90.0,1356.9210493462156,-6.402827310487656,100.0,14.999956016442809,0.036324988385361266,0.0
90.10000000000001,1358.4510448598833,-6.399122157806713,100.0,14.999956016260347,0.03632506373066475,0.0
90.2,1359.9810403735326,-6.395416997435975,100.0,14.99995601607768,0.03632513916010051,0.0
90.30000000000001,1361.5110358871632,-6.39171182936747,100.0,14.999956015894838,0.03632521466188155,0.0
90.4,1363.0410314007752,-6.388006653594417,100.0,14.99995601571185,0.03632529022447074,0.0
90.5,1364.5710269143683,-6.384301470111199,100.0,14.99995601552874,0.036325365836576765,0.0
90.60000000000001,1366.1010224279428,-6.380596278913337,100.0,14.999956015345537,0.03632544148715021,0.0
90.7,1367.6310179414986,-6.376891079997468,100.0,14.999956015162267,0.036325517165379594,0.0
90.80000000000001,1369.1610134550358,-6.373185873361319,100.0,14.999956014978954,0.03632559286068754,0.0
90.9,1370.6910089685543,-6.369480659003684,100.0,14.999956014795625,0.03632566856272699,0.0
91.0,1372.221004482054,-6.365775436924401,100.0,14.999956014612305,0.03632574426137742,0.0
91.10000000000001,1373.750999995535,-6.3620702071243285,100.0,14.999956014429017,0.036325819946741195,0.0
91.2,1375.2809955089974,-6.358364969605323,100.0,14.999956014245782,0.0363258956091399,0.0
91.30000000000001,1376.8109910224412,-6.354659724370218,100.0,14.999956014062626,0.036325971239110785,0.0
91.4,1378.3409865358663,-6.3509544714228,100.0,14.99995601387957,0.036326046827403195,0.0
91.5,1379.8709820492725,-6.34724921076779,100.0,14.999956013696638,0.03632612236497513,0.0
91.60000000000001,1381.40097756266,-6.343543942410817,100.0,14.999956013513849,0.03632619784298977,0.0
91.7,1382.930973076029,-6.339838666358406,100.0,14.999956013331225,0.03632627325281213,0.0
91.80000000000001,1384.4609685893795,-6.336133382617949,100.0,14.999956013148786,0.036326348586005724,0.0
91.9,1385.9909641027114,-6.33242809119769,100.0,14.999956012966551,0.036326423834329255,0.0
92.0,1387.5209596160246,-6.328722792106701,100.0,14.999956012784544,0.036326498989733405,0.0
92.10000000000001,1389.0509551293192,-6.32501748535487,100.0,14.999956012602777,0.03632657404435763,0.0
92.2,1390.5809506425953,-6.321312170952873,100.0,14.999956012421274,0.03632664899052704,0.0
92.30000000000001,1392.110946155853,-6.3176068489121615,100.0,14.999956012240052,0.03632672382074926,0.0
92.4,1393.6409416690922,-6.313901519244941,100.0,14.999956012059128,0.036326798527711444,0.0
92.5,1395.1709371823129,-6.310196181964154,100.0,14.999956011878517,0.03632687310427719,0.0
92.60000000000001,1396.7009326955151,-6.306490837083463,100.0,14.99995601169824,0.036326947543483645,0.0
92.7,1398.2309282086992,-6.30278548461723,100.0,14.999956011518313,0.03632702183853855,0.0
92.80000000000001,1399.7609237218649,-6.299080124580502,100.0,14.99995601133875,0.03632709598281736,0.0
92.9,1401.290919235012,-6.295374756988995,100.0,14.999956011159567,0.03632716996986042,0.0
93.0,1402.8209147481411,-6.291669381859072,100.0,14.999956010980778,0.036327243793370184,0.0
93.10000000000001,1404.350910261252,-6.287963999207733,100.0,14.999956010802402,0.03632731744720845,0.0
93.2,1405.8809057743447,-6.284258609052594,100.0,14.99995601062445,0.03632739092539363,0.0
93.30000000000001,1407.4109012874192,-6.280553211411874,100.0,14.999956010446937,0.03632746422209812,0.0
93.4,1408.9408968004757,-6.27684780630438,100.0,14.999956010269878,0.03632753733164563,0.0
93.5,1410.4708923135142,-6.273142393749487,100.0,14.999956010093285,0.03632761024850859,0.0
93.60000000000001,1412.0008878265346,-6.26943697376713,100.0,14.99995600991717,0.03632768296730565,0.0
93.7,1413.5308833395372,-6.265731546377783,100.0,14.999956009741549,0.03632775548279908,0.0
93.80000000000001,1415.060878852522,-6.262026111602447,100.0,14.99995600956643,0.03632782778989236,0.0
93.9,1416.5908743654886,-6.258320669462638,100.0,14.999956009391829,0.03632789988362769,0.0
94.0,1418.1208698784376,-6.254615219980367,100.0,14.999956009217756,0.036327971759183605,0.0
94.10000000000001,1419.6508653913688,-6.250909763178132,100.0,14.99995600904422,0.03632804341187261,0.0
94.2,1421.1808609042826,-6.247204299078904,100.0,14.999956008871239,0.036328114837138825,0.0
94.30000000000001,1422.7108564171785,-6.243498827706108,100.0,14.999956008698817,0.03632818603055568,0.0
94.4,1424.240851930057,-6.239793349083617,100.0,14.999956008526967,0.036328256987823666,0.0
94.5,1425.770847442918,-6.236087863235735,100.0,14.999956008355698,0.0363283277047681,0.0
94.60000000000001,1427.3008429557615,-6.232382370187185,100.0,14.99995600818502,0.03632839817733691,0.0
94.7,1428.8308384685877,-6.228676869963099,100.0,14.999956008014944,0.03632846840159846,0.0
94.80000000000001,1430.3608339813966,-6.2249713625890015,100.0,14.999956007845478,0.036328538373739463,0.0
94.9,1431.8908294941882,-6.221265848090802,100.0,14.999956007676632,0.03632860809006284,0.0
95.0,1433.4208250069626,-6.217560326494779,100.0,14.999956007508413,0.03632867754698562,0.0
95.10000000000001,1434.9508205197199,-6.213854797827573,100.0,14.99995600734083,0.03632874674103697,0.0
95.2,1436.48081603246,-6.210149262116172,100.0,14.99995600717389,0.03632881566885613,0.0
95.30000000000001,1438.0108115451833,-6.2064437193879,100.0,14.999956007007606,0.03632888432719046,0.0
95.4,1439.5408070578897,-6.2027381696704085,100.0,14.999956006841979,0.03632895271289347,0.0
95.5,1441.070802570579,-6.199032612991664,100.0,14.99995600667702,0.036329020822922935,0.0
95.60000000000001,1442.6007980832517,-6.195327049379939,100.0,14.999956006512738,0.03632908865433895,0.0
95.7,1444.1307935959076,-6.1916214788638,100.0,14.999956006349134,0.03632915620430209,0.0
95.80000000000001,1445.6607891085469,-6.187915901472097,100.0,14.99995600618622,0.036329223470071635,0.0
95.9,1447.1907846211695,-6.184210317233957,100.0,14.999956006024,0.03632929044900366,0.0
96.0,1448.7207801337756,-6.180504726178769,100.0,14.999956005862481,0.036329357138549324,0.0
96.10000000000001,1450.2507756463654,-6.176799128336178,100.0,14.999956005701668,0.03632942353625311,0.0
96.2,1451.7807711589387,-6.1730935237360764,100.0,14.999956005541566,0.03632948963975106,0.0
96.30000000000001,1453.3107666714957,-6.169387912408592,100.0,14.999956005382185,0.03632955544676912,0.0
96.4,1454.8407621840365,-6.165682294384078,100.0,14.999956005223524,0.03632962095512145,0.0
96.5,1456.3707576965612,-6.16197666969311,100.0,14.999956005065592,0.03632968616270878,0.0
96.60000000000001,1457.9007532090698,-6.15827103836647,100.0,14.999956004908395,0.03632975106751678,0.0
96.7,1459.4307487215624,-6.154565400435143,100.0,14.999956004751933,0.036329815667614444,0.0
96.80000000000001,1460.960744234039,-6.1508597559303055,100.0,14.999956004596214,0.03632987996115257,0.0
96.9,1462.4907397465,-6.147154104883319,100.0,14.999956004441241,0.03632994394636216,0.0
97.0,1464.020735258945,-6.1434484473257225,100.0,14.99995600428702,0.036330007621552904,0.0
97.10000000000001,1465.5507307713744,-6.139742783289222,100.0,14.999956004133553,0.03633007098511171,0.0
97.2,1467.0807262837882,-6.136037112805684,100.0,14.999956003980843,0.036330134035501185,0.0
97.30000000000001,1468.6107217961865,-6.132331435907128,100.0,14.999956003828897,0.036330196771258184,0.0
97.4,1470.1407173085693,-6.12862575262572,100.0,14.999956003677715,0.036330259190992406,0.0
97.5,1471.6707128209366,-6.124920062993764,100.0,14.9999560035273,0.03633032129338495,0.0
97.60000000000001,1473.2007083332887,-6.121214367043694,100.0,14.99995600337766,0.03633038307718695,0.0
97.7,1474.7307038456256,-6.117508664808068,100.0,14.99995600322879,0.03633044454121818,0.0
97.80000000000001,1476.2606993579473,-6.113802956319562,100.0,14.999956003080701,0.036330505684365744,0.0
97.9,1477.790694870254,-6.11009724161096,100.0,14.999956002933388,0.0363305665055827,0.0
98.0,1479.3206903825455,-6.106391520715152,100.0,14.99995600278686,0.03633062700388682,0.0
98.10000000000001,1480.8506858948224,-6.102685793665123,100.0,14.999956002641113,0.03633068717835923,0.0
98.2,1482.3806814070842,-6.098980060493949,100.0,14.999956002496154,0.03633074702814321,0.0
98.30000000000001,1483.9106769193315,-6.09527432123479,100.0,14.999956002351981,0.036330806552442904,0.0
98.4,1485.440672431564,-6.091568575920885,100.0,14.9999560022086,0.03633086575052214,0.0
98.5,1486.970667943782,-6.087862824585544,100.0,14.99995600206601,0.03633092462170317,0.0
98.60000000000001,1488.5006634559854,-6.084157067262145,100.0,14.999956001924215,0.03633098316536552,0.0
98.7,1490.0306589681745,-6.080451303984123,100.0,14.999956001783213,0.03633104138094482,0.0
98.80000000000001,1491.5606544803493,-6.076745534784972,100.0,14.999956001643005,0.036331099267931634,0.0
98.9,1493.0906499925097,-6.073039759698231,100.0,14.999956001503595,0.03633115682587034,0.0
99.0,1494.620645504656,-6.069333978757485,100.0,14.999956001364982,0.03633121405435803,0.0
99.10000000000001,1496.1506410167883,-6.065628191996359,100.0,14.999956001227169,0.03633127095304339,0.0
99.2,1497.6806365289065,-6.061922399448506,100.0,14.999956001090155,0.036331327521625635,0.0
99.30000000000001,1499.2106320410107,-6.058216601147613,100.0,14.999956000953938,0.03633138375985342,0.0
99.4,1500.7406275531011,-6.054510797127388,100.0,14.999956000818527,0.03633143966752384,0.0
99.5,1502.2706230651777,-6.050804987421555,100.0,14.999956000683913,0.03633149524448139,0.0
99.60000000000001,1503.8006185772406,-6.047099172063853,100.0,14.9999560005501,0.03633155049061692,0.0
99.7,1505.3306140892898,-6.043393351088032,100.0,14.99995600041709,0.03633160540586668,0.0
99.80000000000001,1506.8606096013257,-6.039687524527844,100.0,14.999956000284879,0.036331659990211325,0.0
99.9,1508.3906051133479,-6.03598169241704,100.0,14.999956000153471,0.03633171424367494,0.0
100.0,1509.9206006253569,-6.032275854789367,100.0,14.999956000022863,0.0363317681663241,0.0
100.10000000000001,1511.4505961373525,-6.028570011678564,100.0,14.999955999893057,0.03633182175826696,0.0
100.2,1512.9805916493349,-6.024864163118357,100.0,14.999955999764051,0.0363318750196523,0.0
100.30000000000001,1514.5105871613043,-6.021158309142453,100.0,14.999955999635846,0.03633192795066864,0.0
100.4,1516.0405826732606,-6.017452449784539,100.0,14.999955999508439,0.03633198055154335,0.0
100.5,1517.5705781852039,-6.013746585078277,100.0,14.99995599938183,0.03633203282254179,0.0
100.60000000000001,1519.1005736971345,-6.010040715057299,100.0,14.999955999256022,0.036332084763966425,0.0
100.7,1520.630569209052,-6.006334839755205,100.0,14.999955999131009,0.036332136376155996,0.0
100.80000000000001,1522.160564720957,-6.002628959205558,100.0,14.999955999006794,0.036332187659484684,0.0
100.9,1523.6905602328493,-5.998923073441883,100.0,14.999955998883372,0.03633223861436129,0.0
101.0,1525.2205557447292,-5.995217182497659,100.0,14.999955998760747,0.03633228924122843,0.0
101.10000000000001,1526.7505512565965,-5.99151128640632,100.0,14.999955998638914,0.03633233954056176,0.0
101.2,1528.2805467684514,-5.9878053852012485,100.0,14.999955998517873,0.03633238951286919,0.0
101.30000000000001,1529.810542280294,-5.984099478915773,100.0,14.99995599839762,0.03633243915869009,0.0
101.4,1531.3405377921245,-5.980393567583168,100.0,14.999955998278159,0.03633248847859457,0.0
101.5,1532.8705333039427,-5.976687651236647,100.0,14.999955998159487,0.03633253747318274,0.0
101.60000000000001,1534.4005288157489,-5.9729817299093595,100.0,14.9999559980416,0.036332586143083954,0.0
101.7,1535.930524327543,-5.969275803634391,100.0,14.999955997924497,0.03633263448895613,0.0
101.80000000000001,1537.4605198393253,-5.965569872444758,100.0,14.99995599780818,0.03633268251148502,0.0
101.9,1538.9905153510958,-5.961863936373405,100.0,14.99995599769264,0.03633273021138352,0.0
102.0,1540.5205108628545,-5.9581579954532025,100.0,14.99995599757788,0.03633277758939104,0.0
102.10000000000001,1542.0505063746016,-5.954452049716945,100.0,14.9999559974639,0.03633282464627272,0.0
102.2,1543.580501886337,-5.950746099197348,100.0,14.999955997350694,0.036332871382818904,0.0
102.30000000000001,1545.110497398061,-5.947040143927043,100.0,14.999955997238263,0.0363329177998444,0.0
102.4,1546.6404929097735,-5.94333418393858,100.0,14.999955997126603,0.0363329638981879,0.0
102.5,1548.1704884214746,-5.93962821926442,100.0,14.999955997015714,0.036333009678711316,0.0
102.60000000000001,1549.7004839331646,-5.935922249936936,100.0,14.999955996905593,0.03633305514229918,0.0
102.7,1551.2304794448432,-5.9322162759884085,100.0,14.999955996796235,0.03633310028985808,0.0
102.80000000000001,1552.760474956511,-5.928510297451027,100.0,14.999955996687643,0.03633314512231598,0.0
102.9,1554.2904704681675,-5.924804314356881,100.0,14.999955996579809,0.036333189640621724,0.0
103.0,1555.8204659798132,-5.921098326737966,100.0,14.999955996472734,0.036333233845744405,0.0
103.10000000000001,1557.350461491448,-5.917392334626177,100.0,14.999955996366415,0.036333277738672835,0.0
103.2,1558.8804570030718,-5.913686338053306,100.0,14.99995599626085,0.03633332132041497,0.0
103.30000000000001,1560.410452514685,-5.909980337051041,100.0,14.999955996156036,0.03633336459199738,0.0
103.4,1561.9404480262874,-5.906274331650966,100.0,14.999955996051971,0.03633340755446472,0.0
103.5,1563.4704435378794,-5.902568321884556,100.0,14.999955995948651,0.03633345020887917,0.0
103.60000000000001,1565.000439049461,-5.898862307783177,100.0,14.999955995846078,0.03633349255631997,0.0
103.7,1566.530434561032,-5.895156289378085,100.0,14.99995599574424,0.03633353459788286,0.0
103.80000000000001,1568.0604300725927,-5.891450266700423,100.0,14.999955995643147,0.036333576334679644,0.0
103.9,1569.590425584143,-5.887744239781219,100.0,14.999955995542784,0.03633361776783761,0.0
104.0,1571.1204210956832,-5.884038208651386,100.0,14.999955995443155,0.03633365889849917,0.0
104.10000000000001,1572.6504166072134,-5.88033217334172,100.0,14.999955995344257,0.03633369972782127,0.0
104.2,1574.1804121187336,-5.876626133882897,100.0,14.999955995246085,0.03633374025697501,0.0
104.30000000000001,1575.7104076302437,-5.872920090305473,100.0,14.999955995148637,0.03633378048714514,0.0
104.4,1577.2404031417439,-5.869214042639885,100.0,14.99995599505191,0.03633382041952965,0.0
104.5,1578.7703986532342,-5.865507990916444,100.0,14.9999559949559,0.03633386005533929,0.0
104.60000000000001,1580.3003941647148,-5.861801935165339,100.0,14.999955994860608,0.03633389939579716,0.0
104.7,1581.8303896761856,-5.858095875416631,100.0,14.999955994766028,0.0363339384421383,0.0
104.80000000000001,1583.360385187647,-5.8543898117002575,100.0,14.999955994672156,0.036333977195609254,0.0
104.9,1584.8903806990986,-5.850683744046027,100.0,14.999955994578992,0.03633401565746766,0.0
105.0,1586.420376210541,-5.846977672483618,100.0,14.999955994486529,0.03633405382898186,0.0
105.10000000000001,1587.9503717219739,-5.843271597042581,100.0,14.999955994394767,0.03633409171143051,0.0
105.2,1589.4803672333974,-5.839565517752335,100.0,14.999955994303702,0.03633412930610218,0.0
105.30000000000001,1591.0103627448118,-5.835859434642166,100.0,14.99995599421333,0.03633416661429496,0.0
105.4,1592.540358256217,-5.832153347741229,100.0,14.999955994123653,0.03633420363731617,0.0
105.5,1594.070353767613,-5.828447257078542,100.0,14.999955994034659,0.03633424037648185,0.0
105.60000000000001,1595.6003492789998,-5.824741162682993,100.0,14.99995599394635,0.03633427683311653,0.0
105.7,1597.1303447903779,-5.82103506458333,100.0,14.999955993858721,0.03633431300855285,0.0
105.80000000000001,1598.660340301747,-5.817328962808167,100.0,14.999955993771772,0.036334348904131175,0.0
105.9,1600.1903358131074,-5.813622857385981,100.0,14.999955993685496,0.036334384521199255,0.0
106.0,1601.7203313244588,-5.809916748345111,100.0,14.999955993599894,0.03633441986111195,0.0
106.10000000000001,1603.2503268358016,-5.8062106357137555,100.0,14.999955993514957,0.03633445492523085,0.0
106.2,1604.7803223471358,-5.802504519519977,100.0,14.999955993430687,0.036334489714924,0.0
106.30000000000001,1606.3103178584613,-5.798798399791695,100.0,14.999955993347077,0.036334524231565524,0.0
106.4,1607.8403133697784,-5.795092276556692,100.0,14.999955993264123,0.03633455847653537,0.0
106.5,1609.370308881087,-5.791386149842605,100.0,14.999955993181828,0.036334592451219005,0.0
106.60000000000001,1610.9003043923874,-5.787680019676934,100.0,14.999955993100182,0.036334626157007076,0.0
106.7,1612.4302999036795,-5.7839738860870336,100.0,14.999955993019183,0.03633465959529517,0.0
106.80000000000001,1613.9602954149634,-5.780267749100118,100.0,14.999955992938828,0.0363346927674835,0.0
106.9,1615.4902909262391,-5.776561608743257,100.0,14.999955992859116,0.03633472567497664,0.0
107.0,1617.0202864375067,-5.772855465043376,100.0,14.999955992780041,0.03633475831918324,0.0
107.10000000000001,1618.5502819487663,-5.769149318027259,100.0,14.9999559927016,0.03633479070151575,0.0
107.2,1620.080277460018,-5.765443167721545,100.0,14.999955992623793,0.036334822823390185,0.0
107.30000000000001,1621.6102729712616,-5.761737014152727,100.0,14.999955992546608,0.03633485468622584,0.0
107.4,1623.1402684824973,-5.758030857347154,100.0,14.999955992470051,0.03633488629144506,0.0
107.5,1624.6702639937253,-5.75432469733103,100.0,14.999955992394113,0.036334917640472975,0.0
107.60000000000001,1626.2002595049455,-5.750618534130413,100.0,14.99995599231879,0.036334948734737256,0.0
107.7,1627.7302550161583,-5.746912367771216,100.0,14.999955992244086,0.03633497957566789,0.0
107.80000000000001,1629.2602505273633,-5.743206198279205,100.0,14.999955992169989,0.036335010164696945,0.0
107.9,1630.7902460385608,-5.739500025680002,100.0,14.999955992096497,0.03633504050325833,0.0
108.0,1632.3202415497508,-5.735793849999078,100.0,14.99995599202361,0.03633507059278759,0.0
108.10000000000001,1633.8502370609335,-5.732087671261763,100.0,14.999955991951323,0.03633510043472167,0.0
108.2,1635.3802325721088,-5.728381489493238,100.0,14.99995599187963,0.0363351300304987,0.0
108.30000000000001,1636.9102280832767,-5.724675304718535,100.0,14.999955991808534,0.03633515938155781,0.0
108.4,1638.4402235944376,-5.720969116962543,100.0,14.999955991738023,0.036335188489338886,0.0
108.5,1639.9702191055912,-5.717262926250002,100.0,14.9999559916681,0.0363352173552824,0.0
108.60000000000001,1641.5002146167378,-5.713556732605506,100.0,14.999955991598759,0.0363352459808292,0.0
108.7,1643.0302101278774,-5.709850536053501,100.0,14.999955991529998,0.03633527436742033,0.0
108.80000000000001,1644.5602056390098,-5.706144336618285,100.0,14.99995599146181,0.03633530251649682,0.0
108.9,1646.0902011501355,-5.702438134324013,100.0,14.999955991394195,0.0363353304294995,0.0
109.0,1647.6201966612543,-5.69873192919469,100.0,14.999955991327147,0.03633535810786885,0.0
109.10000000000001,1649.1501921723664,-5.695025721254173,100.0,14.999955991260665,0.036335385553044816,0.0
109.2,1650.6801876834716,-5.691319510526175,100.0,14.999955991194744,0.0363354127664666,0.0
109.30000000000001,1652.2101831945702,-5.687613297034262,100.0,14.999955991129381,0.03633543974957253,0.0
109.4,1653.740178705662,-5.683907080801851,100.0,14.999955991064573,0.03633546650379989,0.0
109.5,1655.2701742167471,-5.680200861852215,100.0,14.999955991000315,0.03633549303058472,0.0
109.60000000000001,1656.800169727826,-5.676494640208477,100.0,14.999955990936606,0.036335519331361726,0.0
109.7,1658.3301652388982,-5.672788415893619,100.0,14.999955990873438,0.036335545407564056,0.0
109.80000000000001,1659.860160749964,-5.6690821889304726,100.0,14.999955990810813,0.036335571260623215,0.0
109.9,1661.3901562610235,-5.665375959341725,100.0,14.999955990748724,0.036335596891968844,0.0
110.0,1662.9201517720767,-5.661669727149919,100.0,14.999955990687168,0.03633562230302864,0.0
110.10000000000001,1664.4501472831237,-5.657963492377449,100.0,14.999955990626143,0.0363356474952282,0.0
110.2,1665.9801427941645,-5.6542572550465655,100.0,14.999955990565645,0.03633567246999085,0.0
110.30000000000001,1667.5101383051992,-5.650551015179375,100.0,14.999955990505669,0.03633569722873754,0.0
110.4,1669.0401338162278,-5.646844772797839,100.0,14.999955990446214,0.036335721772886735,0.0
110.5,1670.5701293272502,-5.643138527923772,100.0,14.999955990387274,0.036335746103854226,0.0
110.60000000000001,1672.1001248382668,-5.639432280578847,100.0,14.999955990328848,0.03633577022305306,0.0
110.7,1673.6301203492774,-5.635726030784591,100.0,14.999955990270932,0.03633579413189338,0.0
110.80000000000001,1675.160115860282,-5.6320197785623884,100.0,14.999955990213522,0.03633581783178235,0.0
110.9,1676.6901113712809,-5.628313523933481,100.0,14.999955990156613,0.03633584132412399,0.0
111.0,1678.220106882274,-5.624607266918966,100.0,14.999955990100206,0.03633586461031911,0.0
111.10000000000001,1679.7501023932614,-5.620901007539799,100.0,14.999955990044294,0.03633588769176514,0.0
111.2,1681.2800979042431,-5.617194745816792,100.0,14.999955989988873,0.03633591056985608,0.0
111.30000000000001,1682.8100934152192,-5.613488481770616,100.0,14.999955989933943,0.036335933245982374,0.0
111.4,1684.3400889261895,-5.6097822154218,100.0,14.999955989879497,0.03633595572153081,0.0
111.5,1685.8700844371544,-5.606075946790732,100.0,14.999955989825535,0.036335977997884406,0.0
111.60000000000001,1687.400079948114,-5.602369675897659,100.0,14.999955989772053,0.036336000076422334,0.0
111.7,1688.930075459068,-5.598663402762688,100.0,14.999955989719044,0.03633602195851982,0.0
111.80000000000001,1690.4600709700164,-5.594957127405785,100.0,14.99995598966651,0.03633604364554806,0.0
111.9,1691.9900664809597,-5.5912508498467774,100.0,14.999955989614444,0.03633606513887408,0.0
112.0,1693.5200619918978,-5.587544570105352,100.0,14.999955989562844,0.03633608643986074,0.0
112.10000000000001,1695.0500575028307,-5.583838288201057,100.0,14.999955989511706,0.03633610754986657,0.0
112.2,1696.5800530137583,-5.580132004153304,100.0,14.99995598946103,0.03633612847024573,0.0
112.30000000000001,1698.1100485246807,-5.576425717981365,100.0,14.999955989410807,0.036336149202347894,0.0
112.4,1699.640044035598,-5.572719429704375,100.0,14.999955989361037,0.03633616974751823,0.0
112.5,1701.1700395465105,-5.569013139341333,100.0,14.999955989311719,0.036336190107097266,0.0
112.60000000000001,1702.7000350574178,-5.5653068469111,100.0,14.999955989262846,0.03633621028242085,0.0
112.7,1704.2300305683202,-5.5616005524324015,100.0,14.999955989214415,0.03633623027482008,0.0
112.80000000000001,1705.7600260792176,-5.557894255923827,100.0,14.999955989166425,0.03633625008562121,0.0
112.9,1707.2900215901102,-5.554187957403832,100.0,14.999955989118872,0.03633626971614562,0.0
113.0,1708.8200171009978,-5.550481656890739,100.0,14.999955989071752,0.036336289167709694,0.0
113.10000000000001,1710.3500126118806,-5.546775354402731,100.0,14.999955989025063,0.03633630844162483,0.0
113.2,1711.880008122759,-5.543069049957864,100.0,14.9999559889788,0.036336327539197334,0.0
113.30000000000001,1713.4100036336324,-5.539362743574056,100.0,14.999955988932962,0.03633634646172837,0.0
113.4,1714.9399991445011,-5.535656435269096,100.0,14.999955988887544,0.03633636521051389,0.0
113.5,1716.4699946553653,-5.531950125060638,100.0,14.999955988842546,0.03633638378684462,0.0
113.60000000000001,1717.999990166225,-5.528243812966209,100.0,14.999955988797959,0.03633640219200595,0.0
113.7,1719.52998567708,-5.5245374990032,100.0,14.999955988753785,0.03633642042727794,0.0
113.80000000000001,1721.0599811879306,-5.520831183188875,100.0,14.99995598871002,0.036336438493935246,0.0
113.9,1722.5899766987768,-5.517124865540367,100.0,14.99995598866666,0.03633645639324702,0.0
114.0,1724.1199722096185,-5.513418546074681,100.0,14.999955988623702,0.03633647412647696,0.0
114.10000000000001,1725.6499677204558,-5.509712224808693,100.0,14.999955988581144,0.036336491694883205,0.0
114.2,1727.1799632312889,-5.506005901759149,100.0,14.999955988538982,0.036336509099718306,0.0
114.30000000000001,1728.7099587421176,-5.50229957694267,100.0,14.999955988497213,0.03633652634222918,0.0
114.4,1730.2399542529422,-5.49859325037575,100.0,14.999955988455834,0.036336543423657094,0.0
114.5,1731.7699497637625,-5.4948869220747545,100.0,14.999955988414843,0.036336560345237585,0.0
114.60000000000001,1733.2999452745787,-5.491180592055926,100.0,14.999955988374236,0.03633657710820045,0.0
114.7,1734.8299407853908,-5.48747426033538,100.0,14.99995598833401,0.036336593713769724,0.0
114.80000000000001,1736.3599362961988,-5.483767926929107,100.0,14.999955988294161,0.036336610163163606,0.0
114.9,1737.8899318070028,-5.480061591852976,100.0,14.999955988254689,0.03633662645759447,0.0
115.0,1739.4199273178028,-5.47635525512273,100.0,14.999955988215588,0.03633664259826881,0.0
115.10000000000001,1740.9499228285988,-5.472648916753991,100.0,14.99995598817686,0.03633665858638722,0.0
115.2,1742.479918339391,-5.468942576762259,100.0,14.999955988138494,0.03633667442314434,0.0
115.30000000000001,1744.0099138501791,-5.4652362351629105,100.0,14.999955988100494,0.03633669010972888,0.0
115.4,1745.5399093609635,-5.461529891971202,100.0,14.999955988062856,0.03633670564732355,0.0
115.5,1747.069904871744,-5.457823547202271,100.0,14.999955988025574,0.03633672103710506,0.0
115.60000000000001,1748.5999003825207,-5.454117200871134,100.0,14.999955987988649,0.03633673628024407,0.0
115.7,1750.1298958932937,-5.450410852992689,100.0,14.999955987952074,0.03633675137790522,0.0
115.80000000000001,1751.6598914040628,-5.446704503581714,100.0,14.999955987915852,0.03633676633124708,0.0
115.9,1753.1898869148283,-5.44299815265287,100.0,14.999955987879975,0.036336781141422074,0.0
116.0,1754.7198824255902,-5.439291800220703,100.0,14.99995598784444,0.03633679580957657,0.0
116.10000000000001,1756.2498779363484,-5.435585446299639,100.0,14.99995598780925,0.036336810336850794,0.0
116.2,1757.7798734471032,-5.43187909090399,100.0,14.999955987774396,0.03633682472437883,0.0
116.30000000000001,1759.3098689578544,-5.428172734047951,100.0,14.999955987739877,0.03633683897328861,0.0
116.4,1760.8398644686022,-5.424466375745605,100.0,14.999955987705695,0.03633685308470191,0.0
116.5,1762.3698599793463,-5.420760016010918,100.0,14.999955987671841,0.03633686705973428,0.0
116.60000000000001,1763.899855490087,-5.417053654857745,100.0,14.999955987638312,0.036336880899495126,0.0
116.7,1765.4298510008243,-5.413347292299825,100.0,14.999955987605112,0.036336894605087634,0.0
116.80000000000001,1766.9598465115585,-5.409640928350789,100.0,14.999955987572234,0.03633690817760877,0.0
116.9,1768.4898420222892,-5.405934563024152,100.0,14.999955987539675,0.03633692161814928,0.0
117.0,1770.0198375330165,-5.402228196333321,100.0,14.999955987507432,0.036336934927793704,0.0
117.10000000000001,1771.5498330437406,-5.398521828291592,100.0,14.999955987475506,0.03633694810762033,0.0
117.2,1773.0798285544615,-5.394815458912152,100.0,14.99995598744389,0.0363369611587012,0.0
117.30000000000001,1774.6098240651793,-5.391109088208077,100.0,14.999955987412582,0.036336974082102125,0.0
117.4,1776.1398195758939,-5.387402716192337,100.0,14.999955987381583,0.03633698687888267,0.0
117.5,1777.6698150866052,-5.383696342877792,100.0,14.999955987350887,0.03633699955009614,0.0
117.60000000000001,1779.1998105973134,-5.379989968277197,100.0,14.999955987320492,0.03633701209678958,0.0
117.7,1780.7298061080187,-5.376283592403199,100.0,14.999955987290397,0.03633702452000381,0.0
117.80000000000001,1782.2598016187208,-5.37257721526834,100.0,14.9999559872606,0.03633703682077339,0.0
117.9,1783.7897971294199,-5.368870836885055,100.0,14.999955987231095,0.03633704900012659,0.0
118.0,1785.319792640116,-5.365164457265677,100.0,14.999955987201883,0.03633706105908546,0.0
118.10000000000001,1786.8497881508092,-5.3614580764224335,100.0,14.999955987172958,0.0363370729986658,0.0
118.2,1788.3797836614995,-5.35775169436745,100.0,14.999955987144322,0.03633708481987715,0.0
118.30000000000001,1789.9097791721867,-5.354045311112748,100.0,14.999955987115971,0.03633709652372282,0.0
118.4,1791.439774682871,-5.350338926670248,100.0,14.999955987087901,0.036337108111199876,0.0
118.5,1792.9697701935527,-5.346632541051767,100.0,14.999955987060108,0.03633711958329914,0.0
118.60000000000001,1794.4997657042313,-5.3429261542690245,100.0,14.999955987032594,0.03633713094100521,0.0
118.7,1796.0297612149072,-5.339219766333637,100.0,14.999955987005356,0.03633714218529648,0.0
118.80000000000001,1797.5597567255804,-5.335513377257124,100.0,14.99995598697839,0.03633715331714509,0.0
118.9,1799.089752236251,-5.331806987050904,100.0,14.999955986951692,0.036337164337517006,0.0
119.0,1800.6197477469186,-5.3281005957262995,100.0,14.999955986925263,0.036337175247371976,0.0
119.10000000000001,1802.1497432575836,-5.324394203294532,100.0,14.9999559868991,0.036337186047663575,0.0
119.2,1803.679738768246,-5.32068780976673,100.0,14.999955986873198,0.03633719673933917,0.0
119.30000000000001,1805.2097342789057,-5.316981415153923,100.0,14.99995598684756,0.03633720732333997,0.0
119.4,1806.7397297895627,-5.313275019467047,100.0,14.999955986822178,0.036337217800601014,0.0
119.5,1808.2697253002173,-5.30956862271694,100.0,14.999955986797055,0.03633722817205123,0.0
119.60000000000001,1809.7997208108693,-5.305862224914348,100.0,14.999955986772184,0.03633723843861335,0.0
119.7,1811.3297163215188,-5.302155826069922,100.0,14.999955986747564,0.03633724860120401,0.0
119.80000000000001,1812.8597118321659,-5.29844942619422,100.0,14.999955986723196,0.03633725866073375,0.0
119.9,1814.3897073428104,-5.294743025297708,100.0,14.999955986699073,0.03633726861810695,0.0
120.0,1815.9197028534525,-5.29103662339076,100.0,14.999955986675197,0.036337278474221975,0.0
120.10000000000001,1817.4496983640922,-5.287330220483659,100.0,14.999955986651564,0.036337288229971065,0.0
120.2,1818.9796938747295,-5.283623816586595,100.0,14.999955986628173,0.036337297886240426,0.0
120.30000000000001,1820.5096893853645,-5.279917411709671,100.0,14.999955986605018,0.036337307443910206,0.0
120.4,1822.039684895997,-5.276211005862899,100.0,14.999955986582101,0.03633731690385455,0.0
120.5,1823.5696804066272,-5.272504599056202,100.0,14.99995598655942,0.03633732626694157,0.0
120.60000000000001,1825.0996759172551,-5.268798191299415,100.0,14.999955986536971,0.036337335534033385,0.0
120.7,1826.6296714278808,-5.265091782602285,100.0,14.999955986514752,0.03633734470598615,0.0
120.80000000000001,1828.1596669385042,-5.261385372974474,100.0,14.999955986492761,0.036337353783650043,0.0
120.9,1829.6896624491253,-5.257678962425555,100.0,14.999955986470997,0.036337362767869315,0.0
121.0,1831.2196579597442,-5.253972550965015,100.0,14.999955986449455,0.03633737165948227,0.0
121.10000000000001,1832.749653470361,-5.250266138602259,100.0,14.999955986428139,0.03633738045932132,0.0
121.2,1834.2796489809755,-5.2465597253466045,100.0,14.999955986407041,0.036337389168212976,0.0
121.30000000000001,1835.809644491588,-5.242853311207286,100.0,14.999955986386162,0.03633739778697789,0.0
121.4,1837.3396400021984,-5.239146896193454,100.0,14.999955986365501,0.03633740631643087,0.0
121.5,1838.8696355128066,-5.235440480314177,100.0,14.999955986345052,0.03633741475738087,0.0
121.60000000000001,1840.3996310234127,-5.2317340635784415,100.0,14.999955986324816,0.03633742311063107,0.0
121.7,1841.9296265340167,-5.228027645995152,100.0,14.99995598630479,0.03633743137697882,0.0
121.80000000000001,1843.4596220446188,-5.22432122757313,100.0,14.999955986284975,0.03633743955721573,0.0
121.9,1844.9896175552187,-5.22061480832112,100.0,14.999955986265366,0.036337447652127645,0.0
122.0,1846.5196130658169,-5.216908388247784,100.0,14.99995598624596,0.03633745566249469,0.0
122.10000000000001,1848.049608576413,-5.213201967361707,100.0,14.999955986226757,0.036337463589091276,0.0
122.2,1849.579604087007,-5.209495545671393,100.0,14.999955986207755,0.03633747143268614,0.0
122.30000000000001,1851.1095995975993,-5.205789123185268,100.0,14.999955986188954,0.036337479194042364,0.0
122.4,1852.6395951081897,-5.202082699911683,100.0,14.999955986170349,0.036337486873917364,0.0
122.5,1854.169590618778,-5.1983762758589105,100.0,14.99995598615194,0.03633749447306296,0.0
122.60000000000001,1855.6995861293647,-5.194669851035145,100.0,14.999955986133726,0.03633750199222538,0.0
122.7,1857.2295816399494,-5.1909634254485075,100.0,14.999955986115703,0.03633750943214526,0.0
122.80000000000001,1858.7595771505323,-5.187256999107043,100.0,14.999955986097868,0.036337516793557706,0.0
122.9,1860.2895726611134,-5.183550572018722,100.0,14.999955986080225,0.0363375240771923,0.0
123.0,1861.8195681716927,-5.179844144191439,100.0,14.999955986062767,0.036337531283773095,0.0
123.10000000000001,1863.3495636822702,-5.176137715633018,100.0,14.999955986045494,0.0363375384140187,0.0
123.2,1864.879559192846,-5.172431286351208,100.0,14.999955986028402,0.036337545468642256,0.0
123.30000000000001,1866.40955470342,-5.168724856353686,100.0,14.999955986011495,0.03633755244835148,0.0
123.4,1867.9395502139923,-5.165018425648057,100.0,14.999955985994767,0.036337559353848685,0.0
123.5,1869.469545724563,-5.161311994241855,100.0,14.999955985978216,0.03633756618583078,0.0
123.60000000000001,1870.9995412351318,-5.1576055621425425,100.0,14.999955985961842,0.03633757294498935,0.0
123.7,1872.529536745699,-5.153899129357512,100.0,14.999955985945642,0.036337579632010626,0.0
123.80000000000001,1874.0595322562647,-5.150192695894088,100.0,14.999955985929615,0.03633758624757556,0.0
123.9,1875.5895277668287,-5.146486261759522,100.0,14.999955985913761,0.0363375927923598,0.0
124.0,1877.1195232773912,-5.142779826961001,100.0,14.999955985898076,0.03633759926703374,0.0
124.10000000000001,1878.649518787952,-5.139073391505641,100.0,14.99995598588256,0.03633760567226256,0.0
124.2,1880.1795142985113,-5.1353669554004915,100.0,14.999955985867208,0.036337612008706215,0.0
124.30000000000001,1881.709509809069,-5.131660518652535,100.0,14.999955985852024,0.036337618277019486,0.0
124.4,1883.239505319625,-5.127954081268688,100.0,14.999955985837001,0.036337624477852014,0.0
124.5,1884.7695008301796,-5.124247643255799,100.0,14.999955985822144,0.03633763061184831,0.0
124.60000000000001,1886.2994963407327,-5.120541204620654,100.0,14.999955985807443,0.03633763667964776,0.0
124.7,1887.8294918512843,-5.116834765369971,100.0,14.999955985792903,0.03633764268188472,0.0
124.80000000000001,1889.3594873618345,-5.113128325510405,100.0,14.999955985778518,0.036337648619188444,0.0
124.9,1890.889482872383,-5.1094218850485476,100.0,14.999955985764293,0.03633765449218321,0.0
125.0,1892.4194783829303,-5.105715443990927,100.0,14.99995598575022,0.03633766030148826,0.0
125.10000000000001,1893.9494738934761,-5.102009002344007,100.0,14.999955985736298,0.03633766604771789,0.0
125.2,1895.4794694040206,-5.098302560114189,100.0,14.99995598572253,0.03633767173148146,0.0
125.30000000000001,1897.0094649145635,-5.094596117307815,100.0,14.999955985708912,0.03633767735338339,0.0
125.4,1898.539460425105,-5.090889673931164,100.0,14.99995598569544,0.03633768291402322,0.0
125.5,1900.0694559356452,-5.087183229990454,100.0,14.999955985682115,0.036337688413995636,0.0
125.60000000000001,1901.599451446184,-5.0834767854918415,100.0,14.999955985668938,0.03633769385389046,0.0
125.7,1903.1294469567215,-5.079770340441425,100.0,14.999955985655903,0.03633769923429274,0.0
125.80000000000001,1904.6594424672578,-5.076063894845244,100.0,14.999955985643012,0.03633770455578271,0.0
125.9,1906.1894379777927,-5.072357448709276,100.0,14.999955985630262,0.036337709818935866,0.0
126.0,1907.7194334883263,-5.068651002039443,100.0,14.999955985617653,0.03633771502432298,0.0
126.10000000000001,1909.2494289988588,-5.064944554841609,100.0,14.999955985605181,0.03633772017251009,0.0
126.2,1910.7794245093899,-5.061238107121578,100.0,14.999955985592846,0.03633772526405861,0.0
126.30000000000001,1912.3094200199198,-5.0575316588850985,100.0,14.999955985580646,0.036337730299525244,0.0
126.4,1913.8394155304484,-5.0538252101378625,100.0,14.999955985568583,0.03633773527946213,0.0
126.5,1915.3694110409758,-5.050118760885506,100.0,14.999955985556651,0.036337740204416775,0.0
126.60000000000001,1916.899406551502,-5.04641231113361,100.0,14.999955985544853,0.03633774507493213,0.0
126.7,1918.4294020620268,-5.042705860887698,100.0,14.999955985533186,0.036337749891546596,0.0
126.80000000000001,1919.9593975725506,-5.038999410153242,100.0,14.999955985521646,0.03633775465479407,0.0
126.9,1921.4893930830733,-5.035292958935656,100.0,14.999955985510235,0.03633775936520398,0.0
127.0,1923.0193885935948,-5.031586507240305,100.0,14.999955985498952,0.03633776402330128,0.0
127.10000000000001,1924.5493841041152,-5.0278800550724965,100.0,14.999955985487793,0.03633776862960647,0.0
127.2,1926.0793796146345,-5.024173602437487,100.0,14.999955985476756,0.03633777318463568,0.0
127.30000000000001,1927.6093751251526,-5.02046714934048,100.0,14.999955985465846,0.036337777688900647,0.0
127.4,1929.1393706356696,-5.016760695786629,100.0,14.999955985455056,0.03633778214290874,0.0
127.5,1930.6693661461854,-5.013054241781032,100.0,14.999955985444386,0.036337786547163034,0.0
127.60000000000001,1932.1993616567001,-5.009347787328739,100.0,14.999955985433836,0.03633779090216229,0.0
127.7,1933.729357167214,-5.00564133243475,100.0,14.999955985423405,0.03633779520840101,0.0
127.80000000000001,1935.2593526777266,-5.001934877104011,100.0,14.99995598541309,0.03633779946636944,0.0
127.9,1936.7893481882381,-4.998228421341422,100.0,14.99995598540289,0.036337803676553614,0.0
128.0,1938.3193436987488,-4.994521965151832,100.0,14.999955985392806,0.03633780783943539,0.0
128.1,1939.8493392092582,-4.990815508540041,100.0,14.999955985382833,0.03633781195549244,0.0
128.20000000000002,1941.3793347197668,-4.9871090515108,100.0,14.999955985372974,0.03633781602519831,0.0
128.3,1942.9093302302742,-4.9834025940688145,100.0,14.999955985363227,0.03633782004902245,0.0
128.4,1944.4393257407808,-4.979696136218738,100.0,14.999955985353589,0.03633782402743021,0.0
128.5,1945.9693212512864,-4.975989677965181,100.0,14.999955985344059,0.03633782796088289,0.0
128.6,1947.499316761791,-4.972283219312705,100.0,14.99995598533464,0.036337831849837764,0.0
128.70000000000002,1949.0293122722946,-4.968576760265825,100.0,14.999955985325323,0.0363378356947481,0.0
128.8,1950.5593077827973,-4.964870300829011,100.0,14.999955985316117,0.03633783949606319,0.0
128.9,1952.089303293299,-4.9611638410066865,100.0,14.999955985307011,0.036337843254228376,0.0
129.0,1953.6192988038,-4.9574573808032305,100.0,14.99995598529801,0.036337846969685096,0.0
129.1,1955.1492943142998,-4.953750920222976,100.0,14.999955985289112,0.03633785064287086,0.0
129.20000000000002,1956.6792898247988,-4.950044459270213,100.0,14.999955985280316,0.03633785427421934,0.0
129.3,1958.209285335297,-4.946337997949186,100.0,14.999955985271619,0.03633785786416032,0.0
129.4,1959.7392808457942,-4.942631536264097,100.0,14.99995598526302,0.03633786141311982,0.0
129.5,1961.2692763562904,-4.938925074219104,100.0,14.999955985254521,0.03633786492152004,0.0
129.6,1962.799271866786,-4.935218611818323,100.0,14.999955985246121,0.036337868389779406,0.0
129.70000000000002,1964.3292673772808,-4.931512149065827,100.0,14.999955985237815,0.03633787181831262,0.0
129.8,1965.8592628877745,-4.927805685965646,100.0,14.999955985229604,0.03633787520753067,0.0
129.9,1967.3892583982677,-4.924099222521771,100.0,14.999955985221488,0.03633787855784084,0.0
130.0,1968.9192539087599,-4.920392758738148,100.0,14.999955985213465,0.036337881869646774,0.0
130.1,1970.4492494192511,-4.916686294618685,100.0,14.999955985205535,0.03633788514334847,0.0
130.20000000000002,1971.9792449297418,-4.912979830167248,100.0,14.999955985197694,0.036337888379342306,0.0
130.3,1973.5092404402315,-4.909273365387662,100.0,14.999955985189946,0.03633789157802109,0.0
130.4,1975.0392359507205,-4.905566900283714,100.0,14.999955985182286,0.03633789473977406,0.0
130.5,1976.5692314612086,-4.90186043485915,100.0,14.999955985174715,0.036337897864986916,0.0
130.6,1978.099226971696,-4.898153969117677,100.0,14.999955985167231,0.036337900954041866,0.0
130.70000000000002,1979.6292224821827,-4.894447503062966,100.0,14.999955985159835,0.036337904007317616,0.0
130.8,1981.1592179926686,-4.890741036698644,100.0,14.999955985152523,0.03633790702518943,0.0
130.9,1982.6892135031537,-4.887034570028305,100.0,14.999955985145299,0.03633791000802913,0.0
131.0,1984.2192090136382,-4.883328103055503,100.0,14.999955985138156,0.036337912956205094,0.0
131.1,1985.749204524122,-4.879621635783756,100.0,14.999955985131097,0.03633791587008239,0.0
131.20000000000002,1987.279200034605,-4.875915168216541,100.0,14.99995598512412,0.03633791875002268,0.0
131.3,1988.8091955450873,-4.872208700357303,100.0,14.999955985117225,0.036337921596384284,0.0
131.4,1990.3391910555688,-4.868502232209449,100.0,14.999955985110411,0.036337924409522236,0.0
131.5,1991.8691865660496,-4.864795763776349,100.0,14.999955985103673,0.03633792718978826,0.0
131.6,1993.3991820765298,-4.861089295061338,100.0,14.999955985097017,0.03633792993753084,0.0
131.70000000000002,1994.9291775870092,-4.857382826067715,100.0,14.999955985090441,0.03633793265309523,0.0
131.8,1996.459173097488,-4.853676356798745,100.0,14.999955985083938,0.036337935336823425,0.0
131.9,1997.9891686079663,-4.849969887257659,100.0,14.999955985077515,0.03633793798905428,0.0
132.0,1999.519164118444,-4.846263417447651,100.0,14.999955985071164,0.036337940610123465,0.0
132.1,2001.049159628921,-4.842556947371883,100.0,14.99995598506489,0.03633794320036352,0.0
132.20000000000002,2002.5791551393972,-4.838850477033483,100.0,14.999955985058687,0.03633794576010385,0.0
132.3,2004.1091506498728,-4.835144006435544,100.0,14.999955985052559,0.03633794828967078,0.0
132.4,2005.639146160348,-4.831437535581128,100.0,14.999955985046505,0.03633795078938757,0.0
132.5,2007.1691416708225,-4.827731064473263,100.0,14.99995598504052,0.0363379532595744,0.0
132.6,2008.6991371812962,-4.824024593114944,100.0,14.999955985034607,0.036337955700548485,0.0
132.70000000000002,2010.2291326917696,-4.8203181215091355,100.0,14.999955985028762,0.03633795811262398,0.0
132.8,2011.7591282022422,-4.8166116496587685,100.0,14.99995598502299,0.036337960496112105,0.0
132.9,2013.2891237127142,-4.812905177566743,100.0,14.999955985017284,0.0363379628513211,0.0
133.0,2014.8191192231857,-4.809198705235929,100.0,14.999955985011646,0.036337965178556274,0.0
133.1,2016.3491147336565,-4.805492232669162,100.0,14.999955985006075,0.036337967478120056,0.0
133.20000000000002,2017.8791102441269,-4.801785759869251,100.0,14.99995598500057,0.03633796975031197,0.0
133.3,2019.4091057545966,-4.798079286838972,100.0,14.999955984995132,0.03633797199542868,0.0
133.4,2020.9391012650658,-4.794372813581071,100.0,14.999955984989759,0.036337974213764,0.0
133.5,2022.4690967755346,-4.790666340098265,100.0,14.999955984984448,0.03633797640560895,0.0
133.6,2023.9990922860027,-4.786959866393242,100.0,14.9999559849792,0.03633797857125173,0.0
133.70000000000002,2025.5290877964703,-4.783253392468659,100.0,14.999955984974017,0.03633798071097778,0.0
133.8,2027.0590833069375,-4.779546918327145,100.0,14.999955984968896,0.03633798282506978,0.0
133.9,2028.589078817404,-4.7758404439713,100.0,14.999955984963835,0.03633798491380769,0.0
134.0,2030.11907432787,-4.772133969403697,100.0,14.999955984958838,0.03633798697746877,0.0
134.1,2031.6490698383357,-4.768427494626879,100.0,14.999955984953898,0.03633798901632756,0.0
134.20000000000002,2033.1790653488008,-4.764721019643361,100.0,14.999955984949018,0.036337991030655964,0.0
134.3,2034.7090608592653,-4.761014544455633,100.0,14.999955984944197,0.03633799302072324,0.0
134.4,2036.2390563697293,-4.757308069066155,100.0,14.999955984939435,0.036337994986796025,0.0
134.5,2037.7690518801928,-4.75360159347736,100.0,14.99995598493473,0.03633799692913835,0.0
134.6,2039.299047390656,-4.749895117691656,100.0,14.999955984930079,0.036337998848011664,0.0
134.70000000000002,2040.8290429011186,-4.746188641711424,100.0,14.999955984925487,0.03633800074367487,0.0
134.8,2042.3590384115807,-4.742482165539016,100.0,14.999955984920952,0.03633800261638432,0.0
134.9,2043.8890339220425,-4.738775689176762,100.0,14.999955984916468,0.036338004466393854,0.0
135.0,2045.4190294325037,-4.735069212626965,100.0,14.999955984912043,0.036338006293954825,0.0
135.1,2046.9490249429646,-4.731362735891901,100.0,14.999955984907668,0.036338008099316095,0.0
135.20000000000002,2048.4790204534256,-4.727656259185983,100.0,14.999955984913191,0.036338005819665634,0.0
135.3,2050.009015963887,-4.723949782699391,100.0,14.999955984918097,0.03633800379447835,0.0
135.4,2051.539011474349,-4.720243306406588,100.0,14.999955984922407,0.03633800201560199,0.0
135.5,2053.0690069848115,-4.716536830282871,100.0,14.999955984926139,0.03633800047488491,0.0
135.6,2054.599002495274,-4.712830354304368,100.0,14.999955984929315,0.036337999164189755,0.0
135.70000000000002,2056.128998005737,-4.709123878448035,100.0,14.999955984931951,0.036337998075406275,0.0
135.8,2057.6589935162,-4.705417402691652,100.0,14.999955984934072,0.036337997200463455,0.0
135.9,2059.1889890266634,-4.701710927013822,100.0,14.999955984935692,0.03633799653134078,0.0
136.0,2060.7189845371267,-4.698004451393963,100.0,14.999955984936834,0.036337996060078925,0.0
136.1,2062.2489800475905,-4.6942979758123,100.0,14.999955984937516,0.03633799577878965,0.0
136.20000000000002,2063.7789755580543,-4.690591500249859,100.0,14.999955984937756,0.03633799567966505,0.0
136.3,2065.308971068518,-4.686885024688457,100.0,14.999955984937573,0.036337995754986196,0.0
136.4,2066.838966578982,-4.683178549110695,100.0,14.999955984936987,0.03633799599713108,0.0
136.5,2068.368962089445,-4.679472073499946,100.0,14.999955984936015,0.03633799639858205,0.0
136.6,2069.8989575999085,-4.675765597840344,100.0,14.999955984934672,0.0363379969519326,0.0
136.70000000000002,2071.428953110372,-4.67205912211677,100.0,14.999955984932983,0.036337997649893684,0.0
136.8,2072.9589486208347,-4.668352646314847,100.0,14.99995598493096,0.036337998485299394,0.0
136.9,2074.4889441312976,-4.664646170420918,100.0,14.999955984928619,0.0363379994511122,0.0
137.0,2076.01893964176,-4.660939694422039,100.0,14.99995598492598,0.03633800054042772,0.0
137.1,2077.5489351522224,-4.657233218305963,100.0,14.999955984923059,0.03633800174647895,0.0
137.20000000000002,2079.0789306626843,-4.653526742061127,100.0,14.99995598491987,0.036338003062640095,0.0
137.3,2080.608926173146,-4.649820265676633,100.0,14.999955984916431,0.03633800448242992,0.0
137.4,2082.1389216836074,-4.64611378914224,100.0,14.999955984912756,0.03633800599951476,0.0
137.5,2083.6689171940684,-4.642407312448345,100.0,14.999955984908858,0.03633800760771111,0.0
137.6,2085.198912704529,-4.638700835585966,100.0,14.999955984904759,0.03633800930098778,0.0
137.70000000000002,2086.728908214989,-4.63499435854673,100.0,14.999955984900463,0.03633801107346776,0.0
137.8,2088.258903725449,-4.631287881322854,100.0,14.999955984895992,0.036338012919429744,0.0
137.9,2089.788899235908,-4.627581403907132,100.0,14.999955984891354,0.03633801483330928,0.0
138.0,2091.318894746367,-4.623874926292917,100.0,14.999955984886567,0.036338016809699655,0.0
138.1,2092.848890256825,-4.620168448474104,100.0,14.999955984881641,0.03633801884335246,0.0
138.20000000000002,2094.378885767283,-4.616461970445116,100.0,14.999955984876587,0.03633802092917786,0.0
138.3,2095.90888127774,-4.612755492200889,100.0,14.99995598487142,0.03633802306224469,0.0
138.4,2097.4388767881965,-4.6090490137368505,100.0,14.99995598486615,0.03633802523778017,0.0
138.5,2098.9688722986525,-4.605342535048909,100.0,14.999955984860788,0.03633802745116946,0.0
138.6,2100.498867809108,-4.601636056133433,100.0,14.999955984855344,0.03633802969795502,0.0
138.70000000000002,2102.0288633195632,-4.597929576987242,100.0,14.999955984849832,0.03633803197383569,0.0
138.8,2103.5588588300175,-4.594223097607581,100.0,14.999955984844258,0.03633803427466562,0.0
138.9,2105.0888543404712,-4.590516617992114,100.0,14.999955984838634,0.03633803659645296,0.0
139.0,2106.6188498509246,-4.586810138138904,100.0,14.999955984832967,0.036338038935358474,0.0
139.1,2108.1488453613774,-4.583103658046394,100.0,14.999955984827269,0.03633804128769389,0.0
139.20000000000002,2109.6788408718294,-4.5793971777134,100.0,14.999955984821545,0.03633804364992017,0.0
139.3,2111.208836382281,-4.5756906971390885,100.0,14.999955984815807,0.03633804601864558,0.0
139.4,2112.738831892732,-4.571984216322966,100.0,14.999955984810061,0.036338048390623684,0.0
139.5,2114.268827403182,-4.568277735264862,100.0,14.999955984804314,0.03633805076275123,0.0
139.6,2115.7988229136317,-4.564571253964915,100.0,14.999955984798575,0.0363380531320658,0.0
139.70000000000002,2117.328818424081,-4.560864772423559,100.0,14.99995598479285,0.036338055495743544,0.0
139.8,2118.8588139345297,-4.557158290641509,100.0,14.999955984787142,0.03633805785109668,0.0
139.9,2120.3888094449776,-4.553451808619748,100.0,14.999955984781463,0.03633806019557096,0.0
140.0,2121.918804955425,-4.549745326359511,100.0,14.999955984775816,0.03633806252674306,0.0
140.1,2123.448800465872,-4.546038843862274,100.0,14.999955984770207,0.036338064842317906,0.0
140.20000000000002,2124.9787959763185,-4.542332361129741,100.0,14.99995598476464,0.03633806714012593,0.0
140.3,2126.508791486764,-4.538625878163833,100.0,14.99995598475912,0.036338069418120296,0.0
140.4,2128.038786997209,-4.5349193949666695,100.0,14.999955984753655,0.03633807167437399,0.0
140.5,2129.568782507654,-4.531212911540563,100.0,14.999955984748246,0.03633807390707701,0.0
140.6,2131.098778018098,-4.527506427888005,100.0,14.999955984742899,0.03633807611453346,0.0
140.70000000000002,2132.6287735285414,-4.523799944011652,100.0,14.999955984737616,0.03633807829515853,0.0
140.8,2134.1587690389842,-4.52009345991432,100.0,14.999955984732402,0.036338080447475614,0.0
140.9,2135.6887645494267,-4.516386975598967,100.0,14.999955984727261,0.0363380825701133,0.0
141.0,2137.2187600598686,-4.512680491068687,100.0,14.999955984722193,0.03633808466180236,0.0
141.1,2138.74875557031,-4.508974006326698,100.0,14.999955984717204,0.03633808672137283,0.0
141.20000000000002,2140.278751080751,-4.505267521376331,100.0,14.999955984712296,0.0363380887477509,0.0
141.3,2141.8087465911917,-4.501561036221026,100.0,14.999955984707467,0.03633809073995601,0.0
141.4,2143.338742101632,-4.4978545508643135,100.0,14.999955984702726,0.03633809269709786,0.0
141.5,2144.868737612071,-4.494148065309813,100.0,14.999955984698072,0.0363380946183734,0.0
141.6,2146.39873312251,-4.49044157956122,100.0,14.999955984693507,0.03633809650306388,0.0
141.70000000000002,2147.928728632948,-4.486735093622301,100.0,14.99995598468903,0.03633809835053196,0.0
141.8,2149.458724143386,-4.483028607496882,100.0,14.999955984684647,0.03633810016021873,0.0
141.9,2150.9887196538234,-4.479322121188842,100.0,14.999955984680357,0.03633810193164089,0.0
142.0,2152.518715164261,-4.475615634702106,100.0,14.999955984676157,0.03633810366438781,0.0
142.1,2154.0487106746978,-4.471909148040638,100.0,14.999955984672056,0.036338105358118815,0.0
142.20000000000002,2155.5787061851343,-4.468202661208431,100.0,14.999955984668047,0.03633810701256027,0.0
142.3,2157.1087016955703,-4.464496174209504,100.0,14.999955984664135,0.036338108627502884,0.0
142.4,2158.638697206006,-4.460789687047895,100.0,14.999955984660318,0.036338110202799,0.0
142.5,2160.168692716441,-4.457083199727653,100.0,14.999955984656598,0.03633811173835991,0.0
142.6,2161.6986882268757,-4.453376712252833,100.0,14.999955984652974,0.0363381132341532,0.0
142.70000000000002,2163.22868373731,-4.449670224627491,100.0,14.999955984649448,0.03633811469020019,0.0
142.8,2164.758679247744,-4.445963736855678,100.0,14.999955984646016,0.03633811610657338,0.0
142.9,2166.288674758178,-4.442257248941434,100.0,14.99995598464268,0.03633811748339396,0.0
143.0,2167.818670268611,-4.438550760888787,100.0,14.99995598463944,0.03633811882082936,0.0
143.1,2169.348665779044,-4.434844272701742,100.0,14.999955984636296,0.03633812011909084,0.0
143.20000000000002,2170.878661289477,-4.431137784384283,100.0,14.999955984633246,0.03633812137843119,0.0
143.3,2172.4086567999093,-4.427431295940366,100.0,14.999955984630287,0.03633812259914237,0.0
143.4,2173.9386523103412,-4.4237248073739135,100.0,14.999955984627423,0.03633812378155334,0.0
143.5,2175.468647820773,-4.420018318688815,100.0,14.99995598462465,0.03633812492602784,0.0
143.6,2176.9986433312047,-4.416311829888918,100.0,14.99995598462197,0.036338126032962256,0.0
143.70000000000002,2178.528638841636,-4.412605340978031,100.0,14.999955984619378,0.036338127102783564,0.0
143.8,2180.058634352067,-4.408898851959917,100.0,14.999955984616873,0.03633812813594729,0.0
143.9,2181.588629862498,-4.405192362838289,100.0,14.999955984614461,0.036338129132935555,0.0
144.0,2183.1186253729284,-4.401485873616812,100.0,14.99995598461213,0.03633813009425515,0.0
144.1,2184.6486208833585,-4.397779384299097,100.0,14.999955984609887,0.036338131020435704,0.0
144.20000000000002,2186.1786163937886,-4.3940728948887005,100.0,14.999955984607725,0.03633813191202788,0.0
144.3,2187.7086119042183,-4.390366405389121,100.0,14.99995598460565,0.03633813276960163,0.0
144.4,2189.238607414648,-4.386659915803797,100.0,14.999955984603652,0.03633813359374448,0.0
144.5,2190.7686029250776,-4.382953426136109,100.0,14.999955984601735,0.03633813438505994,0.0
144.6,2192.298598435507,-4.379246936389374,100.0,14.999955984599897,0.03633813514416591,0.0
144.70000000000002,2193.828593945936,-4.375540446566844,100.0,14.999955984598135,0.03633813587169313,0.0
144.8,2195.358589456365,-4.371833956671708,100.0,14.999955984596445,0.03633813656828374,0.0
144.9,2196.8885849667936,-4.368127466707087,100.0,14.999955984594834,0.03633813723458988,0.0
145.0,2198.4185804772223,-4.364420976676036,100.0,14.99995598459329,0.036338137871272276,0.0
145.1,2199.9485759876507,-4.360714486581543,100.0,14.999955984591818,0.036338138478998985,0.0
145.20000000000002,2201.478571498079,-4.3570079964265265,100.0,14.999955984590414,0.03633813905844409,0.0
145.3,2203.0085670085073,-4.353301506213836,100.0,14.999955984589077,0.036338139610286514,0.0
145.4,2204.538562518935,-4.349595015946252,100.0,14.999955984587805,0.03633814013520887,0.0
145.5,2206.068558029363,-4.345888525626486,100.0,14.999955984586597,0.036338140633896336,0.0
145.6,2207.598553539791,-4.342182035257177,100.0,14.999955984585451,0.036338141107035614,0.0
145.70000000000002,2209.1285490502187,-4.338475544840897,100.0,14.999955984584364,0.03633814155531392,0.0
145.8,2210.658544560646,-4.334769054380145,100.0,14.999955984583337,0.03633814197941799,0.0
145.9,2212.1885400710735,-4.331062563877353,100.0,14.999955984582368,0.036338142380033196,0.0
146.0,2213.718535581501,-4.32735607333488,100.0,14.999955984581453,0.03633814275784267,0.0
146.1,2215.2485310919283,-4.323649582755018,100.0,14.99995598458059,0.03633814311352646,0.0
146.20000000000002,2216.7785266023557,-4.319943092139989,100.0,14.999955984579781,0.036338143447760776,0.0
146.3,2218.3085221127826,-4.316236601491946,100.0,14.999955984579023,0.036338143761217225,0.0
146.4,2219.8385176232096,-4.312530110812974,100.0,14.99995598457831,0.03633814405456209,0.0
146.5,2221.3685131336365,-4.308823620105089,100.0,14.999955984577648,0.03633814432845574,0.0
146.6,2222.8985086440634,-4.3051171293702435,100.0,14.999955984577028,0.03633814458355194,0.0
146.70000000000002,2224.4285041544904,-4.30141063861032,100.0,14.999955984576454,0.036338144820497346,0.0
146.8,2225.9584996649173,-4.297704147827138,100.0,14.999955984575923,0.03633814503993088,0.0
146.9,2227.4884951753443,-4.29399765702245,100.0,14.999955984575433,0.036338145242483286,0.0
147.0,2229.0184906857708,-4.290291166197946,100.0,14.999955984574983,0.03633814542877663,0.0
147.1,2230.5484861961972,-4.286584675355253,100.0,14.99995598457457,0.03633814559942385,0.0
147.20000000000002,2232.0784817066237,-4.282878184495935,100.0,14.999955984574191,0.03633814575502844,0.0
147.3,2233.60847721705,-4.279171693621497,100.0,14.99995598457385,0.036338145896183956,0.0
147.4,2235.1384727274767,-4.275465202733382,100.0,14.99995598457354,0.036338146023473746,0.0
147.5,2236.668468237903,-4.271758711832973,100.0,14.999955984573266,0.036338146137470675,0.0
147.6,2238.1984637483297,-4.268052220921599,100.0,14.99995598457302,0.03633814623873676,0.0
147.70000000000002,2239.728459258756,-4.26434573000053,100.0,14.999955984572804,0.03633814632782301,0.0
147.8,2241.2584547691827,-4.260639239070979,100.0,14.999955984572617,0.03633814640526914,0.0
147.9,2242.788450279609,-4.2569327481341075,100.0,14.999955984572455,0.036338146471603404,0.0
148.0,2244.3184457900356,-4.253226257191021,100.0,14.99995598457232,0.03633814652734241,0.0
148.1,2245.848441300462,-4.249519766242774,100.0,14.99995598457221,0.036338146572991,0.0
148.20000000000002,2247.3784368108886,-4.245813275290371,100.0,14.999955984572122,0.03633814660904208,0.0
148.3,2248.908432321315,-4.242106784334766,100.0,14.999955984572056,0.0363381466359766,0.0
148.4,2250.4384278317416,-4.238400293376864,100.0,14.999955984572011,0.036338146654263395,0.0
148.5,2251.968423342168,-4.234693802417523,100.0,14.999955984571988,0.036338146664359174,0.0
148.6,2253.4984188525946,-4.2309873114575565,100.0,14.999955984571983,0.03633814666670844,0.0
148.70000000000002,2255.028414363021,-4.2272808204977315,100.0,14.999955984571995,0.036338146661743544,0.0
148.8,2256.5584098734475,-4.223574329538772,100.0,14.999955984572024,0.03633814664988462,0.0
148.9,2258.088405383874,-4.2198678385813615,100.0,14.999955984572068,0.036338146631539635,0.0
149.0,2259.6184008943005,-4.21616134762614,100.0,14.999955984572127,0.036338146607104396,0.0
149.1,2261.148396404727,-4.212454856673709,100.0,14.9999559845722,0.03633814657696264,0.0
149.20000000000002,2262.6783919151535,-4.208748365724632,100.0,14.999955984572285,0.03633814654148605,0.0
149.3,2264.20838742558,-4.205041874779433,100.0,14.999955984572384,0.03633814650103439,0.0
149.4,2265.7383829360065,-4.201335383838603,100.0,14.999955984572495,0.03633814645595552,0.0
149.5,2267.268378446433,-4.197628892902595,100.0,14.999955984572614,0.03633814640658556,0.0
149.6,2268.7983739568595,-4.193922401971831,100.0,14.999955984572741,0.036338146353248994,0.0
149.70000000000002,2270.328369467286,-4.190215911046698,100.0,14.99995598457288,0.03633814629625879,0.0
149.8,2271.8583649777124,-4.186509420127554,100.0,14.999955984573027,0.03633814623591651,0.0
149.9,2273.388360488139,-4.182802929214726,100.0,14.99995598457318,0.0363381461725125,0.0
150.0,2274.9183559985654,-4.179096438308512,100.0,14.999955984573342,0.03633814610632602,0.0
150.1,2276.448351508992,-4.1753899474091805,100.0,14.999955984573507,0.0363381460376254,0.0
150.20000000000002,2277.9783470194184,-4.171683456516976,100.0,14.99995598457368,0.03633814596666824,0.0
150.3,2279.508342529845,-4.167976965632115,100.0,14.999955984573855,0.036338145893701566,0.0
150.4,2281.0383380402714,-4.164270474754791,100.0,14.999955984574036,0.03633814581896201,0.0
150.5,2282.568333550698,-4.160563983885172,100.0,14.999955984574223,0.036338145742676,0.0
150.6,2284.0983290611243,-4.156857493023406,100.0,14.999955984574408,0.03633814566505994,0.0
150.70000000000002,2285.628324571551,-4.153151002169616,100.0,14.9999559845746,0.036338145586320494,0.0
150.8,2287.1583200819773,-4.149444511323908,100.0,14.999955984574793,0.036338145506654665,0.0
150.9,2288.688315592404,-4.145738020486365,100.0,14.999955984574987,0.0363381454262501,0.0
151.0,2290.2183111028303,-4.1420315296570545,100.0,14.999955984575184,0.03633814534528524,0.0
151.1,2291.748306613257,-4.138325038836024,100.0,14.999955984575381,0.036338145263929575,0.0
151.20000000000002,2293.2783021236833,-4.1346185480233055,100.0,14.999955984575578,0.03633814518234383,0.0
151.3,2294.80829763411,-4.130912057218914,100.0,14.999955984575777,0.0363381451006802,0.0
151.4,2296.338293144537,-4.127205566422851,100.0,14.999955984575974,0.036338145019082585,0.0
151.5,2297.868288654964,-4.1234990756351015,100.0,14.999955984576172,0.03633814493768676,0.0
151.6,2299.398284165391,-4.119792584855639,100.0,14.999955984576367,0.03633814485662064,0.0
151.70000000000002,2300.928279675818,-4.116086094084423,100.0,14.999955984576562,0.036338144776004486,0.0
151.8,2302.458275186245,-4.112379603321402,100.0,14.999955984576758,0.03633814469595115,0.0
151.9,2303.988270696672,-4.108673112566514,100.0,14.999955984576948,0.03633814461656623,0.0
152.0,2305.518266207099,-4.104966621819684,100.0,14.99995598457714,0.03633814453794839,0.0
152.1,2307.0482617175257,-4.10126013108083,100.0,14.999955984577328,0.03633814446018948,0.0
152.20000000000002,2308.5782572279527,-4.097553640349859,100.0,14.999955984577515,0.03633814438337482,0.0
152.3,2310.1082527383796,-4.093847149626671,100.0,14.999955984577698,0.03633814430758341,0.0
152.4,2311.6382482488066,-4.090140658911158,100.0,14.999955984577879,0.03633814423288813,0.0
152.5,2313.1682437592335,-4.086434168203206,100.0,14.999955984578056,0.03633814415935595,0.0
152.6,2314.6982392696605,-4.082727677502691,100.0,14.999955984578232,0.03633814408704816,0.0
152.70000000000002,2316.2282347800874,-4.079021186809485,100.0,14.999955984578405,0.03633814401602057,0.0
152.8,2317.7582302905143,-4.075314696123457,100.0,14.999955984578573,0.036338143946323696,0.0
152.9,2319.2882258009413,-4.071608205444467,100.0,14.999955984578738,0.03633814387800303,0.0
153.0,2320.8182213113682,-4.067901714772374,100.0,14.9999559845789,0.036338143811099156,0.0
153.1,2322.348216821795,-4.06419522410703,100.0,14.99995598457906,0.03633814374564801,0.0
153.20000000000002,2323.878212332222,-4.0604887334482855,100.0,14.999955984579215,0.036338143681681055,0.0
153.3,2325.408207842649,-4.056782242795989,100.0,14.999955984579366,0.03633814361922545,0.0
153.4,2326.938203353076,-4.053075752149983,100.0,14.999955984579513,0.0363381435583043,0.0
153.5,2328.468198863503,-4.049369261510112,100.0,14.999955984579657,0.03633814349893677,0.0
153.60000000000002,2329.99819437393,-4.045662770876215,100.0,14.999955984579797,0.03633814344113831,0.0
153.70000000000002,2331.528189884357,-4.041956280248133,100.0,14.999955984579934,0.03633814338492083,0.0
153.8,2333.058185394784,-4.038249789625703,100.0,14.999955984580065,0.03633814333029285,0.0
153.9,2334.588180905211,-4.034543299008763,100.0,14.999955984580193,0.03633814327725972,0.0
154.0,2336.1181764156386,-4.03083680839715,100.0,14.999955984580318,0.0363381432258237,0.0
154.10000000000002,2337.648171926066,-4.027130317790701,100.0,14.99995598458044,0.03633814317598423,0.0
154.20000000000002,2339.1781674364934,-4.023423827189253,100.0,14.999955984580556,0.03633814312773798,0.0
154.3,2340.7081629469208,-4.019717336592645,100.0,14.99995598458067,0.03633814308107911,0.0
154.4,2342.238158457348,-4.0160108460007145,100.0,14.99995598458078,0.036338143035999325,0.0
154.5,2343.7681539677756,-4.012304355413301,100.0,14.999955984580884,0.03633814299248807,0.0
154.60000000000002,2345.298149478203,-4.008597864830246,100.0,14.999955984580986,0.03633814295053268,0.0
154.70000000000002,2346.8281449886304,-4.00489137425139,100.0,14.999955984581083,0.03633814291011849,0.0
154.8,2348.3581404990578,-4.0011848836765775,100.0,14.999955984581177,0.036338142871228996,0.0
154.9,2349.888136009485,-3.9974783931056543,100.0,14.999955984581268,0.03633814283384595,0.0
155.0,2351.4181315199125,-3.9937719025384673,100.0,14.999955984581355,0.03633814279794951,0.0
155.10000000000002,2352.94812703034,-3.990065411974866,100.0,14.999955984581439,0.03633814276351837,0.0
155.20000000000002,2354.4781225407673,-3.9863589214147024,100.0,14.999955984581517,0.03633814273052985,0.0
155.3,2356.0081180511947,-3.98265243085783,100.0,14.999955984581595,0.03633814269896004,0.0
155.4,2357.538113561622,-3.9789459403041056,100.0,14.999955984581668,0.03633814266878387,0.0
155.5,2359.0681090720495,-3.9752394497533885,100.0,14.999955984581737,0.03633814263997526,0.0
155.60000000000002,2360.598104582477,-3.9715329592055406,100.0,14.999955984581804,0.03633814261250717,0.0
155.70000000000002,2362.1281000929043,-3.9678264686604265,100.0,14.999955984581868,0.03633814258635175,0.0
155.8,2363.6580956033317,-3.964119978117914,100.0,14.999955984581927,0.036338142561480394,0.0
155.9,2365.188091113759,-3.960413487577873,100.0,14.999955984581986,0.03633814253786387,0.0
156.0,2366.7180866241865,-3.9567069970401776,100.0,14.999955984582039,0.03633814251547234,0.0
156.10000000000002,2368.248082134614,-3.9530005065047042,100.0,14.99995598458209,0.036338142494275534,0.0
156.20000000000002,2369.7780776450413,-3.949294015971333,100.0,14.999955984582138,0.03633814247424274,0.0
156.3,2371.3080731554687,-3.945587525439946,100.0,14.999955984582185,0.03633814245534293,0.0
156.4,2372.838068665896,-3.9418810349104296,100.0,14.999955984582227,0.03633814243754481,0.0
156.5,2374.3680641763235,-3.9381745443826732,100.0,14.99995598458227,0.036338142420816906,0.0
156.60000000000002,2375.898059686751,-3.9344680538565693,100.0,14.999955984582307,0.036338142405127616,0.0
156.70000000000002,2377.4280551971783,-3.9307615633320134,100.0,14.999955984582343,0.03633814239044529,0.0
156.8,2378.9580507076057,-3.9270550728089044,100.0,14.999955984582375,0.03633814237673825,0.0
156.9,2380.488046218033,-3.9233485822871446,100.0,14.999955984582405,0.03633814236397489,0.0
157.0,2382.0180417284605,-3.9196420917666392,100.0,14.999955984582435,0.0363381423521237,0.0
157.10000000000002,2383.548037238888,-3.915935601247297,100.0,14.999955984582462,0.036338142341153325,0.0
157.20000000000002,2385.0780327493153,-3.91222911072903,100.0,14.999955984582487,0.03633814233103259,0.0
157.3,2386.6080282597427,-3.9085226202117527,100.0,14.999955984582508,0.036338142321730584,0.0
157.4,2388.13802377017,-3.904816129695383,100.0,14.999955984582531,0.036338142313216686,0.0
157.5,2389.6680192805975,-3.9011096391798428,100.0,14.999955984582547,0.036338142305460557,0.0
157.60000000000002,2391.198014791025,-3.8974031486650556,100.0,14.999955984582565,0.03633814229843227,0.0
157.70000000000002,2392.7280103014523,-3.893696658150949,100.0,14.999955984582579,0.03633814229210224,0.0
157.8,2394.2580058118797,-3.8899901676374533,100.0,14.999955984582595,0.03633814228644135,0.0
157.9,2395.788001322307,-3.8862836771245015,100.0,14.999955984582607,0.03633814228142086,0.0
158.0,2397.3179968327345,-3.88257718661203,100.0,14.999955984582618,0.03633814227701256,0.0
158.10000000000002,2398.847992343162,-3.878870696099978,100.0,14.999955984582625,0.03633814227318873,0.0
158.20000000000002,2400.3779878535893,-3.875164205588287,100.0,14.999955984582634,0.03633814226992217,0.0
158.3,2401.9079833640167,-3.8714577150769016,100.0,14.999955984582641,0.0363381422671862,0.0
158.4,2403.437978874444,-3.867751224565769,100.0,14.999955984582646,0.03633814226495471,0.0
158.5,2404.9679743848715,-3.864044734054839,100.0,14.99995598458265,0.036338142263202144,0.0
158.60000000000002,2406.497969895299,-3.860338243544064,100.0,14.999955984582654,0.036338142261903565,0.0
158.70000000000002,2408.0279654057263,-3.8566317530333993,100.0,14.999955984582655,0.036338142261034594,0.0
158.8,2409.5579609161537,-3.852925262522802,100.0,14.999955984582657,0.036338142260571485,0.0
158.9,2411.087956426581,-3.849218772012232,100.0,14.999955984582657,0.0363381422604911,0.0
159.0,2412.6179519370085,-3.845512281501651,100.0,14.999955984582657,0.03633814226077092,0.0
159.10000000000002,2414.147947447436,-3.841805790991024,100.0,14.999955984582655,0.03633814226138906,0.0
159.20000000000002,2415.6779429578633,-3.8380993004803177,100.0,14.999955984582652,0.036338142262324256,0.0
159.3,2417.2079384682906,-3.8343928099695,100.0,14.99995598458265,0.0363381422635559,0.0
159.4,2418.737933978718,-3.8306863194585428,100.0,14.999955984582646,0.03633814226506401,0.0
159.5,2420.2679294891454,-3.826979828947418,100.0,14.999955984582641,0.03633814226682922,0.0
159.60000000000002,2421.797924999573,-3.8232733384361004,100.0,14.999955984582636,0.03633814226883284,0.0
159.70000000000002,2423.3279205100002,-3.819566847924567,100.0,14.99995598458263,0.0363381422710568,0.0
159.8,2424.8579160204276,-3.8158603574127965,100.0,14.999955984582625,0.03633814227348365,0.0
159.9,2426.387911530855,-3.8121538669007684,100.0,14.99995598458262,0.036338142276096566,0.0
160.0,2427.9179070412824,-3.808447376388465,100.0,14.999955984582613,0.03633814227887937,0.0
160.10000000000002,2429.44790255171,-3.8047408858758693,100.0,14.999955984582606,0.03633814228181649,0.0
160.20000000000002,2430.9778980621372,-3.801034395362967,100.0,14.999955984582598,0.036338142284892974,0.0
160.3,2432.5078935725646,-3.797327904849744,100.0,14.99995598458259,0.036338142288094455,0.0
160.4,2434.037889082992,-3.793621414336189,100.0,14.99995598458258,0.03633814229140718,0.0
160.5,2435.5678845934194,-3.7899149238222907,100.0,14.999955984582574,0.03633814229481798,0.0
160.60000000000002,2437.097880103847,-3.78620843330804,100.0,14.999955984582567,0.036338142298314266,0.0
160.70000000000002,2438.627875614274,-3.7825019427934286,100.0,14.999955984582558,0.036338142301884015,0.0
160.8,2440.1578711247016,-3.77879545227845,100.0,14.999955984582547,0.03633814230551576,0.0
160.9,2441.687866635129,-3.7750889617630983,100.0,14.999955984582538,0.03633814230919861,0.0
161.0,2443.2178621455564,-3.7713824712473687,100.0,14.999955984582531,0.03633814231292218,0.0
161.10000000000002,2444.747857655984,-3.7676759807312576,100.0,14.999955984582522,0.03633814231667662,0.0
161.20000000000002,2446.277853166411,-3.7639694902147625,100.0,14.999955984582511,0.03633814232045261,0.0
161.3,2447.8078486768386,-3.7602629996978814,100.0,14.999955984582503,0.03633814232424133,0.0
161.4,2449.337844187266,-3.7565565091806135,100.0,14.999955984582494,0.03633814232803444,0.0
161.5,2450.8678396976934,-3.7528500186629588,100.0,14.999955984582485,0.03633814233182408,0.0
161.60000000000002,2452.397835208121,-3.7491435281449177,100.0,14.999955984582476,0.03633814233560287,0.0
161.70000000000002,2453.927830718548,-3.745437037626492,100.0,14.999955984582465,0.036338142339363874,0.0
161.8,2455.4578262289756,-3.741730547107684,100.0,14.999955984582456,0.03633814234310061,0.0
161.9,2456.987821739403,-3.7380240565884963,100.0,14.999955984582447,0.036338142346807,0.0
162.0,2458.5178172498304,-3.7343175660689325,100.0,14.99995598458244,0.0363381423504774,0.0
162.10000000000002,2460.047812760258,-3.7306110755489965,100.0,14.99995598458243,0.03633814235410655,0.0
162.20000000000002,2461.577808270685,-3.7269045850286924,100.0,14.999955984582423,0.036338142357689625,0.0
162.3,2463.1078037811126,-3.7231980945080254,100.0,14.999955984582412,0.03633814236122211,0.0
162.4,2464.63779929154,-3.719491603987001,100.0,14.999955984582403,0.03633814236469992,0.0
162.5,2466.1677948019674,-3.715785113465625,100.0,14.999955984582398,0.036338142368119275,0.0
162.60000000000002,2467.697790312395,-3.712078622943903,100.0,14.999955984582389,0.03633814237147674,0.0
162.70000000000002,2469.227785822822,-3.708372132421842,100.0,14.99995598458238,0.03633814237476922,0.0
162.8,2470.7577813332496,-3.704665641899449,100.0,14.999955984582371,0.03633814237799392,0.0
162.9,2472.287776843677,-3.7009591513767304,100.0,14.999955984582364,0.036338142381148346,0.0
163.0,2473.8177723541044,-3.6972526608536938,100.0,14.999955984582359,0.0363381423842303,0.0
163.10000000000002,2475.3477678645318,-3.6935461703303467,100.0,14.999955984582352,0.03633814238723783,0.0
163.20000000000002,2476.877763374959,-3.689839679806697,100.0,14.999955984582343,0.036338142390169276,0.0
163.3,2478.4077588853866,-3.6861331892827516,100.0,14.999955984582336,0.03633814239302323,0.0
163.4,2479.937754395814,-3.6824266987585195,100.0,14.999955984582328,0.03633814239579851,0.0
163.5,2481.4677499062414,-3.6787202082340085,100.0,14.999955984582323,0.036338142398494165,0.0
163.60000000000002,2482.9977454166687,-3.6750137177092266,100.0,14.999955984582316,0.036338142401109455,0.0
163.70000000000002,2484.527740927096,-3.671307227184182,100.0,14.99995598458231,0.03633814240364385,0.0
163.8,2486.0577364375235,-3.667600736658883,100.0,14.999955984582305,0.03633814240609702,0.0
163.9,2487.587731947951,-3.663894246133338,100.0,14.999955984582298,0.03633814240846881,0.0
164.0,2489.1177274583783,-3.6601877556075553,100.0,14.999955984582293,0.03633814241075925,0.0
164.10000000000002,2490.6477229688057,-3.6564812650815433,100.0,14.999955984582288,0.03633814241296852,0.0
164.20000000000002,2492.177718479233,-3.65277477455531,100.0,14.999955984582282,0.036338142415096954,0.0
164.3,2493.7077139896605,-3.6490682840288637,100.0,14.999955984582277,0.036338142417145045,0.0
164.4,2495.237709500088,-3.6453617935022127,100.0,14.999955984582272,0.03633814241911341,0.0
164.5,2496.7677050105153,-3.641655302975365,100.0,14.999955984582268,0.036338142421002785,0.0
164.60000000000002,2498.2977005209427,-3.6379488124483284,100.0,14.999955984582265,0.03633814242281404,0.0
164.70000000000002,2499.82769603137,-3.634242321921111,100.0,14.999955984582261,0.03633814242454813,0.0
164.8,2501.3576915417975,-3.630535831393721,100.0,14.999955984582256,0.03633814242620614,0.0
164.9,2502.887687052225,-3.626829340866166,100.0,14.999955984582252,0.036338142427789225,0.0
165.0,2504.4176825626523,-3.623122850338453,100.0,14.999955984582249,0.036338142429298635,0.0
165.10000000000002,2505.9476780730797,-3.6194163598105895,100.0,14.999955984582245,0.036338142430735694,0.0
165.20000000000002,2507.477673583507,-3.6157098692825835,100.0,14.999955984582241,0.036338142432101796,0.0
165.3,2509.0076690939345,-3.6120033787544417,100.0,14.999955984582238,0.03633814243339839,0.0
165.4,2510.537664604362,-3.608296888226171,100.0,14.999955984582234,0.036338142434627,0.0
165.5,2512.0676601147893,-3.6045903976977787,100.0,14.999955984582233,0.03633814243578918,0.0
165.60000000000002,2513.5976556252167,-3.600883907169271,100.0,14.999955984582229,0.03633814243688654,0.0
165.70000000000002,2515.127651135644,-3.5971774166406547,100.0,14.999955984582227,0.036338142437920724,0.0
165.8,2516.6576466460715,-3.593470926111936,100.0,14.999955984582224,0.03633814243889342,0.0
165.9,2518.187642156499,-3.5897644355831213,100.0,14.999955984582224,0.03633814243980633,0.0
166.0,2519.7176376669263,-3.5860579450542165,100.0,14.999955984582222,0.036338142440661164,0.0
166.10000000000002,2521.2476331773537,-3.5823514545252273,100.0,14.99995598458222,0.036338142441459685,0.0
166.20000000000002,2522.777628687781,-3.5786449639961595,100.0,14.999955984582218,0.036338142442203646,0.0
166.3,2524.3076241982085,-3.5749384734670184,100.0,14.999955984582217,0.03633814244289482,0.0
166.4,2525.837619708636,-3.57123198293781,100.0,14.999955984582215,0.03633814244353497,0.0
166.5,2527.3676152190633,-3.5675254924085382,100.0,14.999955984582213,0.03633814244412588,0.0
166.60000000000002,2528.8976107294907,-3.563819001879209,100.0,14.999955984582211,0.036338142444669305,0.0
166.70000000000002,2530.427606239918,-3.5601125113498266,100.0,14.99995598458221,0.036338142445167025,0.0
166.8,2531.9576017503455,-3.5564060208203956,100.0,14.999955984582208,0.03633814244562078,0.0
166.9,2533.487597260773,-3.5526995302909206,100.0,14.999955984582208,0.036338142446032326,0.0
167.0,2535.0175927712003,-3.5489930397614056,100.0,14.999955984582206,0.03633814244640336,0.0
167.10000000000002,2536.5475882816277,-3.545286549231855,100.0,14.999955984582206,0.03633814244673561,0.0
167.20000000000002,2538.077583792055,-3.5415800587022725,100.0,14.999955984582204,0.03633814244703075,0.0
167.3,2539.6075793024825,-3.5378735681726616,100.0,14.999955984582204,0.03633814244729045,0.0
167.4,2541.13757481291,-3.534167077643026,100.0,14.999955984582204,0.03633814244751635,0.0
167.5,2542.6675703233373,-3.5304605871133687,100.0,14.999955984582204,0.036338142447710046,0.0
167.60000000000002,2544.1975658337647,-3.5267540965836934,100.0,14.999955984582202,0.036338142447873124,0.0
167.70000000000002,2545.727561344192,-3.523047606054003,100.0,14.999955984582202,0.03633814244800714,0.0
167.8,2547.2575568546195,-3.5193411155243006,100.0,14.999955984582202,0.03633814244811362,0.0
167.9,2548.787552365047,-3.5156346249945885,100.0,14.999955984582202,0.03633814244819404,0.0
168.0,2550.3175478754742,-3.5119281344648696,100.0,14.999955984582202,0.03633814244824985,0.0
168.10000000000002,2551.8475433859016,-3.5082216439351463,100.0,14.999955984582202,0.03633814244828247,0.0
168.20000000000002,2553.377538896329,-3.504515153405421,100.0,14.999955984582202,0.03633814244829329,0.0
168.3,2554.9075344067564,-3.5008086628756954,100.0,14.999955984582202,0.03633814244828364,0.0
168.4,2556.437529917184,-3.4971021723459716,100.0,14.999955984582202,0.03633814244825484,0.0
168.5,2557.9675254276112,-3.493395681816252,100.0,14.999955984582202,0.03633814244820814,0.0
168.60000000000002,2559.4975209380386,-3.489689191286538,100.0,14.999955984582202,0.036338142448144775,0.0
168.70000000000002,2561.027516448466,-3.485982700756831,100.0,14.999955984582202,0.03633814244806594,0.0
168.8,2562.5575119588934,-3.482276210227133,100.0,14.999955984582202,0.03633814244797279,0.0
168.9,2564.087507469321,-3.4785697196974454,100.0,14.999955984582202,0.03633814244786642,0.0
169.0,2565.617502979748,-3.4748632291677692,100.0,14.999955984582202,0.03633814244774792,0.0
169.10000000000002,2567.1474984901756,-3.4711567386381055,100.0,14.999955984582204,0.036338142447618314,0.0
169.20000000000002,2568.677494000603,-3.4674502481084555,100.0,14.999955984582204,0.03633814244747859,0.0
169.3,2570.2074895110304,-3.46374375757882,100.0,14.999955984582204,0.03633814244732972,0.0
169.4,2571.737485021458,-3.4600372670492003,100.0,14.999955984582204,0.0363381424471726,0.0
169.5,2573.267480531885,-3.456330776519597,100.0,14.999955984582206,0.03633814244700812,0.0
169.60000000000002,2574.7974760423126,-3.452624285990011,100.0,14.999955984582206,0.03633814244683713,0.0
169.70000000000002,2576.32747155274,-3.4489177954604426,100.0,14.999955984582206,0.03633814244666042,0.0
169.8,2577.8574670631674,-3.4452113049308926,100.0,14.999955984582206,0.03633814244647876,0.0
169.9,2579.387462573595,-3.441504814401361,100.0,14.999955984582208,0.03633814244629289,0.0
170.0,2580.917458084022,-3.437798323871849,100.0,14.999955984582208,0.036338142446103484,0.0
170.10000000000002,2582.4474535944496,-3.434091833342356,100.0,14.999955984582208,0.036338142445911215,0.0
170.20000000000002,2583.977449104877,-3.430385342812883,100.0,14.999955984582208,0.0363381424457167,0.0
170.3,2585.5074446153044,-3.4266788522834304,100.0,14.99995598458221,0.03633814244552055,0.0
170.4,2587.037440125732,-3.4229723617539975,100.0,14.99995598458221,0.0363381424453233,0.0
170.5,2588.567435636159,-3.4192658712245847,100.0,14.99995598458221,0.036338142445125496,0.0
170.60000000000002,2590.0974311465866,-3.4155593806951923,100.0,14.99995598458221,0.03633814244492762,0.0
170.70000000000002,2591.627426657014,-3.41185289016582,100.0,14.999955984582211,0.036338142444730145,0.0
170.8,2593.1574221674414,-3.4081463996364674,100.0,14.999955984582211,0.0363381424445335,0.0
170.9,2594.687417677869,-3.404439909107135,100.0,14.999955984582211,0.036338142444338084,0.0
171.0,2596.217413188296,-3.4007334185778224,100.0,14.999955984582211,0.03633814244414428,0.0
171.10000000000002,2597.7474086987236,-3.3970269280485295,100.0,14.999955984582213,0.03633814244395244,0.0
171.20000000000002,2599.277404209151,-3.393320437519256,100.0,14.999955984582215,0.036338142443762884,0.0
171.3,2600.8073997195784,-3.3896139469900017,100.0,14.999955984582215,0.03633814244357591,0.0
171.4,2602.3373952300058,-3.3859074564607665,100.0,14.999955984582215,0.03633814244339179,0.0
171.5,2603.867390740433,-3.38220096593155,100.0,14.999955984582215,0.036338142443210784,0.0
171.60000000000002,2605.3973862508606,-3.3784944754023516,100.0,14.999955984582217,0.036338142443033114,0.0
171.70000000000002,2606.927381761288,-3.3747879848731714,100.0,14.999955984582217,0.03633814244285898,0.0
171.8,2608.4573772717154,-3.3710814943440086,100.0,14.999955984582217,0.03633814244268858,0.0
171.9,2609.9873727821428,-3.367375003814863,100.0,14.999955984582217,0.03633814244252206,0.0
172.0,2611.51736829257,-3.3636685132857345,100.0,14.999955984582217,0.036338142442359576,0.0
172.10000000000002,2613.0473638029976,-3.359962022756622,100.0,14.999955984582218,0.03633814244220126,0.0
172.20000000000002,2614.577359313425,-3.356255532227525,100.0,14.999955984582218,0.03633814244204721,0.0
172.3,2616.1073548238523,-3.352549041698444,100.0,14.999955984582218,0.03633814244189751,0.0
172.4,2617.6373503342797,-3.348842551169378,100.0,14.999955984582218,0.03633814244175225,0.0
172.5,2619.167345844707,-3.3451360606403266,100.0,14.999955984582218,0.03633814244161149,0.0
172.60000000000002,2620.6973413551345,-3.3414295701112895,100.0,14.99995598458222,0.03633814244147528,0.0
172.70000000000002,2622.227336865562,-3.3377230795822657,100.0,14.99995598458222,0.03633814244134363,0.0
172.8,2623.7573323759893,-3.334016589053255,100.0,14.99995598458222,0.03633814244121659,0.0
172.9,2625.2873278864167,-3.3303100985242575,100.0,14.99995598458222,0.036338142441094144,0.0
173.0,2626.817323396844,-3.326603607995272,100.0,14.99995598458222,0.0363381424409763,0.0
173.10000000000002,2628.3473189072715,-3.3228971174662982,100.0,14.999955984582222,0.036338142440863044,0.0
173.20000000000002,2629.877314417699,-3.3191906269373357,100.0,14.999955984582222,0.03633814244075435,0.0
173.3,2631.4073099281263,-3.3154841364083842,100.0,14.999955984582222,0.03633814244065019,0.0
173.4,2632.9373054385537,-3.311777645879443,100.0,14.999955984582222,0.03633814244055051,0.0
173.5,2634.467300948981,-3.308071155350512,100.0,14.999955984582222,0.036338142440455266,0.0
173.60000000000002,2635.9972964594085,-3.3043646648215903,100.0,14.999955984582222,0.03633814244036441,0.0
173.70000000000002,2637.527291969836,-3.3006581742926775,100.0,14.999955984582222,0.03633814244027787,0.0
173.8,2639.0572874802633,-3.2969516837637736,100.0,14.999955984582222,0.03633814244019557,0.0
173.9,2640.5872829906907,-3.2932451932348776,100.0,14.999955984582224,0.03633814244011745,0.0
174.0,2642.117278501118,-3.2895387027059897,100.0,14.999955984582224,0.03633814244004342,0.0
174.10000000000002,2643.6472740115455,-3.285832212177109,100.0,14.999955984582224,0.036338142439973395,0.0
174.20000000000002,2645.177269521973,-3.282125721648235,100.0,14.999955984582224,0.036338142439907274,0.0
174.3,2646.7072650324003,-3.2784192311193676,100.0,14.999955984582224,0.036338142439844984,0.0
174.4,2648.2372605428277,-3.2747127405905063,100.0,14.999955984582224,0.036338142439786406,0.0
174.5,2649.767256053255,-3.271006250061651,100.0,14.999955984582224,0.03633814243973145,0.0
174.60000000000002,2651.2972515636825,-3.267299759532801,100.0,14.999955984582224,0.03633814243968001,0.0
174.70000000000002,2652.82724707411,-3.263593269003956,100.0,14.999955984582224,0.036338142439631994,0.0
174.8,2654.3572425845373,-3.259886778475116,100.0,14.999955984582224,0.036338142439587294,0.0
174.9,2655.8872380949647,-3.2561802879462807,100.0,14.999955984582224,0.0363381424395458,0.0
175.0,2657.417233605392,-3.252473797417449,100.0,14.999955984582224,0.036338142439507407,0.0
175.10000000000002,2658.9472291158195,-3.248767306888621,100.0,14.999955984582224,0.036338142439472,0.0
175.20000000000002,2660.477224626247,-3.2450608163597967,100.0,14.999955984582224,0.03633814243943947,0.0
175.3,2662.0072201366743,-3.2413543258309754,100.0,14.999955984582224,0.036338142439409714,0.0
175.4,2663.5372156471017,-3.237647835302157,100.0,14.999955984582224,0.03633814243938262,0.0
175.5,2665.067211157529,-3.2339413447733416,100.0,14.999955984582224,0.03633814243935808,0.0
175.60000000000002,2666.5972066679565,-3.2302348542445283,100.0,14.999955984582224,0.03633814243933599,0.0
175.70000000000002,2668.127202178384,-3.226528363715717,100.0,14.999955984582224,0.03633814243931624,0.0
175.8,2669.6571976888113,-3.222821873186908,100.0,14.999955984582224,0.036338142439298726,0.0
175.9,2671.1871931992387,-3.2191153826581003,100.0,14.999955984582224,0.03633814243928335,0.0
176.0,2672.717188709666,-3.215408892129294,100.0,14.999955984582224,0.03633814243927,0.0
176.10000000000002,2674.2471842200935,-3.211702401600489,100.0,14.999955984582224,0.03633814243925858,0.0
176.20000000000002,2675.777179730521,-3.207995911071685,100.0,14.999955984582224,0.03633814243924898,0.0
176.3,2677.3071752409483,-3.204289420542882,100.0,14.999955984582224,0.03633814243924112,0.0
176.4,2678.8371707513757,-3.20058293001408,100.0,14.999955984582224,0.03633814243923489,0.0
176.5,2680.367166261803,-3.196876439485278,100.0,14.999955984582224,0.036338142439230205,0.0
176.60000000000002,2681.8971617722304,-3.1931699489564767,100.0,14.999955984582224,0.03633814243922697,0.0
176.70000000000002,2683.427157282658,-3.1894634584276758,100.0,14.999955984582224,0.036338142439225105,0.0
176.8,2684.9571527930852,-3.185756967898875,100.0,14.999955984582224,0.03633814243922451,0.0
176.9,2686.4871483035126,-3.182050477370074,100.0,14.999955984582224,0.036338142439225105,0.0
177.0,2688.01714381394,-3.178343986841273,100.0,14.999955984582224,0.03633814243922682,0.0
177.10000000000002,2689.5471393243674,-3.1746374963124717,100.0,14.999955984582224,0.036338142439229566,0.0
177.20000000000002,2691.077134834795,-3.17093100578367,100.0,14.999955984582224,0.036338142439233265,0.0
177.3,2692.6071303452222,-3.1672245152548677,100.0,14.999955984582224,0.036338142439237844,0.0
177.4,2694.1371258556496,-3.163518024726065,100.0,14.999955984582224,0.036338142439243236,0.0
177.5,2695.667121366077,-3.159811534197262,100.0,14.999955984582224,0.03633814243924938,0.0
177.60000000000002,2697.1971168765044,-3.1561050436684583,100.0,14.999955984582224,0.03633814243925619,0.0
177.70000000000002,2698.727112386932,-3.152398553139654,100.0,14.999955984582224,0.03633814243926362,0.0
177.8,2700.257107897359,-3.1486920626108486,100.0,14.999955984582224,0.03633814243927161,0.0
177.9,2701.7871034077866,-3.1449855720820423,100.0,14.999955984582224,0.036338142439280095,0.0
178.0,2703.317098918214,-3.141279081553235,100.0,14.999955984582224,0.03633814243928902,0.0
178.10000000000002,2704.8470944286414,-3.137572591024427,100.0,14.999955984582224,0.03633814243929833,0.0
178.20000000000002,2706.377089939069,-3.1338661004956183,100.0,14.999955984582224,0.03633814243930798,0.0
178.3,2707.907085449496,-3.1301596099668085,100.0,14.999955984582224,0.03633814243931792,0.0
178.4,2709.4370809599236,-3.1264531194379974,100.0,14.999955984582224,0.036338142439328106,0.0
178.5,2710.967076470351,-3.1227466289091854,100.0,14.999955984582224,0.03633814243933849,0.0
178.60000000000002,2712.4970719807784,-3.1190401383803725,100.0,14.999955984582224,0.03633814243934903,0.0
178.70000000000002,2714.027067491206,-3.1153336478515583,100.0,14.999955984582224,0.036338142439359705,0.0
178.8,2715.557063001633,-3.111627157322743,100.0,14.999955984582224,0.03633814243937046,0.0
178.9,2717.0870585120606,-3.1079206667939268,100.0,14.999955984582224,0.036338142439381264,0.0
179.0,2718.617054022488,-3.1042141762651094,100.0,14.999955984582224,0.03633814243939209,0.0
179.10000000000002,2720.1470495329154,-3.1005076857362908,100.0,14.999955984582224,0.03633814243940291,0.0
179.20000000000002,2721.677045043343,-3.096801195207471,100.0,14.999955984582224,0.03633814243941368,0.0
179.3,2723.20704055377,-3.0930947046786503,100.0,14.999955984582224,0.0363381424394244,0.0
179.4,2724.7370360641976,-3.0893882141498286,100.0,14.999955984582224,0.03633814243943502,0.0
179.5,2726.267031574625,-3.0856817236210055,100.0,14.999955984582224,0.03633814243944553,0.0
179.60000000000002,2727.7970270850524,-3.0819752330921815,100.0,14.999955984582224,0.03633814243945591,0.0
179.70000000000002,2729.32702259548,-3.0782687425633566,100.0,14.999955984582224,0.03633814243946614,0.0
179.8,2730.857018105907,-3.0745622520345304,100.0,14.999955984582224,0.03633814243947621,0.0
179.9,2732.3870136163346,-3.0708557615057033,100.0,14.999955984582224,0.03633814243948609,0.0
180.0,2733.917009126762,-3.0671492709768753,100.0,14.999955984582224,0.036338142439495784,0.0
180.10000000000002,2735.4470046371894,-3.0634427804480464,100.0,14.999955984582224,0.03633814243950527,0.0
180.20000000000002,2736.9770001476168,-3.059736289919216,100.0,14.999955984582224,0.03633814243951453,0.0
180.3,2738.506995658044,-3.056029799390385,100.0,14.999955984582224,0.03633814243952357,0.0
180.4,2740.0369911684716,-3.052323308861553,100.0,14.999955984582224,0.036338142439532366,0.0
180.5,2741.566986678899,-3.0486168183327202,100.0,14.999955984582224,0.036338142439540914,0.0
180.60000000000002,2743.0969821893264,-3.0449103278038865,100.0,14.999955984582224,0.03633814243954921,0.0
180.70000000000002,2744.6269776997538,-3.041203837275052,100.0,14.999955984582224,0.03633814243955726,0.0
180.8,2746.156973210181,-3.0374973467462167,100.0,14.999955984582224,0.03633814243956505,0.0
180.9,2747.6869687206085,-3.0337908562173808,100.0,14.999955984582224,0.03633814243957258,0.0
181.0,2749.216964231036,-3.030084365688544,100.0,14.999955984582224,0.03633814243957984,0.0
181.10000000000002,2750.7469597414633,-3.0263778751597066,100.0,14.999955984582224,0.03633814243958684,0.0
181.20000000000002,2752.2769552518907,-3.0226713846308684,100.0,14.999955984582224,0.036338142439593574,0.0
181.3,2753.806950762318,-3.0189648941020293,100.0,14.999955984582224,0.03633814243960004,0.0
181.4,2755.3369462727455,-3.0152584035731897,100.0,14.999955984582224,0.036338142439606244,0.0
181.5,2756.866941783173,-3.0115519130443498,100.0,14.999955984582224,0.036338142439612184,0.0
181.60000000000002,2758.3969372936003,-3.007845422515509,100.0,14.999955984582224,0.03633814243961786,0.0
181.70000000000002,2759.9269328040277,-3.0041389319866676,100.0,14.999955984582224,0.036338142439623286,0.0
181.8,2761.456928314455,-3.000432441457826,100.0,14.999955984582224,0.036338142439628456,0.0
181.9,2762.9869238248825,-2.9967259509289836,100.0,14.999955984582224,0.03633814243963337,0.0
182.0,2764.51691933531,-2.993019460400141,100.0,14.999955984582224,0.03633814243963804,0.0
182.10000000000002,2766.0469148457373,-2.9893129698712975,100.0,14.999955984582224,0.03633814243964247,0.0
182.20000000000002,2767.5769103561647,-2.985606479342454,100.0,14.999955984582224,0.03633814243964666,0.0
182.3,2769.106905866592,-2.98189998881361,100.0,14.999955984582224,0.036338142439650625,0.0
182.4,2770.6369013770195,-2.9781934982847655,100.0,14.999955984582224,0.03633814243965436,0.0
182.5,2772.166896887447,-2.9744870077559207,100.0,14.999955984582224,0.036338142439657876,0.0
182.60000000000002,2773.6968923978743,-2.9707805172270754,100.0,14.999955984582224,0.03633814243966118,0.0
182.70000000000002,2775.2268879083017,-2.9670740266982296,100.0,14.999955984582224,0.03633814243966427,0.0
182.8,2776.756883418729,-2.963367536169384,100.0,14.999955984582224,0.03633814243966716,0.0
182.9,2778.2868789291565,-2.9596610456405377,100.0,14.999955984582224,0.03633814243966986,0.0
183.0,2779.816874439584,-2.955954555111691,100.0,14.999955984582224,0.03633814243967237,0.0
183.10000000000002,2781.3468699500113,-2.9522480645828444,100.0,14.999955984582224,0.036338142439674696,0.0
183.20000000000002,2782.8768654604387,-2.9485415740539973,100.0,14.999955984582224,0.03633814243967685,0.0
183.3,2784.406860970866,-2.94483508352515,100.0,14.999955984582224,0.03633814243967882,0.0
183.4,2785.9368564812935,-2.9411285929963027,100.0,14.999955984582224,0.036338142439680636,0.0
183.5,2787.466851991721,-2.937422102467455,100.0,14.999955984582224,0.03633814243968229,0.0
183.60000000000002,2788.9968475021483,-2.9337156119386076,100.0,14.999955984582224,0.0363381424396838,0.0
183.70000000000002,2790.5268430125757,-2.9300091214097597,100.0,14.999955984582224,0.03633814243968517,0.0
183.8,2792.056838523003,-2.9263026308809117,100.0,14.999955984582224,0.036338142439686395,0.0
183.9,2793.5868340334305,-2.9225961403520637,100.0,14.999955984582224,0.03633814243968749,0.0
184.0,2795.116829543858,-2.9188896498232157,100.0,14.999955984582224,0.03633814243968846,0.0
184.10000000000002,2796.6468250542853,-2.9151831592943673,100.0,14.999955984582224,0.036338142439689324,0.0
184.20000000000002,2798.1768205647127,-2.911476668765519,100.0,14.999955984582224,0.03633814243969007,0.0
184.3,2799.70681607514,-2.9077701782366705,100.0,14.999955984582224,0.03633814243969071,0.0
184.4,2801.2368115855675,-2.904063687707822,100.0,14.999955984582224,0.03633814243969125,0.0
184.5,2802.766807095995,-2.9003571971789737,100.0,14.999955984582224,0.036338142439691704,0.0
184.60000000000002,2804.2968026064223,-2.8966507066501253,100.0,14.999955984582224,0.03633814243969206,0.0
184.70000000000002,2805.8267981168497,-2.892944216121277,100.0,14.999955984582224,0.036338142439692335,0.0
184.8,2807.356793627277,-2.8892377255924284,100.0,14.999955984582224,0.036338142439692536,0.0
184.9,2808.8867891377045,-2.8855312350635796,100.0,14.999955984582224,0.03633814243969267,0.0
185.0,2810.416784648132,-2.8818247445347307,100.0,14.999955984582224,0.036338142439692724,0.0
185.10000000000002,2811.9467801585592,-2.878118254005882,100.0,14.999955984582224,0.03633814243969271,0.0
185.20000000000002,2813.4767756689866,-2.874411763477033,100.0,14.999955984582224,0.03633814243969265,0.0
185.3,2815.006771179414,-2.870705272948184,100.0,14.999955984582224,0.03633814243969252,0.0
185.4,2816.5367666898414,-2.8669987824193357,100.0,14.999955984582224,0.03633814243969235,0.0
185.5,2818.066762200269,-2.8632922918904873,100.0,14.999955984582224,0.036338142439692134,0.0
185.60000000000002,2819.5967577106962,-2.859585801361639,100.0,14.999955984582224,0.03633814243969188,0.0
185.70000000000002,2821.1267532211236,-2.8558793108327905,100.0,14.999955984582224,0.03633814243969158,0.0
185.8,2822.656748731551,-2.852172820303942,100.0,14.999955984582224,0.036338142439691246,0.0
185.9,2824.1867442419784,-2.8484663297750936,100.0,14.999955984582224,0.036338142439690885,0.0
186.0,2825.716739752406,-2.844759839246245,100.0,14.999955984582224,0.036338142439690496,0.0
186.10000000000002,2827.246735262833,-2.841053348717397,100.0,14.999955984582224,0.03633814243969008,0.0
186.20000000000002,2828.7767307732606,-2.8373468581885484,100.0,14.999955984582224,0.03633814243968965,0.0
186.3,2830.306726283688,-2.8336403676597,100.0,14.999955984582224,0.036338142439689206,0.0
186.4,2831.8367217941154,-2.8299338771308515,100.0,14.999955984582224,0.03633814243968874,0.0
186.5,2833.366717304543,-2.826227386602003,100.0,14.999955984582224,0.03633814243968826,0.0
186.60000000000002,2834.89671281497,-2.822520896073155,100.0,14.999955984582224,0.036338142439687776,0.0
186.70000000000002,2836.4267083253976,-2.818814405544307,100.0,14.999955984582224,0.03633814243968728,0.0
186.8,2837.956703835825,-2.815107915015459,100.0,14.999955984582224,0.03633814243968678,0.0
186.9,2839.4866993462524,-2.8114014244866112,100.0,14.999955984582224,0.03633814243968627,0.0
187.0,2841.01669485668,-2.8076949339577633,100.0,14.999955984582224,0.036338142439685764,0.0
187.10000000000002,2842.546690367107,-2.8039884434289153,100.0,14.999955984582224,0.03633814243968525,0.0
187.20000000000002,2844.0766858775346,-2.8002819529000673,100.0,14.999955984582224,0.03633814243968474,0.0
187.3,2845.606681387962,-2.7965754623712193,100.0,14.999955984582224,0.03633814243968422,0.0
187.4,2847.1366768983894,-2.7928689718423714,100.0,14.999955984582224,0.03633814243968371,0.0
187.5,2848.666672408817,-2.789162481313524,100.0,14.999955984582224,0.0363381424396832,0.0
187.60000000000002,2850.196667919244,-2.7854559907846763,100.0,14.999955984582224,0.036338142439682704,0.0
187.70000000000002,2851.7266634296716,-2.781749500255829,100.0,14.999955984582224,0.03633814243968222,0.0
187.8,2853.256658940099,-2.7780430097269813,100.0,14.999955984582224,0.03633814243968174,0.0
187.9,2854.7866544505264,-2.7743365191981337,100.0,14.999955984582224,0.03633814243968126,0.0
188.0,2856.316649960954,-2.770630028669286,100.0,14.999955984582224,0.036338142439680796,0.0
188.10000000000002,2857.846645471381,-2.7669235381404387,100.0,14.999955984582224,0.03633814243968034,0.0
188.20000000000002,2859.3766409818086,-2.763217047611591,100.0,14.999955984582224,0.03633814243967989,0.0
188.3,2860.906636492236,-2.7595105570827436,100.0,14.999955984582224,0.03633814243967944,0.0
188.4,2862.4366320026634,-2.7558040665538965,100.0,14.999955984582224,0.036338142439679005,0.0
188.5,2863.9666275130908,-2.7520975760250495,100.0,14.999955984582224,0.03633814243967859,0.0
188.60000000000002,2865.496623023518,-2.7483910854962024,100.0,14.999955984582224,0.03633814243967819,0.0
188.70000000000002,2867.0266185339456,-2.7446845949673553,100.0,14.999955984582224,0.03633814243967779,0.0
188.8,2868.556614044373,-2.740978104438508,100.0,14.999955984582224,0.03633814243967741,0.0
188.9,2870.0866095548004,-2.737271613909661,100.0,14.999955984582224,0.03633814243967705,0.0
189.0,2871.6166050652278,-2.733565123380814,100.0,14.999955984582224,0.0363381424396767,0.0
189.10000000000002,2873.146600575655,-2.729858632851967,100.0,14.999955984582224,0.03633814243967637,0.0
189.20000000000002,2874.6765960860826,-2.72615214232312,100.0,14.999955984582224,0.03633814243967604,0.0
189.3,2876.20659159651,-2.722445651794273,100.0,14.999955984582224,0.03633814243967574,0.0
189.4,2877.7365871069373,-2.7187391612654257,100.0,14.999955984582224,0.036338142439675446,0.0
189.5,2879.2665826173647,-2.7150326707365786,100.0,14.999955984582224,0.03633814243967516,0.0
189.60000000000002,2880.796578127792,-2.711326180207732,100.0,14.999955984582224,0.03633814243967489,0.0
189.70000000000002,2882.3265736382195,-2.7076196896788853,100.0,14.999955984582224,0.036338142439674634,0.0
189.8,2883.856569148647,-2.7039131991500387,100.0,14.999955984582224,0.03633814243967439,0.0
189.9,2885.3865646590743,-2.700206708621192,100.0,14.999955984582224,0.03633814243967416,0.0
190.0,2886.9165601695017,-2.6965002180923454,100.0,14.999955984582224,0.03633814243967395,0.0
190.10000000000002,2888.446555679929,-2.6927937275634988,100.0,14.999955984582224,0.03633814243967375,0.0
190.20000000000002,2889.9765511903565,-2.689087237034652,100.0,14.999955984582224,0.036338142439673565,0.0
190.3,2891.506546700784,-2.6853807465058055,100.0,14.999955984582224,0.03633814243967339,0.0
190.4,2893.0365422112113,-2.681674255976959,100.0,14.999955984582224,0.036338142439673225,0.0
190.5,2894.5665377216387,-2.677967765448112,100.0,14.999955984582224,0.03633814243967307,0.0
190.60000000000002,2896.096533232066,-2.6742612749192656,100.0,14.999955984582224,0.03633814243967293,0.0
190.70000000000002,2897.6265287424935,-2.670554784390419,100.0,14.999955984582224,0.036338142439672795,0.0
190.8,2899.156524252921,-2.6668482938615723,100.0,14.999955984582224,0.03633814243967268,0.0
190.9,2900.6865197633483,-2.6631418033327257,100.0,14.999955984582224,0.036338142439672566,0.0
191.0,2902.2165152737757,-2.659435312803879,100.0,14.999955984582224,0.03633814243967246,0.0
191.10000000000002,2903.746510784203,-2.6557288222750324,100.0,14.999955984582224,0.03633814243967238,0.0
191.20000000000002,2905.2765062946305,-2.6520223317461857,100.0,14.999955984582224,0.036338142439672295,0.0
191.3,2906.806501805058,-2.648315841217339,100.0,14.999955984582224,0.03633814243967222,0.0
191.4,2908.3364973154853,-2.6446093506884925,100.0,14.999955984582224,0.03633814243967215,0.0
191.5,2909.8664928259127,-2.640902860159646,100.0,14.999955984582224,0.03633814243967209,0.0
191.60000000000002,2911.39648833634,-2.637196369630799,100.0,14.999955984582224,0.03633814243967203,0.0
191.70000000000002,2912.9264838467675,-2.6334898791019525,100.0,14.999955984582224,0.03633814243967198,0.0
191.8,2914.456479357195,-2.629783388573106,100.0,14.999955984582224,0.036338142439671935,0.0
191.9,2915.9864748676223,-2.6260768980442593,100.0,14.999955984582224,0.03633814243967189,0.0
192.0,2917.5164703780497,-2.6223704075154126,100.0,14.999955984582224,0.03633814243967186,0.0
192.10000000000002,2919.046465888477,-2.618663916986566,100.0,14.999955984582224,0.03633814243967183,0.0
192.20000000000002,2920.5764613989045,-2.6149574264577193,100.0,14.999955984582224,0.0363381424396718,0.0
192.3,2922.106456909332,-2.6112509359288727,100.0,14.999955984582224,0.036338142439671775,0.0
192.4,2923.6364524197593,-2.607544445400026,100.0,14.999955984582224,0.036338142439671754,0.0
192.5,2925.1664479301867,-2.6038379548711794,100.0,14.999955984582224,0.03633814243967173,0.0
192.60000000000002,2926.696443440614,-2.6001314643423328,100.0,14.999955984582224,0.03633814243967172,0.0
192.70000000000002,2928.2264389510415,-2.596424973813486,100.0,14.999955984582224,0.03633814243967171,0.0
192.8,2929.756434461469,-2.5927184832846395,100.0,14.999955984582224,0.036338142439671706,0.0
192.9,2931.2864299718963,-2.589011992755793,100.0,14.999955984582224,0.036338142439671706,0.0
193.0,2932.8164254823237,-2.585305502226946,100.0,14.999955984582224,0.036338142439671706,0.0
193.10000000000002,2934.346420992751,-2.5815990116980996,100.0,14.999955984582224,0.03633814243967171,0.0
193.20000000000002,2935.8764165031785,-2.577892521169253,100.0,14.999955984582224,0.03633814243967172,0.0
193.3,2937.406412013606,-2.5741860306404063,100.0,14.999955984582224,0.03633814243967173,0.0
193.4,2938.9364075240333,-2.5704795401115597,100.0,14.999955984582224,0.03633814243967175,0.0
193.5,2940.4664030344607,-2.566773049582713,100.0,14.999955984582224,0.03633814243967176,0.0
193.60000000000002,2941.996398544888,-2.5630665590538664,100.0,14.999955984582224,0.03633814243967178,0.0
193.70000000000002,2943.5263940553154,-2.5593600685250197,100.0,14.999955984582224,0.0363381424396718,0.0
193.8,2945.056389565743,-2.555653577996173,100.0,14.999955984582224,0.036338142439671824,0.0
193.9,2946.5863850761702,-2.5519470874673265,100.0,14.999955984582224,0.03633814243967185,0.0
194.0,2948.1163805865976,-2.54824059693848,100.0,14.999955984582224,0.03633814243967187,0.0
194.10000000000002,2949.646376097025,-2.544534106409633,100.0,14.999955984582224,0.03633814243967189,0.0
194.20000000000002,2951.1763716074524,-2.5408276158807865,100.0,14.999955984582224,0.036338142439671914,0.0
194.3,2952.70636711788,-2.53712112535194,100.0,14.999955984582224,0.036338142439671935,0.0
194.4,2954.2363626283072,-2.5334146348230933,100.0,14.999955984582224,0.036338142439671955,0.0
194.5,2955.7663581387346,-2.5297081442942466,100.0,14.999955984582224,0.036338142439671976,0.0
194.60000000000002,2957.296353649162,-2.5260016537654,100.0,14.999955984582224,0.036338142439672,0.0
194.70000000000002,2958.8263491595894,-2.5222951632365533,100.0,14.999955984582224,0.03633814243967202,0.0
194.8,2960.356344670017,-2.5185886727077067,100.0,14.999955984582224,0.03633814243967203,0.0
194.9,2961.886340180444,-2.51488218217886,100.0,14.999955984582224,0.036338142439672046,0.0
195.0,2963.4163356908716,-2.5111756916500134,100.0,14.999955984582224,0.03633814243967206,0.0
195.10000000000002,2964.946331201299,-2.507469201121167,100.0,14.999955984582224,0.03633814243967207,0.0
195.20000000000002,2966.4763267117264,-2.50376271059232,100.0,14.999955984582224,0.03633814243967209,0.0
195.3,2968.006322222154,-2.5000562200634735,100.0,14.999955984582224,0.0363381424396721,0.0
195.4,2969.536317732581,-2.496349729534627,100.0,14.999955984582224,0.036338142439672115,0.0
195.5,2971.0663132430086,-2.49264323900578,100.0,14.999955984582224,0.03633814243967213,0.0
195.60000000000002,2972.596308753436,-2.4889367484769336,100.0,14.999955984582224,0.03633814243967214,0.0
195.70000000000002,2974.1263042638634,-2.485230257948087,100.0,14.999955984582224,0.03633814243967216,0.0
195.8,2975.656299774291,-2.4815237674192403,100.0,14.999955984582224,0.03633814243967217,0.0
195.9,2977.186295284718,-2.4778172768903937,100.0,14.999955984582224,0.036338142439672184,0.0
196.0,2978.7162907951456,-2.474110786361547,100.0,14.999955984582224,0.0363381424396722,0.0
196.10000000000002,2980.246286305573,-2.4704042958327004,100.0,14.999955984582224,0.036338142439672205,0.0
196.20000000000002,2981.7762818160004,-2.4666978053038537,100.0,14.999955984582224,0.03633814243967221,0.0
196.3,2983.306277326428,-2.462991314775007,100.0,14.999955984582224,0.03633814243967222,0.0
196.4,2984.836272836855,-2.4592848242461605,100.0,14.999955984582224,0.036338142439672226,0.0
196.5,2986.3662683472826,-2.455578333717314,100.0,14.999955984582224,0.03633814243967223,0.0
196.60000000000002,2987.89626385771,-2.451871843188467,100.0,14.999955984582224,0.03633814243967224,0.0
196.70000000000002,2989.4262593681374,-2.4481653526596205,100.0,14.999955984582224,0.03633814243967224,0.0
196.8,2990.956254878565,-2.444458862130774,100.0,14.999955984582224,0.03633814243967224,0.0
196.9,2992.486250388992,-2.4407523716019273,100.0,14.999955984582224,0.03633814243967224,0.0
197.0,2994.0162458994196,-2.4370458810730806,100.0,14.999955984582224,0.03633814243967224,0.0
197.10000000000002,2995.546241409847,-2.433339390544234,100.0,14.999955984582224,0.03633814243967225,0.0
197.20000000000002,2997.0762369202744,-2.4296329000153873,100.0,14.999955984582224,0.03633814243967225,0.0
197.3,2998.6062324307018,-2.4259264094865407,100.0,14.999955984582224,0.03633814243967225,0.0
197.4,3000.136227941129,-2.422219918957694,100.0,14.999955984582224,0.036338142439672254,0.0
197.5,3001.6662234515566,-2.4185134284288474,100.0,14.999955984582224,0.03633814243967226,0.0
197.60000000000002,3003.196218961984,-2.414806937900001,100.0,14.999955984582224,0.03633814243967227,0.0
197.70000000000002,3004.7262144724114,-2.411100447371154,100.0,14.999955984582224,0.036338142439672275,0.0
197.8,3006.2562099828388,-2.4073939568423075,100.0,14.999955984582224,0.03633814243967228,0.0
197.9,3007.786205493266,-2.403687466313461,100.0,14.999955984582224,0.03633814243967228,0.0
198.0,3009.3162010036935,-2.3999809757846142,100.0,14.999955984582224,0.03633814243967229,0.0
198.10000000000002,3010.846196514121,-2.3962744852557676,100.0,14.999955984582224,0.03633814243967229,0.0
198.20000000000002,3012.3761920245483,-2.392567994726921,100.0,14.999955984582224,0.03633814243967229,0.0
198.3,3013.9061875349757,-2.3888615041980743,100.0,14.999955984582224,0.036338142439672295,0.0
198.4,3015.436183045403,-2.3851550136692277,100.0,14.999955984582224,0.036338142439672295,0.0
198.5,3016.9661785558305,-2.381448523140381,100.0,14.999955984582224,0.0363381424396723,0.0
198.60000000000002,3018.496174066258,-2.3777420326115344,100.0,14.999955984582224,0.0363381424396723,0.0
198.70000000000002,3020.0261695766853,-2.3740355420826877,100.0,14.999955984582224,0.03633814243967231,0.0
198.8,3021.5561650871127,-2.370329051553841,100.0,14.999955984582224,0.03633814243967231,0.0
198.9,3023.08616059754,-2.3666225610249945,100.0,14.999955984582224,0.036338142439672316,0.0
199.0,3024.6161561079675,-2.362916070496148,100.0,14.999955984582224,0.03633814243967232,0.0
199.10000000000002,3026.146151618395,-2.359209579967301,100.0,14.999955984582224,0.03633814243967233,0.0
199.20000000000002,3027.6761471288223,-2.3555030894384545,100.0,14.999955984582224,0.03633814243967234,0.0
199.3,3029.2061426392497,-2.351796598909608,100.0,14.999955984582224,0.036338142439672344,0.0
199.4,3030.736138149677,-2.3480901083807613,100.0,14.999955984582224,0.03633814243967235,0.0
199.5,3032.2661336601045,-2.3443836178519146,100.0,14.999955984582224,0.03633814243967235,0.0
199.60000000000002,3033.796129170532,-2.340677127323068,100.0,14.999955984582224,0.03633814243967235,0.0
199.70000000000002,3035.3261246809593,-2.3369706367942213,100.0,14.999955984582224,0.03633814243967235,0.0
199.8,3036.8561201913867,-2.3332641462653747,100.0,14.999955984582224,0.03633814243967235,0.0
199.9,3038.386115701814,-2.329557655736528,100.0,14.999955984582224,0.03633814243967236,0.0
200.0,3039.9161112122415,-2.3258511652076814,100.0,14.999955984582224,0.03633814243967236,0.0
200.10000000000002,3041.446106722669,-2.322144674678835,100.0,14.999955984582224,0.03633814243967236,0.0
200.20000000000002,3042.9761022330963,-2.318438184149988,100.0,14.999955984582224,0.03633814243967236,0.0
200.3,3044.5060977435237,-2.3147316936211415,100.0,14.999955984582224,0.036338142439672365,0.0
200.4,3046.036093253951,-2.311025203092295,100.0,14.999955984582224,0.03633814243967238,0.0
200.5,3047.5660887643785,-2.3073187125634482,100.0,14.999955984582224,0.036338142439672386,0.0
200.60000000000002,3049.096084274806,-2.3036122220346016,100.0,14.999955984582224,0.03633814243967239,0.0
200.70000000000002,3050.6260797852333,-2.299905731505755,100.0,14.999955984582224,0.0363381424396724,0.0
200.8,3052.1560752956607,-2.2961992409769083,100.0,14.999955984582224,0.036338142439672406,0.0
200.9,3053.686070806088,-2.2924927504480617,100.0,14.999955984582224,0.03633814243967242,0.0
201.0,3055.2160663165155,-2.288786259919215,100.0,14.999955984582224,0.03633814243967243,0.0
201.10000000000002,3056.746061826943,-2.2850797693903684,100.0,14.999955984582224,0.036338142439672434,0.0
201.20000000000002,3058.2760573373703,-2.2813732788615217,100.0,14.999955984582224,0.03633814243967245,0.0
201.3,3059.8060528477977,-2.277666788332675,100.0,14.999955984582224,0.036338142439672455,0.0
201.4,3061.336048358225,-2.2739602978038285,100.0,14.999955984582224,0.03633814243967246,0.0
201.5,3062.8660438686525,-2.270253807274982,100.0,14.999955984582224,0.036338142439672476,0.0
201.60000000000002,3064.39603937908,-2.266547316746135,100.0,14.999955984582224,0.03633814243967248,0.0
201.70000000000002,3065.9260348895073,-2.2628408262172885,100.0,14.999955984582224,0.03633814243967249,0.0
201.8,3067.4560303999347,-2.259134335688442,100.0,14.999955984582224,0.0363381424396725,0.0
201.9,3068.986025910362,-2.2554278451595953,100.0,14.999955984582224,0.036338142439672504,0.0
202.0,3070.5160214207895,-2.2517213546307486,100.0,14.999955984582224,0.03633814243967251,0.0
202.10000000000002,3072.046016931217,-2.248014864101902,100.0,14.999955984582224,0.03633814243967252,0.0
202.20000000000002,3073.5760124416443,-2.2443083735730553,100.0,14.999955984582224,0.036338142439672524,0.0
202.3,3075.1060079520716,-2.2406018830442087,100.0,14.999955984582224,0.03633814243967253,0.0
202.4,3076.636003462499,-2.236895392515362,100.0,14.999955984582224,0.03633814243967254,0.0
202.5,3078.1659989729264,-2.2331889019865154,100.0,14.999955984582224,0.036338142439672545,0.0
202.60000000000002,3079.695994483354,-2.229482411457669,100.0,14.999955984582224,0.03633814243967255,0.0
202.70000000000002,3081.2259899937812,-2.225775920928822,100.0,14.999955984582224,0.03633814243967255,0.0
202.8,3082.7559855042086,-2.2220694303999755,100.0,14.999955984582224,0.03633814243967256,0.0
202.9,3084.285981014636,-2.218362939871129,100.0,14.999955984582224,0.03633814243967256,0.0
203.0,3085.8159765250634,-2.2146564493422822,100.0,14.999955984582224,0.03633814243967256,0.0
203.10000000000002,3087.345972035491,-2.2109499588134356,100.0,14.999955984582224,0.036338142439672566,0.0
203.20000000000002,3088.8759675459182,-2.207243468284589,100.0,14.999955984582224,0.036338142439672566,0.0
203.3,3090.4059630563456,-2.2035369777557423,100.0,14.999955984582224,0.036338142439672566,0.0
203.4,3091.935958566773,-2.1998304872268957,100.0,14.999955984582224,0.036338142439672566,0.0
203.5,3093.4659540772004,-2.196123996698049,100.0,14.999955984582224,0.036338142439672566,0.0
203.60000000000002,3094.995949587628,-2.1924175061692024,100.0,14.999955984582224,0.036338142439672566,0.0
203.70000000000002,3096.525945098055,-2.1887110156403558,100.0,14.999955984582224,0.036338142439672566,0.0
203.8,3098.0559406084826,-2.185004525111509,100.0,14.999955984582224,0.036338142439672566,0.0
203.9,3099.58593611891,-2.1812980345826625,100.0,14.999955984582224,0.036338142439672566,0.0
204.0,3101.1159316293374,-2.177591544053816,100.0,14.999955984582224,0.03633814243967257,0.0
204.10000000000002,3102.645927139765,-2.173885053524969,100.0,14.999955984582224,0.03633814243967258,0.0
204.20000000000002,3104.175922650192,-2.1701785629961226,100.0,14.999955984582224,0.03633814243967259,0.0
204.3,3105.7059181606196,-2.166472072467276,100.0,14.999955984582224,0.036338142439672594,0.0
204.4,3107.235913671047,-2.1627655819384293,100.0,14.999955984582224,0.0363381424396726,0.0
204.5,3108.7659091814744,-2.1590590914095826,100.0,14.999955984582224,0.03633814243967261,0.0
204.60000000000002,3110.295904691902,-2.155352600880736,100.0,14.999955984582224,0.036338142439672615,0.0
204.70000000000002,3111.825900202329,-2.1516461103518894,100.0,14.999955984582224,0.03633814243967263,0.0
204.8,3113.3558957127566,-2.1479396198230427,100.0,14.999955984582224,0.03633814243967264,0.0
204.9,3114.885891223184,-2.144233129294196,100.0,14.999955984582224,0.036338142439672656,0.0
205.0,3116.4158867336114,-2.1405266387653494,100.0,14.999955984582224,0.03633814243967267,0.0
205.10000000000002,3117.945882244039,-2.136820148236503,100.0,14.999955984582224,0.03633814243967268,0.0
205.20000000000002,3119.475877754466,-2.133113657707656,100.0,14.999955984582224,0.03633814243967269,0.0
205.3,3121.0058732648936,-2.1294071671788095,100.0,14.999955984582224,0.0363381424396727,0.0
205.4,3122.535868775321,-2.125700676649963,100.0,14.999955984582224,0.036338142439672705,0.0
205.5,3124.0658642857484,-2.1219941861211162,100.0,14.999955984582224,0.03633814243967271,0.0
205.60000000000002,3125.595859796176,-2.1182876955922696,100.0,14.999955984582224,0.03633814243967272,0.0
205.70000000000002,3127.125855306603,-2.114581205063423,100.0,14.999955984582224,0.036338142439672726,0.0
205.8,3128.6558508170306,-2.1108747145345763,100.0,14.999955984582224,0.036338142439672726,0.0
205.9,3130.185846327458,-2.1071682240057297,100.0,14.999955984582224,0.036338142439672726,0.0
206.0,3131.7158418378854,-2.103461733476883,100.0,14.999955984582224,0.036338142439672726,0.0
206.10000000000002,3133.2458373483128,-2.0997552429480364,100.0,14.999955984582224,0.036338142439672726,0.0
206.20000000000002,3134.77583285874,-2.0960487524191898,100.0,14.999955984582224,0.036338142439672726,0.0
206.3,3136.3058283691676,-2.092342261890343,100.0,14.999955984582224,0.036338142439672726,0.0
206.4,3137.835823879595,-2.0886357713614965,100.0,14.999955984582224,0.036338142439672726,0.0
206.5,3139.3658193900224,-2.08492928083265,100.0,14.999955984582224,0.03633814243967273,0.0
206.60000000000002,3140.8958149004497,-2.081222790303803,100.0,14.999955984582224,0.03633814243967274,0.0
206.70000000000002,3142.425810410877,-2.0775162997749566,100.0,14.999955984582224,0.036338142439672746,0.0
206.8,3143.9558059213045,-2.07380980924611,100.0,14.999955984582224,0.036338142439672746,0.0
206.9,3145.485801431732,-2.0701033187172633,100.0,14.999955984582224,0.036338142439672746,0.0
207.0,3147.0157969421593,-2.0663968281884166,100.0,14.999955984582224,0.036338142439672746,0.0
207.10000000000002,3148.5457924525867,-2.06269033765957,100.0,14.999955984582224,0.036338142439672746,0.0
207.20000000000002,3150.075787963014,-2.0589838471307234,100.0,14.999955984582224,0.03633814243967274,0.0
207.3,3151.6057834734415,-2.0552773566018767,100.0,14.999955984582224,0.03633814243967273,0.0
207.4,3153.135778983869,-2.05157086607303,100.0,14.999955984582224,0.03633814243967273,0.0
207.5,3154.6657744942963,-2.0478643755441834,100.0,14.999955984582224,0.03633814243967273,0.0
207.60000000000002,3156.1957700047237,-2.044157885015337,100.0,14.999955984582224,0.03633814243967273,0.0
207.70000000000002,3157.725765515151,-2.04045139448649,100.0,14.999955984582224,0.03633814243967273,0.0
207.8,3159.2557610255785,-2.0367449039576435,100.0,14.999955984582224,0.03633814243967274,0.0
207.9,3160.785756536006,-2.033038413428797,100.0,14.999955984582224,0.036338142439672746,0.0
208.0,3162.3157520464333,-2.0293319228999502,100.0,14.999955984582224,0.036338142439672746,0.0
208.10000000000002,3163.8457475568607,-2.0256254323711036,100.0,14.999955984582224,0.036338142439672746,0.0
208.20000000000002,3165.375743067288,-2.021918941842257,100.0,14.999955984582224,0.036338142439672746,0.0
208.3,3166.9057385777155,-2.0182124513134103,100.0,14.999955984582224,0.036338142439672746,0.0
208.4,3168.435734088143,-2.0145059607845637,100.0,14.999955984582224,0.036338142439672746,0.0
208.5,3169.9657295985703,-2.010799470255717,100.0,14.999955984582224,0.03633814243967275,0.0
208.60000000000002,3171.4957251089977,-2.0070929797268704,100.0,14.999955984582224,0.03633814243967276,0.0
208.70000000000002,3173.025720619425,-2.0033864891980238,100.0,14.999955984582224,0.03633814243967277,0.0
208.8,3174.5557161298525,-1.9996799986691771,100.0,14.999955984582224,0.036338142439672774,0.0
208.9,3176.08571164028,-1.9959735081403305,100.0,14.999955984582224,0.03633814243967278,0.0
209.0,3177.6157071507073,-1.9922670176114838,100.0,14.999955984582224,0.03633814243967279,0.0
209.10000000000002,3179.1457026611347,-1.9885605270826372,100.0,14.999955984582224,0.036338142439672795,0.0
209.20000000000002,3180.675698171562,-1.9848540365537906,100.0,14.999955984582224,0.03633814243967281,0.0
209.3,3182.2056936819895,-1.981147546024944,100.0,14.999955984582224,0.036338142439672816,0.0
209.4,3183.735689192417,-1.9774410554960973,100.0,14.999955984582224,0.03633814243967282,0.0
209.5,3185.2656847028443,-1.9737345649672506,100.0,14.999955984582224,0.03633814243967283,0.0
209.60000000000002,3186.7956802132717,-1.970028074438404,100.0,14.999955984582224,0.03633814243967284,0.0
209.70000000000002,3188.325675723699,-1.9663215839095574,100.0,14.999955984582224,0.036338142439672844,0.0
209.8,3189.8556712341265,-1.9626150933807107,100.0,14.999955984582224,0.036338142439672844,0.0
209.9,3191.385666744554,-1.958908602851864,100.0,14.999955984582224,0.036338142439672844,0.0
210.0,3192.9156622549813,-1.9552021123230174,100.0,14.999955984582224,0.036338142439672844,0.0
210.10000000000002,3194.4456577654087,-1.9514956217941708,100.0,14.999955984582224,0.036338142439672844,0.0
210.20000000000002,3195.975653275836,-1.9477891312653242,100.0,14.999955984582224,0.036338142439672844,0.0
210.3,3197.5056487862635,-1.9440826407364775,100.0,14.999955984582224,0.036338142439672844,0.0
210.4,3199.035644296691,-1.9403761502076309,100.0,14.999955984582224,0.036338142439672844,0.0
210.5,3200.5656398071183,-1.9366696596787842,100.0,14.999955984582224,0.036338142439672844,0.0
210.60000000000002,3202.0956353175457,-1.9329631691499376,100.0,14.999955984582224,0.036338142439672844,0.0
210.70000000000002,3203.625630827973,-1.929256678621091,100.0,14.999955984582224,0.036338142439672844,0.0
210.8,3205.1556263384005,-1.9255501880922443,100.0,14.999955984582224,0.036338142439672844,0.0
210.9,3206.685621848828,-1.9218436975633977,100.0,14.999955984582224,0.03633814243967284,0.0
211.0,3208.2156173592552,-1.918137207034551,100.0,14.999955984582224,0.03633814243967283,0.0
211.10000000000002,3209.7456128696826,-1.9144307165057044,100.0,14.999955984582224,0.03633814243967282,0.0
211.20000000000002,3211.27560838011,-1.9107242259768578,100.0,14.999955984582224,0.036338142439672816,0.0
211.3,3212.8056038905374,-1.9070177354480111,100.0,14.999955984582224,0.03633814243967281,0.0
211.4,3214.335599400965,-1.9033112449191645,100.0,14.999955984582224,0.0363381424396728,0.0
211.5,3215.8655949113922,-1.8996047543903178,100.0,14.999955984582224,0.036338142439672795,0.0
211.60000000000002,3217.3955904218196,-1.8958982638614712,100.0,14.999955984582224,0.03633814243967279,0.0
211.70000000000002,3218.925585932247,-1.8921917733326246,100.0,14.999955984582224,0.036338142439672774,0.0
211.8,3220.4555814426744,-1.888485282803778,100.0,14.999955984582224,0.03633814243967276,0.0
211.9,3221.985576953102,-1.8847787922749313,100.0,14.999955984582224,0.036338142439672746,0.0
212.0,3223.515572463529,-1.8810723017460846,100.0,14.999955984582224,0.036338142439672726,0.0
212.10000000000002,3225.0455679739566,-1.877365811217238,100.0,14.999955984582224,0.03633814243967271,0.0
212.20000000000002,3226.575563484384,-1.8736593206883914,100.0,14.999955984582224,0.0363381424396727,0.0
212.3,3228.1055589948114,-1.8699528301595447,100.0,14.999955984582224,0.036338142439672684,0.0
212.4,3229.635554505239,-1.866246339630698,100.0,14.999955984582224,0.03633814243967266,0.0
212.5,3231.165550015666,-1.8625398491018514,100.0,14.999955984582224,0.03633814243967265,0.0
212.60000000000002,3232.6955455260936,-1.8588333585730048,100.0,14.999955984582224,0.036338142439672635,0.0
212.70000000000002,3234.225541036521,-1.8551268680441582,100.0,14.999955984582224,0.036338142439672615,0.0
212.8,3235.7555365469484,-1.8514203775153115,100.0,14.999955984582224,0.0363381424396726,0.0
212.9,3237.285532057376,-1.8477138869864649,100.0,14.999955984582224,0.03633814243967259,0.0
213.0,3238.815527567803,-1.8440073964576182,100.0,14.999955984582224,0.03633814243967257,0.0
213.10000000000002,3240.3455230782306,-1.8403009059287716,100.0,14.999955984582224,0.03633814243967256,0.0
213.20000000000002,3241.875518588658,-1.836594415399925,100.0,14.999955984582224,0.03633814243967255,0.0
213.3,3243.4055140990854,-1.8328879248710783,100.0,14.999955984582224,0.03633814243967255,0.0
213.4,3244.935509609513,-1.8291814343422317,100.0,14.999955984582224,0.03633814243967255,0.0
213.5,3246.46550511994,-1.825474943813385,100.0,14.999955984582224,0.03633814243967255,0.0
213.60000000000002,3247.9955006303676,-1.8217684532845384,100.0,14.999955984582224,0.03633814243967255,0.0
213.70000000000002,3249.525496140795,-1.8180619627556918,100.0,14.999955984582224,0.03633814243967255,0.0
213.8,3251.0554916512224,-1.8143554722268451,100.0,14.999955984582224,0.03633814243967255,0.0
213.9,3252.58548716165,-1.8106489816979985,100.0,14.999955984582224,0.03633814243967255,0.0
214.0,3254.115482672077,-1.8069424911691518,100.0,14.999955984582224,0.03633814243967255,0.0
214.10000000000002,3255.6454781825046,-1.8032360006403052,100.0,14.999955984582224,0.03633814243967255,0.0
214.20000000000002,3257.175473692932,-1.7995295101114586,100.0,14.999955984582224,0.036338142439672545,0.0
214.3,3258.7054692033594,-1.795823019582612,100.0,14.999955984582224,0.036338142439672545,0.0
214.4,3260.2354647137868,-1.7921165290537653,100.0,14.999955984582224,0.036338142439672545,0.0
214.5,3261.765460224214,-1.7884100385249186,100.0,14.999955984582224,0.03633814243967255,0.0
214.60000000000002,3263.2954557346416,-1.784703547996072,100.0,14.999955984582224,0.03633814243967255,0.0
214.70000000000002,3264.825451245069,-1.7809970574672254,100.0,14.999955984582224,0.03633814243967255,0.0
214.8,3266.3554467554964,-1.7772905669383787,100.0,14.999955984582224,0.03633814243967255,0.0
214.9,3267.8854422659238,-1.773584076409532,100.0,14.999955984582224,0.03633814243967255,0.0
215.0,3269.415437776351,-1.7698775858806854,100.0,14.999955984582224,0.03633814243967255,0.0
215.10000000000002,3270.9454332867786,-1.7661710953518388,100.0,14.999955984582224,0.03633814243967255,0.0
215.20000000000002,3272.475428797206,-1.7624646048229922,100.0,14.999955984582224,0.03633814243967255,0.0
215.3,3274.0054243076333,-1.7587581142941455,100.0,14.999955984582224,0.03633814243967255,0.0
215.4,3275.5354198180607,-1.7550516237652989,100.0,14.999955984582224,0.03633814243967255,0.0
215.5,3277.065415328488,-1.7513451332364522,100.0,14.999955984582224,0.03633814243967255,0.0
215.60000000000002,3278.5954108389155,-1.7476386427076056,100.0,14.999955984582224,0.03633814243967255,0.0
215.70000000000002,3280.125406349343,-1.743932152178759,100.0,14.999955984582224,0.03633814243967255,0.0
215.8,3281.6554018597703,-1.7402256616499123,100.0,14.999955984582224,0.03633814243967255,0.0
215.9,3283.1853973701977,-1.7365191711210657,100.0,14.999955984582224,0.03633814243967255,0.0
216.0,3284.715392880625,-1.732812680592219,100.0,14.999955984582224,0.03633814243967255,0.0
216.10000000000002,3286.2453883910525,-1.7291061900633724,100.0,14.999955984582224,0.03633814243967255,0.0
216.20000000000002,3287.77538390148,-1.7253996995345258,100.0,14.999955984582224,0.03633814243967255,0.0
216.3,3289.3053794119073,-1.7216932090056791,100.0,14.999955984582224,0.03633814243967255,0.0
216.4,3290.8353749223347,-1.7179867184768325,100.0,14.999955984582224,0.03633814243967255,0.0
216.5,3292.365370432762,-1.7142802279479858,100.0,14.999955984582224,0.03633814243967255,0.0
216.60000000000002,3293.8953659431895,-1.7105737374191392,100.0,14.999955984582224,0.03633814243967255,0.0
216.70000000000002,3295.425361453617,-1.7068672468902926,100.0,14.999955984582224,0.03633814243967255,0.0
216.8,3296.9553569640443,-1.703160756361446,100.0,14.999955984582224,0.03633814243967255,0.0
216.9,3298.4853524744717,-1.6994542658325993,100.0,14.999955984582224,0.03633814243967255,0.0
217.0,3300.015347984899,-1.6957477753037526,100.0,14.999955984582224,0.03633814243967255,0.0
217.10000000000002,3301.5453434953265,-1.692041284774906,100.0,14.999955984582224,0.03633814243967255,0.0
217.20000000000002,3303.075339005754,-1.6883347942460594,100.0,14.999955984582224,0.03633814243967256,0.0
217.3,3304.6053345161813,-1.6846283037172127,100.0,14.999955984582224,0.036338142439672566,0.0
217.4,3306.1353300266087,-1.680921813188366,100.0,14.999955984582224,0.03633814243967257,0.0
217.5,3307.665325537036,-1.6772153226595194,100.0,14.999955984582224,0.03633814243967257,0.0
217.60000000000002,3309.1953210474635,-1.6735088321306728,100.0,14.999955984582224,0.03633814243967257,0.0
217.70000000000002,3310.725316557891,-1.6698023416018262,100.0,14.999955984582224,0.03633814243967257,0.0
217.8,3312.2553120683183,-1.6660958510729795,100.0,14.999955984582224,0.03633814243967258,0.0
217.9,3313.7853075787457,-1.6623893605441329,100.0,14.999955984582224,0.03633814243967258,0.0
218.0,3315.315303089173,-1.6586828700152862,100.0,14.999955984582224,0.03633814243967258,0.0
218.10000000000002,3316.8452985996005,-1.6549763794864396,100.0,14.999955984582224,0.03633814243967257,0.0
218.20000000000002,3318.375294110028,-1.651269888957593,100.0,14.999955984582224,0.036338142439672566,0.0
218.3,3319.9052896204553,-1.6475633984287463,100.0,14.999955984582224,0.03633814243967256,0.0
218.4,3321.4352851308827,-1.6438569078998997,100.0,14.999955984582224,0.03633814243967256,0.0
218.5,3322.96528064131,-1.640150417371053,100.0,14.999955984582224,0.03633814243967255,0.0
218.60000000000002,3324.4952761517375,-1.6364439268422064,100.0,14.999955984582224,0.03633814243967255,0.0
218.70000000000002,3326.025271662165,-1.6327374363133598,100.0,14.999955984582224,0.03633814243967255,0.0
218.8,3327.5552671725923,-1.6290309457845131,100.0,14.999955984582224,0.03633814243967255,0.0
218.9,3329.0852626830197,-1.6253244552556665,100.0,14.999955984582224,0.03633814243967255,0.0
219.0,3330.615258193447,-1.6216179647268198,100.0,14.999955984582224,0.03633814243967255,0.0
219.10000000000002,3332.1452537038745,-1.6179114741979732,100.0,14.999955984582224,0.03633814243967255,0.0
219.20000000000002,3333.675249214302,-1.6142049836691266,100.0,14.999955984582224,0.03633814243967255,0.0
219.3,3335.2052447247293,-1.61049849314028,100.0,14.999955984582224,0.03633814243967255,0.0
219.4,3336.7352402351567,-1.6067920026114333,100.0,14.999955984582224,0.03633814243967256,0.0
219.5,3338.265235745584,-1.6030855120825866,100.0,14.999955984582224,0.03633814243967256,0.0
219.60000000000002,3339.7952312560114,-1.59937902155374,100.0,14.999955984582224,0.03633814243967255,0.0
219.70000000000002,3341.325226766439,-1.5956725310248934,100.0,14.999955984582224,0.03633814243967255,0.0
219.8,3342.8552222768662,-1.5919660404960467,100.0,14.999955984582224,0.03633814243967256,0.0
219.9,3344.3852177872936,-1.5882595499672,100.0,14.999955984582224,0.036338142439672566,0.0
220.0,3345.915213297721,-1.5845530594383535,100.0,14.999955984582224,0.03633814243967257,0.0
220.10000000000002,3347.4452088081484,-1.5808465689095068,100.0,14.999955984582224,0.03633814243967259,0.0
220.20000000000002,3348.975204318576,-1.5771400783806602,100.0,14.999955984582224,0.0363381424396726,0.0
220.3,3350.5051998290032,-1.5734335878518135,100.0,14.999955984582224,0.036338142439672615,0.0
220.4,3352.0351953394306,-1.569727097322967,100.0,14.999955984582224,0.03633814243967262,0.0
220.5,3353.565190849858,-1.5660206067941203,100.0,14.999955984582224,0.036338142439672635,0.0
220.60000000000002,3355.0951863602854,-1.5623141162652736,100.0,14.999955984582224,0.03633814243967265,0.0
220.70000000000002,3356.625181870713,-1.558607625736427,100.0,14.999955984582224,0.03633814243967266,0.0
220.8,3358.15517738114,-1.5549011352075803,100.0,14.999955984582224,0.03633814243967268,0.0
220.9,3359.6851728915676,-1.5511946446787337,100.0,14.999955984582224,0.036338142439672684,0.0
221.0,3361.215168401995,-1.547488154149887,100.0,14.999955984582224,0.03633814243967269,0.0
221.10000000000002,3362.7451639124224,-1.5437816636210404,100.0,14.999955984582224,0.0363381424396727,0.0
221.20000000000002,3364.27515942285,-1.5400751730921938,100.0,14.999955984582224,0.03633814243967271,0.0
221.3,3365.805154933277,-1.5363686825633471,100.0,14.999955984582224,0.03633814243967272,0.0
221.4,3367.3351504437046,-1.5326621920345005,100.0,14.999955984582224,0.036338142439672726,0.0
221.5,3368.865145954132,-1.5289557015056539,100.0,14.999955984582224,0.03633814243967273,0.0
221.60000000000002,3370.3951414645594,-1.5252492109768072,100.0,14.999955984582224,0.03633814243967274,0.0
221.70000000000002,3371.925136974987,-1.5215427204479606,100.0,14.999955984582224,0.036338142439672746,0.0
221.8,3373.455132485414,-1.517836229919114,100.0,14.999955984582224,0.03633814243967276,0.0
221.9,3374.9851279958416,-1.5141297393902673,100.0,14.999955984582224,0.03633814243967277,0.0
222.0,3376.515123506269,-1.5104232488614207,100.0,14.999955984582224,0.036338142439672774,0.0
222.10000000000002,3378.0451190166964,-1.506716758332574,100.0,14.999955984582224,0.03633814243967279,0.0
222.20000000000002,3379.575114527124,-1.5030102678037274,100.0,14.999955984582224,0.0363381424396728,0.0
222.3,3381.105110037551,-1.4993037772748807,100.0,14.999955984582224,0.036338142439672816,0.0
222.4,3382.6351055479786,-1.495597286746034,100.0,14.999955984582224,0.03633814243967283,0.0
222.5,3384.165101058406,-1.4918907962171875,100.0,14.999955984582224,0.036338142439672844,0.0
222.60000000000002,3385.6950965688334,-1.4881843056883408,100.0,14.999955984582224,0.036338142439672864,0.0
222.70000000000002,3387.225092079261,-1.4844778151594942,100.0,14.999955984582224,0.03633814243967288,0.0
222.8,3388.755087589688,-1.4807713246306475,100.0,14.999955984582224,0.03633814243967289,0.0
222.9,3390.2850831001156,-1.477064834101801,100.0,14.999955984582224,0.0363381424396729,0.0
223.0,3391.815078610543,-1.4733583435729543,100.0,14.999955984582224,0.0363381424396729,0.0
223.10000000000002,3393.3450741209704,-1.4696518530441076,100.0,14.999955984582224,0.0363381424396729,0.0
223.20000000000002,3394.8750696313978,-1.465945362515261,100.0,14.999955984582224,0.03633814243967289,0.0
223.3,3396.405065141825,-1.4622388719864143,100.0,14.999955984582224,0.036338142439672885,0.0
223.4,3397.9350606522526,-1.4585323814575677,100.0,14.999955984582224,0.03633814243967287,0.0
223.5,3399.46505616268,-1.454825890928721,100.0,14.999955984582224,0.036338142439672864,0.0
223.60000000000002,3400.9950516731074,-1.4511194003998744,100.0,14.999955984582224,0.03633814243967286,0.0
223.70000000000002,3402.5250471835348,-1.4474129098710278,100.0,14.999955984582224,0.03633814243967285,0.0
223.8,3404.055042693962,-1.4437064193421811,100.0,14.999955984582224,0.03633814243967285,0.0
223.9,3405.5850382043895,-1.4399999288133345,100.0,14.999955984582224,0.036338142439672844,0.0
224.0,3407.115033714817,-1.4362934382844879,100.0,14.999955984582224,0.036338142439672844,0.0
224.10000000000002,3408.6450292252443,-1.4325869477556412,100.0,14.999955984582224,0.036338142439672844,0.0
224.20000000000002,3410.1750247356717,-1.4288804572267946,100.0,14.999955984582224,0.03633814243967284,0.0
224.3,3411.705020246099,-1.425173966697948,100.0,14.999955984582224,0.03633814243967283,0.0
224.4,3413.2350157565265,-1.4214674761691013,100.0,14.999955984582224,0.03633814243967282,0.0
224.5,3414.765011266954,-1.4177609856402547,100.0,14.999955984582224,0.03633814243967281,0.0
224.60000000000002,3416.2950067773813,-1.414054495111408,100.0,14.999955984582224,0.0363381424396728,0.0
224.70000000000002,3417.8250022878087,-1.4103480045825614,100.0,14.999955984582224,0.036338142439672795,0.0
224.8,3419.354997798236,-1.4066415140537147,100.0,14.999955984582224,0.036338142439672795,0.0
224.9,3420.8849933086635,-1.402935023524868,100.0,14.999955984582224,0.036338142439672795,0.0
225.0,3422.414988819091,-1.3992285329960215,100.0,14.999955984582224,0.036338142439672795,0.0
225.10000000000002,3423.9449843295183,-1.3955220424671748,100.0,14.999955984582224,0.0363381424396728,0.0
225.20000000000002,3425.4749798399457,-1.3918155519383282,100.0,14.999955984582224,0.0363381424396728,0.0
225.3,3427.004975350373,-1.3881090614094815,100.0,14.999955984582224,0.0363381424396728,0.0
225.4,3428.5349708608005,-1.384402570880635,100.0,14.999955984582224,0.036338142439672795,0.0
225.5,3430.064966371228,-1.3806960803517883,100.0,14.999955984582224,0.036338142439672795,0.0
225.60000000000002,3431.5949618816553,-1.3769895898229416,100.0,14.999955984582224,0.03633814243967279,0.0
225.70000000000002,3433.1249573920827,-1.373283099294095,100.0,14.999955984582224,0.03633814243967279,0.0
225.8,3434.65495290251,-1.3695766087652483,100.0,14.999955984582224,0.03633814243967278,0.0
225.9,3436.1849484129375,-1.3658701182364017,100.0,14.999955984582224,0.03633814243967277,0.0
226.0,3437.714943923365,-1.362163627707555,100.0,14.999955984582224,0.03633814243967276,0.0
226.10000000000002,3439.2449394337923,-1.3584571371787084,100.0,14.999955984582224,0.03633814243967275,0.0
226.20000000000002,3440.7749349442197,-1.3547506466498618,100.0,14.999955984582224,0.03633814243967274,0.0
226.3,3442.304930454647,-1.3510441561210151,100.0,14.999955984582224,0.036338142439672726,0.0
226.4,3443.8349259650745,-1.3473376655921685,100.0,14.999955984582224,0.036338142439672726,0.0
226.5,3445.364921475502,-1.3436311750633219,100.0,14.999955984582224,0.03633814243967272,0.0
226.60000000000002,3446.8949169859293,-1.3399246845344752,100.0,14.999955984582224,0.03633814243967271,0.0
226.70000000000002,3448.4249124963567,-1.3362181940056286,100.0,14.999955984582224,0.036338142439672705,0.0
226.8,3449.954908006784,-1.332511703476782,100.0,14.999955984582224,0.036338142439672705,0.0
226.9,3451.4849035172115,-1.3288052129479353,100.0,14.999955984582224,0.0363381424396727,0.0
227.0,3453.014899027639,-1.3250987224190887,100.0,14.999955984582224,0.0363381424396727,0.0
227.10000000000002,3454.5448945380663,-1.321392231890242,100.0,14.999955984582224,0.0363381424396727,0.0
227.20000000000002,3456.0748900484937,-1.3176857413613954,100.0,14.999955984582224,0.036338142439672705,0.0
227.3,3457.604885558921,-1.3139792508325487,100.0,14.999955984582224,0.03633814243967271,0.0
227.4,3459.1348810693485,-1.310272760303702,100.0,14.999955984582224,0.03633814243967272,0.0
227.5,3460.664876579776,-1.3065662697748555,100.0,14.999955984582224,0.036338142439672726,0.0
227.60000000000002,3462.1948720902033,-1.3028597792460088,100.0,14.999955984582224,0.036338142439672726,0.0
227.70000000000002,3463.7248676006307,-1.2991532887171622,100.0,14.999955984582224,0.036338142439672726,0.0
227.8,3465.254863111058,-1.2954467981883155,100.0,14.999955984582224,0.036338142439672726,0.0
227.9,3466.7848586214855,-1.291740307659469,100.0,14.999955984582224,0.03633814243967273,0.0
228.0,3468.314854131913,-1.2880338171306223,100.0,14.999955984582224,0.03633814243967273,0.0
228.10000000000002,3469.8448496423403,-1.2843273266017756,100.0,14.999955984582224,0.036338142439672726,0.0
228.20000000000002,3471.3748451527676,-1.280620836072929,100.0,14.999955984582224,0.036338142439672726,0.0
228.3,3472.904840663195,-1.2769143455440823,100.0,14.999955984582224,0.036338142439672726,0.0
228.4,3474.4348361736224,-1.2732078550152357,100.0,14.999955984582224,0.036338142439672726,0.0
228.5,3475.96483168405,-1.269501364486389,100.0,14.999955984582224,0.03633814243967273,0.0
228.60000000000002,3477.4948271944772,-1.2657948739575424,100.0,14.999955984582224,0.03633814243967273,0.0
228.70000000000002,3479.0248227049046,-1.2620883834286958,100.0,14.999955984582224,0.03633814243967274,0.0
228.8,3480.554818215332,-1.2583818928998491,100.0,14.999955984582224,0.03633814243967274,0.0
228.9,3482.0848137257594,-1.2546754023710025,100.0,14.999955984582224,0.03633814243967274,0.0
229.0,3483.614809236187,-1.2509689118421559,100.0,14.999955984582224,0.03633814243967274,0.0
229.10000000000002,3485.144804746614,-1.2472624213133092,100.0,14.999955984582224,0.03633814243967274,0.0
229.20000000000002,3486.6748002570416,-1.2435559307844626,100.0,14.999955984582224,0.03633814243967273,0.0
229.3,3488.204795767469,-1.239849440255616,100.0,14.999955984582224,0.036338142439672726,0.0
229.4,3489.7347912778964,-1.2361429497267693,100.0,14.999955984582224,0.03633814243967272,0.0
229.5,3491.264786788324,-1.2324364591979227,100.0,14.999955984582224,0.03633814243967272,0.0
229.60000000000002,3492.794782298751,-1.228729968669076,100.0,14.999955984582224,0.03633814243967272,0.0
229.70000000000002,3494.3247778091786,-1.2250234781402294,100.0,14.999955984582224,0.03633814243967272,0.0
229.8,3495.854773319606,-1.2213169876113827,100.0,14.999955984582224,0.03633814243967271,0.0
229.9,3497.3847688300334,-1.217610497082536,100.0,14.999955984582224,0.03633814243967271,0.0
230.0,3498.914764340461,-1.2139040065536895,100.0,14.999955984582224,0.03633814243967271,0.0
230.10000000000002,3500.444759850888,-1.2101975160248428,100.0,14.999955984582224,0.03633814243967271,0.0
230.20000000000002,3501.9747553613156,-1.2064910254959962,100.0,14.999955984582224,0.036338142439672705,0.0
230.3,3503.504750871743,-1.2027845349671495,100.0,14.999955984582224,0.0363381424396727,0.0
230.4,3505.0347463821704,-1.199078044438303,100.0,14.999955984582224,0.0363381424396727,0.0
230.5,3506.564741892598,-1.1953715539094563,100.0,14.999955984582224,0.0363381424396727,0.0
230.60000000000002,3508.094737403025,-1.1916650633806096,100.0,14.999955984582224,0.0363381424396727,0.0
230.70000000000002,3509.6247329134526,-1.187958572851763,100.0,14.999955984582224,0.0363381424396727,0.0
230.8,3511.15472842388,-1.1842520823229163,100.0,14.999955984582224,0.03633814243967269,0.0
230.9,3512.6847239343074,-1.1805455917940697,100.0,14.999955984582224,0.03633814243967269,0.0
231.0,3514.214719444735,-1.176839101265223,100.0,14.999955984582224,0.036338142439672684,0.0
231.10000000000002,3515.744714955162,-1.1731326107363764,100.0,14.999955984582224,0.03633814243967268,0.0
231.20000000000002,3517.2747104655896,-1.1694261202075298,100.0,14.999955984582224,0.03633814243967267,0.0
231.3,3518.804705976017,-1.1657196296786831,100.0,14.999955984582224,0.03633814243967266,0.0
231.4,3520.3347014864444,-1.1620131391498365,100.0,14.999955984582224,0.036338142439672656,0.0
231.5,3521.8646969968718,-1.1583066486209899,100.0,14.999955984582224,0.03633814243967264,0.0
231.60000000000002,3523.394692507299,-1.1546001580921432,100.0,14.999955984582224,0.036338142439672635,0.0
231.70000000000002,3524.9246880177266,-1.1508936675632966,100.0,14.999955984582224,0.03633814243967263,0.0
231.8,3526.454683528154,-1.14718717703445,100.0,14.999955984582224,0.03633814243967262,0.0
231.9,3527.9846790385814,-1.1434806865056033,100.0,14.999955984582224,0.03633814243967261,0.0
232.0,3529.5146745490088,-1.1397741959767567,100.0,14.999955984582224,0.036338142439672594,0.0
232.10000000000002,3531.044670059436,-1.13606770544791,100.0,14.999955984582224,0.03633814243967258,0.0
232.20000000000002,3532.5746655698636,-1.1323612149190634,100.0,14.999955984582224,0.03633814243967257,0.0
232.3,3534.104661080291,-1.1286547243902167,100.0,14.999955984582224,0.03633814243967257,0.0
232.4,3535.6346565907184,-1.12494823386137,100.0,14.999955984582224,0.03633814243967257,0.0
232.5,3537.1646521011457,-1.1212417433325235,100.0,14.999955984582224,0.036338142439672566,0.0
232.60000000000002,3538.694647611573,-1.1175352528036768,100.0,14.999955984582224,0.036338142439672566,0.0
232.70000000000002,3540.2246431220005,-1.1138287622748302,100.0,14.999955984582224,0.03633814243967256,0.0
232.8,3541.754638632428,-1.1101222717459835,100.0,14.999955984582224,0.03633814243967255,0.0
232.9,3543.2846341428553,-1.106415781217137,100.0,14.999955984582224,0.03633814243967255,0.0
233.0,3544.8146296532827,-1.1027092906882903,100.0,14.999955984582224,0.03633814243967255,0.0
233.10000000000002,3546.34462516371,-1.0990028001594436,100.0,14.999955984582224,0.03633814243967255,0.0
233.20000000000002,3547.8746206741375,-1.095296309630597,100.0,14.999955984582224,0.03633814243967255,0.0
233.3,3549.404616184565,-1.0915898191017503,100.0,14.999955984582224,0.03633814243967255,0.0
233.4,3550.9346116949923,-1.0878833285729037,100.0,14.999955984582224,0.03633814243967255,0.0
233.5,3552.4646072054197,-1.084176838044057,100.0,14.999955984582224,0.03633814243967255,0.0
233.60000000000002,3553.994602715847,-1.0804703475152104,100.0,14.999955984582224,0.03633814243967255,0.0
233.70000000000002,3555.5245982262745,-1.0767638569863638,100.0,14.999955984582224,0.03633814243967256,0.0
233.8,3557.054593736702,-1.0730573664575171,100.0,14.999955984582224,0.03633814243967256,0.0
233.9,3558.5845892471293,-1.0693508759286705,100.0,14.999955984582224,0.036338142439672566,0.0
234.0,3560.1145847575567,-1.0656443853998239,100.0,14.999955984582224,0.03633814243967258,0.0
234.10000000000002,3561.644580267984,-1.0619378948709772,100.0,14.999955984582224,0.036338142439672594,0.0
234.20000000000002,3563.1745757784115,-1.0582314043421306,100.0,14.999955984582224,0.0363381424396726,0.0
234.3,3564.704571288839,-1.054524913813284,100.0,14.999955984582224,0.036338142439672615,0.0
234.4,3566.2345667992663,-1.0508184232844373,100.0,14.999955984582224,0.03633814243967263,0.0
234.5,3567.7645623096937,-1.0471119327555907,100.0,14.999955984582224,0.03633814243967264,0.0
234.60000000000002,3569.294557820121,-1.043405442226744,100.0,14.999955984582224,0.03633814243967267,0.0
234.70000000000002,3570.8245533305485,-1.0396989516978974,100.0,14.999955984582224,0.0363381424396727,0.0
234.8,3572.354548840976,-1.0359924611690507,100.0,14.999955984582224,0.036338142439672726,0.0
234.9,3573.8845443514033,-1.032285970640204,100.0,14.999955984582224,0.036338142439672746,0.0
235.0,3575.4145398618307,-1.0285794801113575,100.0,14.999955984582224,0.03633814243967277,0.0
235.10000000000002,3576.944535372258,-1.0248729895825108,100.0,14.999955984582224,0.03633814243967279,0.0
235.20000000000002,3578.4745308826855,-1.0211664990536642,100.0,14.999955984582224,0.0363381424396728,0.0
235.3,3580.004526393113,-1.0174600085248175,100.0,14.999955984582224,0.03633814243967281,0.0
235.4,3581.5345219035403,-1.013753517995971,100.0,14.999955984582224,0.036338142439672816,0.0
235.5,3583.0645174139677,-1.0100470274671243,100.0,14.999955984582224,0.03633814243967283,0.0
235.60000000000002,3584.594512924395,-1.0063405369382776,100.0,14.999955984582224,0.03633814243967285,0.0
235.70000000000002,3586.1245084348225,-1.002634046409431,100.0,14.999955984582224,0.036338142439672864,0.0
235.8,3587.65450394525,-0.9989275558805844,100.0,14.999955984582224,0.03633814243967288,0.0
235.9,3589.1844994556773,-0.9952210653517377,100.0,14.999955984582224,0.0363381424396729,0.0
236.0,3590.7144949661047,-0.9915145748228911,100.0,14.999955984582224,0.03633814243967291,0.0
236.10000000000002,3592.244490476532,-0.9878080842940444,100.0,14.999955984582224,0.03633814243967293,0.0
236.20000000000002,3593.7744859869595,-0.9841015937651978,100.0,14.999955984582224,0.03633814243967295,0.0
236.3,3595.304481497387,-0.9803951032363512,100.0,14.999955984582224,0.036338142439672975,0.0
236.4,3596.8344770078143,-0.9766886127075045,100.0,14.999955984582224,0.036338142439673,0.0
236.5,3598.3644725182417,-0.9729821221786579,100.0,14.999955984582224,0.036338142439673045,0.0
236.60000000000002,3599.894468028669,-0.9692756316498112,100.0,14.999955984582224,0.036338142439673086,0.0
236.70000000000002,3601.4244635390965,-0.9655691411209646,100.0,14.999955984582224,0.03633814243967313,0.0
236.8,3602.954459049524,-0.961862650592118,100.0,14.999955984582224,0.03633814243967318,0.0
236.9,3604.4844545599512,-0.9581561600632713,100.0,14.999955984582224,0.036338142439673225,0.0
237.0,3606.0144500703786,-0.9544496695344247,100.0,14.999955984582224,0.03633814243967327,0.0
237.10000000000002,3607.544445580806,-0.950743179005578,100.0,14.999955984582224,0.0363381424396733,0.0
237.20000000000002,3609.0744410912334,-0.9470366884767314,100.0,14.999955984582224,0.03633814243967333,0.0
237.3,3610.604436601661,-0.9433301979478848,100.0,14.999955984582224,0.03633814243967335,0.0
237.4,3612.1344321120882,-0.9396237074190381,100.0,14.999955984582224,0.03633814243967338,0.0
237.5,3613.6644276225156,-0.9359172168901915,100.0,14.999955984582224,0.0363381424396734,0.0
237.60000000000002,3615.194423132943,-0.9322107263613448,100.0,14.999955984582224,0.03633814243967341,0.0
237.70000000000002,3616.7244186433704,-0.9285042358324982,100.0,14.999955984582224,0.03633814243967343,0.0
237.8,3618.254414153798,-0.9247977453036516,100.0,14.999955984582224,0.03633814243967344,0.0
237.9,3619.784409664225,-0.9210912547748049,100.0,14.999955984582224,0.036338142439673454,0.0
238.0,3621.3144051746526,-0.9173847642459583,100.0,14.999955984582224,0.03633814243967346,0.0
238.10000000000002,3622.84440068508,-0.9136782737171116,100.0,14.999955984582224,0.03633814243967347,0.0
238.20000000000002,3624.3743961955074,-0.909971783188265,100.0,14.999955984582224,0.03633814243967347,0.0
238.3,3625.904391705935,-0.9062652926594184,100.0,14.999955984582224,0.036338142439673475,0.0
238.4,3627.434387216362,-0.9025588021305717,100.0,14.999955984582224,0.03633814243967349,0.0
238.5,3628.9643827267896,-0.898852311601725,100.0,14.999955984582224,0.0363381424396735,0.0
238.60000000000002,3630.494378237217,-0.8951458210728782,100.0,14.999955984582224,0.036338142439673524,0.0
238.70000000000002,3632.0243737476444,-0.8914393305440315,100.0,14.999955984582224,0.03633814243967354,0.0
238.8,3633.554369258072,-0.8877328400151847,100.0,14.999955984582224,0.036338142439673544,0.0
238.9,3635.084364768499,-0.884026349486338,100.0,14.999955984582224,0.03633814243967355,0.0
239.0,3636.6143602789266,-0.8803198589574912,100.0,14.999955984582224,0.03633814243967356,0.0
239.10000000000002,3638.144355789354,-0.8766133684286445,100.0,14.999955984582224,0.036338142439673565,0.0
239.20000000000002,3639.6743512997814,-0.8729068778997977,100.0,14.999955984582224,0.036338142439673565,0.0
239.3,3641.204346810209,-0.869200387370951,100.0,14.999955984582224,0.03633814243967358,0.0
239.4,3642.734342320636,-0.8654938968421042,100.0,14.999955984582224,0.03633814243967359,0.0
239.5,3644.2643378310636,-0.8617874063132575,100.0,14.999955984582224,0.03633814243967359,0.0
239.60000000000002,3645.794333341491,-0.8580809157844107,100.0,14.999955984582224,0.0363381424396736,0.0
239.70000000000002,3647.3243288519184,-0.854374425255564,100.0,14.999955984582224,0.036338142439673614,0.0
239.8,3648.854324362346,-0.8506679347267172,100.0,14.999955984582224,0.03633814243967363,0.0
239.9,3650.384319872773,-0.8469614441978704,100.0,14.999955984582224,0.03633814243967364,0.0
240.0,3651.9143153832006,-0.8432549536690237,100.0,14.999955984582224,0.036338142439673655,0.0
240.10000000000002,3653.444310893628,-0.839548463140177,100.0,14.999955984582224,0.03633814243967366,0.0
240.20000000000002,3654.9743064040554,-0.8358419726113302,100.0,14.999955984582224,0.036338142439673676,0.0
240.3,3656.5043019144828,-0.8321354820824834,100.0,14.999955984582224,0.03633814243967369,0.0
240.4,3658.03429742491,-0.8284289915536367,100.0,14.999955984582224,0.03633814243967371,0.0
240.5,3659.5642929353376,-0.82472250102479,100.0,14.999955984582224,0.03633814243967373,0.0
240.60000000000002,3661.094288445765,-0.8210160104959432,100.0,14.999955984582224,0.03633814243967376,0.0
240.70000000000002,3662.6242839561924,-0.8173095199670964,100.0,14.999955984582224,0.03633814243967379,0.0
240.8,3664.1542794666198,-0.8136030294382497,100.0,14.999955984582224,0.036338142439673815,0.0
240.9,3665.684274977047,-0.8098965389094029,100.0,14.999955984582224,0.03633814243967386,0.0
241.0,3667.2142704874746,-0.8061900483805562,100.0,14.999955984582224,0.0363381424396739,0.0
241.10000000000002,3668.744265997902,-0.8024835578517094,100.0,14.999955984582224,0.03633814243967394,0.0
241.20000000000002,3670.2742615083293,-0.7987770673228627,100.0,14.999955984582224,0.036338142439673975,0.0
241.3,3671.8042570187567,-0.7950705767940159,100.0,14.999955984582224,0.036338142439674,0.0
241.4,3673.334252529184,-0.7913640862651692,100.0,14.999955984582224,0.03633814243967402,0.0
241.5,3674.8642480396115,-0.7876575957363224,100.0,14.999955984582224,0.036338142439674044,0.0
241.60000000000002,3676.394243550039,-0.7839511052074757,100.0,14.999955984582224,0.036338142439674065,0.0
241.70000000000002,3677.9242390604663,-0.7802446146786289,100.0,14.999955984582224,0.036338142439674086,0.0
241.8,3679.4542345708937,-0.7765381241497822,100.0,14.999955984582224,0.036338142439674107,0.0
241.9,3680.984230081321,-0.7728316336209354,100.0,14.999955984582224,0.036338142439674134,0.0
242.0,3682.5142255917485,-0.7691251430920887,100.0,14.999955984582224,0.03633814243967416,0.0
242.10000000000002,3684.044221102176,-0.7654186525632419,100.0,14.999955984582224,0.03633814243967419,0.0
242.20000000000002,3685.5742166126033,-0.7617121620343952,100.0,14.999955984582224,0.03633814243967422,0.0
242.3,3687.1042121230307,-0.7580056715055484,100.0,14.999955984582224,0.036338142439674245,0.0
242.4,3688.634207633458,-0.7542991809767017,100.0,14.999955984582224,0.03633814243967428,0.0
242.5,3690.1642031438855,-0.7505926904478549,100.0,14.999955984582224,0.03633814243967431,0.0
242.60000000000002,3691.694198654313,-0.7468861999190082,100.0,14.999955984582224,0.03633814243967434,0.0
242.70000000000002,3693.2241941647403,-0.7431797093901614,100.0,14.999955984582224,0.036338142439674384,0.0
242.8,3694.7541896751677,-0.7394732188613147,100.0,14.999955984582224,0.036338142439674447,0.0
242.9,3696.284185185595,-0.7357667283324679,100.0,14.999955984582224,0.036338142439674495,0.0
243.0,3697.8141806960225,-0.7320602378036212,100.0,14.999955984582224,0.03633814243967456,0.0
243.10000000000002,3699.34417620645,-0.7283537472747743,100.0,14.999955984582224,0.03633814243967463,0.0
243.20000000000002,3700.8741717168773,-0.7246472567459274,100.0,14.999955984582224,0.0363381424396747,0.0
243.3,3702.4041672273047,-0.7209407662170806,100.0,14.999955984582224,0.036338142439674787,0.0
243.4,3703.934162737732,-0.7172342756882337,100.0,14.999955984582224,0.036338142439674884,0.0
243.5,3705.4641582481595,-0.7135277851593869,100.0,14.999955984582224,0.036338142439674974,0.0
243.60000000000002,3706.994114555218,-0.7098213896026591,100.0,14.999955984582222,0.036338142439675064,0.0
243.70000000000002,3708.523779645981,-0.7061156995319495,100.0,14.999955984582222,0.03633814243967517,0.0
243.8,3710.053154171651,-0.7024107133696887,100.0,14.999955984582222,0.03633814243967529,0.0
243.9,3711.5821682293194,-0.6987066004591614,100.0,14.999955984582224,0.03633814243967544,0.0
244.0,3713.110751040496,-0.6950035322647973,100.0,14.999955984582222,0.036338142439675564,0.0
244.10000000000002,3714.6389039326586,-0.6913015055707127,100.0,14.999955984582222,0.03633814243967569,0.0
244.20000000000002,3716.1666281614007,-0.687600517335172,100.0,14.999955984582225,0.03633814243967583,0.0
244.3,3717.6939249091633,-0.6839005646936516,100.0,14.999955984582222,0.03633814243967596,0.0
244.4,3719.220795284333,-0.6802016449610304,100.0,14.999955984582222,0.03633814243967612,0.0
244.5,3720.7472403206825,-0.6765037556329403,100.0,14.999955984582222,0.0363381424396763,0.0
244.60000000000002,3722.273260977149,-0.6728068943863087,100.0,14.99995598458222,0.03633814243967649,0.0
244.70000000000002,3723.7988581379277,-0.6691110590791308,100.0,14.999955984582222,0.036338142439676674,0.0
244.8,3725.324032612866,-0.6654162477495078,100.0,14.999955984582222,0.03633814243967689,0.0
244.9,3726.848785138152,-0.66172245861399,100.0,14.999955984582222,0.03633814243967709,0.0
245.0,3728.3731163772645,-0.6580296900652651,100.0,14.999955984582222,0.0363381424396773,0.0
245.10000000000002,3729.8970269221845,-0.6543379406692309,100.0,14.999955984582224,0.036338142439677514,0.0
245.20000000000002,3731.420517294838,-0.6506472091614943,100.0,14.999955984582222,0.036338142439677736,0.0
245.3,3732.943587948763,-0.6469574944433385,100.0,14.999955984582224,0.036338142439677985,0.0
245.4,3734.466239270974,-0.643268795577199,100.0,14.999955984582224,0.036338142439678235,0.0
245.5,3735.988471584018,-0.6395811117816907,100.0,14.999955984582222,0.03633814243967848,0.0
245.60000000000002,3737.5102851481934,-0.635894442426229,100.0,14.999955984582224,0.03633814243967875,0.0
245.70000000000002,3739.031680163921,-0.6322087870252829,100.0,14.999955984582224,0.03633814243967903,0.0
245.8,3740.5526567742513,-0.6285241452323059,100.0,14.999955984582224,0.036338142439679345,0.0
245.9,3742.0732150674876,-0.6248405168333798,100.0,14.999955984582222,0.03633814243967966,0.0
246.0,3743.593355079909,-0.6211579017406155,100.0,14.999955984582224,0.03633814243968,0.0
246.10000000000002,3745.113076798582,-0.6174762999853459,100.0,14.999955984582224,0.03633814243968035,0.0
246.20000000000002,3746.6323801642375,-0.6137957117111518,100.0,14.999955984582224,0.036338142439680726,0.0
246.3,3748.151265074207,-0.6101161371667544,100.0,14.999955984582222,0.036338142439681115,0.0
246.4,3749.6697313853933,-0.6064375766988127,100.0,14.999955984582224,0.03633814243968154,0.0
246.5,3751.1877789172718,-0.6027600307446578,100.0,14.99995598458222,0.03633814243968196,0.0
246.60000000000002,3752.7054074548996,-0.5990834998249978,100.0,14.999955984582224,0.036338142439682426,0.0
246.70000000000002,3754.2226167519284,-0.5954079845366254,100.0,14.999955984582222,0.0363381424396829,0.0
246.8,3755.7394065336,-0.5917334855451566,100.0,14.999955984582222,0.036338142439683405,0.0
246.9,3757.2557764997177,-0.58806000357783,100.0,14.999955984582222,0.036338142439683946,0.0
247.0,3758.7717263275867,-0.5843875394163928,100.0,14.999955984582224,0.03633814243968452,0.0
247.10000000000002,3760.2872556749,-0.5807160938900995,100.0,14.999955984582222,0.036338142439685125,0.0
247.20000000000002,3761.802364182575,-0.5770456678688459,100.0,14.999955984582224,0.03633814243968577,0.0
247.3,3763.3170514775215,-0.5733762622564605,100.0,14.999955984582222,0.036338142439686444,0.0
247.4,3764.8313171753393,-0.5697078779841738,100.0,14.999955984582224,0.03633814243968716,0.0
247.5,3766.345160882931,-0.5660405160042833,100.0,14.999955984582224,0.03633814243968791,0.0
247.60000000000002,3767.8585822010295,-0.5623741772840324,100.0,14.999955984582224,0.03633814243968871,0.0
247.70000000000002,3769.3715807266326,-0.5587088627997159,100.0,14.999955984582224,0.03633814243968958,0.0
247.8,3770.8841560553333,-0.5550445735310281,100.0,14.999955984582222,0.0363381424396905,0.0
247.9,3772.396307783551,-0.5513813104556641,100.0,14.999955984582224,0.036338142439691475,0.0
248.0,3773.9080355106503,-0.5477190745441839,100.0,14.999955984582222,0.0363381424396925,0.0
248.10000000000002,3775.4193388409476,-0.5440578667551499,100.0,14.999955984582222,0.036338142439693626,0.0
248.20000000000002,3776.930217385604,-0.5403976880305429,100.0,14.999955984582224,0.03633814243969484,0.0
248.3,3778.4406707644007,-0.5367385392914636,100.0,14.999955984582222,0.03633814243969612,0.0
248.4,3779.9506986073916,-0.5330804214341234,100.0,14.999955984582222,0.0363381424396975,0.0
248.5,3781.4603005564404,-0.5294233353261266,100.0,14.999955984582222,0.03633814243969896,0.0
248.60000000000002,3782.969476266632,-0.5257672818030475,100.0,14.999955984582224,0.03633814243970053,0.0
248.70000000000002,3784.478225407564,-0.5221122616653002,100.0,14.999955984582222,0.0363381424397022,0.0
248.8,3785.9865476645205,-0.5184582756753012,100.0,14.999955984582224,0.036338142439704006,0.0
248.9,3787.4944427395208,-0.5148053245549237,100.0,14.999955984582222,0.03633814243970592,0.0
249.0,3789.0019103522527,-0.5111534089832379,100.0,14.999955984582224,0.03633814243970799,0.0
249.10000000000002,3790.5089502408878,-0.5075025295945357,100.0,14.999955984582222,0.036338142439710196,0.0
249.20000000000002,3792.015562162783,-0.5038526869766319,100.0,14.999955984582222,0.03633814243971255,0.0
249.3,3793.5217458950697,-0.5002038816694386,100.0,14.999955984582222,0.03633814243971508,0.0
249.4,3795.0275012351312,-0.4965561141638031,100.0,14.999955984582224,0.0363381424397178,0.0
249.5,3796.5328280009785,-0.4929093849006033,100.0,14.999955984582224,0.03633814243972071,0.0
249.60000000000002,3798.03772603152,-0.4892636942700922,100.0,14.999955984582222,0.036338142439723845,0.0
249.70000000000002,3799.542195186733,-0.4856190426114808,100.0,14.999955984582222,0.036338142439727224,0.0
249.8,3801.0462353477415,-0.4819754302127522,100.0,14.999955984582222,0.03633814243973087,0.0
249.9,3802.549846416802,-0.47833285731069464,100.0,14.999955984582224,0.0363381424397348,0.0
250.0,3804.0530283172043,-0.4746913240911444,100.0,14.999955984582222,0.03633814243973901,0.0
250.10000000000002,3805.555780993087,-0.4710508306894268,100.0,14.999955984582222,0.03633814243974357,0.0
250.20000000000002,3807.05810440918,-0.4674113771909849,100.0,14.999955984582224,0.036338142439748505,0.0
250.3,3808.5599985504728,-0.4637729636321834,100.0,14.999955984582222,0.036338142439753814,0.0
250.4,3810.0614634218136,-0.46013559000127746,100.0,14.999955984582222,0.03633814243975956,0.0
250.5,3811.5624990474466,-0.4564992562395334,100.0,14.999955984582224,0.03633814243976576,0.0
250.60000000000002,3813.0631054704922,-0.4528639622424906,100.0,14.999955984582222,0.036338142439772465,0.0
250.70000000000002,3814.563282752372,-0.4492297078613516,100.0,14.999955984582224,0.03633814243977973,0.0
250.8,3816.063030972187,-0.4455964929044898,100.0,14.993617247704327,0.03632278653315732,0.0
250.9,3817.5617372630286,-0.4419658020725969,100.0,14.979212446000766,0.03628789018169261,0.0
251.0,3819.0586238844253,-0.4383395194808041,100.0,14.957321771842746,0.0362348589303785,0.0
251.10000000000002,3820.5529718473754,-0.4347193869158728,100.0,14.92853880449314,0.03616513075462148,0.0
251.20000000000002,3822.04412188342,-0.43110700148856723,100.0,14.893463199311771,0.03608015834947632,0.0
251.3,3823.5314747078914,-0.4275038149959209,100.0,14.852693889193528,0.0359813926597904,0.0
251.4,3825.0144906305363,-0.4239111348645249,100.0,14.80682283610284,0.03587026774298394,0.0
251.5,3826.4926885700133,-0.4203301265379523,100.0,14.756429361054273,0.03574818703314488,0.0
251.60000000000002,3827.965644531153,-0.41676181716567356,100.0,14.702075071817976,0.03561651105314196,0.0
251.70000000000002,3829.432989605355,-0.41320710044719583,100.0,14.644299399072635,0.03547654660073238,0.0
251.8,3830.894407555167,-0.4096667424835403,100.0,14.583615743743545,0.035329537415295875,0.0
251.9,3832.349632043992,-0.4061413884884125,100.0,14.520508230897875,0.035176656313983895,0.0
252.0,3833.798443571068,-0.4026315702133699,100.0,14.455429058857575,0.035018998769813195,0.0
252.10000000000002,3835.2406661704176,-0.399137713944781,100.0,14.388796426157855,0.03485757788961932,0.0
252.20000000000002,3836.676163930458,-0.3956601489352406,100.0,14.320993013641838,0.03469332073685503,0.0
252.3,3838.1048373884587,-0.39219911613818254,100.0,14.252364994344816,0.03452706593298546,0.0
252.4,3839.5266198510813,-0.3887547771215468,100.0,14.183221539880892,0.03435956246168518,0.0
252.5,3840.9414736889626,-0.38532722304434674,100.0,14.113834788792406,0.03419146959216304,0.0
252.60000000000002,3842.3493866496856,-0.38191648358867336,100.0,14.04444023973685,0.03402335783167709,0.0
252.70000000000002,3843.750368229694,-0.37852253574891825,100.0,13.975237530447094,0.03385571081260468,0.0
252.8,3845.1444461417086,-0.37514531238962995,100.0,13.906391562073603,0.03368892801621764,0.0
252.9,3846.5316629101376,-0.37178471049330697,100.0,13.838033927772567,0.03352332823350831,0.0
253.0,3847.912072622831,-0.36844059902943105,100.0,13.77026460419935,0.03335915366291692,0.0
253.10000000000002,3849.2857378634194,-0.36511282638603226,100.0,13.703153864861767,0.033196574545525465,0.0
253.20000000000002,3850.6527268443956,-0.36180122731494024,100.0,13.636744375039019,0.03303569424010343,0.0
253.3,3852.0131107571306,-0.3585056293515031,100.0,13.571053429131993,0.03287655464320057,0.0
253.4,3853.366961351172,-0.35522585867885914,100.0,13.506075292834748,0.032719141863174414,0.0
253.5,3854.7143487515,-0.3519617454157412,100.0,13.441783614354568,0.032563392061491135,0.0
253.60000000000002,3856.0553395189477,-0.34871312831520823,100.0,13.378133871015358,0.032409197379744556,0.0
253.70000000000002,3857.3899949557317,-0.3454798588695777,100.0,13.315065819907069,0.032256411876476675,0.0
253.8,3858.7183696550414,-0.34226180482412255,100.0,13.252505923749172,0.03210485740395315,0.0
253.9,3860.04051029087,-0.3390588531087642,100.0,13.190369725772982,0.031954329361434275,0.0
254.0,3861.3564546417947,-0.33587091220301096,100.0,13.128564150157203,0.03180460226809501,0.0
254.10000000000002,3862.6662308402083,-0.3326979139547377,100.0,13.066989707331075,0.03165543510548194,0.0
254.20000000000002,3863.969856836563,-0.3295398148780771,100.0,13.005542586255263,0.03150657638616823,0.0
254.3,3865.267340066553,-0.32639659695968887,100.0,12.944116618567744,0.03135776891199513,0.0
254.4,3866.558677307776,-0.3232682680060024,100.0,12.882605102208723,0.03120875419189439,0.0
254.5,3867.8438547113174,-0.3201548615667068,100.0,12.820902474788996,0.0310592764957067,0.0
254.60000000000002,3869.122847992844,-0.3170564364718099,100.0,12.758905829512742,0.03090908652658034,0.0
254.70000000000002,3870.395622767215,-0.31397307602103236,100.0,12.696516268890742,0.03075794470040906,0.0
254.8,3871.6621350102387,-0.3109048868651783,100.0,12.63364009376133,0.030605624026294725,0.0
254.9,3872.9223316310718,-0.30785199761946486,100.0,12.570189827261872,0.030451912587169335,0.0
255.0,3874.1761511388268,-0.30481455724863815,100.0,12.506085075349887,0.030296615624450407,0.0
255.10000000000002,3875.4235243871894,-0.30179273326309763,100.0,12.44125322725064,0.03013955723491029,0.0
255.20000000000002,3876.6643753812796,-0.29878670976423577,100.0,12.375630000802099,0.029980581691801504,0.0
255.3,3877.8986221315513,-0.295796685375821,100.0,12.309159839073926,0.02981955440568609,0.0
255.4,3879.1261775402318,-0.292822871096557,100.0,12.241796165853922,0.029656362543364245,0.0
255.5,3880.346950306607,-0.28986548810698276,100.0,12.173501508624135,0.029490915325790158,0.0
255.60000000000002,3881.5608458383713,-0.2869247655616825,100.0,12.104247498493217,0.029323144027908064,0.0
255.70000000000002,3882.7677671572374,-0.2840009383953995,100.0,12.034014757216868,0.029153001704953642,0.0
255.8,3883.967615788045,-0.281094245169127,100.0,11.962792681930173,0.02898046267095737,0.0
255.9,3885.160292621683,-0.27820492597963514,100.0,11.89057913854391,0.028805521755981767,0.0
256.0,3886.3456987432487,-0.27533322045321557,100.0,11.817380074930547,0.028628193369045145,0.0
256.1,3887.523736217979,-0.27247936584172183,100.0,11.743209065054565,0.028448510393754563,0.0
256.2,3888.6943088286043,-0.26964359523629394,100.0,11.668086795099077,0.02826652294342189,0.0
256.3,3889.857322758867,-0.2668261359115006,100.0,11.592040502415673,0.028082297001891774,0.0
256.40000000000003,3891.012687219015,-0.26402720781004996,100.0,11.51510337779303,0.02789591297550754,0.0
256.5,3892.160315010109,-0.2612470221757251,100.0,11.437313941111498,0.02770746418060319,0.0
256.6,3893.300123024968,-0.258485780339824,100.0,11.358715399940222,0.02751705528967295,0.0
256.7,3894.4320326844927,-0.25574367266413617,100.0,11.27935500005322,0.027324800757964028,0.0
256.8,3895.555970308993,-0.2530208776413902,100.0,11.19928337620192,0.02713082325069063,0.0
256.90000000000003,3896.6718674249237,-0.25031756115216913,100.0,11.118553910798791,0.026935252089413077,0.0
257.0,3897.779661008176,-0.2476338758755221,100.0,11.03722210744883,0.02673822173438648,0.0
257.1,3898.8792936657283,-0.24496996084890926,100.0,10.955344985526274,0.026539870317892678,0.0
257.2,3899.9707137580353,-0.2423259411717073,100.0,10.87298050124125,0.026340338241745243,0.0
257.3,3901.0538754650474,-0.23970192784527464,100.0,10.79018699988745,0.026139766850332077,0.0
257.40000000000003,3902.12873879918,-0.23709801774153003,100.0,10.70702270321385,0.02593829718874788,0.0
257.5,3903.1952695689156,-0.23451429369113214,100.0,10.62354523513071,0.02573606885379322,0.0
257.6,3904.2534392969974,-0.23195082468165673,100.0,10.539811188249653,0.025533218943896208,0.0
257.7,3905.3032250973984,-0.2294076661556453,100.0,10.455875733075574,0.025329881112360418,0.0
257.8,3906.3446095153945,-0.2268848603980384,100.0,10.371792271020892,0.02512618472677455,0.0
257.90000000000003,3907.377580335154,-0.2243824370022972,100.0,10.287612131803789,0.02492225413594458,0.0
258.0,3908.40213035929,-0.22190041340445107,100.0,10.203384315226925,0.024718208044339794,0.0
258.1,3909.418257164787,-0.2194387954743724,100.0,10.11915527681416,0.024514158992787038,0.0
258.2,3910.42596283965,-0.21699757815376589,100.0,10.0349687563111,0.024310212943004717,0.0
258.3,3911.4252537044827,-0.2145767461306512,100.0,9.950865647635279,0.024106468962550684,0.0
258.40000000000003,3912.4161400230655,-0.2121762745405071,100.0,9.866883908491205,0.02390301900586008,0.0
258.5,3913.3986357057893,-0.20979612968471673,100.0,9.783058507546984,0.023699947786278142,0.0
258.6,3914.3727580095865,-0.20743626975749704,100.0,9.699421406800171,0.023497332733340568,0.0
258.7,3915.3385272377536,-0.20509664557309762,100.0,9.616001576542278,0.023295244029025778,0.0
258.8,3916.295966442783,-0.2027772012857029,100.0,9.53282504016012,0.02309374471628845,0.0
258.90000000000003,3917.245101135048,-0.20047787509515766,100.0,9.449914945888157,0.022892890872883122,0.0
259.0,3918.185958999888,-0.1981985999323445,100.0,9.367291662544977,0.02269273184329061,0.0
259.1,3919.1185696253383,-0.1959393041187669,100.0,9.284972896247682,0.02249331052146447,0.0
259.2,3920.0429642424597,-0.19369991199562048,100.0,9.202973825097091,0.022294663677112598,0.0
259.3,3920.9591754799058,-0.1914803445183602,100.0,9.121307248860568,0.022096822318311348,0.0
259.40000000000003,3921.8672371340904,-0.18928051981348376,100.0,9.039983750745753,0.021899812083410474,0.0
259.5,3922.7671839560185,-0.18710035369494482,100.0,8.959011868452906,0.021703653655416055,0.0
259.6,3923.659051455573,-0.18493976013827756,100.0,8.87839827181335,0.021508363192328385,0.0
259.7,3924.542875723787,-0.18279865171114854,100.0,8.798147944463558,0.021313952767256592,0.0
259.8,3925.418693273388,-0.18067693995965128,100.0,8.718264367163767,0.02112043081251714,0.0
259.90000000000003,3926.2865408976586,-0.17857453575021764,100.0,8.638749700544924,0.02092780256234738,0.0
260.0,3927.1464555474627,-0.1764913495675336,100.0,8.559604965254419,0.020736070489317665,0.0
260.1,3927.9984742260744,-0.17442729176931643,100.0,8.480830217665533,0.020545234729996215,0.0
260.2,3928.842633901291,-0.17238227279922952,100.0,8.402424719516677,0.02035529349590867,0.0
260.3,3929.678971434142,-0.17035620335958318,100.0,8.324387100049144,0.020166243466324865,0.0
260.40000000000003,3930.5075235233903,-0.16834899454579122,100.0,8.246715509415921,0.019978080159899356,0.0
260.5,3931.3283266648878,-0.16636055794482651,100.0,8.169407762335387,0.019790798282679694,0.0
260.6,3932.1414171247775,-0.16439080570014292,100.0,8.092461471160172,0.019604392050472354,0.0
260.7,3932.9468309254453,-0.1624396505457091,100.0,8.015874167722329,0.019418855484018775,0.0
260.8,3933.744603843074,-0.1605070058119322,100.0,7.9396434134981595,0.019234182675875167,0.0
260.90000000000003,3934.5347714156183,-0.15859278540633837,100.0,7.863766897809102,0.01905036802830903,0.0
261.0,3935.317368959996,-0.15669690377192694,100.0,7.788242523937126,0.018867406461918028,0.0
261.1,3936.092431597287,-0.1548192758261249,100.0,7.713068483183344,0.01868529359504065,0.0
261.2,3936.859994284741,-0.15295981688324517,100.0,7.638243317036869,0.018504025894363445,0.0
261.3,3937.620091853419,-0.15111844256329618,100.0,7.563765967744613,0.01832360079742881,0.0
261.40000000000003,3938.3727590503327,-0.14929506868990594,100.0,7.489635817684848,0.018144016808019445,0.0
261.5,3939.118030583973,-0.1474896111800143,100.0,7.415852718043756,0.01796527356562875,0.0
261.6,3939.8559411722053,-0.14570198592785574,100.0,7.342417007378523,0.0177873718904308,0.0
261.7,3940.586525591534,-0.14393210868560488,100.0,7.26932952071978,0.017610313805331488,0.0
261.8,3941.30981872684,-0.14217989494289154,100.0,7.196591589923508,0.017434102536821077,0.0
261.90000000000003,3942.0258556207423,-0.14044525980721484,100.0,7.124205036025492,0.017258742496452456,0.0
262.0,3942.734671521831,-0.13872811788709916,100.0,7.052172154383692,0.017084239244847765,0.0
262.1,3943.436301931086,-0.1370283831796419,100.0,6.980495693412454,0.016910599440180998,0.0
262.2,3944.130782645882,-0.13534596896390705,100.0,6.909178827722387,0.01673783077310804,0.0
262.3,3944.8181498010645,-0.13368078770142158,100.0,6.838225126476919,0.016565941890108803,0.0
262.40000000000003,3945.4984399066516,-0.1320327509448357,100.0,6.7676385177665805,0.01639494230718222,0.0
262.5,3946.17168988181,-0.130401769255617,100.0,6.697423249782446,0.01622484231578688,0.0
262.6,3946.837937084818,-0.12878775213146185,100.0,6.627583849543009,0.01605565288285493,0.0
262.7,3947.4972193388107,-0.12719060794392834,100.0,6.558125079895591,0.01588738554662577,0.0
262.8,3948.149574953167,-0.12561024388662587,100.0,6.489051895473989,0.015720052309951292,0.0
262.90000000000003,3948.7950427404644,-0.1240465659341356,100.0,6.420369398250135,0.015553665532617547,0.0
263.0,3949.433662028999,-0.12249947881168788,100.0,6.352082793270046,0.015388237824112926,0.0
263.1,3950.0654726709063,-0.12096888597548568,100.0,6.284197345112638,0.015223781938147437,0.0
263.2,3950.6905150459843,-0.11945468960343879,100.0,6.216718335558123,0.015060310670102292,0.0
263.3,3951.308830061367,-0.11795679059596247,100.0,6.149651022897726,0.01489783675845569,0.0
263.40000000000003,3951.9204591472217,-0.11647508858639606,100.0,6.0830006032614445,0.014736372791097371,0.0
263.5,3952.5254442486957,-0.1150094819605127,100.0,6.016772174286318,0.014575931117313248,0.0
263.6,3953.123827814359,-0.11355986788451942,100.0,5.950970701392666,0.014416523766087805,0.0
263.7,3953.715652781413,-0.112126142340889,100.0,5.885600986883872,0.014258162371246953,0.0
263.8,3954.300962557957,-0.11070820017131824,100.0,5.820667642033372,0.01410085810383725,0.0
263.90000000000003,3954.87980100262,-0.10930593512607469,100.0,5.756175062274311,0.013944621612021696,0.0
264.0,3955.4522124018663,-0.10791923991897025,100.0,5.692127405560675,0.013789462968658479,0.0
264.1,3956.0182414453006,-0.10654800628719001,100.0,5.628528573926068,0.013635391626626182,0.0
264.2,3956.5779331992867,-0.10519212505520208,100.0,5.5653821982258105,0.013482416381860818,0.0
264.3,3957.131333079196,-0.10385148620198299,100.0,5.502691626011695,0.013330545343981802,0.0
264.40000000000003,3957.678486820599,-0.10252597893080923,100.0,5.440459912455848,0.013179785914304597,0.0
264.5,3958.2194404496986,-0.10121549174088919,100.0,5.378689814210724,0.013030144770966269,0.0
264.6,3958.754240253285,-0.09991991250014087,100.0,5.317383786066503,0.012881627860827822,0.0
264.7,3959.2829327484947,-0.09863912851845627,100.0,5.256543980245918,0.012734240397765988,0.0
264.8,3959.8055646526223,-0.0973730266208352,100.0,5.196172248157384,0.012587986866920222,0.0
264.90000000000003,3960.3221828532205,-0.09612149321981595,100.0,5.136270144413493,0.0124428710344278,0.0
265.0,3960.83283437871,-0.09488441438667852,100.0,5.076838932910338,0.012298895962151238,0.0
265.1,3961.337566369687,-0.0936616759209471,100.0,5.017879594755266,0.012156064026883729,0.0
265.2,3961.8364260511125,-0.09245316341776966,100.0,4.959392837826168,0.01201437694350703,0.0
265.3,3962.3294607055254,-0.09125876233280654,100.0,4.901379107743244,0.01187383579157111,0.0
265.40000000000003,3962.8167176474167,-0.09007835804431184,100.0,4.843838600035418,0.011734441044767984,0.0
265.5,3963.29824419887,-0.08891183591214448,100.0,4.7867712732865275,0.011596192602779009,0.0
265.6,3963.7740876665575,-0.08775908133349705,100.0,4.730176863052559,0.011459089824990085,0.0
265.7,3964.244295320157,-0.08661997979518014,100.0,4.674054896348489,0.011323131565586812,0.0
265.8,3964.70891437224,-0.08549441692234767,100.0,4.618404706512503,0.011188316209563865,0.0
265.90000000000003,3965.1679919596545,-0.08438227852359394,100.0,4.563225448266469,0.011054641709209717,0.0
266.0,3965.6215751264194,-0.0832834506323957,100.0,4.508516112803629,0.010922105620657417,0.0
266.1,3966.069710808121,-0.08219781954491175,100.0,4.4542755427470375,0.010790705140122168,0.0
266.2,3966.512445817792,-0.08112527185418883,100.0,4.400502446837067,0.010660437139482585,0.0
266.3,3966.949826833244,-0.0800656944808554,100.0,4.347195414219574,0.010531298200894537,0.0
266.40000000000003,3967.381900385799,-0.07901897470041394,100.0,4.29435292822172,0.010403284650163774,0.0
266.5,3967.8087128503716,-0.07798500016726798,100.0,4.241973379517405,0.010276392588639978,0.0
266.6,3968.2303104368348,-0.0769636589356425,100.0,4.190055078598121,0.010150617923427967,0.0
266.7,3968.6467391825927,-0.07595483947757423,100.0,4.138596267480868,0.010025956395750867,0.0
266.8,3969.0580449462846,-0.07495843069816384,100.0,4.087595130597771,0.009902403607330735,0.0
266.90000000000003,3969.464273402535,-0.07397432194829344,100.0,4.037049804826518,0.009779955044687864,0.0
267.0,3969.865470037664,-0.07300240303502117,100.0,3.9869583886334015,0.00965860610129031,0.0
267.1,3970.2616801462646,-0.07204256422987008,100.0,3.9373189503132755,0.009538352097515686,0.0
267.2,3970.652948828559,-0.07109469627523071,100.0,3.8881295353218643,0.00941918829841409,0.0
267.3,3971.039320988446,-0.0701586903890968,100.0,3.8393881727070234,0.009301109929288225,0.0
267.40000000000003,3971.4208413321426,-0.06923443826835066,100.0,3.7910928806547193,0.009184112189128906,0.0
267.5,3971.7975543673406,-0.06832183209080969,100.0,3.7432416711743803,0.009068190261965557,0.0
267.6,3972.169504402788,-0.06742076451623905,100.0,3.695832553956495,0.00895333932621162,0.0
267.7,3972.5367355482163,-0.06653112868652597,100.0,3.648863539440892,0.00883955456209759,0.0
267.8,3972.899291714539,-0.0656528182252021,100.0,3.6023326411412318,0.008726831157302387,0.0
267.90000000000003,3973.2572166142445,-0.06478572723648766,100.0,3.5562378772747296,0.008615164310901438,0.0
268.0,3973.6105537619223,-0.06392975030401973,100.0,3.5105772717508676,0.008504549235762032,0.0
268.1,3973.9593464748564,-0.06308478248941286,100.0,3.4653488545750673,0.00839498115952133,0.0
268.2,3974.3036378736324,-0.062250719330787005,100.0,3.420550661725563,0.008286455324288193,0.0
268.3,3974.6434708827105,-0.06142745684138305,100.0,3.3761807345627344,0.008178966985212357,0.0
268.40000000000003,3974.9788882309153,-0.060614891508372064,100.0,3.332237118830334,0.008072511408064923,0.0
268.5,3975.3099324518107,-0.059812920291949866,100.0,3.2887178633084786,0.00796708386597537,0.0
268.6,3975.636645883922,-0.05902144062479431,100.0,3.245621018175565,0.007862679635463207,0.0
268.7,3975.9590706707863,-0.05824035041194877,100.0,3.202944633136919,0.007759293991904803,0.0
268.8,3976.277248760802,-0.05746954803118183,100.0,3.160686755373558,0.007656922204564182,0.0
268.90000000000003,3976.591221906869,-0.05670893233386033,100.0,3.118845427363553,0.00755555953131535,0.0
269.0,3976.9010316658064,-0.05595840264636065,100.0,3.0774186846246514,0.007455201213173845,0.0
269.1,3977.206719397541,-0.05521785877203179,100.0,3.0364045534234676,0.0073558424687472845,0.0
269.2,3977.5083262640687,-0.05448720099371313,100.0,2.9958010484936506,0.007257478488707677,0.0
269.3,3977.805893228189,-0.05376633007680003,100.0,2.955606170800575,0.0071601044303764,0.0
269.40000000000003,3978.0994610520183,-0.05305514727284172,100.0,2.915817905387481,0.007063715412506599,0.0
269.5,3978.389070295297,-0.05235355432364806,100.0,2.8764342193327996,0.006968306510334852,0.0
269.6,3978.674761313495,-0.05166145346587496,100.0,2.837453059845308,0.006873872750966789,0.0
269.7,3978.9565742557343,-0.050978747436052185,100.0,2.7988723525191457,0.0067804091091500296,0.0
269.8,3979.234549062551,-0.0503053394760127,100.0,2.7606899997673278,0.006687910503479456,0.0
269.90000000000003,3979.5087254635055,-0.049641133338678325,100.0,2.7229038794480065,0.006596371793069529,0.0
270.0,3979.779142974666,-0.048986033294153665,100.0,2.685511843694559,0.006505787774720288,0.0
270.1,3980.0458408959867,-0.048339944136077964,100.0,2.6485117179569055,0.0064161531805952045,0.0
270.2,3980.308858308602,-0.04770277118818316,100.0,2.6119013002581832,0.0063274626764206745,0.0
270.3,3980.568234072053,-0.047074420311005796,100.0,2.5756783606675837,0.0062397108602092076,0.0
270.40000000000003,3980.8240068214777,-0.04645479790870049,100.0,2.539840640988018,0.006152892261503062,0.0
270.5,3981.0762149647744,-0.045843810935903534,100.0,2.5043858546538154,0.006067001341126737,0.0
270.6,3981.3248966797705,-0.04524136690459642,100.0,2.4693116868320644,0.005982032491432754,0.0
270.7,3981.570089911408,-0.04464737389092094,100.0,2.434615794718784,0.005897980037019481,0.0
270.8,3981.81183236897,-0.04406174054189999,100.0,2.400295808019654,0.005814838235896094,0.0
270.90000000000003,3982.0501615233616,-0.04348437608202073,100.0,2.36634932960292,0.005732601281064589,0.0
271.0,3982.285114604466,-0.04291519031963993,100.0,2.3327739363118325,0.005651263302488364,0.0
271.1,3982.516728598589,-0.04235409365317466,100.0,2.2995671799219757,0.00557081836941177,0.0
271.2,3982.7450402460054,-0.041800997077044884,100.0,2.2667265882288854,0.005491260492995322,0.0
271.3,3982.97008603862,-0.041255812187338335,100.0,2.2342496662504634,0.005412583629229056,0.0
271.40000000000003,3983.191902217755,-0.04071845118717175,100.0,2.2021338975285154,0.005334781682086043,0.0
271.5,3983.4105247720695,-0.04018882689172631,100.0,2.170376745513753,0.005257848506878091,0.0
271.6,3983.6259894356244,-0.03966685273293894,100.0,2.1389756550185304,0.005181777913775491,0.0
271.7,3983.838331686092,-0.03915244276383506,100.0,2.1079280537223606,0.005106563671454839,0.0
271.8,3984.0475867431196,-0.03864551166249158,100.0,2.0772313537149807,0.005032199510837663,0.0
271.90000000000003,3984.25378956685,-0.03814597473562298,100.0,2.046882953063044,0.004958679128886379,0.0
272.0,3984.4569748565973,-0.03765374792178624,100.0,2.0168802373869106,0.004885996192424748,0.0
272.1,3984.65717704968,-0.03716874779420388,100.0,1.987220581434668,0.004814144341951699,0.0
272.2,3984.8544303204135,-0.03669089156320706,100.0,1.957901350641844,0.0047431171954203846,0.0
272.3,3985.048768579255,-0.03622009707830367,100.0,1.928919902665822,0.004672908351956097,0.0
272.40000000000003,3985.240225472102,-0.03575628282987863,100.0,1.900273588885382,0.004603511395489714,0.0
272.5,3985.4288343797352,-0.03529936795053603,100.0,1.8719597558564025,0.004534919898284906,0.0
272.6,3985.61462841741,-0.034849272216094546,100.0,1.843975746716387,0.004467127424341566,0.0
272.7,3985.797640434581,-0.03440591604624951,100.0,1.8163189025308375,0.004400127532658156,0.0
272.8,3985.977903014758,-0.03396922050491624,100.0,1.7889865635764144,0.0043339137803411676,0.0
272.90000000000003,3986.155448475491,-0.03353910730027058,100.0,1.761976070556085,0.0042684797255498,0.0
273.0,3986.33030886847,-0.033115498784503566,100.0,1.7352847657430244,0.004203818930267988,0.0
273.1,3986.502515979735,-0.03269831795330781,100.0,1.7089099940507146,0.0041399249628978185,0.0
273.2,3986.672101329991,-0.03228748844511357,100.0,1.6828491040277829,0.004076791400670612,0.0
273.3,3986.839096175019,-0.03188293454009293,100.0,1.657099448776839,0.004014411831873909,0.0
273.40000000000003,3987.0035315061727,-0.031484581158950545,100.0,1.631658386797502,0.0039527798578949,0.0
273.5,3987.1654380509585,-0.031092353861518995,100.0,1.6065232827546807,0.0038918890950828304,0.0
273.6,3987.324846273686,-0.030706178845176943,100.0,1.5816915081733256,0.003831733176433287,0.0
273.7,3987.4817863761873,-0.030325982943107455,100.0,1.5571604420622445,0.0037723057531007507,0.0
273.8,3987.6362882985927,-0.029951693622413424,100.0,1.5329274714694356,0.003713600495745287,0.0
273.90000000000003,3987.78838172016,-0.02958323898210631,100.0,1.5089899919721534,0.0036556110957212296,0.0
274.0,3987.9380960601493,-0.029220547750983518,100.0,1.485345408105387,0.0035983312661165977,0.0
274.1,3988.085460478738,-0.028863549285408935,100.0,1.4619911337325213,0.0035417547426527174,0.0
274.2,3988.2305038779687,-0.028512173567010073,100.0,1.4389245923624243,0.0034858752844539737,0.0
274.3,3988.37325490273,-0.02816635120030431,100.0,1.4161432174170427,0.0034306866746977864,0.0
274.40000000000003,3988.5137419417565,-0.02782601341026564,100.0,1.3936444524542686,0.0033761827211564064,0.0
274.5,3988.651993128654,-0.027491092039842242,100.0,1.3714257513502675,0.003322357256640448,0.0
274.6,3988.788036342937,-0.027161519547434124,100.0,1.3494845784459266,0.003269204139355648,0.0
274.7,3988.921899211084,-0.026837229004339,100.0,1.32781840866175,0.0032167172531833046,0.0
274.8,3989.053609107597,-0.02651815409217347,100.0,1.3064247275857295,0.0031648905078953253,0.0
274.90000000000003,3989.1831931560723,-0.026204229100275585,100.0,1.2853010315381703,0.0031137178393135755,0.0
275.0,3989.3106782302784,-0.025895388923093815,100.0,1.2644448276177043,0.0030631932094237297,0.0
275.1,3989.4360909552333,-0.02559156905756652,100.0,1.2438536337321655,0.0030133106064525565,0.0
275.2,3989.559457708287,-0.025292705600495163,100.0,1.2235249786181392,0.0029640640449179203,0.0
275.3,3989.680804620205,-0.024998735245913555,100.0,1.2034564018523064,0.0029154475656589978,0.0
275.40000000000003,3989.800157576253,-0.02470959528245472,100.0,1.1836454538579255,0.002867455235854881,0.0
275.5,3989.917542217281,-0.024425223590716236,100.0,1.1640896959089861,0.002820081149037655,0.0
275.6,3990.0329839408105,-0.024145558640624256,100.0,1.1447867001347356,0.0027733194251065114,0.0
275.7,3990.146507902117,-0.023870539488795837,100.0,1.1257340495268484,0.002727164210348452,0.0
275.8,3990.25813901532,-0.023600105775898696,100.0,1.106929337951022,0.002681609677469852,0.0
275.90000000000003,3990.3679019544697,-0.023334197724007088,100.0,1.0883701701645736,0.002636650025642676,0.0
276.0,3990.4758211546377,-0.023072756133952158,100.0,1.0700541618418198,0.0025922794805698164,0.0
276.1,3990.5819208130106,-0.02281572238266475,100.0,1.0519789396077215,0.0025484922945705627,0.0
276.2,3990.6862248899856,-0.02256303842050852,100.0,1.0341421410810878,0.002505282746689472,0.0
276.3,3990.788757110275,-0.02231464676860098,100.0,1.0165414149276446,0.0024626451428292778,0.0
276.40000000000003,3990.8895409640118,-0.02207049051611996,100.0,0.9991744209234192,0.002420573815909039,0.0
276.5,3990.9885997078654,-0.02183051331759304,100.0,0.9820388300285524,0.0023790631260477706,0.0
276.6,3991.085956366164,-0.02159465939016731,100.0,0.9651323244712839,0.002338107460772914,0.0
276.7,3991.1816337320256,-0.02136287351085707,100.0,0.9484525978420851,0.0022977012352536565,0.0
276.8,3991.2756543685,-0.021135101013767015,100.0,0.9319973551973106,0.0022578388925575746,0.0
276.90000000000003,3991.36804060972,-0.020911287787288638,100.0,0.9157643131719025,0.002218514903929412,0.0
277.0,3991.458814562067,-0.0206913802712677,100.0,0.8997512001004261,0.0021797237690903584,0.0
277.1,3991.5479981053445,-0.020475325454140873,100.0,0.8839557561454723,0.0021414600165554714,0.0
277.2,3991.6356128939706,-0.02026307087003975,100.0,0.8683757334329395,0.0021037182039680665,0.0
277.3,3991.7216803581796,-0.02005456459586074,100.0,0.8530088961927424,0.0020664929184475377,0.0
277.40000000000003,3991.8062217052398,-0.019849755248299565,100.0,0.8378530209042631,0.002029778776949002,0.0
277.5,3991.8892579206868,-0.019648591980849305,100.0,0.8229058964454766,0.001993570426632218,0.0
277.6,3991.9708097695693,-0.01945102448076121,100.0,0.8081653242445973,0.001957862545236939,0.0
277.7,3992.0508977977133,-0.019257002965967746,100.0,0.7936291184333322,0.0019226498414626346,0.0
277.8,3992.1295423329993,-0.019066478181967567,100.0,0.7792951060005398,0.0018879270553494082,0.0
277.90000000000003,3992.206763486656,-0.018879401398672425,100.0,0.7651611269454422,0.0018536889586584378,0.0
278.0,3992.2825811545695,-0.018695724407216178,100.0,0.7512250344292485,0.0018199303552489147,0.0
278.1,3992.357015018605,-0.01851539951672633,100.0,0.7374846949244948,0.00178664608144988,0.0
278.2,3992.430084547948,-0.018338379551058784,100.0,0.72393798836099,0.0017538310064244428,0.0
278.3,3992.5018090004546,-0.018164617845496597,100.0,0.7105828082676743,0.0017214800325244452,0.0
278.40000000000003,3992.5722074240207,-0.017994068243413854,100.0,0.6974170619095874,0.0016895880956338868,0.0
278.5,3992.64129865796,-0.017826685092905786,100.0,0.6844386704193546,0.0016581501654996207,0.0
278.6,3992.7091013343984,-0.01766242324338655,100.0,0.6716455689224924,0.0016271612460476358,0.0
278.7,3992.7756338796794,-0.01750123804215616,100.0,0.6590357066560611,0.001596616375683853,0.0
278.8,3992.84091451578,-0.017343085330938122,100.0,0.6466070470801216,0.0015665106275780565,0.0
278.90000000000003,3992.904961261738,-0.01718792144238958,100.0,0.6343575679818857,0.0015368391099308968,0.0
279.0,3992.9677919350925,-0.017035703196585646,100.0,0.6222852615718968,0.0015075969662221697,0.0
279.1,3993.029424153326,-0.016886387897479847,100.0,0.6103881345721957,0.0014787793754404768,0.0
279.2,3993.089875335324,-0.016739933329342527,100.0,0.5986642082964915,0.0014503815522942623,0.0
279.3,3993.149162702835,-0.01659629775317915,100.0,0.587111518721904,0.001422398747403233,0.0
279.40000000000003,3993.207303281941,-0.016455439903130375,100.0,0.5757281165525785,0.0013948262474708885,0.0
279.5,3993.264313904534,-0.016317318982855846,100.0,0.5645120672749934,0.0013676593754378692,0.0
279.6,3993.320211209795,-0.016181894661903607,100.0,0.5534614512051981,0.0013408934906166089,0.0
279.7,3993.3750116456804,-0.01604912707206695,100.0,0.5425743635280078,0.0013145239888075352,0.0
279.8,3993.428731470409,-0.01591897680373053,100.0,0.5318489143286171,0.0012885463023978583,0.0
279.90000000000003,3993.481386753954,-0.01579140490220751,100.0,0.5212832286164687,0.0012629559004426558,0.0
280.0,3993.5329933795383,-0.015666372864069366,100.0,0.5108754463419499,0.0012377482887296915,0.0
280.1,3993.5835670451256,-0.01554384263347006,100.0,0.50062372240621,0.0012129190098287333,0.0
280.2,3993.6331232649177,-0.015423776598465987,100.0,0.49052622666422313,0.001188463643125749,0.0
280.3,3993.68167737085,-0.01530613758733322,100.0,0.48058114392176376,0.001164377804843605,0.0
280.40000000000003,3993.7292445140856,-0.015190888864883352,100.0,0.4707866739262503,0.0011406571480491704,0.0
280.5,3993.775839666508,-0.01507799412877922,100.0,0.461141031352271,0.001117297362649093,0.0
280.6,3993.821477622215,-0.014967417505851625,100.0,0.45164244578181517,0.0010942941753740109,0.0
280.7,3993.8661729990054,-0.014859123548418108,100.0,0.442289161679908,0.001071643349753373,0.0
280.8,3993.9099402398692,-0.014753077230604756,100.0,0.4330794383656385,0.0010493406860805012,0.0
280.90000000000003,3993.9527936144686,-0.014649243944671863,100.0,0.42401154997933366,0.0010273820213701236,0.0
281.0,3993.9947472206195,-0.014547589497344218,100.0,0.41508378544612307,0.0010057632293088699,0.0
281.1,3994.035814985768,-0.014448080106146653,100.0,0.40629444843614093,0.0009844802201995292,0.0
281.2,3994.0760106684625,-0.014350682395745435,100.0,0.39764185732179325,0.0009635289409000464,0.0
281.3,3994.1153478598226,-0.014255363394295985,100.0,0.3891243451324315,0.0009429053747582606,0.0
281.40000000000003,3994.1538399850006,-0.0141620905297973,100.0,0.3807402595066598,0.0009226055415430938,0.0
281.5,3994.191500304642,-0.014070831626453395,100.0,0.3724879626426757,0.0009026254973731574,0.0
281.6,3994.2283419163377,-0.013981554901041991,100.0,0.36436583124687355,0.0008829613346434654,0.0
281.7,3994.2643777560725,-0.013894228959290598,100.0,0.3563722564808104,0.0008636091819506128,0.0
281.8,3994.2996205996674,-0.01380882279226012,100.0,0.34850564390698774,0.000844565204017642,0.0
281.90000000000003,3994.334083064218,-0.013725305772735967,100.0,0.3407644134335044,0.0008258256016189003,0.0
282.0,3994.3677776095246,-0.01364364765162667,100.0,0.33314699925774843,0.0008073866115052681,0.0
282.1,3994.400716539521,-0.013563818554369911,100.0,0.32565184980936523,0.0007892445063306207,0.0
282.2,3994.432912003692,-0.01348578897734585,100.0,0.3182774276925698,0.0007713955945797975,0.0
282.3,3994.464375998489,-0.013409529784297542,100.0,0.31102220962797145,0.0007538362204985165,0.0
282.40000000000003,3994.495120368739,-0.013335012202758253,100.0,0.30388468639396676,0.0007365627640257154,0.0
282.5,3994.525156809049,-0.01326220782048543,100.0,0.2968633627677151,0.0007195716407283363,0.0
282.6,3994.5544968651984,-0.013191088581901024,100.0,0.2899567574658405,0.0007028593017391989,0.0
282.7,3994.5831519355343,-0.013121626784537866,100.0,0.283163403085017,0.0006864222336984022,0.0
282.8,3994.611133272355,-0.013053795075491738,100.0,0.27648184604217035,0.0006702569586979256,0.0
282.90000000000003,3994.638451983288,-0.012987566447878799,100.0,0.2699106465144754,0.0006543600342299216,0.0
283.0,3994.665119032666,-0.01292291423729798,100.0,0.26344837837927143,0.000638728053139284,0.0
283.1,3994.69114524289,-0.012859812118297929,100.0,0.25709362915354445,0.0006233576435798385,0.0
283.2,3994.7165412957925,-0.012798234100848101,100.0,0.2508449999334106,0.0006082454689753928,0.0
283.3,3994.741317733993,-0.012738154526813554,100.0,0.24470110533312012,0.0005933882279847691,0.0
283.40000000000003,3994.765484962245,-0.012679548066432983,100.0,0.238660573423869,0.0005787826544717226,0.0
283.5,3994.7890532487795,-0.012622389714799533,100.0,0.232722045672281,0.0005644255174796994,0.0
283.6,3994.812032726641,-0.0125666547883439,100.0,0.226884176878414,0.0005503136212112227,0.0
283.7,3994.834433395019,-0.012512318921319225,100.0,0.22114563511345822,0.0005364438050128174,0.0
283.8,3994.8562651205707,-0.012459358062287236,100.0,0.21550510165687464,0.0005228129433649855,0.0
283.90000000000003,3994.8775376387384,-0.012407748470605131,100.0,0.2099612709329875,0.0005094179458775529,0.0
284.0,3994.8982605550623,-0.01235746671291262,100.0,0.2045128504471396,0.000496255757291106,0.0
284.1,3994.918443346484,-0.012308489659618548,100.0,0.1991585607211541,0.00048332335748420144,0.0
284.2,3994.938095362645,-0.01226079448138647,100.0,0.19389713522814767,0.0004706177614866656,0.0
284.3,3994.95722582718,-0.012214358645618602,100.0,0.18872732032667536,0.00045813601949950476,0.0
284.40000000000003,3994.9758438390004,-0.012169159912937412,100.0,0.1836478751941568,0.0004458752169215345,0.0
284.5,3994.9939583735736,-0.01212517633366423,100.0,0.1786575717595296,0.0004338324743831056,0.0
284.6,3995.0115782841945,-0.012082386244294094,100.0,0.17375519463503725,0.00042200494778703534,0.0
284.7,3995.0287123032504,-0.012040768263966111,100.0,0.16893954104748923,0.0004103898283581359,0.0
284.8,3995.0453690434797,-0.012000301290928467,100.0,0.16420942076839742,0.00039898434270022504,0.0
284.90000000000003,3995.0615569992215,-0.011960964498997301,100.0,0.15956365604338485,0.00038778575286216034,0.0
285.0,3995.077284547661,-0.011922737334008506,100.0,0.15500108152089775,0.00037679135641342597,0.0
285.1,3995.0925599500642,-0.011885599510261512,100.0,0.15052054417981478,0.0003659984865288019,0.0
285.2,3995.10739135301,-0.011849531006954062,100.0,0.14612090325645521,0.000355404512084032,0.0
285.3,3995.1217867896094,-0.011814512064606908,100.0,0.14180103017058443,0.0003450068377619129,0.0
285.40000000000003,3995.1357541807224,-0.011780523181477296,100.0,0.1375598084507411,0.0003348029041703541,0.0
285.5,3995.1493013361637,-0.011747545109960062,100.0,0.13339613365867656,0.00032479018797247297,0.0
285.6,3995.1624359559028,-0.011715558852975063,100.0,0.12930891331302394,0.00031496620202970364,0.0
285.7,3995.175165631255,-0.011684545660339612,100.0,0.12529706681228145,0.00030532849555883475,0.0
285.8,3995.1874978460673,-0.0116544870251245,100.0,0.12135952535700202,0.00029587465430340937,0.0
285.90000000000003,3995.199439977893,-0.011625364679992103,100.0,0.1174952318712837,0.0002866023007206201,0.0
286.0,3995.2109992991604,-0.011597160593515,100.0,0.11370314092367294,0.0002775090941845921,0.0
286.1,3995.222182978335,-0.011569856966473396,100.0,0.10998221864738197,0.0002685927312068189,0.0
286.2,3995.232998081068,-0.011543436228129618,100.0,0.10633144265991266,0.00025985094567485586,0.0
286.3,3995.2434515713458,-0.011517881032477764,100.0,0.10274980198222776,0.000251281509110384,0.0
286.40000000000003,3995.253550312622,-0.01149317425446654,100.0,0.0992362969573696,0.00024288223094769774,0.0
286.5,3995.2633010689474,-0.011469298986193205,100.0,0.09578993916854685,0.00023465095883327513,0.0
286.6,3995.2727105060903,-0.011446238533066413,100.0,0.09240975135693436,0.00022658557894849493,0.0
286.7,3995.2817851926475,-0.011423976409935607,100.0,0.08909476733906074,0.0002186840163560645,0.0
286.8,3995.2905316011474,-0.01140249633718452,100.0,0.08584403192380631,0.00021094423537148645,0.0
286.90000000000003,3995.298956109146,-0.011381782236786228,100.0,0.08265660082915811,0.00020336423996109365,0.0
287.0,3995.307065000312,-0.011361818228317,100.0,0.07953154059875783,0.0001959420741681817,0.0
287.1,3995.3148644655075,-0.011342588624926086,100.0,0.07646792851817585,0.00018867582256820487,0.0
287.2,3995.322360603856,-0.011324077929258445,100.0,0.07346485253114253,0.0001815636107552587,0.0
287.3,3995.3295594238048,-0.011306270829327225,100.0,0.07052141115558751,0.000174603605860774,0.0
287.40000000000003,3995.3364668441786,-0.011289152194332687,100.0,0.06763671339953335,0.00016779401710615747,0.0
287.5,3995.3430886952237,-0.011272707070424076,100.0,0.06480987867702503,0.00016113309639149281,0.0
287.6,3995.3494307196447,-0.011256920676400762,100.0,0.06204003672404666,0.00015461913892186055,0.0
287.7,3995.355498573632,-0.011241778399348794,100.0,0.05932632751439748,0.0001482504838729353,0.0
287.8,3995.361297827882,-0.011227265790208833,100.0,0.05666790117574072,0.00014202551509840292,0.0
287.90000000000003,3995.3668339686083,-0.011213368559271181,100.0,0.054063917905593104,0.00013594266188042572,0.0
288.0,3995.372112398544,-0.011200072571593533,100.0,0.051513547887450835,0.0001300003997257826,0.0
288.1,3995.377138437936,-0.011187363842336701,100.0,0.049015971207150406,0.0001241972512100988,0.0
288.2,3995.381917325533,-0.011175228532013469,100.0,0.046570377769215396,0.00011853178687170827,0.0
288.3,3995.3864542195593,-0.011163652941645423,100.0,0.044175967213545476,0.00011300262615855564,0.0
288.40000000000003,3995.3907541986882,-0.01115262350782238,100.0,0.04183194883220615,0.00010760843842975698,0.0
288.5,3995.3948222630006,-0.011142126797658797,100.0,0.03953754148641556,0.00010234794401496956,0.0
288.6,3995.3986633349386,-0.011132149503641242,100.0,0.037291973523815906,9.721991533420817e-05,0.0
288.7,3995.4022822602506,-0.011122678438360734,100.0,0.03509448269601944,9.22231780811028e-05,0.0
288.8,3995.405683808926,-0.011113700529123489,100.0,0.03294431607621833,8.735661247204667e-05,0.0
288.90000000000003,3995.4088726761242,-0.011105202812433275,100.0,0.030840729977323813,8.261915456544537e-05,0.0
289.0,3995.4118534830955,-0.011097172428338258,100.0,0.0287829898701714,7.800979765316656e-05,0.0
289.1,3995.414630778091,-0.011089596614634906,100.0,0.026770370302154022,7.352759372863101e-05,0.0
289.2,3995.417209037267,-0.011082462700921138,100.0,0.024802154815917684,6.917165503411143e-05,0.0
289.3,3995.419592665581,-0.011075758102490566,100.0,0.022877635868788743,6.494115569275524e-05,0.0
289.40000000000003,3995.421785997678,-0.011069470314059233,100.0,0.02099611475198445,6.08353334267785e-05,0.0
289.5,3995.42379329877,-0.011063586903315943,100.0,0.019156901510533526,5.685349136841087e-05,0.0
289.6,3995.425618765509,-0.011058095504286762,100.0,0.017359314863303114,5.299499996631336e-05,0.0
289.7,3995.427266526849,-0.011052983810503873,100.0,0.01560268212339164,4.9259298992676196e-05,0.0
289.8,3995.428740644901,-0.011048239567968498,100.0,0.013886339118872965,4.5645899655674564e-05,0.0
289.90000000000003,3995.4300451157824,-0.011043850567897114,100.0,0.012209630113834583,4.215438682216597e-05,0.0
290.0,3995.431183870455,-0.011039804639239651,100.0,0.010571907729716244,3.8784421355747094e-05,0.0
290.1,3995.4321607755564,-0.011036089640957912,100.0,0.008972532866990443,3.553574257576704e-05,0.0
290.2,3995.4329796342263,-0.011032693454051773,100.0,0.007410874627273266,3.240817084332817e-05,0.0
290.3,3995.433644186921,-0.011029603973320225,100.0,0.005886310235645554,2.9401610279570814e-05,0.0
290.40000000000003,3995.4341581122217,-0.011026809098843703,100.0,0.004398224963282182,2.6516051622713338e-05,0.0
290.5,3995.4345250276365,-0.011024296727173467,100.0,0.0029460120505581007,2.3751575231028443e-05,0.0
290.6,3995.434748490393,-0.011022054742213152,100.0,0.0015290726303961641,2.110835423785659e-05,0.0
290.7,3995.4348319982223,-0.011020071005776897,100.0,0.0001468156518968243,1.8586657865991664e-05,0.0
290.8,3995.4347789901394,-0.011018333347807724,100.0,-0.0012013421954915032,1.6186854909730455e-05,0.0
290.90000000000003,3995.4345928472117,-0.011016829556239054,100.0,-0.0025159765576592535,1.3909417391374181e-05,0.0
291.0,3995.4342768933216,-0.011015547366481472,100.0,-0.003797655491069442,1.1754924401242857e-05,0.0
291.1,3995.4338343959225,-0.011014474450515961,100.0,-0.0050469395376393925,9.724066129690893e-06,0.0
291.2,3995.4332685667864,-0.01101359840557396,100.0,-0.006264381799296979,7.81764810008923e-06,0.0
291.3,3995.432582562744,-0.011012906742383685,100.0,-0.0074505280121761625,6.036595612364213e-06,0.0
291.40000000000003,3995.4317794864173,-0.011012386872961152,100.0,-0.00860591662044071,4.381958407041026e-06,0.0
291.5,3995.430862386946,-0.011012026097923332,100.0,-0.009731078849772139,2.854915560336294e-06,0.0
291.6,3995.4298342607044,-0.011011811593299796,100.0,-0.010826538780436261,1.4567806211229429e-06,0.0
291.7,3995.4286980520133,-0.011011730396818093,100.0,-0.011892813420004464,1.8900700134037987e-07,0.0
291.8,3995.427456653844,-0.01101176939363691,100.0,-0.012930412775657448,-9.468063681599192e-07,0.0
291.90000000000003,3995.4261129085126,-0.011011915301499885,100.0,-0.013939839926234897,-1.9489091041279897e-06,0.0
292.0,3995.4246696083724,-0.01101215465528158,100.0,-0.014921591093705004,-2.8153931457934604e-06,0.0
292.1,3995.4231294964934,-0.01101247379089587,100.0,-0.01587615571443046,-3.5441862252777317e-06,0.0
292.2,3995.4214952673383,-0.01101285882853547,100.0,-0.016804016509872975,-4.1330450182269046e-06,0.0
292.3,3995.419769567431,-0.011013295655209969,100.0,-0.017705649556997452,-4.57954796013632e-06,0.0
292.40000000000003,3995.4179549960168,-0.011013769906548102,100.0,-0.01858152435833101,-4.881087712434043e-06,0.0
292.5,3995.4160541057163,-0.011014266947828403,100.0,-0.019432103911401752,-5.034863261060389e-06,0.0
292.6,3995.414069403173,-0.011014771854200668,100.0,-0.020257844777964575,-5.037871631141788e-06,0.0
292.7,3995.412003349693,-0.011015269390058903,100.0,-0.02105919715270888,-4.8868991987747705e-06,0.0
292.8,3995.4098583618784,-0.01101574398752452,100.0,-0.021836604931594575,-4.57851258123485e-06,0.0
292.90000000000003,3995.4076368122537,-0.01101617972399664,100.0,-0.022590505779684477,-4.109049085242665e-06,0.0
293.0,3995.405341029886,-0.011016560298724276,100.0,-0.02332133119861128,-3.4746066927805026e-06,0.0
293.1,3995.402973300998,-0.011016869008353048,100.0,-0.02402950659360127,-2.6710335622634987e-06,0.0
293.2,3995.4005358695726,-0.011017088721396832,100.0,-0.024715451340066412,-1.6939170220886495e-06,0.0
293.3,3995.398030937955,-0.011017201851582394,100.0,-0.025379578849698586,-5.385720324868315e-07,0.0
293.40000000000003,3995.395460667444,-0.01101719033001256,100.0,-0.02602229663613895,7.999709095530636e-07,0.0
293.5,3995.3928271788795,-0.011017035576090954,100.0,-0.02664400638020708,2.3269784485803104e-06,0.0
293.6,3995.390132553223,-0.011016718467148603,100.0,-0.027245103994728903,4.048027659851005e-06,0.0
293.7,3995.387378832129,-0.011016219306709853,100.0,-0.027825979688822052,5.969019978602304e-06,0.0
293.8,3995.3845680185145,-0.011015517791332112,100.0,-0.028387018031733293,8.096195799655325e-06,0.0
293.90000000000003,3995.381702077119,-0.0110145929759508,100.0,-0.028928598016248936,1.0436149779064136e-05,0.0
294.0,3995.3787829350586,-0.01101342323765764,100.0,-0.029451093121616156,1.299584687117819e-05,0.0
294.1,3995.3758124823744,-0.01101198623783704,100.0,-0.029954871376047694,1.5782639135926122e-05,0.0
294.2,3995.3727925725752,-0.011010258882581697,100.0,-0.030440295418697493,1.880428335311078e-05,0.0
294.3,3995.3697250231726,-0.011008217281304853,100.0,-0.03090772256117644,2.2068959481820427e-05,0.0
294.40000000000003,3995.3666116162103,-0.011005836703462682,100.0,-0.03135750484862155,2.558529000506207e-05,0.0
294.5,3995.363454098789,-0.01100309153329621,100.0,-0.031789989120255976,2.9362360201665723e-05,0.0
294.6,3995.360254183583,-0.010999955222497868,100.0,-0.03220551706949681,3.34097393894548e-05,0.0
294.7,3995.357013549352,-0.010996400240703235,100.0,-0.03260442530361596,3.7737503185680644e-05,0.0
294.8,3995.3537338414462,-0.010992398023703883,100.0,-0.03298704540284976,4.2356256833257175e-05,0.0
294.90000000000003,3995.3504166723083,-0.010987918919272211,100.0,-0.033353703979116904,4.727715964302985e-05,0.0
295.0,3995.3470636219645,-0.01098293213048406,100.0,-0.0337047227342336,5.251195060525728e-05,0.0
295.1,3995.343676238514,-0.010977405656419392,100.0,-0.03404041851759353,5.807297522591639e-05,0.0
295.2,3995.3402560386116,-0.010971306230115715,100.0,-0.034361103383446764,6.397321364567002e-05,0.0
295.3,3995.336804507944,-0.010964599253642937,100.0,-0.03466708464763566,7.022631010266618e-05,0.0
295.40000000000003,3995.3333231017014,-0.010957248730162114,100.0,-0.03495866494389968,7.68466038027007e-05,0.0
295.5,3995.3298132450414,-0.010949217192824044,100.0,-0.03523614227973438,8.384916126358887e-05,0.0
295.6,3995.32627633355,-0.010940465630356784,100.0,-0.035499810091672766,9.124981020409937e-05,0.0
295.7,3995.322713733697,-0.010930953409184038,100.0,-0.03574995730013053,9.906517505034663e-05,0.0
295.8,3995.3191267832826,-0.01092063819190884,100.0,-0.035986868363845105,0.00010731271413643925,0.0
295.90000000000003,3995.315516791882,-0.010909475851989106,100.0,-0.0362108233337029,0.00011601075868024535,0.0
296.0,3995.311885041284,-0.010897420384423385,100.0,-0.03642209790620395,0.0001251785536180416,0.0
296.1,3995.3082327859224,-0.010884423812256514,100.0,-0.03662096347636221,0.0001348363003866504,0.0
296.2,3995.3045612533056,-0.010870436088705882,100.0,-0.036807687190226576,0.00014500520174523445,0.0
296.3,3995.3008716444365,-0.010855404994699478,100.0,-0.036982531996793785,0.0001557075087340414,0.0
296.40000000000003,3995.2971651342314,-0.010839276031607038,100.0,-0.03714575669953179,0.000166966569871092,0.0
296.5,3995.293442871932,-0.010821992308935217,100.0,-0.03729761600745091,0.00017880688269319398,0.0
296.6,3995.28970598151,-0.010803494426746808,100.0,-0.03743836058560294,0.0001912541477528921,0.0
296.7,3995.2859555620726,-0.010783720352552647,100.0,-0.037568237105119494,0.00020433532518770073,0.0
296.8,3995.282192688256,-0.010762605292412922,100.0,-0.03768748829283814,0.00021807869398364978,0.0
296.90000000000003,3995.27841841062,-0.010740081555972076,100.0,-0.03779635298029166,0.00023251391406161156,0.0
297.0,3995.2746337560334,-0.010716078415138433,100.0,-0.03789506615240706,0.00024767209131959826,0.0
297.1,3995.2708397280567,-0.010690521956105918,100.0,-0.037983858995605725,0.00026358584577218703,0.0
297.2,3995.26703730732,-0.010663334924400907,100.0,-0.03806295894535257,0.00028028938293394635,0.0
297.3,3995.263227451896,-0.010634436562622147,100.0,-0.038132589733314806,0.00029781856860055606,0.0
297.40000000000003,3995.259411097666,-0.010603742440525995,100.0,-0.03819297143405144,0.0003162110071891355,0.0
297.5,3995.2555891586867,-0.010571164277092619,100.0,-0.03824432051103961,0.00033550612380726295,0.0
297.6,3995.251762527545,-0.010536609754191564,100.0,-0.038286849862351195,0.0003557452502269649,0.0
297.7,3995.247932075716,-0.010499982321446949,100.0,-0.03832076886569896,0.00037697171494976354,0.0
297.8,3995.2440986539104,-0.010461180991883577,100.0,-0.03834628342308168,0.00039923093755644306,0.0
297.90000000000003,3995.240263092421,-0.01042010012791537,100.0,-0.03836359600479637,0.00042257052754563455,0.0
298.0,3995.2364262014635,-0.01037662921721668,100.0,-0.0383729056929974,0.0004470403878737679,0.0
298.1,3995.232588771512,-0.010330652637995279,100.0,-0.03837440822469028,0.0004726928234199686,0.0
298.2,3995.2287515736334,-0.010282049413162901,100.0,-0.03836829603412982,0.0004995826546097489,0.0
298.3,3995.2249153598145,-0.01023069295287534,100.0,-0.03835475829471855,0.000527767336442169,0.0
298.40000000000003,3995.2210808632854,-0.010176450784889008,100.0,-0.03833398096031828,0.0005573070831771827,0.0
298.5,3995.217248798841,-0.010119184272154596,100.0,-0.03830614680596471,0.0005882649989518548,0.0
298.6,3995.213419863155,-0.010058748317041013,100.0,-0.038271435467970946,0.0006207072146069743,0.0
298.7,3995.209594735094,-0.009994991051553914,100.0,-0.038230023483459524,0.0006547030310186302,0.0
298.8,3995.2057740760224,-0.009927753512883013,100.0,-0.03818208432920464,0.0006903250692438096,0.0
298.90000000000003,3995.20195853011,-0.009856869303580726,100.0,-0.038127788459830024,0.0007276494278032593,0.0
299.0,3995.1981487246303,-0.009782164235641624,100.0,-0.03806730334542082,0.0007667558474401947,0.0
299.1,3995.194345270257,-0.009703455957717499,100.0,-0.03800079350832392,0.0008077278837100017,0.0
299.2,3995.190548761358,-0.009620553564666507,100.0,-0.0379284205592853,0.0008506530877721622,0.0
299.3,3995.1867597762835,-0.00953325718859686,100.0,-0.03785034323276952,0.0008956231957738031,0.0
299.40000000000003,3995.182978877653,-0.009441357570525697,100.0,-0.037766717421516015,0.000942734327232262,0.0
299.5,3995.179206612638,-0.009344635611732032,100.0,-0.037677696210323096,0.0009920871928434723,0.0
299.6,3995.1754435132398,-0.00924286190383904,100.0,-0.03758342990893239,0.0010437873121633492,0.0
299.7,3995.171690096566,-0.00913579623661513,100.0,-0.03748406608391651,0.0010979452416304055,0.0
299.8,3995.1679468651046,-0.009023187082435383,100.0,-0.03737974958980436,0.0011546768134193689,0.0
299.90000000000003,3995.1642143069907,-0.008904771056294766,100.0,-0.037270622598986246,0.0012141033856398825,0.0
300.0,3995.1604928962765,-0.008780272350211931,100.0,-0.037156824630647185,0.0012763521044173599,0.0
300.1,3995.1567830931936,-0.008649402140807488,100.0,-0.03703849257851546,0.0013415561784191738,0.0
300.2,3995.1530853444133,-0.008511857968782935,100.0,-0.036915760737518614,0.0014098551664154203,0.0
300.3,3995.1494000833077,-0.008367323088966188,100.0,-0.03678876082898463,0.0014813952784918161,0.0
300.40000000000003,3995.145727730204,-0.008215465789526415,100.0,-0.036657622024598754,0.0015563296915605059,0.0
300.5,3995.1420686926376,-0.008055938678894837,100.0,-0.03652247096879333,0.0016348188798456728,0.0
300.6,3995.1384233656067,-0.00788837793885885,100.0,-0.03638343179956192,0.0017170309610520297,0.0
300.7,3995.1347921318197,-0.0077124025422244235,100.0,-0.03624062616769264,0.0018031420589574641,0.0
300.8,3995.1311753619425,-0.007527613433365806,100.0,-0.03609417325409333,0.0018933366832063737,0.0
300.90000000000003,3995.127573414847,-0.007333592669902191,100.0,-0.03594418978504867,0.001987808127115814,0.0
301.0,3995.1239866378546,-0.007129902523657874,100.0,-0.035790790045585594,0.002086758884344464,0.0
301.1,3995.1204153669787,-0.0069160845389754375,100.0,-0.035634085890381015,0.002190401085314741,0.0
301.2,3995.116859927169,-0.006691658546360484,100.0,-0.03547418675219292,0.0022989569543186055,0.0
301.3,3995.1133206325535,-0.006456121629341176,100.0,-0.035311199647674235,0.002412659288281624,0.0
301.40000000000003,3995.1097977866784,-0.006208947042326191,100.0,-0.035145229180283684,0.0025317519582043497,0.0
301.5,3995.10629168275,-0.005949583077140448,100.0,-0.034976377540006355,0.002656490434347358,0.0
301.6,3995.102802603877,-0.0056774518758088924,100.0,-0.03480474449958928,0.0027871423362750432,0.0
301.7,3995.099330823312,-0.005391948187044596,100.0,-0.03463042740717585,0.0029239880089242747,0.0
301.8,3995.095876604694,-0.005092438063778164,100.0,-0.034453521174745615,0.0030673211259175386,0.0
301.90000000000003,3995.092440202293,-0.004778257498940737,100.0,-0.034274118262228204,0.0032174493213949825,0.0
302.0,3995.0890218612576,-0.004448710996582563,100.0,-0.03409230865669782,0.003374694851698076,0.0
302.1,3995.0856218178615,-0.0041030700752728785,100.0,-0.03390817984642203,0.003539395288296925,0.0
302.2,3995.082240299756,-0.003740571700584546,100.0,-0.03372181678912493,0.003711904243415669,0.0
302.3,3995.078877526225,-0.0033604166433182092,100.0,-0.03353330187393241,0.0038925921298753412,0.0
302.40000000000003,3995.0755337084433,-0.0029617677599654956,100.0,-0.033342714876641505,0.004081846956740348,0.0
302.5,3995.0722090497416,-0.002543748191748728,100.0,-0.03315013290727076,0.004280075162423504,0.0
302.6,3995.068903745874,-0.002105439478405505,100.0,-0.032955630349666046,0.004487702486977803,0.0
302.7,3995.065617985297,-0.0016458795827100471,100.0,-0.03275927879199581,0.004705174885375909,0.0
302.8,3995.0623519494507,-0.0011640608215392498,100.0,-0.03256114694762839,0.004932959483656071,0.0
302.90000000000003,3995.059105813051,-0.0006589276990996677,100.0,-0.03236130056519338,0.005171545579890548,0.0
303.0,3995.0558797443914,-0.00012937463773189997,100.0,-0.032159802327001406,0.005421445692015654,0.0
303.1,3995.0526739056554,0.00042575639849909126,100.0,-0.03195671173464877,0.005683196654643733,0.0
303.2,3995.049488453241,0.0010076783924355334,100.0,-0.0317520849804987,0.005957360767063412,0.0
303.3,3995.0463235380976,0.0016176618799130307,100.0,-0.03154597480397618,0.006244526994721635,0.0
303.40000000000003,3995.04317930608,0.002257037678767793,100.0,-0.031338430330861915,0.006545312226566616,0.0
303.5,3995.0400558983197,0.0029271997464738325,100.0,-0.03112949689418946,0.006860362590723364,0.0
303.6,3995.036953451611,0.0036296081723706064,100.0,-0.030919215835033757,0.00719035483106145,0.0
303.7,3995.0338720988248,0.004365792310702035,100.0,-0.030707624281084665,0.007535997747303608,0.0
303.8,3995.0308119693377,0.005137354060957236,100.0,-0.030494754900991745,0.007898033701415688,0.0
303.90000000000003,3995.0277731894953,0.005945971302281722,100.0,-0.030280635632080836,0.008277240193104145,0.0
304.0,3995.0247558830974,0.0067934014890148635,100.0,-0.030065289379049582,0.008674431507336983,0.0
304.1,3995.02176017192,0.007681485414705038,100.0,-0.029848733680666168,0.009090460436882287,0.0
304.2,3995.0187861762674,0.008612151152257476,100.0,-0.029630980341489196,0.009526220082942871,0.0
304.3,3995.015834015568,0.009587418178181236,100.0,-0.029412035025255138,0.009982645737034522,0.0
304.40000000000003,3995.0129038090085,0.010609401689219953,100.0,-0.029191896806350443,0.01046071684732412,0.0
304.5,3995.0099956762188,0.011680317119975341,100.0,-0.028970557674971524,0.010961459072695757,0.0
304.6,3995.0071097380055,0.012802484870462002,100.0,-0.028748001992105462,0.011485946427866267,0.0
304.7,3995.004246117146,0.013978335252865324,100.0,-0.02852420588895716,0.012035303522891066,0.0
304.8,3995.0014049392435,0.015210413667109748,100.0,-0.028299136605922807,0.012610707900424978,0.0
304.90000000000003,3994.9985863336515,0.01650138601518044,100.0,-0.028072751765123527,0.013213392474086533,0.0
305.0,3994.995790434475,0.01785404436447518,100.0,-0.027844998570104976,0.01384464807124576,0.0
305.1,3994.9930173816565,0.019271312870792142,100.0,-0.027615812925810466,0.01450582608349032,0.0
305.2,3994.990267322152,0.02075625397188038,100.0,-0.027385118471375924,0.015198341227927521,0.0
305.3,3994.987540411211,0.022312074862788495,100.0,-0.027152825517002297,0.015923674422334763,0.0
305.40000000000003,3994.984836813767,0.023942134264539696,100.0,-0.026918829876374947,0.016683375776987627,0.0
305.5,3994.9821567059494,0.025649949497931816,100.0,-0.026683011584179038,0.017479067705735245,0.0
305.6,3994.979500276732,0.027439203874503073,100.0,-0.026445233488152264,0.018312448158584675,0.0
305.7,3994.9768677297257,0.029313754416911194,100.0,-0.026205339703721502,0.019185293977655234,0.0
305.8,3994.9742592851376,0.031277639921135844,100.0,-0.025963153918207443,0.02009946437787086,0.0
305.90000000000003,3994.9716751819037,0.033335089373022354,100.0,-0.025718477530582543,0.02105690455316525,0.0
306.0,3994.969115680019,0.035490530731727234,100.0,-0.02547108761138577,0.022059649408251104,0.0
306.1,3994.96658106308,0.037748600092588576,100.0,-0.025220734665802422,0.023109827415129913,0.0
306.2,3994.9640716410618,0.04011415124181242,100.0,-0.024967140181985887,0.02420966459249257,0.0
306.3,3994.961587753353,0.042592265615120806,100.0,-0.02470999394448181,0.025361488604923235,0.0
306.40000000000003,3994.95912977207,0.045188262672128124,100.0,-0.024448951091204957,0.026567732977366677,0.0
306.5,3994.956698105681,0.047907710697675375,100.0,-0.024183628890763472,0.027830941418617396,0.0
306.6,3994.9542932029663,0.05075643804062943,100.0,-0.02391360321438134,0.029153772245564896,0.0
306.7,3994.9519155573485,0.05374054479971413,100.0,-0.02363840467503113,0.030539002897599737,0.0
306.8,3994.9495657116263,0.05686641496474738,100.0,-0.023357514404213128,0.03198953452784718,0.0
306.90000000000003,3994.9472442631495,0.060140729020169266,100.0,-0.023070359433864433,0.03350839665470466,0.0
307.0,3994.9449518694787,0.06357047701591464,100.0,-0.022776307649105248,0.035098751853482386,0.0
307.1,3994.9426892545703,0.06716297210845491,100.0,-0.02247466227436013,0.03676390046366855,0.0
307.20000000000005,3994.9404572155404,0.0709258645721452,100.0,-0.022164655853105883,0.0385072852824116,0.0
307.3,3994.938256630056,0.07486715627779464,100.0,-0.02184544367822443,0.04033249620912313,0.0
307.40000000000003,3994.936088464413,0.07899521563154893,100.0,-0.02151609662768342,0.04224327479957586,0.0
307.5,3994.933953782363,0.08331879296264381,100.0,-0.02117559335663194,0.04424351868033666,0.0
307.6,3994.9318537547542,0.08784703634325385,100.0,-0.020822811795010537,0.04633728576582056,0.0
307.70000000000005,3994.9297896700605,0.09258950781740559,100.0,-0.02045651989611944,0.04852879821035347,0.0
307.8,3994.9277629458743,0.09755620000861741,100.0,-0.020075365579819957,0.05082244601647094,0.0
307.90000000000003,3994.9257751414493,0.10275755306742239,100.0,-0.01967786581089462,0.05322279020784167,0.0
308.0,3994.92382797138,0.10820447191006183,100.0,-0.0192623947519231,0.05573456546073524,0.0
308.1,3994.921923320515,0.11390834368822057,100.0,-0.018827170927789263,0.05836268207145294,0.0
308.20000000000005,3994.9200632602065,0.1198810554165071,100.0,-0.018370243338749447,0.06111222711855845,0.0
308.3,3994.9182500660036,0.12613501166923685,100.0,-0.017889476459164066,0.06398846465776825,0.0
308.40000000000003,3994.916486236902,0.1326831522407065,100.0,-0.017382534060110977,0.06699683476377438,0.0
308.5,3994.914774516277,0.13953896964327736,100.0,-0.01684686179696892,0.07014295120683924,0.0
308.6,3994.913117914616,0.14671652629492388,100.0,-0.01627966850845698,0.07343259752255468,0.0
308.70000000000005,3994.911519734195,0.15423047122213,100.0,-0.015677906180059865,0.07687172120033256,0.0
308.8,3994.9099835958177,0.16209605607478922,100.0,-0.015038248535266112,0.08046642567993341,0.0
308.90000000000003,3994.9085134677744,0.17032915021672984,100.0,-0.01435706823149084,0.08422295980540996,0.0
309.0,3994.907113697145,0.17894625461827066,100.0,-0.0136304126554278,0.08814770434214102,0.0
309.1,3994.905789043595,0.18796451423543592,100.0,-0.012853978335387631,0.09224715511511518,0.0
309.20000000000005,3994.9045447157964,0.1974017285137465,100.0,-0.012023084017204918,0.0965279022754703,0.0
309.3,3994.9033864106045,0.20727635960249907,100.0,-0.011132642486461572,0.10099660514764075,0.0
309.40000000000003,3994.902320355111,0.2176075378078186,100.0,-0.010177131263930283,0.10565996205175154,0.0
309.5,3994.9013533516754,0.2284150637492498,100.0,-0.009150562355449253,0.11052467443596281,0.0
309.6,3994.900492826021,0.23971940661506383,100.0,-0.008046451302756191,0.11559740459211154,0.0
309.70000000000005,3994.8997468784437,0.2515416978357249,100.0,-0.0068577858596255425,0.12088472616686698,0.0
309.8,3994.8991243381583,0.2639037194131936,100.0,-0.005576994709683902,0.1263930666213674,0.0
309.90000000000003,3994.89863482075,0.27682788605626685,100.0,-0.004195916751019071,0.13212864073778732,0.0
310.0,3994.898288788638,0.29033722017956687,100.0,-0.002705771597875226,0.13809737422432905,0.0
310.1,3994.898097614402,0.304455318727075,100.0,-0.0010971320942770686,0.14430481643506582,0.0
310.20000000000005,3994.8980736467124,0.31920631068166344,100.0,0.0006401002010687285,0.15075604120272415,0.0
310.3,3994.8982302785184,0.33461480402189564,100.0,0.0025167154143645957,0.15745553478696145,0.0
310.40000000000003,3994.898582017016,0.35070582078905205,100.0,0.004544210291987667,0.16440706997501423,0.0
310.5,3994.8991445547704,0.36750471883430547,100.0,0.006734796098124543,0.17161356544431866,0.0
310.6,3994.899934841202,0.3850370987325114,100.0,0.009101397661511284,0.17907692961717925,0.0
310.70000000000005,3994.900971153451,0.4033286942805019,100.0,0.011657641505346372,0.18679788841657646,0.0
310.8,3994.902273165409,0.4224052449504961,100.0,0.014417830737062811,0.19477579658118663,0.0
310.90000000000003,3994.903862013479,0.4422923486508719,100.0,0.017396904120569524,0.20300843252890619,0.0
311.0,3994.9057603573256,0.4630152931659115,100.0,0.0206103765158583,0.21149177718363313,0.0
311.1,3994.907992433622,0.48459886471322894,100.0,0.024074257666298626,0.2202197777109684,0.0
311.20000000000005,3994.9105841004543,0.5070671321834862,100.0,0.027804946160009548,0.22918409775492674,0.0
311.3,3994.913562869749,0.5304432058235601,100.0,0.031819095315781164,0.23837385653528353,0.0
311.40000000000003,3994.916957924748,0.5547489694038213,100.0,0.03613344777077269,0.24777536005619605,0.0
311.5,3994.9208001192524,0.5800047852847653,100.0,0.04076463570984203,0.257371828685813,0.0
311.6,3994.925121955051,0.6062291722790946,100.0,0.0457289440076008,0.2671431264800638,0.0
311.70000000000005,3994.9299575337195,0.6334384568018063,100.0,0.05104203408881823,0.2770654988169398,0.0
311.8,3994.935342478773,0.6616463985191064,100.0,0.056718627081674564,0.2871113261435353,0.0
311.90000000000003,3994.9413138240807,0.6908637925488426,100.0,0.06277214587094393,0.29724890286412187,0.0
312.0,3994.9479098644624,0.7210980512264621,100.0,0.06921431697000714,0.3074422515481613,0.0
312.1,3994.9551699645585,0.7523527695197088,100.0,0.07605473473007397,0.3176509836295829,0.0
312.20000000000005,3994.9631343224146,0.7846272793319854,100.0,0.0833003922751009,0.3278302185098252,0.0
312.3,3994.9718436847547,0.8179161991482796,100.0,0.09095518565886868,0.33793057336352184,0.0
312.40000000000003,3994.9813390116897,0.8522089867080224,100.0,0.09901940002173154,0.3478982358720206,0.0
312.5,3994.9916610895934,0.8874895035851177,100.0,0.10748918888896598,0.35767513147580515,0.0
312.6,3995.00285009212,0.9237356016561903,100.0,0.11635606007912593,0.3671991954576141,0.0
312.70000000000005,3995.014945090781,0.960918742376144,100.0,0.1256063838360773,0.37640475818532926,0.0
312.8,3995.027983518173,0.9990036604836914,100.0,0.13522094059628645,0.3852230491371459,0.0
312.90000000000003,3995.0420005887313,1.0379480841571527,100.0,0.14517452708296705,0.39358282192866956,0.0
313.0,3995.057028683817,1.0777025236665345,100.0,0.15543564001327645,0.4014110985444087,0.0
313.1,3995.073096709854,1.1182101401668068,100.0,0.1659662564684118,0.40863402648566305,0.0
313.20000000000005,3995.0902294400857,1.159406705411412,100.0,0.1767217288019647,0.4151778377779286,0.0
313.3,3995.108446852219,1.2012206618182872,100.0,0.18765080979573065,0.4209698939760619,0.0
313.40000000000003,3995.1277634756316,1.2435732905028958,100.0,0.1986958206268591,0.4259397967366348,0.0
313.5,3995.1481877628958,1.2863789926417875,100.0,0.20979297017013301,0.43002053947844443,0.0
313.6,3995.1697215009735,1.3295456869117641,100.0,0.22087282938250377,0.43314967239435365,0.0
313.70000000000005,3995.1923592775643,1.3729753228550248,100.0,0.2318609592257284,0.4352704508443593,0.0
313.8,3995.216088017651,1.4165645069614672,100.0,0.2426786850479735,0.43633293612661217,0.0
313.90000000000003,3995.240886604305,1.4602052351612995,100.0,0.2532440048676763,0.43629501788924624,0.0
314.0,3995.2667255962974,1.5037857224156377,100.0,0.2634726138866613,0.4351233290255587,0.0
314.1,3995.2935670530674,1.5471913173083007,100.0,0.2732790230870338,0.4327940267169941,0.0
314.20000000000005,3995.321364475195,1.5903054870958275,100.0,0.2825777461773155,0.42929341720041153,0.0
314.3,3995.350062865815,1.6330108566634496,100.0,0.29128452662610144,0.4246184066220632,0.0
314.40000000000003,3995.3795989155046,1.6751902833370187,100.0,0.29931757515879703,0.41877676573936995,0.0
314.5,3995.409901310203,1.7167279485617968,100.0,0.3065987879234837,0.41178720195813534,0.0
314.6,3995.4408911587702,1.7575104470970762,100.0,0.3130549165097305,0.403679237962813,0.0
314.70000000000005,3995.472482534013,1.7974278545816464,100.0,0.31861866301865743,0.39449290174605184,0.0
314.8,3995.5045831184616,1.8363747550652556,100.0,0.3232296762754733,0.38427823794220767,0.0
314.90000000000003,3995.537094943959,1.8742512113208807,100.0,0.32683542885273803,0.3730946548361227,0.0
315.0,3995.569915212297,1.910963662381797,100.0,0.3293919586254054,0.3610101251248565,0.0
315.1,3995.60293718272,1.946425734705837,100.0,0.3308644628962918,0.34810026138020206,0.0
315.20000000000005,3995.6360511111307,1.9805589555716185,100.0,0.33122773751461765,0.3344472891689306,0.0
315.3,3995.66914522531,2.013293359672344,100.0,0.33046645768533756,0.32013894195352344,0.0
315.40000000000003,3995.7021067203077,2.0445679823101197,100.0,0.3285753011852084,0.3052673022720883,0.0
315.5,3995.7348227584516,2.07433123503239,100.0,0.3255589183483993,0.28992761336110007,0.0
315.6,3995.767181458989,2.102541161925683,100.0,0.32143175637674604,0.2742170844357293,0.0
315.70000000000005,3995.799072863297,2.1291655770341986,100.0,0.316217748217147,0.25823371138397966,0.0
315.8,3995.8303898627187,2.15418208545634,100.0,0.3099498784055127,0.2420751327720651,0.0
315.90000000000003,3995.8610290774072,2.177577992556272,100.0,0.30266963990517043,0.22583753890186972,0.0
316.0,3995.890891676035,2.199350107385179,100.0,0.2944263970846172,0.20961464930619006,0.0
316.1,3995.919884127763,2.2195044478226866,100.0,0.2852766706201931,0.1934967715998404,0.0
316.20000000000005,3995.947918879462,2.2380558561156083,100.0,0.2752833603164091,0.17756995210201304,0.0
316.3,3995.9749149527756,2.2550275344085224,100.0,0.2645149216617258,0.16191522617150708,0.0
316.40000000000003,3996.000798457163,2.2704505105344137,100.0,0.2530445114346219,0.1466079738046413,0.0
316.5,3996.025503016567,2.284363044774032,100.0,0.24094911689846304,0.13171738377842973,0.0
316.6,3996.0489701087513,2.296809988513915,100.0,0.22830868212948552,0.11730602751032262,0.0
316.70000000000005,3996.0711493176436,2.3078421057520084,100.0,0.215205243860645,0.10342954187437216,0.0
316.8,3996.091998500213,2.3175153682353278,100.0,0.20172208794511987,0.09013641847754386,0.0
316.90000000000003,3996.111483870432,2.3258902346861685,100.0,0.18794293618977406,0.07746789536847756,0.0
317.0,3996.129580003799,2.3330309241027374,100.0,0.17395117192209852,0.06545794582817546,0.0
317.1,3996.1462697666466,2.3390046925275696,100.0,0.15982911126812283,0.054133357777710174,0.0
317.20000000000005,3996.161544175105,2.3438811219834395,100.0,0.14565732576396823,0.043513896428135954,0.0
317.3,3996.1754021890793,2.3477314295017813,100.0,0.13151402062604312,0.03361254208600238,0.0
317.40000000000003,3996.18785044697,2.3506278033323302,100.0,0.11747447178416963,0.02443579450555747,0.0
317.5,3996.1989029471215,2.3526427725431973,100.0,0.10361052365494908,0.015984034835681817,0.0
317.6,3996.2085806821287,2.3538486153152953,100.0,0.0899901486109901,0.008251936034417068,0.0
317.70000000000005,3996.2169112321826,2.354316810320084,100.0,0.07667706819315771,0.001228912604107517,0.0
317.8,3996.223928323593,2.354117534659917,100.0,0.06373043532083032,-0.005100399377059753,0.0
317.90000000000003,3996.229671358529,2.353319210959375,100.0,0.05120457608149014,-0.010755640700430906,0.0
318.0,3996.234184921833,2.35198810533607,100.0,0.0391487891203022,-0.01576021435631139,0.0
318.1,3996.237518270558,2.3501879771611756,100.0,0.02760720020022766,-0.020140765688964276,0.0
318.20000000000005,3996.2397248116035,2.3479797807527336,100.0,0.016618669153838434,-0.023926664767143842,0.0
318.3,3996.240861572537,2.345421418436353,100.0,0.006216746190500262,-0.0271494977382502,0.0
318.40000000000003,3996.2409886703863,2.342567543764588,100.0,-0.0035703256533355446,-0.02984257325636284,0.0
318.5,3996.2401687828424,2.339469413112916,100.0,-0.012719565239461402,-0.03204044935577642,0.0
318.6,3996.238466625992,2.336174783370192,100.0,-0.02121316859665301,-0.033778485396166825,0.0
318.70000000000005,3996.2359484423546,2.3327278530166433,100.0,-0.029038388102424158,-0.03509242294810278,0.0
318.8,3996.232681502667,2.3291692435335345,100.0,-0.03618737891499865,-0.03601799873074089,0.0
318.90000000000003,3996.228733624527,2.3255360178147297,100.0,-0.042657015934432,-0.03659059197060742,0.0
319.0,3996.2241727106757,2.321861732049655,100.0,-0.04844868449708753,-0.03684490783252814,0.0
319.1,3996.219066309399,2.3181765174164797,100.0,-0.0535680479233053,-0.036814697891857526,0.0
319.20000000000005,3996.2134811992005,2.314507187859712,100.0,-0.058024794950403566,-0.036532517979539936,0.0
319.3,3996.1776791235884,2.310698268276032,100.0,-0.6580167617345406,-0.039637284179682215,8.316718340507456e-15
319.40000000000003,3996.081877838023,2.306581451787394,100.0,-1.2580089934295944,-0.04269042727439128,1.733427310308183e-14
319.5,3995.9260773161905,2.302161909542358,100.0,-1.8580014864878254,-0.045691768531650585,2.705491944228379e-14
319.6,3995.7102775321314,2.297444831156521,100.0,-2.4579942373737014,-0.04864111731895245,3.7479752715825053e-14
319.70000000000005,3995.434478478667,2.2924316693528395,100.0,-3.057986872397356,-0.05161394712234078,4.735381348781581e-14
319.8,3995.0986801496124,2.287123677807749,100.0,-3.6579797486055763,-0.054537694407020526,5.78837276145934e-14
319.90000000000003,3994.7028825210227,2.2815257702948717,100.0,-4.2579728625216715,-0.05741224673631536,6.907219725454018e-14
320.0,3994.2470855692995,2.275642872434171,100.00000000000001,-4.857966210698159,-0.06023747959776811,8.091454543064501e-14
320.1,3993.7312892711884,2.2694799229064593,100.00000000000003,-5.457959789713372,-0.06301325626218662,9.340021544695273e-14
320.20000000000005,3993.1554936037755,2.2630418746827132,100.00000000000004,-6.0579535961680495,-0.06573942762836248,1.0653405768626363e-13
320.3,3992.5196985444863,2.2563336962696585,100.00000000000006,-6.657947626681899,-0.06841583205291538,1.203182957351192e-13
320.40000000000003,3991.823904071083,2.249360372973134,100.00000000000007,-7.257941877890122,-0.07104229516468671,1.3474961620494366e-13
320.5,3991.0681101616633,2.2421269081808175,100.00000000000009,-7.857936346439897,-0.07361862966310138,1.498255560539696e-13
320.6,3990.2523167946615,2.2346383246659385,100.0000000000001,-8.45793102898681,-0.07614463509989537,1.6555037565943057e-13
320.70000000000005,3989.3765239488444,2.2268996659136775,100.00000000000011,-9.057925922191222,-0.07862009764356989,1.819356055253782e-13
320.8,3988.440731603313,2.218915997472013,100.00000000000013,-9.657921022714564,-0.08104478982588735,1.9898552284204205e-13
320.90000000000003,3987.4449397375024,2.210692408328846,100.00000000000014,-10.257916327215554,-0.08341847026967103,2.1670101542593296e-13
321.0,3986.3891483311822,2.2022340123173123,100.00000000000017,-10.857911832346304,-0.08574088339711132,2.35079078683061e-13
321.1,3985.2733573644573,2.193545949551275,100.0000000000002,-11.457907534748344,-0.08801175911771626,2.541069599465554e-13
321.20000000000005,3984.0975668177693,2.1846333878930775,100.00000000000023,-12.057903431048508,-0.09023081249497572,2.7379142860404895e-13
321.3,3982.8617766718976,2.1755015244557385,100.00000000000026,-12.657899517854704,-0.09239774339073192,2.941358437481844e-13
321.40000000000003,3981.5659869079623,2.1661555871418656,100.00000000000028,-13.257895791751523,-0.09451223608616918,3.151431065859495e-13
321.5,3980.210197507426,2.1566008362216906,100.00000000000031,-13.857892249295704,-0.0965739588782482,3.3682016263461806e-13
321.6,3978.7944084520977,2.1468425659527406,100.00000000000034,-14.457888887011409,-0.09858256365031569,3.591735361238353e-13
321.70000000000005,3977.318619724525,2.1368859872611226,100.00000000000038,-14.99966565284744,-0.1001513993348857,3.806851553397977e-13
321.8,3975.788653312627,2.126774916137772,100.00000000000043,-14.999678976059283,-0.09813569771076064,3.8868887702712907e-13
321.90000000000003,3974.258685561316,2.1168676593043374,100.00000000000047,-14.999691807219675,-0.09615450289494108,3.9691226170152606e-13
322.0,3972.728716520053,2.1071607368960126,100.00000000000051,-14.999704164848493,-0.09420704340310813,4.053378176018581e-13
322.1,3971.1987462367915,2.0976506286801535,100.00000000000055,-14.999716052370621,-0.09229489831587209,4.1392394291758637e-13
322.20000000000005,3969.668774759296,2.0883335937401695,100.0000000000006,-14.999727466716777,-0.09042081741680812,4.2259081734421896e-13
322.3,3968.1388021351763,2.0792057635556116,100.00000000000064,-14.999738423800844,-0.08858452208229903,4.313338312130696e-13
322.40000000000003,3966.6088284104344,2.070263299572561,100.00000000000068,-14.9997489392836,-0.086785704240436,4.401281053526768e-13
322.5,3965.07885362949,2.061502396076072,100.00000000000072,-14.999759028548162,-0.08502402888552436,4.4895634053171897e-13
322.6,3963.548877835209,2.0529192828136624,100.00000000000077,-14.999768706679014,-0.08329913644811733,4.578089071601796e-13
322.70000000000005,3962.018901068936,2.0445102273842224,100.00000000000081,-14.9997779884443,-0.08161064502776892,4.666710017102044e-13
322.8,3960.488923370524,2.036271537405975,100.00000000000085,-14.999786888281099,-0.0799581524953678,4.755273291328944e-13
322.90000000000003,3958.958944778371,2.0281995624764586,100.0000000000009,-14.999795420283395,-0.07834123847159917,4.843666703853034e-13
323.0,3957.428965329454,2.020290695936838,100.00000000000095,-14.999803598192562,-0.07675946618777982,4.931737285773654e-13
323.1,3955.8989850593643,2.0125413764522335,100.00000000000101,-14.999811435390036,-0.07521238423502252,5.019164987731588e-13
323.20000000000005,3954.369004002345,2.0049480894191585,100.00000000000107,-14.999818944892034,-0.0736995282074097,5.105847099961162e-13
323.3,3952.839022191328,1.9975073682106004,100.00000000000112,-14.99982613934611,-0.07222042224459149,5.191693201724521e-13
323.40000000000003,3951.309039657971,1.99021579526873,100.00000000000118,-14.999833031029313,-0.0707745804789703,5.276644632897337e-13
323.5,3949.7790564326965,1.983070003054718,100.00000000000124,-14.999839631847856,-0.06936150839239229,5.360603880688706e-13
323.6,3948.2490725447274,1.9760666748646418,100.0000000000013,-14.999845953338049,-0.06798070408703427,5.443482351225065e-13
323.70000000000005,3946.7190880221256,1.9692025455200064,100.00000000000135,-14.999852006668453,-0.06663165947495366,5.525262644201344e-13
323.8,3945.189102891829,1.9624744019409484,100.0000000000014,-14.999857802643005,-0.06531386139055717,5.605894743875397e-13
323.90000000000003,3943.6591171796886,1.9558790836097797,100.00000000000146,-14.999863351705091,-0.06402679263004202,5.685296882483801e-13
324.0,3942.129130910505,1.9494134829321144,100.00000000000152,-14.999868663942395,-0.06276993292167052,5.763419614037158e-13
324.1,3940.5991441080637,1.9430745455024447,100.00000000000158,-14.999873749092439,-0.06154275983055343,5.84026085260198e-13
324.20000000000005,3939.0691567951712,1.9368592702806628,100.00000000000163,-14.99987861654872,-0.06034474960144206,5.915745284067333e-13
324.3,3937.539168993689,1.9307647096856784,100.00000000000169,-14.999883275367354,-0.059175377942860694,5.989846050789251e-13
324.40000000000003,3936.009180724569,1.924787969611949,100.00000000000175,-14.99988773427415,-0.05803412075574878,6.062559542331988e-13
324.5,3934.4791920078846,1.9189262093744284,100.0000000000018,-14.99989200167202,-0.056920454809630365,6.133808232433592e-13
324.6,3932.9492028628656,1.9131766415871332,100.00000000000186,-14.999896085648714,-0.05583385836918087,6.203604124742705e-13
324.70000000000005,3931.419213307928,1.9075365319802449,100.00000000000192,-14.999899993984751,-0.05477381177392102,6.271941091374949e-13
324.8,3929.889223360707,1.902003199160396,100.00000000000199,-14.999903734161554,-0.053739797973635026,6.338749541110542e-13
324.90000000000003,3928.359233038085,1.8965740143185241,100.00000000000206,-14.999907313369691,-0.05273130302198142,6.403826177955574e-13
325.0,3926.8292423562225,1.8912464008894374,100.00000000000213,-14.999910738517224,-0.05174781653064452,6.467135798337552e-13
325.1,3925.2992513305853,1.886017834167001,100.0000000000022,-14.99991401623807,-0.05078883208625781,6.528709095582713e-13
325.20000000000005,3923.7692599759735,1.88088584087863,100.00000000000227,-14.999917152900421,-0.04985384763221924,6.588533029097868e-13
325.3,3922.2392683065473,1.8758479987225642,100.00000000000234,-14.999920154615097,-0.04894236581741431,6.64664313622531e-13
325.40000000000003,3920.7092763358523,1.8709019358712031,100.00000000000242,-14.999923027243884,-0.04805389431376045,6.703030820302587e-13
325.5,3919.1792840768467,1.8660453304435825,100.00000000000249,-14.999925776407776,-0.047187946104391316,6.757686271236165e-13
325.6,3917.649291541923,1.8612759099499012,100.00000000000256,-14.999928407495156,-0.046344039744207234,6.810640496193326e-13
325.70000000000005,3916.119298742933,1.8565914507108294,100.00000000000263,-14.999930925669824,-0.04552169959443156,6.861871584871123e-13
325.8,3914.58930569121,1.851989777254168,100.0000000000027,-14.999933335878936,-0.04472045603272874,6.911407657435572e-13
325.90000000000003,3913.0593123975905,1.8474687616912766,100.00000000000277,-14.999935642860775,-0.043939845640360485,6.959274585376639e-13
326.0,3911.529318872435,1.8430263230755382,100.00000000000284,-14.999937851152382,-0.043179411367781605,7.005368609452434e-13
326.1,3909.9993251256483,1.83866042674499,100.00000000000291,-14.99993996509702,-0.042438702680004936,7.04981565079291e-13
326.20000000000005,3908.4693311667,1.8343690836511193,100.00000000000298,-14.999941988851475,-0.04171727568299475,7.092638683202232e-13
326.3,3906.9393370046423,1.830150349675696,100.00000000000306,-14.99994392639316,-0.041014693232284655,7.133804658309757e-13
326.40000000000003,3905.4093426481268,1.8260023249373964,100.00000000000313,-14.999945781527053,-0.04033052502495258,7.173278229302143e-13
326.5,3903.8793481054245,1.8219231530898614,100.0000000000032,-14.99994755789244,-0.03966434767602653,7.211183858899343e-13
326.6,3902.3493533844403,1.8179110206127196,100.00000000000327,-14.999949258969487,-0.03901574478033722,7.247508914403486e-13
326.70000000000005,3900.8193584927303,1.8139641560970148,100.00000000000334,-14.999950888085573,-0.038384306960782606,7.282274737289722e-13
326.8,3899.289363437516,1.810080829526373,100.00000000000341,-14.99995244842149,-0.0377696319039146,7.315527240929955e-13
326.90000000000003,3897.7593682257,1.8062593515551586,100.00000000000348,-14.999953943017411,-0.03717132438371287,7.347248152478926e-13
327.0,3896.22937286388,1.8024980727847801,100.00000000000355,-14.999955374778676,-0.03658899627436154,7.377462833246639e-13
327.1,3894.699377358362,1.7987953830392298,100.00000000000362,-14.999956746481384,-0.036022266552802766,7.406185941186869e-13
327.20000000000005,3893.169381715173,1.7951497106408585,100.0000000000037,-14.999958060777816,-0.035470761291797465,7.43346638555214e-13
327.3,3891.639385940074,1.7915595216873204,100.00000000000377,-14.999959320201635,-0.03493411364418451,7.459314713710971e-13
327.40000000000003,3890.109390038572,1.7880233193305504,100.00000000000384,-14.999960527172934,-0.03441196381899155,7.483722089900497e-13
327.5,3888.5793940159306,1.784539643058573,100.00000000000391,-14.99996168400309,-0.0339039590500141,7.50667889055639e-13
327.6,3887.049397877182,1.7811070679808805,100.00000000000398,-14.99996279289943,-0.033409753557445916,7.528220215955576e-13
327.70000000000005,3885.519401627136,1.7777242041180614,100.00000000000405,-14.999963855969755,-0.032929008503110216,7.548415616867381e-13
327.8,3883.9894052703926,1.7743896956963028,100.00000000000412,-14.999964875226652,-0.032461391939811526,7.567267575701459e-13
327.90000000000003,3882.459408811348,1.7711022204473428,100.00000000000419,-14.999965852591677,-0.032006578755296465,7.584768367504928e-13
328.0,3880.9294122542065,1.7678604889143983,100.00000000000426,-14.999966789899347,-0.031564250611286135,7.600964937274614e-13
328.1,3879.399415602988,1.7646632437645475,100.00000000000433,-14.999967688900993,-0.031134095878014446,7.615855597279999e-13
328.20000000000005,3877.869418861537,1.761509259108004,100.0000000000044,-14.999968551268458,-0.030715809564681743,7.629447143608149e-13
328.3,3876.33942203353,1.7583973398246797,100.00000000000448,-14.999969378597632,-0.03030909324620997,7.64180139238256e-13
328.40000000000003,3874.8094251224834,1.7553263208983958,100.00000000000455,-14.999970172411855,-0.029913654986661927,7.652911760978441e-13
328.5,3873.2794281317606,1.7522950667590609,100.00000000000462,-14.99997093416519,-0.029529209259665717,7.662780458133544e-13
328.6,3871.7494310645793,1.749302470633109,100.0000000000047,-14.999971665245527,-0.029155476866165455,7.671385291487056e-13
328.70000000000005,3870.219433924018,1.7463474539024517,100.00000000000479,-14.999972366977598,-0.02879218484979873,7.678515574246703e-13
328.8,3868.6894367130226,1.743428965472172,100.00000000000487,-14.99997304062583,-0.028439066410184524,7.684216500075877e-13
328.90000000000003,3867.159439434411,1.7405459811471613,100.00000000000496,-14.999973687397093,-0.028095860814386434,7.688492691494101e-13
329.0,3865.629442090881,1.7376975030178696,100.00000000000504,-14.999974308443326,-0.027762313306799246,7.691415260731433e-13
329.1,3864.099444685015,1.7348825588553198,100.00000000000513,-14.999974904864064,-0.027438175017692624,7.693021661830753e-13
329.20000000000005,3862.569447219284,1.7321002015155107,100.00000000000522,-14.999975477708825,-0.027123202870629623,7.693292015596517e-13
329.3,3861.0394496960544,1.7293495083533126,100.0000000000053,-14.99997602797941,-0.026817159488963502,7.692224187686595e-13
329.40000000000003,3859.509452117592,1.7266295806459406,100.00000000000539,-14.999976556632117,-0.026519813101603604,7.689864339331076e-13
329.5,3857.979454486067,1.7239395430260702,100.00000000000547,-14.999977064579818,-0.026230937448228107,7.686226854202316e-13
329.6,3856.449456803557,1.7212785429246418,100.00000000000556,-14.999977552693986,-0.025950311684108798,7.68130690617313e-13
329.70000000000005,3854.9194590720535,1.718645750023388,100.00000000000564,-14.999978021806598,-0.02567772028470355,7.675175864563204e-13
329.8,3853.3894612934637,1.716040355717099,100.00000000000573,-14.999978472711964,-0.02541295295015859,7.66784346476702e-13
329.90000000000003,3851.8594634696146,1.7134615725856255,100.00000000000581,-14.999978906168485,-0.02515580450985541,7.659318463071957e-13
330.0,3850.3294656022586,1.7109086338756136,100.00000000000588,-14.999979322900305,-0.024906074827125178,7.649663617335217e-13
330.1,3848.799467693074,1.7083807929919432,100.00000000000595,-14.999979723598921,-0.024663568704246075,7.639159396523991e-13
330.20000000000005,3847.2694697436705,1.7058773229988382,100.00000000000603,-14.999980108924683,-0.02442809578782971,7.627821633907293e-13
330.3,3845.7394717555912,1.703397516130604,100.0000000000061,-14.999980479508258,-0.024199470474694423,7.615624248437907e-13
330.40000000000003,3844.2094737303164,1.700940683311937,100.00000000000617,-14.999980835951993,-0.023977511818316182,7.602582345790522e-13
330.5,3842.6794756692657,1.6985061536877413,100.00000000000624,-14.99998117883125,-0.02376204343594043,7.58866874487684e-13
330.6,3841.1494775738006,1.696093274162385,100.00000000000631,-14.99998150869566,-0.02355289341643095,7.573908310006541e-13
330.70000000000005,3839.6194794452276,1.6937014089483144,100.00000000000638,-14.999981826070306,-0.023349894228926242,7.558324652072e-13
330.8,3838.089481284801,1.691329939123939,100.00000000000645,-14.999982131456884,-0.023152882632367238,7.541919189935427e-13
330.90000000000003,3836.5594830937243,1.6889782622007004,100.00000000000652,-14.999982425334775,-0.02296169958595412,7.524724320931615e-13
331.0,3835.0294848731533,1.6866457916992228,100.0000000000066,-14.999982708162092,-0.022776190160586147,7.506707550973578e-13
331.1,3833.499486624197,1.6843319567344441,100.00000000000666,-14.999982980376663,-0.02259620345133135,7.487868566460445e-13
331.20000000000005,3831.969488347921,1.6820362016096204,100.00000000000674,-14.99998324239698,-0.022421592490970144,7.468249291027901e-13
331.3,3830.43949004535,1.6797579854190923,100.0000000000068,-14.999983494623077,-0.02225221416465056,7.447857693393226e-13
331.40000000000003,3828.9094917174666,1.6774967816596973,100.00000000000688,-14.999983737437415,-0.022087929125690266,7.426636253471466e-13
331.5,3827.379493365216,1.6752520778507103,100.00000000000695,-14.999983971205667,-0.021928601712555826,7.404626074887384e-13
331.6,3825.849494989507,1.6730233751621897,100.00000000000702,-14.999984196277508,-0.021774099867045947,7.381844811779525e-13
331.70000000000005,3824.3194965912126,1.670810188051607,100.00000000000709,-14.999984412987349,-0.02162429505370167,7.358309120534739e-13
331.8,3822.789498171173,1.6686120439086316,100.00000000000716,-14.999984621655045,-0.0214790621804648,7.334012650032266e-13
331.90000000000003,3821.2594997301953,1.6664284827079432,100.00000000000723,-14.999984822586557,-0.021338279520599916,7.308993001365474e-13
332.0,3819.729501269057,1.664259056669943,100.0000000000073,-14.9999850160746,-0.021201828635896362,7.283264021403095e-13
332.1,3818.1995027885055,1.6621033299292312,100.00000000000738,-14.999985202399234,-0.021069594301160035,7.256827453485785e-13
332.20000000000005,3816.6695042892607,1.6599608782107207,100.00000000000745,-14.999985381828461,-0.020941464430005403,7.22963959487858e-13
332.3,3815.1395057720147,1.6578312885132507,100.00000000000752,-14.999985554618762,-0.020817330001953415,7.201713838541524e-13
332.40000000000003,3813.609507237435,1.6557141588005704,100.00000000000759,-14.999985721015634,-0.020697084990841805,7.173062716844903e-13
332.5,3812.0795086861635,1.6536090976995568,100.00000000000766,-14.999985881254064,-0.020580626294547977,7.143697931702036e-13
332.6,3810.549510118819,1.6515157242055318,100.00000000000773,-14.999986035559044,-0.0204678536660284,7.113630383297141e-13
332.70000000000005,3809.0195115359975,1.6494336673945476,100.0000000000078,-14.99998618414598,-0.020358669645670464,7.082858590592563e-13
332.8,3807.489512938274,1.6473625661425022,100.00000000000787,-14.999986327221155,-0.020252979494957357,7.051441926811955e-13
332.90000000000003,3805.9595143262018,1.6453020688509559,100.00000000000794,-14.999986464982126,-0.020150691131439514,7.019279745674821e-13
333.0,3804.429515700315,1.6432518331795112,100.00000000000801,-14.999986597618111,-0.020051715065009544,6.986382134593409e-13
333.1,3802.8995170611283,1.6412115257846276,100.00000000000809,-14.999986725310373,-0.019955964335472295,6.952758407138212e-13
333.20000000000005,3801.3695184091393,1.6391808220647373,100.00000000000816,-14.999986848232565,-0.0198633544514037,6.91852715359893e-13
333.3,3799.839519744827,1.63715940591153,100.00000000000823,-14.999986966551067,-0.019773803330289216,6.883582397983997e-13
333.40000000000003,3798.3095210686542,1.6351469694672798,100.0000000000083,-14.999987080425305,-0.019687231239931716,6.847931433528098e-13
333.5,3796.7795223810676,1.6331432128880823,100.00000000000837,-14.999987190008072,-0.01960356074111944,6.811580866104047e-13
333.6,3795.2495236824984,1.631147844112875,100.00000000000844,-14.999987295445797,-0.019522716631541485,6.774536634740863e-13
333.70000000000005,3793.719524973363,1.6291605786381154,100.00000000000851,-14.999987396878836,-0.019444625890939742,6.736804031066359e-13
333.8,3792.1895262540647,1.6271811392979891,100.00000000000858,-14.999987494441738,-0.019369217627483722,6.69838771771083e-13
333.90000000000003,3790.6595275249924,1.6252092560500266,100.00000000000865,-14.99998758826348,-0.019296423025355353,6.659267071899459e-13
334.0,3789.1295287865223,1.6232446657660033,100.00000000000873,-14.999987678467726,-0.01922617529353039,6.619471091227203e-13
334.1,3787.5995300390177,1.621287112028003,100.0000000000088,-14.999987765173044,-0.019158409615741483,6.578990074452454e-13
334.20000000000005,3786.069531282831,1.6193363449295255,100.00000000000887,-14.999987848493124,-0.019093063101608708,6.537763989698293e-13
334.3,3784.5395325183026,1.6173921208815187,100.00000000000894,-14.99998792853699,-0.01903007473892192,6.495796752970429e-13
334.40000000000003,3783.009533745762,1.615454202423219,100.00000000000901,-14.99998800540919,-0.01896938534706082,6.453091641387843e-13
334.5,3781.479534965528,1.6135223580376852,100.00000000000908,-14.999988079209986,-0.01891093753153595,6.40965130889173e-13
334.6,3779.9495361779095,1.6115963619719118,100.00000000000915,-14.999988150035536,-0.018854675639635724,6.365477800992727e-13
334.70000000000005,3778.4195373832067,1.6096759940614105,100.00000000000922,-14.999988217978062,-0.018800545717162595,6.320546724572495e-13
334.8,3776.889538581709,1.6077610395591475,100.0000000000093,-14.999988283126017,-0.018748495466243586,6.274885697784412e-13
334.90000000000003,3775.359539773698,1.6058512889687317,100.00000000000935,-14.999988345564221,-0.018698474204198127,6.228552435628649e-13
335.0,3773.829540959446,1.6039465378817428,100.00000000000941,-14.999988405374035,-0.01865043282344731,6.181835710437141e-13
335.1,3772.299542139218,1.6020465868190954,100.00000000000946,-14.999988462633485,-0.01860432375244828,6.134742660326771e-13
335.20000000000005,3770.7695433132703,1.6001512410763377,100.00000000000952,-14.999988517417403,-0.018560100917637705,6.087262245066174e-13
335.3,3769.2395444818526,1.5982603105727777,100.00000000000958,-14.99998856979754,-0.018517719706367817,6.039383357549697e-13
335.40000000000003,3767.7095456452066,1.5963736097043422,100.00000000000963,-14.99998861984271,-0.018477136930819586,5.991094815400904e-13
335.5,3766.1795468035675,1.5944909572000643,100.00000000000969,-14.99998866761889,-0.0184383107928761,5.942385352517024e-13
335.6,3764.649547957164,1.5926121759821072,100.00000000000975,-14.99998871318933,-0.01840120084994122,5.893243610544075e-13
335.70000000000005,3763.1195491062185,1.590737093029225,100.0000000000098,-14.999988756614668,-0.01836576798168663,5.84365813027221e-13
335.8,3761.589550250947,1.5888655392435684,100.00000000000986,-14.999988797953021,-0.01833197435771301,5.793617342940495e-13
335.90000000000003,3760.0595513915596,1.5869973493207425,100.00000000000992,-14.99998883726009,-0.018299783406108598,5.743109561440177e-13
336.0,3758.5295525282613,1.585132361623026,100.00000000000998,-14.999988874589237,-0.018269159782891144,5.69212297140512e-13
336.1,3756.9995536612514,1.583270418055662,100.00000000001003,-14.999988909991579,-0.018240069342316652,5.640645622177816e-13
336.20000000000005,3755.469554790724,1.5814113639461347,100.00000000001009,-14.999988943516083,-0.018212479108041933,5.588665417639048e-13
336.3,3753.939555916869,1.5795550479263412,100.00000000001015,-14.99998897520962,-0.018186357245124976,5.536170106888893e-13
336.40000000000003,3752.40955703987,1.5777013218175795,100.0000000000102,-14.99998900511706,-0.01816167303284946,5.483132815917111e-13
336.5,3750.879558159908,1.575850040518265,100.00000000001026,-14.999989033281327,-0.01813839683835924,5.429469102933674e-13
336.6,3749.3495592771587,1.5740010618942952,100.00000000001032,-14.999989059743491,-0.018116500091089213,5.375168595707623e-13
336.70000000000005,3747.8195603917943,1.5721542466719827,100.00000000001037,-14.999989084542806,-0.018095955257978417,5.320220610524135e-13
336.8,3746.2895615039824,1.5703094583334747,100.00000000001043,-14.999989107716782,-0.018076735819453748,5.264614146089529e-13
336.90000000000003,3744.759562613887,1.5684665630145858,100.00000000001049,-14.999989129301253,-0.018058816246169576,5.208337877020357e-13
337.0,3743.2295637216685,1.566625429404962,100.00000000001054,-14.999989149330421,-0.018042171976492126,5.151380146907527e-13
337.1,3741.699564827484,1.564785928650506,100.0000000000106,-14.99998916783691,-0.018026779394715607,5.093728960945478e-13
337.20000000000005,3740.1695659314883,1.5629479342579846,100.00000000001066,-14.999989184851824,-0.018012615809999216,5.035371978115458e-13
337.3,3738.639567033831,1.5611113220017503,100.00000000001071,-14.999989200404785,-0.01799965943601227,4.976265946681102e-13
337.40000000000003,3737.1095681346605,1.559275969832501,100.00000000001077,-14.999989214523989,-0.017987889371278015,4.91642941473941e-13
337.5,3735.579569234121,1.5574417577880095,100.00000000001083,-14.99998922723624,-0.017977285580203967,4.855848905787974e-13
337.6,3734.049570332356,1.5556085679057547,100.00000000001087,-14.999989238566991,-0.017967828874789166,4.794583295365085e-13
337.70000000000005,3732.5195714295046,1.5537762841373812,100.00000000001091,-14.999989248540398,-0.017959500896998024,4.732980308260689e-13
337.8,3730.9895725257043,1.551944792264925,100.00000000001096,-14.999989257179339,-0.017952284101791567,4.671015249929721e-13
337.90000000000003,3729.45957362109,1.5501139798187353,100.000000000011,-14.99998926450545,-0.017946161740807785,4.608662448758949e-13
338.0,3727.929574715795,1.5482837359970285,100.00000000001104,-14.999989270539176,-0.017941117846680718,4.5458963658288624e-13
338.1,3726.39957580995,1.5464539515870086,100.00000000001108,-14.999989275299779,-0.01793713721799067,4.4826915642664303e-13
338.20000000000005,3724.869576903684,1.5446245188874903,100.00000000001113,-14.999989278805385,-0.017934205404839157,4.4190226788433894e-13
338.3,3723.3395779971243,1.542795331632962,100.00000000001117,-14.999989281073,-0.01793230869503936,4.354864385767976e-13
338.40000000000003,3721.8095790903967,1.540966284919025,100.00000000001121,-14.999989282118541,-0.017931434100915966,4.2901913726178257e-13
338.5,3720.2795801836246,1.5391372751291503,100.00000000001125,-14.999989281956863,-0.017931569346708053,4.224978308361368e-13
338.6,3718.749581276931,1.5373081998626852,100.0000000000113,-14.999989280601778,-0.017932702856570393,4.159345253846249e-13
338.70000000000005,3717.219582370437,1.5354789578640573,100.00000000001134,-14.99998927806608,-0.01793482374316397,4.093274013860732e-13
338.8,3715.6895834642623,1.5336494489531096,100.00000000001138,-14.999989274361551,-0.017937921796836113,4.026587686617337e-13
338.90000000000003,3714.1595845585257,1.53181957395651,100.00000000001143,-14.99998926949901,-0.017941987475382126,3.95924956619356e-13
339.0,3712.6295856533447,1.5299892346401747,100.00000000001147,-14.999989263488294,-0.017947011894384968,3.8912341999833885e-13
339.1,3711.0995867488364,1.5281583336426479,100.00000000001151,-14.999989256338296,-0.017952986818132025,3.8225159198333757e-13
339.20000000000005,3709.5695878451165,1.526326774409377,100.00000000001155,-14.999989248056977,-0.017959904651103524,3.753068811806862e-13
339.3,3708.0395889423,1.5244944611278284,100.0000000000116,-14.999989238651372,-0.01796775843003221,3.682866685560349e-13
339.40000000000003,3706.5095900405013,1.522661298663382,100.00000000001164,-14.999989228127609,-0.017976541816533586,3.6118830432703957e-13
339.5,3704.979591139834,1.5208271924959498,100.00000000001168,-14.999989216490913,-0.01798624909030248,3.540091048047365e-13
339.6,3703.449592240412,1.5189920486572566,100.00000000001172,-14.999989203745617,-0.017996875142880384,3.467463491770084e-13
339.70000000000005,3701.9195933423484,1.5171557736687302,100.00000000001175,-14.99998918989518,-0.018008415471989253,3.394052562900107e-13
339.8,3700.3895944457554,1.5153182744799376,100.00000000001178,-14.999989174942169,-0.018020866176437996,3.3202334735687203e-13
339.90000000000003,3698.8595955507453,1.5134794584075124,100.00000000001181,-14.999989158888297,-0.0180342239515993,3.245998179868933e-13
340.0,3697.3295966574306,1.5116392330745134,100.00000000001184,-14.999989141734403,-0.01804848608546152,3.1713063036576134e-13
340.1,3695.799597765924,1.5097975063501565,100.00000000001187,-14.999989123480464,-0.01806365045525927,3.0961176000042906e-13
340.20000000000005,3694.269598876337,1.50795418628986,100.0000000000119,-14.999989104125593,-0.01807971552468472,3.020391900939385e-13
340.3,3692.7395999887826,1.5061091810755443,100.00000000001192,-14.99998908366805,-0.01809668034168927,2.9440890591705665e-13
340.40000000000003,3691.2096011033736,1.5042623989561243,100.00000000001195,-14.99998906210522,-0.018114544536875835,2.8671688916482946e-13
340.5,3689.6796022202225,1.5024137481881368,100.00000000001198,-14.999989039433638,-0.018133308322492173,2.789591122858693e-13
340.6,3688.149603339443,1.5005631369764367,100.00000000001201,-14.99998901564897,-0.01815297249203425,2.711315327718518e-13
340.70000000000005,3686.619604461149,1.498710473414904,100.00000000001204,-14.999988990746003,-0.01817353842046391,2.63230087394316e-13
340.8,3685.0896055854546,1.496855665427095,100.00000000001207,-14.999988964718657,-0.01819500806505476,2.5525068637543114e-13
340.90000000000003,3683.559606712475,1.4949986207067754,100.0000000000121,-14.999988937559968,-0.018217383966875597,2.4718920747890027e-13
341.0,3682.0296078423266,1.4931392466582676,100.00000000001212,-14.999988909262074,-0.0182406692529243,2.390414900066338e-13
341.1,3680.4996089751257,1.4912774503365467,100.00000000001215,-14.999988879816216,-0.01826486763892415,2.3080332868621477e-13
341.20000000000005,3678.96961011099,1.4894131383870166,100.00000000001218,-14.999988849212723,-0.018289983432797963,2.2247046743350735e-13
341.3,3677.439611250038,1.4875462169848959,100.00000000001221,-14.999988817440997,-0.018316021538836557,2.1403859297401374e-13
341.40000000000003,3675.90961239239,1.4856765917741415,100.00000000001224,-14.999988784489505,-0.01834298746257784,2.055033283057638e-13
341.5,3674.3796135381667,1.483804167805838,100.00000000001225,-14.999988750345755,-0.01837088731641535,1.9687038449838685e-13
341.6,3672.8496146874904,1.4819288494759757,100.00000000001226,-14.999988714996285,-0.01839972782595746,1.8818584273398856e-13
341.70000000000005,3671.3196158404853,1.4800505404625401,100.00000000001228,-14.999988678426647,-0.018429516337158492,1.794440012323557e-13
341.8,3669.7896169972764,1.4781691436618345,100.00000000001229,-14.999988640621376,-0.018460260824244637,1.7063899533774733e-13
341.90000000000003,3668.259618157991,1.4762845611239501,100.0000000000123,-14.99998860156398,-0.018491969898462246,1.6176494477394455e-13
342.0,3666.7296193227576,1.4743966939873017,100.00000000001232,-14.999988561236902,-0.018524652817674396,1.5281594393748145e-13
342.1,3665.199620491707,1.4725054424121382,100.00000000001234,-14.999988519621521,-0.01855831949683625,1.4378605203214025e-13
342.20000000000005,3663.669621664971,1.4706107055129396,100.00000000001235,-14.999988476698089,-0.01859298051937876,1.3468923321080747e-13
342.3,3662.139622842685,1.468712381289602,100.00000000001236,-14.999988432445718,-0.01862864714953726,1.2552077482040063e-13
342.40000000000003,3660.609624024986,1.466810366557317,100.00000000001238,-14.999988386842361,-0.018665331345660025,1.162539426588013e-13
342.5,3659.079625212012,1.4649045568750405,100.00000000001239,-14.99998833986476,-0.01870304577453614,1.068806602664689e-13
342.6,3657.549626403906,1.4629948464724454,100.0000000000124,-14.999988291488409,-0.018741803826783258,9.739471515241203e-14
342.70000000000005,3656.0196276008114,1.4610811281752478,100.00000000001242,-14.999988241687523,-0.01878161963334213,8.778979333154638e-14
342.8,3654.489628802875,1.4591632933287932,100.00000000001243,-14.999988190435001,-0.018822508083123173,7.805946755111118e-14
342.90000000000003,3652.959630010246,1.4572412317197787,100.00000000001245,-14.999988137702363,-0.018864484841858452,6.819718507472104e-14
343.0,3651.4296312230786,1.4553148314959898,100.00000000001245,-14.99998808345973,-0.018907566372210017,5.820725300271051e-14
343.1,3649.899632441527,1.4533839790839176,100.00000000001245,-14.999988027675741,-0.01895176995519709,4.8138622697797017e-14
343.20000000000005,3648.3696336657513,1.4514485591041197,100.00000000001245,-14.999987970317527,-0.018997113713001366,3.79883091326937e-14
343.3,3646.8396348959136,1.4495084542841818,100.00000000001245,-14.999987911350646,-0.01904361663321745,2.7747988506301397e-14
343.40000000000003,3645.30963613218,1.4475635453691271,100.00000000001245,-14.999987850739013,-0.019091298594619225,1.7409249226881866e-14
343.5,3643.7796373747206,1.4456137110291167,100.00000000001245,-14.999987788444844,-0.019140180394517384,6.963574673259421e-15
343.6,3642.249638623709,1.4436588277642737,100.00000000001245,-14.999987724428594,-0.019190283777789995,-3.597674659676114e-15
343.70000000000005,3640.719639879323,1.441698769806456,100.00000000001245,-14.999987658648873,-0.019241631467670044,-1.4283279706187528e-14
343.8,3639.1896411417456,1.4397334090177942,100.00000000001245,-14.99998759106237,-0.019294247198382592,-2.5107806550231103e-14
343.90000000000003,3637.6596424111635,1.4377626147858014,100.00000000001245,-14.999987521623778,-0.019348155749729628,-3.60745803278023e-14
344.0,3636.129643687768,1.4357862539148487,100.00000000001245,-14.999987450285708,-0.019403382983726056,-4.719293443873128e-14
344.1,3634.599644971756,1.4338041905137962,100.00000000001245,-14.99998737699859,-0.01945995588339864,-5.847242622942032e-14
344.20000000000005,3633.0696462633287,1.4318162858795458,100.00000000001245,-14.99998730171057,-0.01951790259386485,-6.992286037067161e-14
344.3,3631.539647562694,1.429822398376285,100.00000000001243,-14.999987224367421,-0.01957725246581934,-8.154135211519092e-14
344.40000000000003,3630.009648870064,1.4278223833101618,100.00000000001242,-14.999987144912426,-0.01963803610155894,-9.32724405854908e-14
344.5,3628.4796501856586,1.42581609279913,100.0000000000124,-14.999987063286255,-0.01970028540369389,-1.0512157405750138e-13
344.6,3626.949651509702,1.4238033756376796,100.00000000001239,-14.999986979426843,-0.01976403362669007,-1.1710057997802675e-13
344.70000000000005,3625.419652842426,1.421784077156158,100.00000000001238,-14.999986893269257,-0.019829315431411466,-1.2922174648341223e-13
344.8,3623.8896541840686,1.419758039074365,100.00000000001236,-14.999986804745562,-0.019896166942828215,-1.4149763838244604e-13
344.90000000000003,3622.3596555348754,1.41772509934909,100.00000000001235,-14.999986713784658,-0.019964625811072972,-1.5391323003282351e-13
345.0,3620.8296568950996,1.4156850920152422,100.00000000001234,-14.999986620312123,-0.020034731276040673,-1.6647930344166835e-13
345.1,3619.299658265001,1.4136378470201985,100.00000000001232,-14.999986524250051,-0.02010652423573259,-1.7923832765510176e-13
345.20000000000005,3617.7696596448495,1.4115831900509785,100.0000000000123,-14.999986425516866,-0.02018004731856436,-1.922073740425757e-13
345.3,3616.239661034922,1.4095209423538304,100.00000000001229,-14.999986324027118,-0.020255344959859603,-2.054008725449558e-13
345.40000000000003,3614.7096624355045,1.4074509205457872,100.00000000001226,-14.999986219691294,-0.020332463482774826,-2.1881848568379186e-13
345.5,3613.179663846893,1.405372936417731,100.00000000001224,-14.99998611241559,-0.020411451183904063,-2.3240157582420914e-13
345.6,3611.6496652693936,1.4032867967284717,100.00000000001221,-14.999986002101675,-0.020492358423826358,-2.4617748596353693e-13
345.70000000000005,3610.1196667033214,1.4011923029893238,100.00000000001218,-14.999985888646451,-0.020575237722875502,-2.601632493892177e-13
345.8,3608.5896681490035,1.399089251238634,100.00000000001215,-14.999985771941773,-0.020660143862411953,-2.743767566606711e-13
345.90000000000003,3607.059669606778,1.3969774318056807,100.00000000001212,-14.999985651874175,-0.0207471339918963,-2.8883656925272124e-13
346.0,3605.5296710769944,1.3948566290633435,100.0000000000121,-14.999985528324572,-0.0208362677420667,-3.03561992958456e-13
346.1,3603.9996725600154,1.3927266211688982,100.00000000001207,-14.999985401167924,-0.020927607344524975,-3.185731576297714e-13
346.20000000000005,3602.4696740562167,1.3905871797922715,100.00000000001204,-14.999985270272902,-0.021021217758045194,-3.338911040548844e-13
346.3,3600.9396755659877,1.388438069831054,100.00000000001201,-14.999985135501511,-0.021117166801906614,-3.495378788828067e-13
346.40000000000003,3599.409677089732,1.386279049111537,100.00000000001197,-14.99998499670871,-0.021215525296552906,-3.6551831930368734e-13
346.5,3597.8796786278695,1.3841098680750157,100.00000000001192,-14.999984853741983,-0.021316367211852802,-3.81763369631636e-13
346.6,3596.3496801808346,1.3819302694485645,100.00000000001188,-14.999984706440895,-0.021419769823212656,-3.9828906366844767e-13
346.70000000000005,3594.8196817490793,1.3797399878994794,100.00000000001184,-14.999984554636615,-0.021525813875759112,-4.1512228513685107e-13
346.8,3593.2896833330738,1.3775387496725509,100.0000000000118,-14.999984398151406,-0.021634583756729744,-4.322524802784696e-13
346.90000000000003,3591.7596849333067,1.3753262722093278,100.00000000001175,-14.999984236798097,-0.021746167676146424,-4.4970537674157366e-13
347.0,3590.2296865502863,1.3731022637485302,100.00000000001171,-14.999984070379478,-0.021860657855723224,-4.675532196371364e-13
347.1,3588.699688184541,1.3708664229067784,100.00000000001167,-14.999983898687715,-0.021978150725820413,-4.858339149330321e-13
347.20000000000005,3587.169689836622,1.3686184382388376,100.00000000001161,-14.999983721503677,-0.02209874713004192,-5.045612559882247e-13
347.3,3585.6396915071036,1.36635798777663,100.00000000001155,-14.99998353859626,-0.02222255253682537,-5.236615961993687e-13
347.40000000000003,3584.109693196584,1.3640847385463493,100.0000000000115,-14.999983349721642,-0.022349677257031606,-5.431622657686655e-13
347.5,3582.579694905687,1.3617983460631364,100.00000000001144,-14.999983154622521,-0.02248023666608545,-5.631049732392493e-13
347.6,3581.0496966350643,1.3594984538029546,100.00000000001138,-14.999982953027294,-0.022614351428648996,-5.835345379671018e-13
347.70000000000005,3579.5196983853953,1.3571846926515374,100.00000000001133,-14.999982744649209,-0.022752147723049693,-6.044988992810166e-13
347.8,3577.9897001573904,1.3548566803306243,100.00000000001127,-14.999982529185468,-0.02289375746170605,-6.26049526715354e-13
347.90000000000003,3576.4597019517914,1.3525140208021402,100.0000000000112,-14.99998230631633,-0.02303931850252095,-6.482157014366721e-13
348.0,3574.929703769374,1.3501563036515674,100.00000000001113,-14.999982075704146,-0.02318897484454887,-6.709232238659798e-13
348.1,3573.39970561095,1.3477831034525556,100.00000000001106,-14.999981836992427,-0.02334287679908504,-6.942194568467708e-13
348.20000000000005,3571.8697074773686,1.345393979115853,100.00000000001098,-14.999981589804895,-0.02350118112447814,-7.181158713674904e-13
348.3,3570.3397093695185,1.3429884732270176,100.00000000001091,-14.999981333744556,-0.023664051109249126,-7.426784143464657e-13
348.40000000000003,3568.80971128833,1.340566111379188,100.00000000001084,-14.99998106839287,-0.023831656583186877,-7.680525558954696e-13
348.5,3567.2797132347787,1.3381264015095784,100.00000000001076,-14.999980793308996,-0.02400417382958672,-7.943376422519032e-13
348.6,3565.749715209885,1.335668833251534,100.00000000001067,-14.999980508029225,-0.024181785363116964,-8.214685820453746e-13
348.70000000000005,3564.2197172147194,1.333192877318165,100.00000000001059,-14.999980212066669,-0.024364679526206447,-8.495372473893238e-13
348.8,3562.6897192504034,1.3306979849391554,100.0000000000105,-14.999979904911322,-0.02455304984115571,-8.786974786628997e-13
348.90000000000003,3561.1597213181117,1.3281835873797876,100.00000000001042,-14.99997958603067,-0.024747094033900373,-9.090775310251939e-13
349.0,3559.6297234190747,1.3256490955812128,100.00000000001032,-14.99997925487104,-0.024947012616174734,-9.407829739601086e-13
349.1,3558.099725554581,1.3230938999745174,100.00000000001022,-14.999978910860017,-0.025153006872481787,-9.73796275401099e-13
349.20000000000005,3556.569727725978,1.32051737053953,100.00000000001012,-14.99997855341038,-0.02536527604190933,-1.0081689702079997e-12
349.3,3555.0397299346746,1.3179188572045744,100.00000000001002,-14.999978181926068,-0.025584013405243394,-1.0440853993106223e-12
349.40000000000003,3553.5097321821404,1.3152976907183935,100.0000000000099,-14.999977795811116,-0.02580940087394214,-1.081811356385567e-12
349.5,3551.979734469905,1.3126531841745488,100.00000000000979,-14.999977394482656,-0.026041601512402167,-1.1214249087158649e-12
349.6,3550.4497367995555,1.3099846354382074,100.00000000000968,-14.999976977389746,-0.026280749181742363,-1.1631431393850867e-12
349.70000000000005,3548.9197391727325,1.3072913308253762,100.00000000000955,-14.99997654404052,-0.02652693412897128,-1.2072644358098093e-12
349.8,3547.3897415911206,1.3045725505309465,100.00000000000942,-14.999976094041276,-0.026780182788699654,-1.2539994065657435e-12
349.90000000000003,3545.859744056435,1.3018275765195586,100.0000000000093,-14.999975627153162,-0.027040429195543673,-1.3036331372621657e-12
350.0,3544.3297465704013,1.299055703923686,100.00000000000915,-14.999975143374838,-0.027307474014284457,-1.3566525160191536e-12
350.1,3542.7997491347237,1.2962562575068142,100.00000000000901,-14.999974643064615,-0.027580924904525447,-1.4136058469791765e-12
350.20000000000005,3541.2697517510364,1.2934286155694827,100.00000000000887,-14.999974127123686,-0.02786010803994588,-1.4753064078255307e-12
350.3,3539.739754420833,1.2905722450272146,100.00000000000871,-14.999973597276595,-0.028143933715888202,-1.542741294550236e-12
350.40000000000003,3538.2097571453546,1.287686753700838,100.00000000000855,-14.999973056511779,-0.02843068625092905,-1.6166978418317531e-12
350.5,3536.6797599254214,1.2847719699937312,100.00000000000838,-14.999972509796493,-0.02871768356859565,-1.6988872263101047e-12
350.6,3535.149762761163,1.2818280679339402,100.0000000000082,-14.99997196528675,-0.02900070019103733,-1.7913272931834385e-12
350.70000000000005,3533.619765651579,1.2788557713060351,100.00000000000801,-14.999971436490227,-0.029272930794619408,-1.896682017233667e-12
350.8,3532.0897685937875,1.2758567051861571,100.00000000000782,-14.999970951021142,-0.02952064568856287,-2.018552555984429e-12
350.90000000000003,3530.5623047717295,1.2728401805298755,100.0000000000076,-14.999970607307155,-0.029694779363437968,-2.14842617732605e-12
351.0,3529.040845200712,1.2698249850124785,100.00000000000738,-14.99997054497519,-0.02972624895142243,-2.2770180028962053e-12
351.1,3527.5255003560574,1.266827515991107,100.00000000000713,-14.999970820815818,-0.029586731384328813,-2.4061741473760676e-12
351.20000000000005,3526.0162711975386,1.2638651437335462,100.00000000000689,-14.999971441989624,-0.029270112669252148,-2.5368964615595996e-12
351.3,3524.5131451211646,1.2609559173229585,100.00000000000664,-14.999972420813478,-0.028764124097467546,-2.671076229933242e-12
351.40000000000003,3523.0161095776325,1.2581192233017462,100.00000000000637,-14.919083542803422,-0.027898261008189408,-2.7946920272658998e-12
351.5,3521.532944321634,1.2553930366258277,100.00000000000608,-14.723601790093351,-0.026536776146627312,-2.9005723525033387e-12
351.6,3520.0747019807764,1.2528325974298218,100.00000000000578,-14.421683396865387,-0.024560983544096946,-2.9898454467840018e-12
351.70000000000005,3518.651694020567,1.2505056467014997,100.00000000000549,-14.019985120000223,-0.021848035999022932,-3.062138144303112e-12
351.8,3517.2735762983234,1.2484912781384896,100.00000000000517,-13.524955821809106,-0.018293217543783127,-3.1192585464954613e-12
351.90000000000003,3515.9493583541644,1.2468782512370669,100.00000000000486,-12.948152706071797,-0.013847514762744519,-3.161355700308853e-12
352.0,3514.6845420712953,1.2457399294822968,100.00000000000455,-12.348173230877912,-0.008885067909226326,-3.1878569948994424e-12
352.1,3513.479723599724,1.2451139144660166,100.00000000000423,-11.748196506055754,-0.0036005572007348175,-3.2019856742285237e-12
352.20000000000005,3512.3349026571163,1.245032268735428,100.00000000000391,-11.148222691018832,0.0020045451273107374,-3.2069087707227737e-12
352.3,3511.2500789370597,1.2455277610059567,100.00000000000358,-10.548252123241253,0.007946983340185045,-3.2045808951118244e-12
352.40000000000003,3510.225252089594,1.246635660620855,100.00000000000325,-9.948285342724635,0.01426006761400609,-3.1969333750704013e-12
352.5,3509.260421698181,1.2483954477359125,100.00000000000294,-9.348323154526993,0.020995204281512515,-3.1856412246775216e-12
352.6,3508.3555872479315,1.2508528218164652,100.00000000000263,-8.748366745150031,0.028226407609664866,-3.1724941546807327e-12
352.70000000000005,3507.5107480776883,1.2540623715786654,100.00000000000232,-8.148417903724898,0.03605969713359973,-3.158668438740618e-12
352.8,3506.7259033015375,1.2580915081213377,100.000000000002,-7.5484794327983975,0.04464939880258274,-3.1450693211313276e-12
352.90000000000003,3506.0010516767056,1.2630262937379095,100.00000000000169,-6.948555829513583,0.054219148564906026,-3.1326224434863237e-12
353.0,3505.336191360967,1.268980839246132,100.00000000000138,-6.348655013331674,0.06511982812999605,-3.122428211835362e-12
353.1,3504.731319403809,1.2761147134975548,100.00000000000107,-5.748792266674444,0.07793590317735931,-3.1159724982125773e-12
353.20000000000005,3504.1864305436548,1.2846675402114822,100.00000000000075,-5.149001888227377,0.0937559187634634,-3.1159999121638416e-12
353.3,3503.7015136272476,1.295042236496849,100.00000000000044,-4.549382315030676,0.11500290949219884,-3.128492244142282e-12
353.40000000000003,3503.2765362283985,1.3080652185790234,100.00000000000013,-3.9503679430975804,0.14884620865160544,-3.1707577480753567e-12
353.5,3502.9113472835134,1.3259281168049883,99.9999999999998,-3.3538058287407426,0.2124711026372451,-3.2805378053471693e-12
353.6,3502.6058133152183,1.3501831208455468,99.99999999999947,-2.7564717975024307,0.26849066836903235,-3.3540525035103567e-12
353.70000000000005,3502.360085673366,1.3792271458194387,99.99999999999913,-2.158097508822997,0.3126031457273028,-3.3885186749483115e-12
353.8,3502.1741529356354,1.4131888714372665,99.99999999999879,-1.5609955302320038,0.37099991833238466,-3.447426173896864e-12
353.90000000000003,3502.047838858547,1.4538698072091483,99.99999999999844,-0.9649244793863848,0.43917317914401993,-3.50867339613479e-12
354.0,3501.9812710268766,1.499878848367012,99.99999999999808,-0.36613999283737286,0.4765243382224383,-3.48447309779063e-12
354.1,3501.9746390740156,1.5485529395239679,99.99999999999774,0.23357112859952267,0.4947291337749567,-3.4109827111238574e-12
354.20000000000005,3502.027992434736,1.5984887232718525,99.9999999999974,0.8335143145015524,0.5026541325948756,-3.311293966198472e-12
354.3,3502.141343567821,1.6488691725302547,99.99999999999707,1.4335106776095563,0.5040725670560482,-3.1952238026079764e-12
354.40000000000003,3502.3146943534516,1.6991554717200839,99.99999999999676,2.033501936016042,0.5010238214443429,-3.0681211655330717e-12
354.5,3502.5480430945786,1.74896485861095,99.99999999999646,2.6334678534557048,0.4946832752049277,-2.9323934031869606e-12
354.6,3502.8413868309754,1.7980064468534886,99.99999999999618,3.2334011600583032,0.485762537501741,-2.7900242324171075e-12
354.70000000000005,3503.1947221545215,1.8460470128796471,99.99999999999591,3.833299401205726,0.47472675771704387,-2.642081487501043e-12
354.8,3503.60804552428,1.8928921793129887,99.99999999999565,4.433162091685517,0.46190011474441217,-2.4895866336917834e-12
354.90000000000003,3504.081353399668,1.9383753356480184,99.99999999999541,5.032989609862612,0.4475205569345732,-2.333205816395148e-12
355.0,3504.614642297853,1.982350590137081,99.99999999999518,5.632782689177971,0.43176867181726675,-2.1731598400987982e-12
355.1,3505.207908820127,2.0246881352789785,99.99999999999497,6.2325422551732945,0.41478782020001514,-2.0097784997459876e-12
355.20000000000005,3505.86114966572,2.0652711200785836,99.99999999999477,6.832269331581885,0.3966952801566465,-1.8430669718694267e-12
355.3,3506.574361639596,2.103993443444995,99.9999999999946,7.431965006913359,0.37758981937572755,-1.6734004628361548e-12
355.40000000000003,3507.347541658634,2.1407581855135054,99.99999999999444,8.03163043221414,0.3575570514806386,-1.5008141040760002e-12
355.5,3508.1806867585124,2.175476498767902,99.9999999999943,8.63126683592728,0.3366733790018975,-1.325581457545579e-12
355.6,3509.0737941026405,2.2080668443464018,99.99999999999417,9.23087554901108,0.3150090193637189,-1.147446911362979e-12
355.70000000000005,3510.026860993963,2.2384544989225543,99.99999999999407,9.830458037035399,0.2926304333091546,-9.664643051132702e-13
355.8,3511.0398848902573,2.2665712837773535,99.99999999999399,10.430015937765976,0.2696023696910392,-7.829368207087541e-13
355.90000000000003,3512.1128634234383,2.2923554855985153,99.99999999999392,11.029551103649853,0.24598967633469507,-5.966033174183014e-13
356.0,3513.2457944233483,2.315751951386145,99.99999999999386,11.629065649045927,0.22185898737435858,-4.073804925401065e-13
356.1,3514.438675946508,2.3367123496025766,99.99999999999383,12.228562002201036,0.19728037395147857,-2.1521007890693475e-13
356.20000000000005,3515.691506310299,2.3551955976754,99.99999999999382,12.828042961939847,0.17232903230246105,-2.0192085624125225e-14
356.3,3517.004284133047,2.3711684630569647,99.99999999999383,13.427511758839028,0.14708707826259926,1.7757366246694192e-13
356.40000000000003,3518.3770083804206,2.38460635197232,99.99999999999386,14.026972120271866,0.12164551878983303,3.779588312402934e-13
356.5,3519.809678418479,2.395494307392277,99.9999999999939,14.6264283380768,0.09610647912206899,5.812436545115598e-13
356.6,3521.3022940735314,2.4038282463291822,99.99999999999397,14.999838815385724,0.06953784903082966,7.755534707886828e-13
356.70000000000005,3522.8322520581287,2.4095357793226353,99.99999999999406,14.999938593161733,0.04292087344461393,9.431837205962091e-13
356.8,3524.3622227893356,2.4126500937993223,99.99999999999416,14.999988408862459,0.018647626976088065,1.099160683566167e-12
356.90000000000003,3525.8922006479297,2.413393033570892,99.99999999999427,14.999999569642869,-0.003593148163540338,1.2448679050946396e-12
357.0,3527.422181678534,2.411968261538841,99.9999999999944,14.999981004786953,-0.023871657473843434,1.3808454866077992e-12
357.1,3528.9521629133033,2.4085753044736435,99.99999999999454,14.999940633615205,-0.04220175374895754,1.506857801478251e-12
357.20000000000005,3530.482142134677,2.403411605347012,99.9999999999947,14.999885493615647,-0.058610395143479044,1.6231142838408177e-12
357.3,3532.0121177917617,2.396671198087818,99.99999999999487,14.999821696351878,-0.0731373888746804,1.7291943385752741e-12
357.40000000000003,3533.5420889132884,2.388543419047538,99.99999999999505,14.999754410169823,-0.08583492640506608,1.8255117774958242e-12
357.5,3535.072055019528,2.3792116765605438,99.99999999999524,14.999687868927184,-0.09676690941995918,1.9119181846468367e-12
357.6,3536.6020160354524,2.3688522996389247,99.99999999999544,14.999625404930338,-0.10600807407170137,1.9885883957456683e-12
357.70000000000005,3538.131972207234,2.3576334856612284,99.99999999999565,14.999569503311527,-0.1136429290664348,2.0554994163119548e-12
357.8,3539.661924023918,2.3457143649308563,99.99999999999586,14.9995218742859,-0.11976453072088189,2.1129362564038105e-12
357.90000000000003,3541.191872145785,2.333244197273953,99.99999999999608,14.999483539150313,-0.12447312464457491,2.1606349764457618e-12
358.0,3542.7218173405595,2.320361712544462,99.9999999999963,14.999454925561867,-0.12787468880834504,2.1989058795201164e-12
358.1,3544.251760428232,2.30719460316704,99.99999999999653,14.999435967578725,-0.13007941614898555,2.22786683995744e-12
358.20000000000005,3545.781702234893,2.293859172861614,99.99999999999676,14.999426206149382,-0.13120017636870776,2.2479241325067395e-12
358.3,3547.3116435555958,2.280460141651008,99.99999999999699,14.999424886168116,-0.13135099619194046,2.2594005903863868e-12
358.40000000000003,3548.8415851259556,2.267090603344952,99.99999999999721,14.99943104682532,-0.1306455951522967,2.262852755858362e-12
358.5,3550.3715276019057,2.253832128092102,99.99999999999744,14.999443602712105,-0.1291960102283995,2.258409160204427e-12
358.6,3551.9014715468156,2.2407549994401053,99.99999999999767,14.999461413925536,-0.12711133764906768,2.2463813244612117e-12
358.70000000000005,3553.4314174250244,2.2279185727499975,99.9999999999979,14.999483344202963,-0.1244966143230913,2.2271174352383263e-12
358.8,3554.961365600757,2.215371739843278,99.99999999999812,14.999508306838374,-0.12145185501513632,2.200902985974362e-12
358.90000000000003,3556.4913163413516,2.203153483445439,99.99999999999835,14.999535298760062,-0.11807125497307734,2.167972224022499e-12
359.0,3558.0212698237697,2.191293504318728,99.99999999999856,14.999563423650162,-0.11444256155910297,2.1286194045198885e-12
359.1,3559.5512261434005,2.179812903907411,99.99999999999878,14.999591905350922,-0.11064661283127195,2.0834526864745855e-12
359.20000000000005,3561.0811853242976,2.168724905783506,99.99999999999899,14.999620093029927,-0.106757036175129,2.0327378475974927e-12
359.3,3562.611147329981,2.1580353905366505,99.99999999999919,14.999647439881041,-0.10284298357273618,1.977017637746674e-12
359.40000000000003,3564.141112072798,2.147744036124187,99.99999999999939,14.999673573865882,-0.09895795809086937,1.9165899091617296e-12
359.5,3565.671079429809,2.137845581075973,99.99999999999959,14.999698238550225,-0.09514595332065862,1.851506610614648e-12
359.6,3567.201049253473,2.1283305412590665,99.99999999999977,14.999721252834087,-0.09144581607370542,1.7823835222570458e-12
359.70000000000005,3568.731021378614,2.1191859745654757,99.99999999999996,14.999742537068181,-0.08788527560070103,1.7097590674062058e-12
359.8,3570.2609956322017,2.1103966100018092,100.00000000000013,14.999762083848735,-0.08448329973371327,1.6341386153649036e-12
359.90000000000003,3571.7909718403744,2.101945453647329,100.00000000000028,14.999779916462185,-0.0812555087223154,1.5555506922177967e-12
360.0,3573.3209498313895,2.093814027133061,100.00000000000044,14.999796076878662,-0.07821542082926902,1.4748796712806224e-12
360.1,3574.8509294374035,2.08598257584891,100.00000000000058,14.999810621262736,-0.07537457299118326,1.3918873150766833e-12
360.20000000000005,3576.380910495829,2.0784302648666984,100.00000000000072,14.999823615902558,-0.07274264094677119,1.3076328685215687e-12
360.3,3577.9108928503065,2.071135362660618,100.00000000000085,14.999835133578719,-0.07032755830799868,1.2217567857944594e-12
360.40000000000003,3579.440876351331,2.064075412758637,100.00000000000097,14.999845250380714,-0.06813563407775178,1.1350733753226702e-12
360.5,3580.9708608565775,2.057227393507485,100.00000000000108,14.999854042967703,-0.06617166814802873,1.0476861151858879e-12
360.6,3582.500846230962,2.0505678661797266,100.00000000000118,14.999861586260934,-0.0644390643443143,9.6038430188819e-13
360.70000000000005,3584.0308323464883,2.0440731116940714,100.00000000000128,14.999867951547955,-0.0629399406143432,8.733071037064666e-13
360.8,3585.5608190819075,2.0377192562593454,100.00000000000136,14.999873204573765,-0.06167533307567856,7.86398335908009e-13
360.90000000000003,3587.090806322198,2.0314823769164856,100.00000000000144,14.999877401200395,-0.06064609598037645,7.008006998617125e-13
361.0,3588.6207939576225,2.0253385198608953,100.0000000000015,14.999880596913012,-0.0598504666023297,6.163016997565937e-13
361.1,3590.1507818837154,2.019263953484321,100.00000000000156,14.999882839027373,-0.05928587902770066,5.331476726595245e-13
361.20000000000005,3591.680747841645,2.013235320508912,100.00000000000162,14.999884165580896,-0.05894929308709556,4.517168803991999e-13
361.3,3593.210580151157,2.0072299663204363,100.00000000000166,14.99988460678125,-0.05883692078048622,3.726328303305375e-13
361.40000000000003,3594.7402791565255,2.001225310771158,100.00000000000169,14.999884192058671,-0.058942555326175546,2.9637587726458917e-13
361.5,3596.269845204466,1.995199431309342,100.00000000000172,14.999882942681257,-0.05925964782085747,2.2281999091517073e-13
361.6,3597.799258723114,1.9891311887681336,100.00000000000173,14.999880873012547,-0.05978122976620658,1.521369192071234e-13
361.70000000000005,3599.3284754837164,1.9830003213886245,100.00000000000175,14.999877992450346,-0.060499682674916795,8.484806635018416e-14
361.8,3600.8574962244284,1.9767871641379051,100.00000000000175,14.999874303831334,-0.06140740395477332,2.0814622014624878e-14
361.90000000000003,3602.386321684869,1.9704728431460983,100.00000000000175,14.999869805166435,-0.062496624358860914,-3.997007874226785e-14
362.0,3603.9149526066444,1.9640392905331365,100.00000000000175,14.999864490514266,-0.06375944015735346,-9.787649608659443e-14
362.1,3605.443389733941,1.9574692561487572,100.00000000000173,14.999858350841858,-0.06518784150235205,-1.5218407105623931e-13
362.20000000000005,3606.971633814179,1.950746316610493,100.00000000000172,14.999851374864837,-0.06677373709389293,-2.028522827065723e-13
362.3,3608.49968559871,1.9438548820120019,100.00000000000169,14.999843549861,-0.06850897527620299,-2.4992426821564955e-13
362.40000000000003,3610.0275458435485,1.9367802006595694,100.00000000000166,14.999834862452868,-0.07038536171339256,-2.9334996716364e-13
362.5,3611.5552153101153,1.9295083621781262,100.00000000000163,14.999825299356107,-0.07239467381315995,-3.3335500180652863e-13
362.6,3613.082694765985,1.9220262994685382,100.00000000000159,14.999814848107183,-0.07452866900229364,-3.6975588926932114e-13
362.70000000000005,3614.6099849856064,1.9143217901833707,100.00000000000155,14.999803497777577,-0.07677908608218739,-4.0203661139705485e-13
362.8,3616.137086751001,1.9063834570767761,100.0000000000015,14.99979123954194,-0.07913766587969613,-4.308315885823729e-13
362.90000000000003,3617.6640008456593,1.8982007671811951,100.00000000000146,14.99977806728031,-0.08159615393258167,-4.561154781654976e-13
363.0,3619.190727674976,1.8897640354784773,100.00000000000142,14.99976397944259,-0.08414606952550574,-4.777781744998073e-13
363.1,3620.717268088548,1.8810644785704094,100.00000000000138,14.999748981545128,-0.08677839959286644,-4.960230412781062e-13
363.20000000000005,3622.2436229459536,1.872094228233107,100.00000000000132,14.999733083442937,-0.08948421909724098,-5.109778114621196e-13
363.3,3623.769793113252,1.8628463229366496,100.00000000000126,14.999716299826103,-0.09225467322108379,-5.225298437700253e-13
363.40000000000003,3625.2957791119884,1.8533147123326594,100.00000000000121,14.999698651680557,-0.09508080128232331,-5.30869293582252e-13
363.5,3626.8215818538656,1.8434942639705225,100.00000000000115,14.999680167029878,-0.0979534931002118,-5.361716627654725e-13
363.6,3628.347202261078,1.8333807685551673,100.0000000000011,14.99966087979956,-0.10086372494941243,-5.385569746484132e-13
363.70000000000005,3629.8726412659203,1.8229709335175661,100.00000000000104,14.999640830348573,-0.10380250738769449,-5.381826442134264e-13
363.8,3631.397899650787,1.8122623774453048,100.00000000000098,14.999620063322142,-0.10676121010836466,-5.35236336471398e-13
363.90000000000003,3632.9229780189735,1.8012535494190207,100.00000000000092,14.999598622012181,-0.10973230395035392,-5.298260936929065e-13
364.0,3634.447877212318,1.7899436103655215,100.00000000000087,14.999576551274382,-0.1127088393149016,-5.219683189931091e-13
364.1,3635.972598082554,1.7783324337505206,100.00000000000081,14.999553902401505,-0.11568374540867675,-5.116911262655487e-13
364.20000000000005,3637.4971411913716,1.7664205940864486,100.00000000000075,14.999530729535257,-0.11865030015791864,-4.99068701280092e-13
364.3,3639.0215072161427,1.7542093290495078,100.0000000000007,14.999507089160337,-0.12160214730326245,-4.843067935852263e-13
364.40000000000003,3640.545696981227,1.7417005210019114,100.00000000000065,14.999483042747167,-0.12453292873864649,-4.675455546433518e-13
364.5,3642.0697113188658,1.7288967034626768,100.00000000000061,14.999458657677701,-0.12743616683442444,-4.4902302517882784e-13
364.6,3643.593551067957,1.7158010719902144,100.00000000000057,14.99943400709285,-0.1303052833410038,-4.289020832438959e-13
364.70000000000005,3645.1172170726445,1.7024174932102536,100.00000000000053,14.999409169696774,-0.13313361715338762,-4.0786373685603603e-13
364.8,3646.6407101807213,1.6887505120699715,100.00000000000048,14.99938422951283,-0.13591444162357846,-3.85967416167663e-13
364.90000000000003,3648.164031241858,1.6748053573349977,100.00000000000044,14.999359275586098,-0.1386409819977235,-3.633608067385357e-13
365.0,3649.687181105666,1.6605879452925567,100.0000000000004,14.999334401628117,-0.14130643345323837,-3.396346299974357e-13
365.1,3651.210159447845,1.6461048651886445,100.00000000000037,14.999309700537669,-0.1439045077701495,-3.1493944239605534e-13
365.20000000000005,3652.7329653989054,1.631363339615008,100.00000000000034,14.999285267072183,-0.14642908519612727,-2.9005710765097756e-13
365.3,3654.2555979635235,1.616371212625852,100.00000000000031,14.999261199164671,-0.14887403814355935,-2.648601417674743e-13
365.40000000000003,3655.778056038422,1.601136947689083,100.00000000000028,14.999237597141452,-0.15123327840903442,-2.3938019626307845e-13
365.5,3657.300338429395,1.5856696209817556,100.00000000000026,14.99921456290169,-0.15350080142422684,-2.1366384224689193e-13
365.6,3658.8224438674138,1.5699789103288293,100.00000000000024,14.99919219906667,-0.15567072768361234,-1.8775148486845247e-13
365.70000000000005,3660.3443710237584,1.554075080068854,100.00000000000023,14.999170608106795,-0.1577373415057014,-1.6227714201689481e-13
365.8,3661.8661185241403,1.5379689621140875,100.00000000000021,14.999149891454561,-0.15969512728523513,-1.372891082876405e-13
365.90000000000003,3663.387684961783,1.5216719334568327,100.0000000000002,14.999130148611982,-0.1615388033850978,-1.1332086912268779e-13
366.0,3664.9090689094487,1.5051958903593328,100.00000000000018,14.99911147626105,-0.16326335380021775,-8.96882282556524e-14
366.1,3666.430268930404,1.488553219452087,100.00000000000017,14.999093967386088,-0.16486405770280266,-6.63391292708585e-14
366.20000000000005,3667.951283588335,1.4717567659555233,100.00000000000017,14.999077710417017,-0.166336516951091,-4.360993832313564e-14
366.3,3669.4721114562194,1.4548197992328955,100.00000000000017,14.999062788402577,-0.1676766816139941,-2.2017487957908608e-14
366.40000000000003,3670.992751124183,1.4377559758782696,100.00000000000017,14.999049278222758,-0.16888087353333606,-1.4766424277686762e-15
366.5,3672.5132012063737,1.4205793005425,100.00000000000017,14.999037249849469,-0.1699458079156583,1.8167047949123137e-14
366.6,3674.0334603468873,1.4033040847020233,100.00000000000017,14.99902676566448,-0.17086861291816052,3.6965186751953475e-14
366.70000000000005,3675.5535272247917,1.385944903579795,100.00000000000017,14.999017879843224,-0.17164684716949197,5.496287685677494e-14
366.8,3677.073400558298,1.3685165514343796,100.00000000000017,14.99901063781271,-0.17227851514672823,7.188635909312132e-14
366.90000000000003,3678.5930791081323,1.3510339954415445,100.00000000000018,14.999005075791024,-0.1727620803160254,8.772094958757816e-14
367.0,3680.112561680165,1.3335123284021828,100.0000000000002,14.999001220415265,-0.17309647593587474,1.0204164365626607e-13
367.1,3681.6318471273603,1.3159667205203756,100.00000000000021,14.998999088463604,-0.1732811134197875,1.1466684039502223e-13
367.20000000000005,3683.150934351102,1.2984123705053352,100.00000000000023,14.998998686676115,-0.17331588815843477,1.2592670270701453e-13
367.3,3684.669822301964,1.2808644562602525,100.00000000000024,14.999000011677703,-0.1732011827105014,1.3589316528468717e-13
367.40000000000003,3686.1885099799833,1.2633380854291718,100.00000000000026,14.999003050004983,-0.17293786728553365,1.4440703889622962e-13
367.5,3687.7069964345014,1.245848246079453,100.00000000000027,14.999007778237562,-0.1725272974608319,1.5173265381438983e-13
367.6,3689.225280763632,1.2284097578017237,100.00000000000028,14.999014163232445,-0.17197130909692798,1.581061909584823e-13
367.70000000000005,3690.743361927138,1.2110372284696824,100.0000000000003,14.999022163242772,-0.17127214178633515,1.6328269563485172e-13
367.8,3692.261238290078,1.1937450296343997,100.00000000000031,14.999031731006548,-0.17043219255383585,1.6731076807189442e-13
367.90000000000003,3693.77890819868,1.1765472775949708,100.00000000000033,14.999042814226954,-0.16945399666814734,1.7021603440387639e-13
368.0,3695.2963699889906,1.1594578172559302,100.00000000000034,14.999055355399483,-0.16834026750034567,1.71953293932296e-13
368.1,3696.8136219949915,1.1424902023040089,100.00000000000036,14.999069291745734,-0.16709392990232913,1.7258424589556715e-13
368.20000000000005,3698.330662556167,1.1256576723777763,100.00000000000037,14.999084555258655,-0.16571814686769235,1.7216604631572822e-13
368.3,3699.847490024528,1.1089731279177288,100.00000000000038,14.999101072859979,-0.16421633941421404,1.7075164309532978e-13
368.40000000000003,3701.3641027710846,1.0924491033816435,100.0000000000004,14.999118766666596,-0.16259219978169318,1.6839008244778741e-13
368.5,3702.880499191785,1.0760977394927247,100.00000000000041,14.999137554359521,-0.16084969817167405,1.6512678962618942e-13
368.6,3704.396677712912,1.0599307551585,100.00000000000043,14.999157349646067,-0.15899308336639284,1.6098762243290525e-13
368.70000000000005,3705.912636795963,1.043959419658727,100.00000000000044,14.99917806280378,-0.1570268776543079,1.5594182932401817e-13
368.8,3707.428374942014,1.0281945256528402,100.00000000000045,14.999199601292688,-0.154955866559759,1.5004269961842033e-13
368.90000000000003,3708.943890695597,1.0126463635036627,100.00000000000047,14.999221870421472,-0.15278508392576756,1.4333889898323003e-13
369.0,3710.459182648089,0.9973246973560388,100.00000000000048,14.9992447740523,-0.1505197929334168,1.3603228306622943e-13
369.1,3711.974249440649,0.9822387433483935,100.0000000000005,14.99926821532899,-0.1481654636599254,1.281513787444369e-13
369.20000000000005,3713.4890897667096,0.9673971502734697,100.00000000000051,14.999292097413338,-0.14572774778255929,1.195158855883965e-13
369.3,3715.003702374046,0.9528079829429748,100.00000000000053,14.999316324215265,-0.1432124510280961,1.1008667244957311e-13
369.40000000000003,3716.518086066445,0.9384787084507138,100.00000000000054,14.99934080110319,-0.1406255039498613,9.995043219979653e-14
369.5,3718.0322397049913,0.9244161854709914,100.00000000000055,14.99936543558257,-0.13797293158769566,8.919792046399593e-14
369.6,3719.5461622089924,0.9106266566744076,100.00000000000057,14.99939013793187,-0.13526082253254823,7.8048734339957e-14
369.70000000000005,3721.0598525565633,0.897115744292314,100.00000000000058,14.999414821786889,-0.13249529787801867,6.663514330899276e-14
369.8,3722.5733097848906,0.8838884488146125,100.00000000000058,14.99943940466616,-0.12968248049762054,5.496129801809297e-14
369.90000000000003,3724.0865329901967,0.8709491507636182,100.00000000000058,14.999463808431805,-0.12682846504025946,4.3363369562841354e-14
370.0,3725.599521327425,0.8583016154495908,100.00000000000058,14.999487959681993,-0.12393928898834727,3.1831690823699136e-14
370.1,3727.112274009663,0.8459490005813564,100.00000000000058,14.999511790072866,-0.12102090507460338,2.033991338255649e-14
370.20000000000005,3728.6247903073267,0.8338938665782025,100.00000000000058,14.999535236569246,-0.11807915530529436,8.968169430096623e-15
370.3,3730.137069547123,0.8221381894068323,100.00000000000058,14.999558241624943,-0.1151197467909471,-2.44750477830047e-15
370.40000000000003,3731.6491111108066,0.8106833757494463,100.00000000000058,14.999580753294772,-0.11214822954044691,-1.386781087420164e-14
370.5,3733.1609144337585,0.7995302802957577,100.00000000000058,14.999602725281349,-0.10916997633189536,-2.5142773096617484e-14
370.6,3734.672479003392,0.788679224942645,100.00000000000058,14.999624116920856,-0.1061901647341008,-3.6272210801587074e-14
370.70000000000005,3736.183804357412,0.7781300196799036,100.00000000000058,14.99964489311247,-0.10321376131593654,-4.725678062679123e-14
370.8,3737.694890081946,0.7678819849388224,100.00000000000058,14.999665024196913,-0.10024550804803857,-5.809786516840873e-14
370.90000000000003,3739.205735809554,0.7579339751817102,100.00000000000058,14.999684485789778,-0.09728991087192523,-6.875842849051176e-14
371.0,3740.7163412171435,0.7482844035146768,100.00000000000057,14.999703258575641,-0.0943512303858331,-7.897133227556638e-14
371.1,3742.2267060238028,0.7389312671125468,100.00000000000055,14.999721328068974,-0.09143347457462647,-8.837631744560203e-14
371.20000000000005,3743.7368299885616,0.729872173253382,100.00000000000054,14.999738684347811,-0.08854039349259235,-9.710517357182183e-14
371.3,3745.246712908103,0.7211043657703666,100.00000000000053,14.999755321766006,-0.08567547579290653,-1.0525760779281747e-13
371.40000000000003,3746.756354614435,0.7126247517404105,100.00000000000051,14.999771238649595,-0.08284194698567646,-1.1284764894345697e-13
371.5,3748.265754972537,0.7044299282414515,100.0000000000005,14.999786436982465,-0.08004276929784665,-1.1988898644959485e-13
371.6,3749.77491387799,0.6965162090237587,100.00000000000048,14.999800922086173,-0.07728064300225192,-1.2639495839800795e-13
371.70000000000005,3751.2838312546155,0.6888796509543172,100.00000000000047,14.999814702298226,-0.07455800907974267,-1.32378542034317e-13
371.8,3752.792507052116,0.6815160801073393,100.00000000000045,14.999827788652805,-0.07187705307730669,-1.3785234644570718e-13
371.90000000000003,3754.3009412437436,0.6744211173878868,100.00000000000044,14.999840194567255,-0.06923971002609919,-1.4282860720218062e-13
372.0,3755.809133824001,0.667590203589323,100.00000000000043,14.999851935537412,-0.06664767028591247,-1.4699685811913254e-13
372.1,3757.317084806383,0.6610186237986593,100.00000000000041,14.999863028844134,-0.06410238618711331,-1.5068505828383882e-13
372.20000000000005,3758.82479422117,0.654701531076696,100.0000000000004,14.99987349327316,-0.06160507934630203,-1.5375697417345094e-13
372.3,3760.3322621132834,0.6486339693520671,100.00000000000038,14.99988334884983,-0.05915674853865595,-1.562291696648168e-13
372.40000000000003,3761.8394885402035,0.6428108954797915,100.00000000000037,14.999892616589902,-0.05675817801702,-1.581175329109724e-13
372.5,3763.346473569965,0.637227200425652,100.00000000000036,14.999901318267304,-0.054409946175739944,-1.5943728877417207e-13
372.6,3764.853217279229,0.6318777295476099,100.00000000000034,14.999909476199317,-0.05211243446536671,-1.6020301238095272e-13
372.70000000000005,3766.359719751442,0.6267573019545144,100.00000000000033,14.999917113049422,-0.04986583647267465,-1.6042864352000987e-13
372.8,3767.8659810750837,0.6218607289305466,100.00000000000031,14.999924251647728,-0.047670167088932736,-1.60127501646559e-13
372.90000000000003,3769.3720013420084,0.617182831421173,100.0000000000003,14.999930914828804,-0.04552527169760052,-1.5931230129394183e-13
373.0,3770.877780645881,0.6127184565828865,100.00000000000028,14.999937125286337,-0.043430835320625756,-1.579951677251903e-13
373.1,3772.383319080715,0.6084624934047063,100.00000000000027,14.999942905444156,-0.041386391670400695,-1.5618765268476477e-13
373.20000000000005,3773.888616739508,0.604409887414337,100.00000000000026,14.999948277342774,-0.03939133206170983,-1.5390075013435188e-13
373.3,3775.393673712983,0.6005556544860896,100.00000000000024,14.999953262540677,-0.03744491414488625,-1.5114491187687461e-13
373.40000000000003,3776.898490088428,0.5968948937712018,100.00000000000023,14.999957882029491,-0.035546270427870195,-1.4795963227309148e-13
373.5,3778.4030659486416,0.5934227997740992,100.00000000000021,14.999962156162013,-0.033694416560668204,-1.444977070092509e-13
373.6,3779.907401370979,0.5901346736004853,100.0000000000002,14.999966104592199,-0.03188825936112961,-1.4073847974462233e-13
373.70000000000005,3781.4114964265,0.587025933404977,100.00000000000018,14.999969746226068,-0.03012660456562035,-1.369114186756824e-13
373.8,3782.915351179214,0.5840921240673828,100.00000000000017,14.999973099182595,-0.028408164292559532,-1.3270764723576293e-13
373.90000000000003,3784.4189656854287,0.5813289261276946,100.00000000000016,14.999976180763584,-0.026731564210415126,-1.2815770439291921e-13
374.0,3785.922339993185,0.5787321640104915,100.00000000000014,14.999979007431579,-0.025095350405014646,-1.2328920100352206e-13
374.1,3787.4254741417917,0.5762978135697834,100.00000000000013,14.99998159479493,-0.023497995943734355,-1.1812709446264224e-13
374.20000000000005,3788.928368161446,0.5740220089853997,100.00000000000011,14.999983957599103,-0.021937907136494066,-1.12693937400804e-13
374.3,3790.4310220729403,0.5719010490418938,100.0000000000001,14.999986109723444,-0.0204134294953163,-1.0701010293332587e-13
374.40000000000003,3791.9334358874494,0.56993140282063,100.00000000000009,14.999988064182563,-0.01892285339579863,-1.0109398872181198e-13
374.5,3793.435609606398,0.568109714835281,100.00000000000007,14.99998983313167,-0.017464419445023024,-9.496220188539699e-14
374.6,3794.9375432213988,0.5664328096404215,100.00000000000006,14.999991427875106,-0.016036323561297788,-8.862972659958973e-14
374.70000000000005,3796.4392367142614,0.5648976959422832,100.00000000000004,14.999992858877492,-0.014636721771889632,-8.211007604075986e-14
374.8,3797.9406900570657,0.5635015702400613,100.00000000000003,14.999994135776882,-0.013263734735261741,-7.541543017246652e-14
374.90000000000003,3799.4419032122933,0.5622418200254552,100.00000000000001,14.99999526739938,-0.011915451994651426,-6.855676072412875e-14
375.0,3800.9428761330137,0.5611160265673978,100.00000000000001,14.99999626177474,-0.0105899359699769,-6.162481263140937e-14
375.1,3802.443608763122,0.5601219673081942,100.00000000000001,14.999997126152518,-0.00928522569504697,-5.501134072321277e-14
375.20000000000005,3803.944101037618,0.5592576178965619,100.00000000000001,14.999997867018337,-0.00799934030697512,-4.869309966026364e-14
375.3,3805.4443528829293,0.5585211538823471,100.00000000000001,14.999998490109933,-0.006730282294656877,-4.264872482715191e-14
375.40000000000003,3806.944364217263,0.5579109520969823,100.00000000000001,14.999526048673204,-0.0054758678527374385,-3.6857402365451295e-14
375.5,3808.444089359554,0.5574256112508941,100.00000000000001,14.994313380485503,-0.0042328668866464195,-3.129252390095788e-14
375.6,3809.9430713363618,0.5570640832633443,100.00000000000001,14.984699195988668,-0.0029991362692074262,-2.5941806642157157e-14
375.70000000000005,3811.4408864172487,0.5568256121360933,100.00000000000001,14.971009602399723,-0.0017710352756660757,-2.079425700025729e-14
375.8,3812.937142838444,0.5567098668346367,100.00000000000001,14.953557799495973,-0.0005437590862057838,-1.584003047695568e-14
375.90000000000003,3814.431478895595,0.556717010478194,100.00000000000001,14.932631982879034,0.0006874691630730421,-1.1070298099855386e-14
376.0,3815.9235589798564,0.5568475326021974,100.00000000000001,14.908466608457307,0.0019235165592591168,-6.4770836464976785e-15
376.1,3817.4130705554567,0.5571017178724265,100.00000000000001,14.881288604036127,0.0031595585381003627,-2.053029373063103e-15
376.20000000000005,3818.8997233832056,0.557479117546901,100.00000000000001,14.851316913295596,0.004385877881584989,2.208662290675688e-15
376.3,3820.383246232963,0.5579781784312127,100.00000000000001,14.818714173321512,0.005590860736431693,6.31416772711713e-15
376.40000000000003,3821.863383547839,0.5585962064449775,100.00000000000001,14.783631315708554,0.00676345688147611,1.0269288996728359e-14
376.5,3823.3398948314602,0.5593294494223565,100.00000000000001,14.746218391868378,0.00789354959796569,1.4079536270207724e-14
376.6,3824.8125544940262,0.5601731891789922,100.00000000000001,14.706623277374272,0.008971932588359769,1.7750154209573008e-14
376.70000000000005,3826.2811515757226,0.56112183195387,100.00000000000001,14.664990515279055,0.009990299684019885,2.128614755428672e-14
376.8,3827.745489361496,0.5621689982592925,100.00000000000001,14.621460300059814,0.010941242580905246,2.4666893473449262e-14
376.90000000000003,3829.2053849012323,0.5633076127403168,100.00000000000001,14.576167601445503,0.011818252710871741,2.777844567122031e-14
377.0,3830.6606684492035,0.5645299942951122,100.00000000000001,14.529241425380977,0.012615724127003663,3.0648578824997725e-14
377.1,3832.111182836292,0.5658279464301413,100.00000000000001,14.480804207731813,0.013328954958475366,3.32768640834499e-14
377.20000000000005,3833.5567827879854,0.5671928476098169,100.00000000000001,14.430971335000825,0.013954145580287607,3.566797960992338e-14
377.3,3834.9973342005196,0.5686157412009034,100.00000000000001,14.379850785276222,0.014488392152085939,3.783688050661482e-14
377.40000000000003,3836.4327133868096,0.5700874244997185,100.00000000000001,14.327542881830528,0.014929674615831423,3.9750166489470417e-14
377.5,3837.8628063030387,0.5715985362581301,100.00000000000001,14.274140151210647,0.015276838610899597,4.127991245103642e-14
377.6,3839.2875077659237,0.5731396420861263,100.00000000000001,14.219727277274531,0.015529571074152634,4.242816103378596e-14
377.70000000000005,3840.706720669817,0.5747013170986748,100.00000000000001,14.164381142413461,0.015688369547841044,4.319801829109709e-14
377.8,3842.120355211924,0.5762742251876429,100.00000000000001,14.108170947126782,0.015754505426105368,4.3589129268687286e-14
377.90000000000003,3843.528328133026,0.5778491943312289,100.00000000000001,14.051158399165836,0.015729981536223427,4.361423166348664e-14
378.0,3844.9305619802376,0.579417287399678,100.00000000000001,13.993397963615688,0.015617484579186096,4.3394969496734706e-14
378.1,3846.3269843974663,0.5809698679735519,100.00000000000001,13.93493716551796,0.015420333049784738,4.292731129040972e-14
378.20000000000005,3847.7175274484257,0.5824986607564274,100.00000000000001,13.875816936940122,0.015142421323770095,4.225224092197895e-14
378.3,3849.10212697625,0.5839958062349706,100.00000000000001,13.816072000751117,0.014788160642138266,4.1498020611303736e-14
378.40000000000003,3850.480722003017,0.5854539093135765,100.00000000000001,13.755731283757983,0.014362417744077231,4.067450211521407e-14
378.5,3851.8532541717605,0.5868660817262232,100.00000000000001,13.694818352282601,0.013870451903440549,3.9790647013416186e-14
378.6,3853.21966723289,0.5882259781031929,100.00000000000001,13.63335186370341,0.013317851111669467,3.885460112550222e-14
378.70000000000005,3854.5799065763135,0.5895278256434694,100.00000000000001,13.571346027946179,0.012710468125384327,3.7873762887014095e-14
378.8,3855.9339188099702,0.5907664474137632,100.00000000000001,13.508811073374767,0.012054357061752804,3.685484616964168e-14
378.90000000000003,3857.2816513849607,0.5919372793613142,100.00000000000001,13.445753712002936,0.011355711181235023,3.580393799122851e-14
379.0,3858.623052266969,0.5930363811891132,100.00000000000001,13.382177599416709,0.01062080244692873,3.4726551525204434e-14
379.1,3859.95806965324,0.5940604412983908,100.00000000000001,13.318083785261228,0.009855923394818196,3.362767478606056e-14
379.20000000000005,3861.2866517339744,0.5950067760537382,100.00000000000001,13.253471150602795,0.00906733179036335,3.251181533725214e-14
379.3,3862.6087464966713,0.5958733236707361,100.00000000000001,13.188336828924413,0.00826119848604611,3.138304134020602e-14
379.40000000000003,3863.9243015716293,0.5966586330643323,100.00000000000001,13.122676607948597,0.007443558832394561,3.0245019237694675e-14
379.5,3865.2332641165726,0.5973618480283577,100.00000000000001,13.05648530990368,0.006620267933028573,2.910104834150996e-14
379.6,3866.535580738141,0.5979826871425477,100.00000000000001,12.98975714825656,0.005796959972934155,2.7954092572942098e-14
379.70000000000005,3867.8311974478092,0.5985214198233594,100.00000000000001,12.922486059325417,0.004979011789540683,2.6806809584873262e-14
379.8,3869.120059649659,0.598978838948941,100.00000000000001,12.85466600755785,0.004171510798801691,2.56615774761804e-14
379.90000000000003,3870.402112157326,0.599356230497076,100.00000000000001,12.7862912636127,0.00337922733388214,2.45205192924707e-14
380.0,3871.6772992373685,0.5996553406380928,100.00000000000001,12.717356654715958,0.0026065914028060876,2.3385525491824308e-14
380.1,3872.945564676281,0.5998783407229514,100.00000000000001,12.647857787071478,0.0018576738237828074,2.2258274540079734e-14
380.20000000000005,3874.2068518683463,0.6000277906003841,100.00000000000001,12.577791240395225,0.0011361716534513536,2.1140251787168686e-14
380.3,3875.461103921567,0.6001066006864736,100.00000000000001,12.507154734906397,0.0004453977836897918,2.0032766763998813e-14
380.40000000000003,3876.708263778935,0.6001179931958337,100.00000000000001,12.435947271349498,-0.00021172545233762174,1.8936969028311062e-14
380.5,3877.9482743523927,0.6000654629260516,100.00000000000001,12.364169244838092,-0.0008326688549522659,1.7853862677730302e-14
380.6,3879.181078666907,0.5999527379666916,100.00000000000001,12.291822533503185,-0.0014152953298868167,1.678431963881447e-14
380.70000000000005,3880.406620012197,0.5997837406813995,100.00000000000001,12.218910563097026,-0.0019578554956220452,1.572909183222684e-14
380.8,3881.624842099771,0.5995625492868978,100.00000000000001,12.145438348846998,-0.0024589801820800016,1.4688822306152133e-14
380.90000000000003,3882.835689223072,0.5992933603263589,100.00000000000001,12.071412515974204,-0.002917670090135326,1.366405542269634e-14
381.0,3884.0391064186724,0.5989804523071874,100.00000000000001,11.996841300388365,-0.0033332828910132284,1.2655246175207011e-14
381.1,3885.235039626608,0.5986281507450029,100.00000000000001,11.921734531145262,-0.003705518050613529,1.1662768708178782e-14
381.20000000000005,3886.4234358481185,0.5982407948269688,100.00000000000001,11.846103596306046,-0.0040343996661747145,1.0686924105629633e-14
381.3,3887.604243299213,0.5978227058788808,100.00000000000001,11.76996139387066,-0.004320257601925954,9.727947508507998e-15
381.40000000000003,3888.7774115586494,0.597378157791929,100.00000000000001,11.693322269471276,-0.004563707206613847,8.786014616785536e-15
381.5,3889.9428917090954,0.5969113495370519,100.00000000000001,11.6162019425075,-0.0047656278895678575,7.861247627373242e-15
381.6,3891.100636470393,0.596426379867557,100.00000000000001,11.53861742238438,-0.004927140823050765,6.9537206548389876e-15
381.70000000000005,3892.250600324019,0.5959272242844265,100.00000000000001,11.460586916478798,-0.0050495860280515385,6.06346467807683e-15
381.8,3893.392739627996,0.5954177143136289,100.00000000000001,11.382129731410604,-0.005134499087978808,5.190472052555223e-15
381.90000000000003,3894.5270127216563,0.5949015191209945,100.00000000000001,11.303266169133867,-0.005183587720852867,4.33470062453095e-15
382.0,3895.6533800198213,0.5943821294679161,100.00000000000001,11.224017419292176,-0.0051987084251542415,3.4960774806344432e-15
382.1,3896.7718040960817,0.5938628439904148,100.00000000000001,11.144405449201532,-0.005181843398445078,2.6745023634915594e-15
382.20000000000005,3897.8822497550145,0.5933467577650412,100.00000000000001,11.064452892736949,-0.005135077910972502,1.869850781527533e-15
382.3,3898.9846840932823,0.5928367531077281,100.00000000000001,10.98418293930519,-0.005060578299046139,1.0819768387825268e-15
382.40000000000003,3900.0790765496786,0.592335492536108,100.00000000000001,10.9036192239883,-0.004960570725430647,3.107158084404788e-16
382.5,3901.16539894429,0.5918454138119646,100.00000000000001,10.822785719841765,-0.004837320836415095,-4.441135281822173e-16
382.6,3902.2436255070297,0.591368726968406,100.00000000000001,10.741706633228263,-0.004693114427559438,-1.1827067572382296e-15
382.70000000000005,3903.3137328958933,0.5909074132160004,100.00000000000001,10.660406302964915,-0.004530239213095482,-1.9052719042401817e-15
382.8,3904.375700205344,0.5904632256134689,100.00000000000001,10.578909103959349,-0.004350967777052766,-2.612027685455869e-15
382.90000000000003,3905.4295089653133,0.590037691381534,100.00000000000001,10.49723935590878,-0.004157541768055432,-3.303201923413802e-15
383.0,3906.4751431313452,0.589632115733106,100.00000000000001,10.415421237538022,-0.003952157384240403,-3.979030112402951e-15
383.1,3907.512589066454,0.5892475870890953,100.00000000000001,10.333478706757177,-0.0037369521799670707,-4.639754121023567e-15
383.20000000000005,3908.5418355153097,0.5888849835466657,100.00000000000001,10.2514354270289,-0.003513993212118252,-5.2856210199237344e-15
383.3,3909.5628735713785,0.5885449804656274,100.00000000000001,10.169314700148666,-0.0032852665308407314,-5.916882023844785e-15
383.40000000000003,3910.575696637667,0.588228059038785,100.00000000000001,10.087139405560553,-0.003052668007545174,-6.533791538007283e-15
383.5,3911.580300381727,0.5879345157133425,100.00000000000001,10.004931946255734,-0.0028179954818872066,-7.136606299703007e-15
383.6,3912.576682685578,0.5876644723327952,100.00000000000001,9.922714201231095,-0.0025829421996068627,-7.725584606724033e-15
383.70000000000005,3913.5648435912026,0.5874178868720137,100.00000000000001,9.84050748442251,-0.0023490915039129454,-8.300985624962821e-15
383.8,3914.5447852422512,0.5871945646423663,100.00000000000001,9.758332509969902,-0.002117912735265285,-8.8630687681629e-15
383.90000000000003,3915.5165118225814,0.5869941698485907,100.00000000000001,9.676209363620993,-0.0018907582873537827,-9.412093143392132e-15
384.0,3916.480029492237,0.5868162373846584,100.00000000000001,9.594157480036124,-0.0016688617611674038,-9.94831705635467e-15
384.1,3917.43534632144,0.5866601847619418,100.00000000000001,9.512195625718638,-0.0014533371539954083,-1.0471997571157319e-14
384.20000000000005,3918.3824722231443,0.5865253240695221,100.00000000000001,9.43034188726337,-0.0012451790161348995,-1.0983390119604315e-14
384.3,3919.3214188846655,0.5864108738733624,100.00000000000001,9.3486136645901,-0.001045263504907271,-1.1482748155515597e-14
384.40000000000003,3920.2521996988717,0.5863159709682404,100.00000000000001,9.2670276688081,-0.0008543502632420649,-1.1970322849949871e-14
384.5,3921.1748296953724,0.5862396819036824,100.00000000000001,9.185599924343316,-0.0006730850485630949,-1.2446362823568217e-14
384.6,3922.089325472122,0.586181014212622,100.00000000000001,9.104345774950023,-0.000502003036925443,-1.291111391269909e-14
384.70000000000005,3922.9957051277993,0.5861389272790104,100.00000000000001,9.023279893223181,-0.0003415327273625805,-1.3364818965963805e-14
384.8,3923.8939881952997,0.5861123427880941,100.00000000000001,8.94241629322754,-0.00019200037184547838,-1.3807717668595203e-14
384.90000000000003,3924.7841955766285,0.5861001547104763,100.00000000000001,8.861768345862442,-5.3634857570723115e-05,-1.4240046391832676e-14
385.0,3925.6663494794525,0.5861012387783284,100.00000000000001,8.781348796588095,7.342703007748495e-05,-1.4662038065006607e-14
385.1,3926.5404733555274,0.5861144614191757,100.00000000000001,8.701169785149222,0.00018913503335694885,-1.5073922068135567e-14
385.20000000000005,3927.406591841182,0.586138688119501,100.00000000000001,8.621242866944833,0.000293519603580412,-1.547592414305221e-14
385.3,3928.2647307000093,0.5861727911969415,100.00000000000001,8.541579035707906,0.0003866859019277614,-1.5868266321250195e-14
385.40000000000003,3929.1149167678745,0.5862156569660777,100.00000000000001,8.462188747176373,0.00046880768028049417,-1.6251166866805732e-14
385.5,3929.9571779003304,0.5862661922886896,100.00000000000001,8.383081943455474,0.0005401210989141441,-1.6624840232874603e-14
385.6,3930.7915429224904,0.586323330504865,100.00000000000001,8.3042680777922,0.0006009185343841756,-1.6989497030400643e-14
385.70000000000005,3931.6180415813883,0.5863860367464689,100.00000000000001,8.225756139503627,0.0006515424267299701,-1.7345344007794235e-14
385.8,3932.43670450083,0.5864533126392039,100.00000000000001,8.14755467882311,0.0006923792112792965,-1.769258404045212e-14
385.90000000000003,3933.247563138714,0.5865242004038052,100.00000000000001,8.069671831450785,0.0007238533760593904,-1.8031416129092216e-14
386.0,3934.0506497467895,0.5865977863708162,100.00000000000001,7.992115342617505,0.0007464216817562624,-1.8362035405970478e-14
386.1,3934.845997332782,0.5866732039268654,100.00000000000001,7.91489259049354,0.0007605675769310107,-1.8684633148132315e-14
386.20000000000005,3935.6336396248284,0.586749635913441,100.00000000000001,7.838010608795975,0.0007667958371852708,-1.8999396796928588e-14
386.3,3936.413611038121,0.586826316501818,100.00000000000001,7.761476108470176,0.0007656274528062309,-1.9306509983096884e-14
386.40000000000003,3937.1859466436736,0.5869025325700535,100.00000000000001,7.6852954983416915,0.0007575947856240172,-1.960615255677323e-14
386.5,3937.950682139096,0.5869776246098449,100.00000000000001,7.609474904655282,0.0007432370119123586,-1.989850062185801e-14
386.6,3938.707853821263,0.5870509871925459,100.00000000000001,7.534020189436591,0.0007230958645523079,-2.0183726574213024e-14
386.70000000000005,3939.457498560761,0.5871220690247827,100.00000000000001,7.45893696763053,0.00069771168422332,-2.0461999143215336e-14
386.8,3940.199653777983,0.5871903726249202,100.00000000000001,7.38423062298699,0.0006676197860304514,-2.0733483436237258e-14
386.90000000000003,3940.934357420752,0.5872554536521186,100.00000000000001,7.3099063226803995,0.0006333471450016742,-2.0998340985662372e-14
387.0,3941.6616479433424,0.5873169199199143,100.00000000000001,7.2359690306638615,0.0005954094009400718,-2.1256729798083558e-14
387.1,3942.3815642867708,0.5873744301261745,100.00000000000001,7.162423519772025,0.0005543081804926862,-2.150880440536228e-14
387.20000000000005,3943.0941458602406,0.5874276923309402,100.00000000000001,7.089274382598238,0.0005105287318934595,-2.175471591725852e-14
387.3,3943.7994325236104,0.5874764622131065,100.00000000000001,7.016526041182197,0.00046453786569575467,-2.1994612075368086e-14
387.40000000000003,3944.4974645707757,0.5875205411361185,100.00000000000001,6.944182755553311,0.0004167821927489577,-2.2228637308128877e-14
387.5,3945.1882827138497,0.5875597740519024,100.00000000000001,6.872248631182902,0.0003676866490678911,-2.2456932786680465e-14
387.6,3945.8719280680357,0.5875940472711391,100.00000000000001,6.800727625404782,0.0003176532957343336,-2.2679636481381908e-14
387.70000000000005,3946.548442137095,0.5876232861267341,100.00000000000001,6.729623552869244,0.0002670603806308321,-2.2896883218811475e-14
387.8,3947.2178667993135,0.5876474525559678,100.00000000000001,6.658940090099501,0.00021626164786890054,-2.3108804739089136e-14
387.90000000000003,3947.8802442938804,0.5876665426253457,100.00000000000001,6.588680779222904,0.00016558587981445322,-2.3315529753378108e-14
388.0,3948.5356172076063,0.5876805840206315,100.00000000000001,6.5188490309511105,0.00011533665605901669,-2.3517184001436067e-14
388.1,3949.1840284619,0.5876896335229539,100.00000000000001,6.449448126884518,6.579231318937508e-05,-2.3713890309099656e-14
388.20000000000005,3949.8255212999484,0.5876937744902456,100.00000000000001,6.380481221216545,1.7206088937157556e-05,-2.390576864559753e-14
388.3,3950.4601392740383,0.5876931143616266,100.00000000000001,6.311951341912584,-3.019356585181446e-05,-2.4092936180598206e-14
388.40000000000003,3951.087926232973,0.5876877822006875,100.00000000000001,6.243861391437059,-7.620252393131748e-05,-2.427550734090866e-14
388.5,3951.708926309544,0.5876779262919858,100.00000000000001,6.176214147100297,-0.00012064038336499083,-2.445359386674891e-14
388.6,3952.323183908018,0.5876637118034511,100.00000000000001,6.109012261093832,-0.0001633497502900046,-2.462730486753569e-14
388.70000000000005,3952.9307436916174,0.5876453185258086,100.00000000000001,6.042258260279982,-0.00020419541835367265,-2.4796746877116408e-14
388.8,3953.531650569968,0.587622938698592,100.00000000000001,5.97595454579802,-0.00024306345994391272,-2.496202390840087e-14
388.90000000000003,3954.1259496865023,0.5875967749308365,100.00000000000001,5.910103392545149,-0.00027986024373382495,-2.5123237507345105e-14
389.0,3954.713686405806,0.5875670382231215,100.00000000000001,5.844706948586533,-0.000314511392404297,-2.5280486806247262e-14
389.1,3955.2949063009046,0.5875339460962788,100.00000000000001,5.779767234544025,-0.0003469606937084244,-2.543386857632067e-14
389.20000000000005,3955.869655140488,0.5874977208308154,100.00000000000001,5.715286143008954,-0.0003771689771357348,-2.5583477279514407e-14
389.3,3956.437978876082,0.587458587819898,100.00000000000001,5.65126543801953,-0.00040511296784260836,-2.5729405119555768e-14
389.40000000000003,3956.9999236291706,0.5874167740376359,100.00000000000001,5.5877067546387105,-0.0004307841284840676,-2.5871742092193435e-14
389.5,3957.5555356782825,0.5873725066233724,100.00000000000001,5.5246115986638955,-0.000454187498774188,-2.601057603462377e-14
389.6,3958.1048614460565,0.5873260115817545,100.00000000000001,5.461981346495126,-0.00047534054178213845,-2.614599267408591e-14
389.70000000000005,3958.6479474863027,0.587277512597494,100.00000000000001,5.399817245183938,-0.0004942720050946545,-2.6278075675614724e-14
389.8,3959.184840471078,0.5872272299629645,100.00000000000001,5.338120412680788,-0.0005110208040606711,-2.6406906688943278e-14
389.90000000000003,3959.715587177799,0.5871753796160986,100.00000000000001,5.276891838294746,-0.0005256349335691482,-2.6532565394549265e-14
390.0,3960.240234476407,0.5871221722854437,100.00000000000001,5.216132383375062,-0.0005381704139339727,-2.6655129548842042e-14
390.1,3960.7588293166173,0.587067812738722,100.00000000000001,5.155842782220854,-0.0005486902756894702,-2.6774675028489115e-14
390.20000000000005,3961.2714187152706,0.5870124991307915,100.00000000000001,5.096023643221194,-0.0005572635873654854,-2.689127587388275e-14
390.3,3961.7780497438052,0.586956422446541,100.00000000000001,5.0366754502249975,-0.0005639645295446137,-2.7005004331749285e-14
390.40000000000003,3962.2787695158845,0.5868997660339539,100.00000000000001,4.977798564137135,-0.000568871517810307,-2.711593089690512e-14
390.5,3962.773625175189,0.586842705222344,100.00000000000001,4.91939322473424,-0.0005720663766245544,-2.7224124353164787e-14
390.6,3963.2626638834045,0.5867854070206007,100.00000000000001,4.861459552691779,-0.0005736335654712686,-2.7329651813407885e-14
390.70000000000005,3963.745932808421,0.586728029890167,100.00000000000001,4.803997551811437,-0.0005736594581221206,-2.743257875881243e-14
390.8,3964.223479112765,0.5866707235874209,100.00000000000001,4.747007111436283,-0.0005722316753474952,-2.7532969077263617e-14
390.90000000000003,3964.695349942281,0.5866136290701172,100.00000000000001,4.6904880090396555,-0.0005694384709121726,-2.7630885100947318e-14
391.0,3965.161592415083,0.5865568784625885,100.00000000000001,4.634439912972404,-0.0005653681702807541,-2.7726387643138908e-14
391.1,3965.6222536107816,0.5865005950744765,100.00000000000001,4.578862385352129,-0.0005601086611347132,-2.7819536034198032e-14
391.20000000000005,3966.077380560014,0.5864448934678731,100.00000000000001,4.523754885077488,-0.0005537469343923377,-2.7910388156781e-14
391.3,3966.5270202342754,0.5863898795678978,100.00000000000001,4.469116770949909,-0.0005463686742118946,-2.7999000480282782e-14
391.40000000000003,3966.9712195360703,0.5863356508119009,100.00000000000001,4.41494730488498,-0.0005380578951438047,-2.8085428094520657e-14
391.5,3967.410025289387,0.5862822963326738,100.00000000000001,4.361245655195732,-0.0005288966244800408,-2.8169724742672204e-14
391.6,3967.843484230503,0.5862298971712592,100.00000000000001,4.308010899930016,-0.0005189646275590081,-2.825194285348058e-14
391.70000000000005,3968.2716429991287,0.586178526515172,100.00000000000001,4.255242030244697,-0.000508339173825017,-2.8332133572739714e-14
391.8,3968.694548129887,0.5861282499580823,100.00000000000001,4.20293795379974,-0.0004970948411409697,-2.8410346794072776e-14
391.90000000000003,3969.1122460441334,0.5860791257772532,100.00000000000001,4.151097498155996,-0.00048530335595752504,-2.8486631189016874e-14
392.0,3969.524783042115,0.5860312052252744,100.00000000000001,4.099719414161072,-0.0004730334668084465,-2.856103423642716e-14
392.1,3969.9322052954694,0.5859845328328845,100.00000000000001,4.0488023793087615,-0.0004603508486335052,-2.86336022512134e-14
392.20000000000005,3970.3345588400534,0.5859391467199241,100.00000000000001,3.998345001058267,-0.0004473180354108016,-2.8704380412422086e-14
392.3,3970.731889569105,0.585895078911715,100.00000000000001,3.9483458201005743,-0.00043399437859608595,-2.8773412790677126e-14
392.40000000000003,3971.1242432267263,0.5858523556584018,100.00000000000001,3.898803313560361,-0.0004204360290456339,-2.884074237499168e-14
392.5,3971.5116654016842,0.5858109977550312,100.00000000000001,3.8497158981229687,-0.0004066959399515608,-2.890641109896415e-14
392.6,3971.8942015215193,0.5857710208603787,100.00000000000001,3.801081933077154,-0.00039282388858015644,-2.897045986637062e-14
392.70000000000005,3972.271896846955,0.5857324358127532,100.00000000000001,3.7528997232653714,-0.0003788665146249888,-2.9032928576166215e-14
392.8,3972.644796466595,0.585695248941224,100.00000000000001,3.705167521934658,-0.0003648673730734839,-2.909385614690754e-14
392.90000000000003,3973.012945291903,0.5856594623709135,100.00000000000001,3.657883533482213,-0.00035086699969764777,-2.915328054060805e-14
393.0,3973.3763880524516,0.5856250743211948,100.00000000000001,3.6110459160910198,-0.0003369029871765032,-2.921123878603834e-14
393.1,3973.7351692914244,0.5855920793958104,100.00000000000001,3.5646527842516926,-0.00032301007027170565,-2.9267767001482745e-14
393.20000000000005,3974.0893333613717,0.5855604688640932,100.00000000000001,3.5187022111682773,-0.0003092202183383186,-2.9322900416963586e-14
393.3,3974.4389244201952,0.5855302309326297,100.00000000000001,3.473192231046117,-0.00029556273374952867,-2.937667339594437e-14
393.40000000000003,3974.7839864273583,0.5855013510068439,100.00000000000001,3.4281208412613724,-0.00028206435482915304,-2.9429119456522687e-14
393.5,3975.124563140306,0.5854738119421113,100.00000000000001,3.3834860044124686,-0.00026874936212400866,-2.948027129212358e-14
393.6,3975.4606981110855,0.5854475942841304,100.00000000000001,3.3392856502544714,-0.000255639686815017,-2.9530160791703895e-14
393.70000000000005,3975.7924346831546,0.5854226764983845,100.00000000000001,3.295517677518319,-0.00024275502031820547,-2.957881905947796e-14
393.8,3976.119815988363,0.585399035188622,100.00000000000001,3.25217995561755,-0.00023011292420525766,-2.9626276434174544e-14
393.90000000000003,3976.4428849441038,0.5853766453043643,100.00000000000001,3.2092703262456723,-0.00021772893958976487,-2.96725625078352e-14
394.0,3976.761684250616,0.5853554803375258,100.00000000000001,3.166786604867827,-0.00020561669539633095,-2.971770614416349e-14
394.1,3977.076256388432,0.5853355125082927,100.00000000000001,3.1247265821110677,-0.00019378801483557113,-2.9761735496434914e-14
394.20000000000005,3977.3866436159587,0.5853167129404598,100.00000000000001,3.083088025057933,-0.00018225301968971612,-2.9804678024976453e-14
394.3,3977.6928879671855,0.5852990518264689,100.00000000000001,3.0418686784481284,-0.00017102023192294127,-2.984656051422543e-14
394.40000000000003,3977.9950312495043,0.5852824985824314,100.00000000000001,3.001066265793702,-0.0001600966723583246,-2.988740908937625e-14
394.5,3978.293115041641,0.5852670219934445,100.00000000000001,2.960678490412995,-0.00014948795608082208,-2.992724923262422e-14
394.6,3978.5871806916844,0.5852525903495344,100.00000000000001,2.92070303638913,-0.00013919838446185205,-2.996610579901496e-14
394.70000000000005,3978.8772693152055,0.5852391715725748,100.00000000000001,2.881137569458524,-0.00012923103361720778,-3.000400303190795e-14
394.8,3979.1634217934675,0.5852267333345417,100.00000000000001,2.841979737835267,-0.0001195878392208874,-3.0040964578062826e-14
394.90000000000003,3979.4456787717104,0.5852152431674681,100.00000000000001,2.8032271729769263,-0.00011026967767631463,-3.007701350235642e-14
395.0,3979.7240806575123,0.5852046685654683,100.00000000000001,2.764877490297409,-0.00010127644355913373,-3.0112172302139007e-14
395.1,3979.998667619219,0.585194977079198,100.00000000000001,2.726928289832389,-9.260712348152842e-05,-3.014646292123744e-14
395.20000000000005,3980.2694795844354,0.5851861364031066,100.00000000000001,2.6893771568624816,-8.425986637052217e-05,-3.017990676361344e-14
395.3,3980.536556238583,0.5851781144558378,100.00000000000001,2.6522216624995716,-7.623205026800316e-05,-3.021252470668436e-14
395.40000000000003,3980.7999370235093,0.5851708794541197,100.00000000000001,2.6154593642408743,-6.852034574021397e-05,-3.024433711431461e-14
395.5,3981.059661136151,0.5851643999804765,100.00000000000001,2.579087806495647,-6.112077607002566e-05,-3.027536384948478e-14
395.6,3981.315767527254,0.5851586450450783,100.00000000000001,2.543104521088894,-5.40287743152895e-05,-3.0305624286646214e-14
395.70000000000005,3981.5682949001375,0.5851535841420352,100.00000000000001,2.507507027746076,-4.72392373902303e-05,-3.033513732376826e-14
395.8,3981.8172817095074,0.5851491873004263,100.00000000000001,2.4722928345627406,-4.074657732351282e-05,-3.0363921394085314e-14
395.90000000000003,3982.0627661603166,0.5851454251303371,100.00000000000001,2.4374594384625987,-3.454476984123026e-05,-3.039199447755081e-14
396.0,3982.304786206672,0.5851422688641676,100.00000000000001,2.403004325647182,-2.8627400391080217e-05,-3.041937411200524e-14
396.1,3982.543379550781,0.5851396903934589,100.00000000000001,2.3689249720399337,-2.2987707795146727e-05,-3.044607740406481e-14
396.20000000000005,3982.77858364195,0.5851376623014684,100.00000000000001,2.335218843727442,-1.7618625621074856e-05,-3.0472121039737806e-14
396.3,3983.0104356756183,0.5851361578917147,100.00000000000001,2.3018833973998674,-1.251282144844671e-05,-3.049752129477505e-14
396.40000000000003,3983.2389725924445,0.5851351512126984,100.00000000000001,2.268916080792687,-7.662734109978355e-06,-3.0522294044761144e-14
396.5,3983.464231077431,0.5851346170789933,100.00000000000001,2.23631433313127,-3.0606090531102054e-06,-3.0546454774952916e-14
396.6,3983.686247559096,0.5851345310888911,100.00000000000001,2.2040755855796985,1.301468079192823e-06,-3.0570018589871297e-14
396.70000000000005,3983.9050582086898,0.5851348696387746,100.00000000000001,2.172197261694864,5.431539561476026e-06,-3.05930002226529e-14
396.8,3984.120698939457,0.585135609934381,100.00000000000001,2.1406767778867617,9.337745295022497e-06,-3.061541404416736e-14
396.90000000000003,3984.333205405945,0.5851367299991149,100.00000000000001,2.1095115438854717,1.3028294056200674e-05,-3.0637274071906446e-14
397.0,3984.5426130033616,0.5851382086795578,100.00000000000001,2.078698963215113,1.6511436158295453e-05,-3.065859397865065e-14
397.1,3984.7489568669744,0.585140025648314,100.00000000000001,2.0482364336749783,1.9795437552875435e-05,-3.067938710091927e-14
397.20000000000005,3984.9522718715666,0.585142161404336,100.00000000000001,2.0181213478278313,2.2888555250473284e-05,-3.0699666447209275e-14
397.3,3985.152592630936,0.585144597270854,100.00000000000001,1.9883510934949375,2.5799014035557714e-05,-3.0719444706028636e-14
397.40000000000003,3985.349953497446,0.5851473153910441,100.00000000000001,1.9589230542575908,2.8534984465452024e-05,-3.073873425372954e-14
397.5,3985.5443885616287,0.5851502987215564,100.00000000000001,1.929834609964503,3.110456210301702e-05,-3.0757547162146604e-14
397.6,3985.735931651833,0.5851535310240261,100.00000000000001,1.9010831372443722,3.351574792895396e-05,-3.077589520604524e-14
397.70000000000005,3985.924616333934,0.5851569968546876,100.00000000000001,1.872666010023003,3.577642998050454e-05,-3.079378987038527e-14
397.8,3986.1104759110844,0.5851606815522105,100.00000000000001,1.8445806000438225,3.7894366157846895e-05,-3.0811242357404654e-14
397.90000000000003,3986.293543423524,0.5851645712238744,100.00000000000001,1.8168242773911207,3.987716818344402e-05,-3.082826359352797e-14
398.0,3986.473851648441,0.5851686527301977,100.00000000000001,1.7893944110149516,4.1732286722833626e-05,-3.08448642361045e-14
398.1,3986.651433099882,0.5851729136681356,100.00000000000001,1.7622883692566216,4.346699766168725e-05,-3.0861054679980215e-14
398.20000000000005,3986.826320028721,0.5851773423529643,100.00000000000001,1.735503520373709,4.5088389527359884e-05,-3.08768450639083e-14
398.3,3986.998544422674,0.5851819277989622,100.00000000000001,1.7090372330636563,4.660335202112122e-05,-3.08922452768022e-14
398.40000000000003,3987.1681380063715,0.5851866596990022,100.00000000000001,1.6828868769847103,4.801856570742523e-05,-3.090726496383571e-14
398.5,3987.3351322414787,0.5851915284031689,100.00000000000001,1.657049823273301,4.9340492814670886e-05,-3.09219135323938e-14
398.6,3987.49955832687,0.585196524896512,100.00000000000001,1.6315234450567604,5.0575369161111486e-05,-3.093620015787836e-14
398.70000000000005,3987.6614471988532,0.5852016407760463,100.00000000000001,1.6063051179604,5.172919716105034e-05,-3.0950133789372546e-14
398.8,3987.8208295314444,0.585206868227109,100.00000000000001,1.5813922206080182,5.2807739954892916e-05,-3.0963723155167444e-14
398.90000000000003,3987.977735736693,0.5852121999991817,100.00000000000001,1.5567821351148636,5.3816516577055215e-05,-3.097697676815466e-14
399.0,3988.132195965054,0.5852176293812839,100.00000000000001,1.5324722475722912,5.47607982079743e-05,-3.0989902931088324e-14
399.1,3988.284240105811,0.5852231501770423,100.00000000000001,1.508459948523278,5.564560544923061e-05,-3.1002509741719824e-14
399.20000000000005,3988.433897787543,0.5852287566795401,100.00000000000001,1.484742633428045,5.64757066237951e-05,-3.101480509780868e-14
399.3,3988.5811983786407,0.5852344436460452,100.00000000000001,1.4613177031191698,5.725561706102964e-05,-3.1026796702012486e-14
399.40000000000003,3988.726170987865,0.5852402062727132,100.00000000000001,1.4381825642455892,5.798959930540474e-05,-3.103849206665922e-14
399.5,3988.8688444649497,0.5852460401693602,100.00000000000001,1.4153346297048812,5.868166428115195e-05,-3.104989851840475e-14
399.6,3989.00924740125,0.5852519413343947,100.00000000000001,1.392771319063563,5.933557332871761e-05,-3.1061023202778596e-14
399.70000000000005,3989.147408130427,0.5852579061299962,100.00000000000001,1.3704900589647964,5.995484106974341e-05,-3.107187308862039e-14
399.8,3989.2833547291766,0.5852639312576201,100.00000000000001,1.3484882835233853,6.054273908219076e-05,-3.1082454972410156e-14
399.90000000000003,3989.4171150179964,0.5852700137339095,100.00000000000001,1.3267634347077188,6.110230033097839e-05,-3.1092775482494664e-14
400.0,3989.5487165619884,0.5852761508670846,100.00000000000001,1.3053129627084488,6.163632431029904e-05,-3.1102841083212735e-14
400.1,3989.6781866716997,0.5852823402338794,100.00000000000001,1.2841343262939433,6.21473828150358e-05,-3.111265807892158e-14
400.20000000000005,3989.8055524039974,0.5852885796570868,100.00000000000001,1.2632249931522657,6.263782634411507e-05,-3.1122232617926895e-14
400.3,3989.930840562977,0.5852948671837729,100.00000000000001,1.2425824402198857,6.310979106111074e-05,-3.113157069631884e-14
400.40000000000003,3990.0540777009046,0.5853012010642114,100.00000000000001,1.2222041539970128,6.356520623273989e-05,-3.1140678161716137e-14
400.5,3990.175290119185,0.5853075797315841,100.00000000000001,1.2020876308497488,6.400580210230287e-05,-3.114956071692052e-14
400.6,3990.294503869366,0.5853140017824899,100.00000000000001,1.1822303772992784,6.443311817762038e-05,-3.1158223923483655e-14
400.70000000000005,3990.411744754167,0.5853204659582996,100.00000000000001,1.16262991029814,6.484851184282672e-05,-3.116667320518855e-14
400.8,3990.5270383285356,0.5853269711273845,100.00000000000001,1.1432837574939783,6.52531672324913e-05,-3.1174913851447375e-14
400.90000000000003,3990.640409900728,0.585333516268247,100.00000000000001,1.1241894574809115,6.564810435780696e-05,-3.118295102061782e-14
401.0,3990.7518845334193,0.5853401004535694,100.00000000000001,1.105344560038972,6.603418837081902e-05,-3.119078974323967e-14
401.1,3990.8614870448296,0.5853467228351984,100.00000000000001,1.0867466263617875,6.641213897338926e-05,-3.119843492519351e-14
401.20000000000005,3990.9692420098786,0.5853533826300716,100.00000000000001,1.0683932292730047,6.678253986726999e-05,-3.120589135078335e-14
401.3,3991.075173761359,0.5853600791070935,100.00000000000001,1.050281953431722,6.714584825979973e-05,-3.121316368574497e-14
401.40000000000003,3991.179306391129,0.5853668115749566,100.00000000000001,1.03241039552733,6.750240428176669e-05,-3.122025648018143e-14
401.5,3991.281663751325,0.5853735793709058,100.00000000000001,1.0147761644642173,6.785244039700943e-05,-3.122717417142778e-14
401.6,3991.382269455592,0.585380381850435,100.00000000000001,0.9973768815366888,6.819609065640162e-05,-3.123392108684621e-14
401.70000000000005,3991.4811468803305,0.5853872183779019,100.00000000000001,0.980210180594485,6.853339978878346e-05,-3.1240501446553445e-14
401.8,3991.5783191659602,0.5853940883180443,100.00000000000001,0.9632737081993354,6.886433213165582e-05,-3.124691936608183e-14
401.90000000000003,3991.6738092182,0.585400991028377,100.00000000000001,0.9465651237730324,6.91887803105933e-05,-3.1253178858975615e-14
402.0,3991.7676397093583,0.585407925852443,100.00000000000001,0.930082099737167,6.950657365203438e-05,-3.12592838393239e-14
402.1,3991.859833079642,0.5854148921138947,100.00000000000001,0.9138223216452733,6.981748634655474e-05,-3.126523812423179e-14
402.20000000000005,3991.9504115384757,0.5854218891113738,100.00000000000001,0.8977834883074561,7.012124525891424e-05,-3.127104543623088e-14
402.3,3992.039397065831,0.5854289161141562,100.00000000000001,0.8819633119080232,7.041753743628306e-05,-3.127670940563082e-14
402.40000000000003,3992.1268114135733,0.5854359723585303,100.00000000000001,0.8663595181164869,7.07060172449594e-05,-3.128223357281301e-14
402.5,3992.212676106812,0.5854430570448703,100.00000000000001,0.8509698461921816,7.098631312121594e-05,-3.128762139046782e-14
402.6,3992.2970124452672,0.5854501693353664,100.00000000000001,0.835792049082942,7.125803398271444e-05,-3.1292876225776754e-14
402.70000000000005,3992.3798415046417,0.5854573083523757,100.00000000000001,0.8208238935180436,7.152077522002052e-05,-3.1298001362540716e-14
402.8,3992.461184138004,0.5854644731773525,100.00000000000001,0.8060631600957875,7.177412428282121e-05,-3.130300000325553e-14
402.90000000000003,3992.5410609771784,0.5854716628503179,100.00000000000001,0.7915076433659505,7.20176658912135e-05,-3.13078752711362e-14
403.0,3992.6194924341467,0.5854788763698289,100.00000000000001,0.7771551519074243,7.225098680315744e-05,-3.13126302120908e-14
403.1,3992.696498702452,0.5854861126934053,100.00000000000001,0.7630035084011951,7.247368021901445e-05,-3.1317267796645415e-14
403.20000000000005,3992.7720997586143,0.5854933707383755,100.00000000000001,0.7490505496989456,7.268534973584288e-05,-3.1321790921821094e-14
403.3,3992.846315363549,0.5855006493830991,100.00000000000001,0.735294126887506,7.288561294711424e-05,-3.132620241296409e-14
403.40000000000003,3992.9191650639946,0.5855079474685285,100.00000000000001,0.7217321053493522,7.307410461750739e-05,-3.1330505025530374e-14
403.5,3992.9906681939456,0.5855152638000712,100.00000000000001,0.7083623648191871,7.325047951737366e-05,-3.1334701446825695e-14
403.6,3993.0608438760896,0.5855225971497144,100.00000000000001,0.6951827994369726,7.341441484651651e-05,-3.133879429770192e-14
403.70000000000005,3993.129711023251,0.5855299462583745,100.00000000000001,0.6821913177973852,7.356561231509543e-05,-3.134278613421106e-14
403.8,3993.1972883398366,0.58553730983844,100.00000000000001,0.6693858429958933,7.370379991122185e-05,-3.134667944921787e-14
403.90000000000003,3993.2635943232917,0.5855446865764712,100.00000000000001,0.6567643126716607,7.382873329294785e-05,-3.135047667397186e-14
404.0,3993.3286472655536,0.5855520751360248,100.00000000000001,0.644324679047141,7.394019689115976e-05,-3.135418017963992e-14
404.1,3993.392465254512,0.5855594741605735,100.00000000000001,0.63206490896469,7.403800470284129e-05,-3.135779227880048e-14
404.20000000000005,3993.455066175474,0.5855668822764916,100.00000000000001,0.6199829839201707,7.412200082530302e-05,-3.136131522690011e-14
404.3,3993.516467712629,0.5855742980960804,100.00000000000001,0.6080769000936085,7.419205973569623e-05,-3.1364751223673484e-14
404.40000000000003,3993.5766873505218,0.5855817202206093,100.00000000000001,0.5963446683769954,7.424808629197775e-05,-3.136810241452764e-14
404.5,3993.635742375521,0.5855891472433454,100.00000000000001,0.5847843143992316,7.429001554789997e-05,-3.137137089189145e-14
404.6,3993.693649877298,0.5855965777525544,100.00000000000001,0.5733938785484048,7.431781233019253e-05,-3.137455869653099e-14
404.70000000000005,3993.7504267502995,0.5856040103344502,100.00000000000001,0.5621714159911895,7.433147067263061e-05,-3.137766781883204e-14
404.8,3993.80608969523,0.5856114435760787,100.00000000000001,0.5511149966896796,7.433101304007463e-05,-3.1380700200050047e-14
404.90000000000003,3993.8606552205306,0.5856188760681169,100.00000000000001,0.540222705415457,7.431648942315417e-05,-3.138365773352886e-14
405.0,3993.9141396438595,0.5856263064075753,100.00000000000001,0.5294926417610477,7.42879763256597e-05,-3.138654226588872e-14
405.1,3993.9665590935765,0.585633733200392,100.00000000000001,0.5189229201487419,7.424557559180084e-05,-3.138935559818433e-14
405.20000000000005,3994.017929510225,0.5856411550639057,100.00000000000001,0.508511669836806,7.418941317441934e-05,-3.139209948703385e-14
405.3,3994.0682666480157,0.5856485706292003,100.00000000000001,0.49825703492312423,7.41196378030159e-05,-3.1394775645719504e-14
405.40000000000003,3994.1175860763124,0.5856559785433149,100.00000000000001,0.4881571743462393,7.4036419607932e-05,-3.139738574526053e-14
405.5,3994.165903181114,0.5856633774713099,100.00000000000001,0.47821026188381993,7.393994865500747e-05,-3.139993141545916e-14
405.6,3994.213233166539,0.5856707660981894,100.00000000000001,0.4684144861486263,7.38304334879888e-05,-3.140241424592036e-14
405.70000000000005,3994.259591056308,0.5856781431306727,100.00000000000001,0.45876805058193704,7.370809962998346e-05,-3.140483578704607e-14
405.8,3994.304991695228,0.5856855072988182,100.00000000000001,0.4492691734444623,7.357318807960904e-05,-3.1407197551004394e-14
405.90000000000003,3994.349449750672,0.5856928573574937,100.00000000000001,0.43991608780478275,7.34259537834604e-05,-3.14095010126746e-14
406.0,3994.39297971406,0.5857001920876985,100.00000000000001,0.43070704152529204,7.326666417465696e-05,-3.141174761056843e-14
406.1,3994.4355959023364,0.5857075102977367,100.00000000000001,0.4216402972457312,7.309559766812193e-05,-3.141393874772834e-14
406.20000000000005,3994.477312459448,0.5857148108242434,100.00000000000001,0.41271413236428317,7.291304223546762e-05,-3.1416075792603394e-14
406.3,3994.518143357819,0.5857220925330693,100.00000000000001,0.40392683901633036,7.271929399009183e-05,-3.141816007990312e-14
406.40000000000003,3994.558102399823,0.5857293543200272,100.00000000000001,0.39527672405072556,7.251465582902266e-05,-3.142019291143022e-14
406.5,3994.597203219252,0.5857365951115034,100.00000000000001,0.38676210900384217,7.229943612222112e-05,-3.142217555689247e-14
406.6,3994.6354592827865,0.5857438138649426,100.00000000000001,0.37838133007130414,7.207394744777517e-05,-3.1424109254694256e-14
406.70000000000005,3994.672883891457,0.5857510095692073,100.00000000000001,0.370132738077453,7.18385054067765e-05,-3.142599521270866e-14
406.8,3994.7094901821065,0.5857581812448237,100.00000000000001,0.3620146984425775,7.15934274740022e-05,-3.14278346090301e-14
406.90000000000003,3994.7452911288497,0.5857653279441148,100.00000000000001,0.3540255911479931,7.13390319495022e-05,-3.142962859270845e-14
407.0,3994.780299544524,0.585772448751233,100.00000000000001,0.3461638106989112,7.10756369521362e-05,-3.143137828446487e-14
407.1,3994.8145280821436,0.5857795427820934,100.00000000000001,0.33842776608538067,7.080355947276184e-05,-3.143308477738977e-14
407.20000000000005,3994.8479892363434,0.5857866091842192,100.00000000000001,0.33081588074101664,7.052311454522377e-05,-3.143474913762365e-14
407.3,3994.880695344822,0.5857936471365053,100.00000000000001,0.3233265924997737,7.023461444224329e-05,-3.1436372405021005e-14
407.40000000000003,3994.9126585897798,0.585800655848905,100.00000000000001,0.31595835355090335,6.993836794357449e-05,-3.143795559379768e-14
407.5,3994.943890999352,0.5858076345620484,100.00000000000001,0.308709630391843,6.963467970893599e-05,-3.143949969316241e-14
407.6,3994.9744044490367,0.5858145825468009,100.00000000000001,0.3015789037793674,6.93238496830278e-05,-3.1441005667932604e-14
407.70000000000005,3995.0042106631186,0.585821499103764,100.00000000000001,0.2945646686789304,6.900617257453594e-05,-3.144247445913496e-14
407.8,3995.0333212160876,0.5858283835627309,100.00000000000001,0.2876654342123184,6.868193742962346e-05,-3.144390698459132e-14
407.90000000000003,3995.0617475340505,0.5858352352820982,100.00000000000001,0.2808797236035391,6.835142721627852e-05,-3.144530413948994e-14
408.0,3995.08950089614,0.5858420536482426,100.00000000000001,0.27420607412324327,6.801491851416351e-05,-3.144666679694276e-14
408.1,3995.116592435916,0.5858488380748672,100.00000000000001,0.26764303703140013,6.767268123181069e-05,-3.144799580852895e-14
408.20000000000005,3995.1430331427605,0.585855588002323,100.00000000000001,0.26118917751863685,6.732497838937571e-05,-3.144929200482498e-14
408.3,3995.1688338632694,0.5858623028969122,100.00000000000001,0.25484307464604095,6.697206596666138e-05,-3.145055619592177e-14
408.40000000000003,3995.194005302635,0.5858689822501769,100.00000000000001,0.24860332128359344,6.661419275910651e-05,-3.1451789171928953e-14
408.5,3995.2185580260257,0.5858756255781763,100.00000000000001,0.2424685240472608,6.625160031083053e-05,-3.145299170346688e-14
408.6,3995.2425024599543,0.5858822324207601,100.00000000000001,0.23643730323485224,6.588452288300805e-05,-3.145416454214638e-14
408.70000000000005,3995.2658488936463,0.5858888023408393,100.00000000000001,0.23050829276057688,6.551318744398149e-05,-3.145530842103687e-14
408.8,3995.288607480396,0.5858953349236594,100.00000000000001,0.22468014008847573,6.513781372127285e-05,-3.1456424055122835e-14
408.90000000000003,3995.3107882389186,0.5859018297760787,100.00000000000001,0.21895150616474032,6.475861425980924e-05,-3.145751214174921e-14
409.0,3995.3324010546953,0.585908286525855,100.00000000000001,0.21332106534894382,6.437579452222233e-05,-3.145857336105567e-14
409.1,3995.3534556813115,0.5859147048209425,100.00000000000001,0.20778750534428486,6.398955299567463e-05,-3.145960837640037e-14
409.20000000000005,3995.373961741787,0.5859210843288022,100.00000000000001,0.20234952712678297,6.360008134936751e-05,-3.146061783477324e-14
409.3,3995.393928729899,0.5859274247357266,100.00000000000001,0.19700584487364772,6.320756457815526e-05,-3.146160236719913e-14
409.40000000000003,3995.413366011501,0.5859337257461814,100.00000000000001,0.19175518589074345,6.281218118268663e-05,-3.146256258913099e-14
409.5,3995.4322828258287,0.5859399870821661,100.00000000000001,0.18659629053922605,6.24141033628124e-05,-3.146349910083354e-14
409.6,3995.450688286805,0.5859462084825929,100.00000000000001,0.18152791216133798,6.20134972119174e-05,-3.1464412487757387e-14
409.70000000000005,3995.4685913843323,0.5859523897026867,100.00000000000001,0.17654881700557187,6.161052292432299e-05,-3.1465303320903994e-14
409.8,3995.4860009855806,0.5859585305134054,100.00000000000001,0.17165778415103372,6.12053350024692e-05,-3.1466172157181733e-14
409.90000000000003,3995.502925836265,0.5859646307008824,100.00000000000001,0.16685360543117045,6.0798082488643794e-05,-3.146701953975311e-14
410.0,3995.51937456192,0.5859706900658903,100.00000000000001,0.16213508535689566,6.0388909160537184e-05,-3.146784599837355e-14
410.1,3995.5353556691603,0.5859767084233264,100.00000000000001,0.1575010410391138,5.997795377495869e-05,-3.1468652049721815e-14
410.20000000000005,3995.5508775469393,0.5859826856017205,100.00000000000001,0.1529503021106684,5.956535025640695e-05,-3.146943819772225e-14
410.3,3995.5659484677967,0.5859886214427641,100.00000000000001,0.1484817106478244,5.9151227951078196e-05,-3.147020493385927e-14
410.40000000000003,3995.580576589098,0.5859945158008614,100.00000000000001,0.144094121091173,5.87357118047145e-05,-3.147095273748396e-14
410.5,3995.5947699542685,0.5860003685427005,100.00000000000001,0.13978640016617178,5.8318922582975395e-05,-3.1471682076113255e-14
410.6,3995.6085364940163,0.586006179546846,100.00000000000001,0.13555742680316454,5.7900977076700985e-05,-3.147239340572172e-14
410.70000000000005,3995.6218840275496,0.58601194870335,100.00000000000001,0.13140609205710932,5.7481988286118226e-05,-3.147308717102612e-14
410.8,3995.634820263785,0.5860176759133835,100.00000000000001,0.12733129902682647,5.7062065611230794e-05,-3.1473763805763085e-14
410.90000000000003,3995.647352802548,0.5860233610888848,100.00000000000001,0.12333196277398607,5.6641315033623376e-05,-3.147442373295991e-14
411.0,3995.6594891357645,0.5860290041522267,100.00000000000001,0.1194070102416826,5.621983928714116e-05,-3.1475067365198676e-14
411.1,3995.671236648646,0.5860346050358995,100.00000000000001,0.1155553801728543,5.579773801274066e-05,-3.147569510487388e-14
411.20000000000005,3995.682602620864,0.5860401636822102,100.00000000000001,0.11177602302824681,5.5375107928790096e-05,-3.147630734444379e-14
411.3,3995.69359422772,0.5860456800429967,100.00000000000001,0.10806790090426698,5.49520429614061e-05,-3.147690446667554e-14
411.40000000000003,3995.704218541302,0.586051154079356,100.00000000000001,0.10442998745054785,5.452863438481958e-05,-3.147748684488427e-14
411.5,3995.714482531638,0.5860565857613854,100.00000000000001,0.10086126778728816,5.41049709531813e-05,-3.1478054843166284e-14
411.6,3995.7243930678383,0.5860619750679361,100.00000000000001,0.09736073842244308,5.3681139006803365e-05,-3.147860881662657e-14
411.70000000000005,3995.7339569192286,0.5860673219863777,100.00000000000001,0.09392740716870399,5.32572225953767e-05,-3.14791491116007e-14
411.8,3995.743180756479,0.586072626512374,100.00000000000001,0.09056029306039656,5.283330356958837e-05,-3.147967606587118e-14
411.90000000000003,3995.7520711527204,0.5860778886496684,100.00000000000001,0.08725842627013408,5.2409461677449105e-05,-3.148019000887863e-14
412.0,3995.760634584654,0.5860831084098775,100.00000000000001,0.08402084802541976,5.198577466105283e-05,-3.1480691261927636e-14
412.1,3995.768877433653,0.5860882858122947,100.00000000000001,0.08084661052518975,5.1562318313675594e-05,-3.148118013838757e-14
412.20000000000005,3995.7768059868563,0.5860934208836992,100.00000000000001,0.07773477685615451,5.1139166582245197e-05,-3.1481656943888513e-14
412.3,3995.7844264382516,0.5860985136581743,100.00000000000001,0.07468442090916519,5.071639160155934e-05,-3.148212197651228e-14
412.40000000000003,3995.791744889753,0.5861035641769291,100.00000000000001,0.07169462729551522,5.02940637672417e-05,-3.148257552697878e-14
412.5,3995.7987673522675,0.586108572488128,100.00000000000001,0.0687644912631791,4.987225180024581e-05,-3.1483017878827823e-14
412.6,3995.8054997467557,0.5861135386467248,100.00000000000001,0.06589311861306005,4.9451022769036756e-05,-3.148344930859629e-14
412.70000000000005,3995.8119479052825,0.5861184627143006,100.00000000000001,0.06307962561520755,4.903044216421704e-05,-3.1483870085991164e-14
412.8,3995.81811757206,0.5861233447589068,100.00000000000001,0.06032313892504655,4.8610573904930385e-05,-3.148428047405812e-14
412.90000000000003,3995.824014404481,0.5861281848549108,100.00000000000001,0.057622795499588424,4.8191480395399174e-05,-3.1484680729346044e-14
413.0,3995.829643974146,0.5861329830828454,100.00000000000001,0.05497774251379716,4.777322254887175e-05,-3.148507110206747e-14
413.1,3995.8350117678806,0.5861377395292617,100.00000000000001,0.052387137276884606,4.735585981593516e-05,-3.148545183625507e-14
413.20000000000005,3995.8401231887437,0.5861424542865836,100.00000000000001,0.049850147148690745,4.693945021277984e-05,-3.1485823169914266e-14
413.3,3995.8449835570304,0.5861471274529659,100.00000000000001,0.04736594945618741,4.652405034200777e-05,-3.148618533517216e-14
413.40000000000003,3995.8495981112624,0.5861517591321538,100.00000000000001,0.04493373141006701,4.610971540905381e-05,-3.1486538558422605e-14
413.5,3995.853972009174,0.5861563494333438,100.00000000000001,0.04255269002138219,4.569649924633622e-05,-3.148688306046791e-14
413.6,3995.858110328686,0.5861608984710484,100.00000000000001,0.040222032018306986,4.5284454331872046e-05,-3.148721905665696e-14
413.70000000000005,3995.862018068876,0.5861654063649597,100.00000000000001,0.03794097376312127,4.487363179340218e-05,-3.1487546757019854e-14
413.8,3995.8657001509346,0.5861698732398166,100.00000000000001,0.03570874116921074,4.446408143241394e-05,-3.148786636639935e-14
413.90000000000003,3995.8691614191184,0.5861742992252722,100.00000000000001,0.03352456961826802,4.4055851740195034e-05,-3.148817808457902e-14
414.0,3995.8724066416926,0.5861786844557635,100.00000000000001,0.03138770387770861,4.36489899043418e-05,-3.14884821064082e-14
414.1,3995.8754405118643,0.5861830290703818,100.00000000000001,0.029297398018174527,4.324354182218046e-05,-3.148877862192389e-14
414.20000000000005,3995.87826764871,0.5861873332127441,100.00000000000001,0.02725291533128612,4.283955211782264e-05,-3.148906781646964e-14
414.3,3995.880892598092,0.5861915970308663,100.00000000000001,0.02525352824756415,4.243706414241882e-05,-3.148934987081151e-14
414.40000000000003,3995.8833198335706,0.5861958206770373,100.00000000000001,0.023298518254619885,4.203612000621065e-05,-3.148962496125118e-14
414.5,3995.885553757303,0.5862000043076945,100.00000000000001,0.021387175815444446,4.163676057462283e-05,-3.148989325973623e-14
414.6,3995.887598700939,0.5862041480833006,100.00000000000001,0.019518800287088925,4.123902549169428e-05,-3.149015493396768e-14
414.70000000000005,3995.8894589265055,0.5862082521682217,100.00000000000001,0.01769269983943841,4.084295317860653e-05,-3.1490410147504994e-14
414.8,3995.8911386272825,0.5862123167306061,100.00000000000001,0.015908191374358706,4.044858086224835e-05,-3.1490659059868315e-14
414.90000000000003,3995.8926419286745,0.5862163419422654,100.00000000000001,0.01416460044503635,4.005594458225853e-05,-3.1490901826638326e-14
415.0,3995.89397288907,0.5862203279785556,100.00000000000001,0.012461261175625698,3.9665079197376685e-05,-3.149113859955351e-14
415.1,3995.8951355006952,0.5862242750182612,100.00000000000001,0.010797516181128288,3.927601840983149e-05,-3.149136952660517e-14
415.20000000000005,3995.8961336904595,0.5862281832434794,100.00000000000001,0.009172716487648523,3.888879477941492e-05,-3.149159475212995e-14
415.3,3995.8969713207916,0.5862320528395065,100.00000000000001,0.007586221452868073,3.8503439736297275e-05,-3.149181441690014e-14
415.40000000000003,3995.8976521904697,0.5862358839947261,100.00000000000001,0.006037398686872574,3.811998358959174e-05,-3.1492028658211764e-14
415.5,3995.898180035442,0.5862396769004983,100.00000000000001,0.004525623973297312,3.773845556390144e-05,-3.1492237609970446e-14
415.6,3995.89855852964,0.5862434317510502,100.00000000000001,0.0030502811907967926,3.7358883786457e-05,-3.149244140277515e-14
415.70000000000005,3995.8987912857856,0.5862471487433688,100.00000000000001,0.0016107622348328914,3.698129532068349e-05,-3.1492640163999946e-14
415.8,3995.898881856187,0.5862508280770949,100.00000000000001,0.00020646693986465636,3.660571618855723e-05,-3.149283401787359e-14
415.90000000000003,3995.8988337335304,0.5862544699544198,100.00000000000001,-0.0011631969982091317,3.623217137316379e-05,-3.149302308555729e-14
416.0,3995.8986503516608,0.586258074579982,100.00000000000001,-0.002498814099196906,3.586068484714287e-05,-3.1493207485220495e-14
416.1,3995.898335086357,0.5862616421607677,100.00000000000001,-0.003800961175360475,3.549127958996741e-05,-3.149338733211478e-14
416.20000000000005,3995.8978912560992,0.5862651729060114,100.00000000000001,-0.00507020740784007,3.5123977592866124e-05,-3.149356273864593e-14
416.3,3995.8973221228284,0.5862686670270988,100.00000000000001,-0.006307114422700195,3.475879989158562e-05,-3.149373381444423e-14
416.40000000000003,3995.8966308926965,0.5862721247374716,100.00000000000001,-0.007512236366563647,3.4395766570165464e-05,-3.149390066643306e-14
416.5,3995.895820716812,0.5862755462525338,100.00000000000001,-0.008686119981856586,3.40348967970556e-05,-3.149406339889572e-14
416.6,3995.894894691977,0.5862789317895604,100.00000000000001,-0.009829304681696165,3.3676208829063384e-05,-3.149422211354069e-14
416.70000000000005,3995.893855861414,0.5862822815676075,100.00000000000001,-0.01094232262435134,3.3319720027982676e-05,-3.149437690956519e-14
416.8,3995.892707215491,0.5862855958074239,100.00000000000001,-0.012025698787281935,3.2965446892678245e-05,-3.149452788371725e-14
416.90000000000003,3995.8914516924337,0.5862888747313653,100.00000000000001,-0.013079951040776024,3.2613405063458064e-05,-3.149467513035618e-14
417.0,3995.8900921790328,0.5862921185633094,100.00000000000001,-0.014105590221217514,3.2263609348459555e-05,-3.149481874151157e-14
417.1,3995.8886315113436,0.5862953275285735,100.00000000000001,-0.015103120203846944,3.191607372584159e-05,-3.1494958806940787e-14
417.20000000000005,3995.88707247538,0.5862985018538325,100.00000000000001,-0.016073037975147583,3.157081137740651e-05,-3.149509541418516e-14
417.3,3995.885417807798,0.5863016417670406,100.00000000000001,-0.017015833704821737,3.122783470963196e-05,-3.1495228648624716e-14
417.40000000000003,3995.8836701965747,0.5863047474973537,100.00000000000001,-0.01793199081731955,3.0887155354716936e-05,-3.1495358593531487e-14
417.5,3995.8818322816787,0.5863078192750532,100.00000000000001,-0.018821986062877716,3.0548784187258565e-05,-3.14954853301216e-14
417.6,3995.879906655735,0.5863108573314711,100.00000000000001,-0.019686289588195467,3.0212731357776018e-05,-3.149560893760606e-14
417.70000000000005,3995.8778958646803,0.5863138618989188,100.00000000000001,-0.020525365006657574,2.9879006291140697e-05,-3.149572949324028e-14
417.8,3995.8758024084145,0.5863168332106146,100.00000000000001,-0.02133966946804397,2.954761772080996e-05,-3.1495847072372316e-14
417.90000000000003,3995.8736287414426,0.5863197715006156,100.00000000000001,-0.022129653727881282,2.9218573679608738e-05,-3.1495961748489976e-14
418.0,3995.8713772735105,0.5863226770037492,100.00000000000001,-0.022895762216295027,2.8891881543300612e-05,-3.149607359326683e-14
418.1,3995.869050370235,0.5863255499555463,100.00000000000001,-0.023638433106382164,2.8567548017287443e-05,-3.14961826766069e-14
418.20000000000005,3995.8666503537256,0.5863283905921773,100.00000000000001,-0.024358098382192776,2.8245579179176723e-05,-3.14962890666884e-14
418.3,3995.8641795032,0.5863311991503883,100.00000000000001,-0.02505518390622044,2.792598047341442e-05,-3.1496392830006354e-14
418.40000000000003,3995.8616400555925,0.5863339758674392,100.00000000000001,-0.025730109486452938,2.760875673333863e-05,-3.149649403141416e-14
418.5,3995.859034206157,0.5863367209810436,100.00000000000001,-0.02638328894289752,2.7293912202260262e-05,-3.14965927341641e-14
418.6,3995.856364109062,0.5863394347293098,100.00000000000001,-0.027015130173718014,2.69814505291784e-05,-3.149668899994684e-14
418.70000000000005,3995.853631877979,0.5863421173506826,100.00000000000001,-0.02762603522085372,2.6671374800949885e-05,-3.1496782888930035e-14
418.8,3995.850839586666,0.5863447690838872,100.00000000000001,-0.028216400335250125,2.6363687540727715e-05,-3.149687445979591e-14
418.90000000000003,3995.847989269543,0.5863473901678741,100.00000000000001,-0.028786616041522595,2.605839073329522e-05,-3.1496963769777927e-14
419.0,3995.8450829222606,0.5863499808417657,100.00000000000001,-0.029337067202221994,2.5755485835830147e-05,-3.1497050874696576e-14
419.1,3995.8421225022635,0.5863525413448041,100.00000000000001,-0.029868133081604218,2.545497378122887e-05,-3.149713582899422e-14
419.20000000000005,3995.8391099293476,0.5863550719162991,100.00000000000001,-0.030380187408928477,2.5156854998756274e-05,-3.1497218685769123e-14
419.3,3995.83604708621,0.586357572795579,100.00000000000001,-0.03087359844129122,2.486112942703776e-05,-3.149729949680863e-14
419.40000000000003,3995.8329358189926,0.5863600442219411,100.00000000000001,-0.03134872902600381,2.4567796513767114e-05,-3.149737831262154e-14
419.5,3995.8297779378213,0.5863624864346045,100.00000000000001,-0.031805936662470606,2.4276855246478403e-05,-3.149745518246968e-14
419.6,3995.8265752173365,0.5863648996726641,100.00000000000001,-0.03224557356360839,2.398830415300085e-05,-3.149753015439864e-14
419.70000000000005,3995.823329397219,0.5863672841750451,100.00000000000001,-0.03266798671680213,2.3702141317492933e-05,-3.1497603275267864e-14
419.8,3995.8200421827096,0.5863696401804588,100.00000000000001,-0.03307351794436933,2.3418364380565026e-05,-3.149767459077986e-14
419.90000000000003,3995.816715245123,0.58637196792736,100.00000000000001,-0.03346250396355369,2.3136970570319e-05,-3.149774414550879e-14
420.0,3995.813350222354,0.5863742676539052,100.00000000000001,-0.0338352764460711,2.2857956696261262e-05,-3.1497811982928344e-14
420.1,3995.8099487193813,0.5863765395979118,100.00000000000001,-0.03419216207713253,2.258131916737483e-05,-3.1497878145438885e-14
420.20000000000005,3995.8065123087613,0.5863787839968186,100.00000000000001,-0.034533482614053874,2.2307054003785915e-05,-3.149794267439396e-14
420.3,3995.8030425311185,0.5863810010876471,100.00000000000001,-0.03485955494436004,2.2035156843146498e-05,-3.1498005610126107e-14
420.40000000000003,3995.7995408956303,0.5863831911069639,100.00000000000001,-0.035170691143404875,2.1765622952629666e-05,-3.1498066991972065e-14
420.5,3995.796008880504,0.5863853542908447,100.00000000000001,-0.03546719853155477,2.14984472422721e-05,-3.1498126858297396e-14
420.6,3995.7924479334506,0.586387490874838,100.00000000000001,-0.03574937973083801,2.1233624268902554e-05,-3.1498185246520425e-14
420.70000000000005,3995.7888594721517,0.5863896010939312,100.00000000000001,-0.036017532721226736,2.0971148249100807e-05,-3.149824219313562e-14
420.8,3995.7852448847207,0.5863916851825168,100.00000000000001,-0.03627195089632928,2.071101307188586e-05,-3.149829773373643e-14
420.90000000000003,3995.7816055301582,0.5863937433743601,100.00000000000001,-0.03651292311872878,2.045321230383575e-05,-3.14983519030375e-14
421.0,3995.777942738803,0.5863957759025673,100.00000000000001,-0.03674073377474487,2.0197739200805282e-05,-3.1498404734896365e-14
421.1,3995.7742578127777,0.5863977829995549,100.00000000000001,-0.03695566282878938,1.9944586714217755e-05,-3.149845626233462e-14
421.20000000000005,3995.770552026426,0.5863997648970204,100.00000000000001,-0.03715798587726012,1.969374751272812e-05,-3.1498506517558566e-14
421.3,3995.766826626748,0.5864017218259139,100.00000000000001,-0.037347974201899926,1.9445213981985747e-05,-3.1498555531979326e-14
421.40000000000003,3995.76308283383,0.5864036540164097,100.00000000000001,-0.037525894822787814,1.9198978221159747e-05,-3.1498603336232464e-14
421.5,3995.759321841268,0.5864055616978793,100.00000000000001,-0.03769201055080028,1.895503207579198e-05,-3.149864996019716e-14
421.6,3995.755544816583,0.5864074450988652,100.00000000000001,-0.03784658003961836,1.8713367122881285e-05,-3.1498695433014845e-14
421.70000000000005,3995.751752901638,0.5864093044470557,100.00000000000001,-0.03798985783726224,1.8473974704938554e-05,-3.149873978310747e-14
421.8,3995.7479472130444,0.5864111399692611,100.00000000000001,-0.03812209443723959,1.823684591361275e-05,-3.149878303819522e-14
421.90000000000003,3995.7441288425634,0.5864129518913892,100.00000000000001,-0.03824353632911721,1.8001971618672535e-05,-3.149882522531388e-14
422.0,3995.740298857507,0.5864147404384236,100.00000000000001,-0.03835442604869706,1.7769342461515077e-05,-3.149886637083167e-14
422.1,3995.7364583011276,0.5864165058344007,100.00000000000001,-0.03845500222775373,1.7538948862518868e-05,-3.1498906500465797e-14
422.20000000000005,3995.7326081930096,0.5864182483023891,100.00000000000001,-0.038545499643275416,1.731078103696068e-05,-3.1498945639298474e-14
422.3,3995.7287495294486,0.5864199680644686,100.00000000000001,-0.03862614926628271,1.7084829007651854e-05,-3.149898381179265e-14
422.40000000000003,3995.7248832838322,0.5864216653417117,100.00000000000001,-0.038697178310174545,1.686108259560473e-05,-3.149902104180726e-14
422.5,3995.7210104070123,0.5864233403541632,100.00000000000001,-0.038758810278572434,1.663953143528281e-05,-3.1499057352612126e-14
422.6,3995.717131827674,0.5864249933208231,100.00000000000001,-0.03881126501284443,1.642016499135299e-05,-3.1499092766902556e-14
422.70000000000005,3995.7132484527,0.5864266244596287,100.00000000000001,-0.03885475873908743,1.6202972548559137e-05,-3.149912730681349e-14
422.8,3995.709361167528,0.5864282339874377,100.00000000000001,-0.03888950411467192,1.598794323593895e-05,-3.1499160993933355e-14
422.90000000000003,3995.705470836508,0.5864298221200129,100.00000000000001,-0.03891571027435642,1.5775066019585253e-05,-3.1499193849317556e-14
423.0,3995.7015783032493,0.5864313890720054,100.00000000000001,-0.03893358287595728,1.5564329706508256e-05,-3.149922589350159e-14
423.1,3995.697684390968,0.5864329350569406,100.00000000000001,-0.038943324145559705,1.535572297196051e-05,-3.1499257146513974e-14
423.20000000000005,3995.693789902827,0.5864344602872039,100.00000000000001,-0.03894513292232152,1.5149234348688262e-05,-3.1499287627888695e-14
423.3,3995.689895622274,0.5864359649740276,100.00000000000001,-0.03893920470283428,1.494485223381206e-05,-3.1499317356677426e-14
423.40000000000003,3995.686002313371,0.586437449327477,100.00000000000001,-0.03892573168502307,1.4742564897089333e-05,-3.149934635146146e-14
423.5,3995.682110721123,0.5864389135564384,100.00000000000001,-0.038904902811651904,1.4542360491478969e-05,-3.149937463036332e-14
423.6,3995.6782215718035,0.5864403578686076,100.00000000000001,-0.038876903813332496,1.434422704774029e-05,-3.149940221105806e-14
423.70000000000005,3995.6743355732706,0.5864417824704781,100.00000000000001,-0.03884191725121021,1.4148152495399958e-05,-3.149942911078435e-14
423.8,3995.6704534152827,0.5864431875673305,100.00000000000001,-0.0388001225591276,1.3954124648822523e-05,-3.1499455346355226e-14
423.90000000000003,3995.6665757698097,0.5864445733632225,100.00000000000001,-0.038751696085392806,1.3762131234226104e-05,-3.149948093416864e-14
424.0,3995.6627032913398,0.5864459400609792,100.00000000000001,-0.038696811134140946,1.357215987071085e-05,-3.1499505890217635e-14
424.1,3995.6588366171804,0.5864472878621831,100.00000000000001,-0.03863563800627948,1.3384198095934665e-05,-3.149953023010042e-14
424.20000000000005,3995.654976367758,0.5864486169671665,100.00000000000001,-0.03856834403999439,1.3198233362529729e-05,-3.149955396903007e-14
424.3,3995.6511231469117,0.5864499275750029,100.00000000000001,-0.03849509365081924,1.3014253043356455e-05,-3.1499577121844034e-14
424.40000000000003,3995.647277542183,0.5864512198834988,100.00000000000001,-0.03841604837139402,1.2832244429748767e-05,-3.149959970301344e-14
424.5,3995.643440125103,0.5864524940891864,100.00000000000001,-0.03833136689067042,1.265219474278837e-05,-3.149962172665212e-14
424.6,3995.6396114514746,0.5864537503873172,100.00000000000001,-0.03824120509282551,1.2474091145959367e-05,-3.149964320652547e-14
424.70000000000005,3995.63579206165,0.5864549889718553,100.00000000000001,-0.03814571609567449,1.2297920735235038e-05,-3.149966415605899e-14
424.8,3995.631982480808,0.5864562100354714,100.00000000000001,-0.038045050288762865,1.2123670538832249e-05,-3.1499684588346705e-14
424.90000000000003,3995.6281832192217,0.5864574137695366,100.00000000000001,-0.03793935537104184,1.1951327543574155e-05,-3.149970451615937e-14
425.0,3995.6243947725284,0.5864586003641178,100.00000000000001,-0.03782877638809982,1.1780878673464908e-05,-3.149972395195242e-14
425.1,3995.620617621991,0.5864597700079719,100.00000000000001,-0.037713455769045084,1.161231081336975e-05,-3.1499742907873795e-14
425.20000000000005,3995.6168522347602,0.5864609228885421,100.00000000000001,-0.03759353336293655,1.1445610798142373e-05,-3.1499761395771475e-14
425.3,3995.6130990641277,0.5864620591919528,100.00000000000001,-0.03746914647491653,1.1280765420169512e-05,-3.1499779427200934e-14
425.40000000000003,3995.609358549781,0.5864631791030062,100.00000000000001,-0.03734042990186765,1.1117761439606809e-05,-3.149979701343234e-14
425.5,3995.6056311180523,0.5864642828051786,100.00000000000001,-0.037207515967714135,1.0956585587699255e-05,-3.149981416545762e-14
425.6,3995.601917182163,0.5864653704806181,100.00000000000001,-0.03707053455835566,1.0797224561089611e-05,-3.149983089399729e-14
425.70000000000005,3995.598217142467,0.5864664423101408,100.00000000000001,-0.0369296131562034,1.0639665028518375e-05,-3.14998472095072e-14
425.8,3995.5945313866882,0.5864674984732282,100.00000000000001,-0.03678487687436897,1.0483893626860697e-05,-3.1499863122185035e-14
425.90000000000003,3995.590860290156,0.5864685391480251,100.00000000000001,-0.03663644849039153,1.0329896987715133e-05,-3.149987864197672e-14
426.0,3995.587204216038,0.5864695645113381,100.00000000000001,-0.03648444847970669,1.0177661717076783e-05,-3.1499893778582633e-14
426.1,3995.583563515568,0.5864705747386335,100.00000000000001,-0.03632899504865728,1.0027174397138655e-05,-3.1499908541463595e-14
426.20000000000005,3995.5799385282708,0.5864715700040356,100.00000000000001,-0.036170204167204366,9.878421614222031e-06,-3.14999229398469e-14
426.3,3995.576329582185,0.5864725504803261,100.00000000000001,-0.036008189601181226,9.731389926564143e-06,-3.1499936982732e-14
426.40000000000003,3995.572736994081,0.586473516338943,100.00000000000001,-0.035843062944302305,9.586065902656458e-06,-3.149995067889618e-14
426.5,3995.569161069678,0.5864744677499807,100.00000000000001,-0.03567493364970198,9.44243610162786e-06,-3.149996403689999e-14
426.6,3995.5656021038553,0.5864754048821895,100.00000000000001,-0.035503909061204805,9.30048708417769e-06,-3.149997706509266e-14
426.70000000000005,3995.562060380861,0.5864763279029757,100.00000000000001,-0.035330094444187304,9.160205408113479e-06,-3.1499989771617245e-14
426.8,3995.558536174521,0.586477236978401,100.00000000000001,-0.03515359301607574,9.021577629210694e-06,-3.1500002164415764e-14
426.90000000000003,3995.5550297484397,0.5864781322731839,100.00000000000001,-0.034974505976577384,8.88459032105841e-06,-3.1500014251234145e-14
427.0,3995.5515413562007,0.5864790139506998,100.00000000000001,-0.034792932537465175,8.749230052368445e-06,-3.150002603962707e-14
427.1,3995.548071241565,0.5864798821729819,100.00000000000001,-0.0346089699520848,8.615483410872341e-06,-3.1500037536962716e-14
427.20000000000005,3995.5446196386656,0.5864807371007227,100.00000000000001,-0.034422713544470226,8.483336994699854e-06,-3.1500048750427314e-14
427.3,3995.5411867721978,0.5864815788932752,100.00000000000001,-0.034234256738179966,8.352777413666188e-06,-3.1500059687029685e-14
427.40000000000003,3995.5377728576077,0.5864824077086541,100.00000000000001,-0.03404369108476604,8.22379129658633e-06,-3.150007035360561e-14
427.5,3995.5343781012803,0.5864832237035382,100.00000000000001,-0.03385110629188623,8.096365292917188e-06,-3.150008075682208e-14
427.6,3995.5310027007195,0.5864840270332722,100.00000000000001,-0.03365659025115402,7.970486073301497e-06,-3.1500090903181486e-14
427.70000000000005,3995.52764684473,0.5864848178518688,100.00000000000001,-0.033460229065562,7.846140331133511e-06,-3.1500100799025686e-14
427.8,3995.524310713595,0.5864855963120115,100.00000000000001,-0.03326210707667118,7.723314782964523e-06,-3.150011045053994e-14
427.90000000000003,3995.5209944792496,0.5864863625650565,100.00000000000001,-0.03306230689142398,7.601996170562947e-06,-3.150011986375681e-14
428.0,3995.517698305455,0.5864871167610365,100.00000000000001,-0.032860909408679945,7.482171281056347e-06,-3.150012904455992e-14
428.1,3995.5144223479656,0.5864878590486634,100.00000000000001,-0.03265799384539196,7.363826914151699e-06,-3.150013799868761e-14
428.20000000000005,3995.5111667546985,0.5864885895753311,100.00000000000001,-0.03245363776247405,7.246949904571328e-06,-3.150014673173655e-14
428.3,3995.507931665895,0.5864893084871188,100.00000000000001,-0.03224791709039612,7.131527128593304e-06,-3.150015524916522e-14
428.40000000000003,3995.5047172142845,0.5864900159287949,100.00000000000001,-0.03204090615441293,7.017545494248753e-06,-3.1500163556297346e-14
428.5,3995.5015235252436,0.5864907120438207,100.00000000000001,-0.0318326776995401,6.904991950844386e-06,-3.15001716583252e-14
428.6,3995.4983507169513,0.5864913969743537,100.00000000000001,-0.03162330291519713,6.793853471159162e-06,-3.1500179560312816e-14
428.70000000000005,3995.4951989005453,0.5864920708612514,100.00000000000001,-0.03141285145953949,6.684117087162355e-06,-3.150018726719926e-14
428.8,3995.492068180273,0.5864927338440767,100.00000000000001,-0.031201391483529465,6.575769870644522e-06,-3.150019478380163e-14
428.90000000000003,3995.4889586536397,0.5864933860611014,100.00000000000001,-0.03098898965467052,6.468798929759701e-06,-3.150020211481808e-14
429.0,3995.485870411559,0.5864940276493104,100.00000000000001,-0.03077571118046199,6.363191421833219e-06,-3.150020926483077e-14
429.1,3995.4828035384953,0.5864946587444071,100.00000000000001,-0.030561619831578072,6.2589345559992435e-06,-3.150021623830873e-14
429.20000000000005,3995.4797581126063,0.5864952794808178,100.00000000000001,-0.030346777964768736,6.156015580125854e-06,-3.150022303961064e-14
429.3,3995.476734205884,0.5864958899916962,100.00000000000001,-0.03013124654539961,6.054421798962078e-06,-3.150022967298756e-14
429.40000000000003,3995.473731884292,0.5864964904089291,100.00000000000001,-0.029915085169819826,5.954140566799304e-06,-3.150023614258561e-14
429.5,3995.470751207903,0.5864970808631413,100.00000000000001,-0.02969835208734491,5.855159290361885e-06,-3.150024245244853e-14
429.6,3995.46779223103,0.5864976614837007,100.00000000000001,-0.029481104222015768,5.7574654258032775e-06,-3.150024860652021e-14
429.70000000000005,3995.4648550023603,0.5864982323987236,100.00000000000001,-0.0292633971941253,5.661046482758796e-06,-3.1500254608647155e-14
429.8,3995.461939565082,0.5864987937350807,100.00000000000001,-0.02904528534136947,5.5658900459517336e-06,-3.150026046258095e-14
429.90000000000003,3995.4590459570136,0.5864993456184032,100.00000000000001,-0.028826821739815243,5.471983728995295e-06,-3.15002661719805e-14
430.0,3995.456174210728,0.5864998881730868,100.00000000000001,-0.028608058224521313,5.379315221369675e-06,-3.1500271740414376e-14
430.1,3995.4533243536757,0.5865004215222993,100.00000000000001,-0.0283890454100036,5.287872267351967e-06,-3.1500277171363054e-14
430.20000000000005,3995.4504964083058,0.5865009457879855,100.00000000000001,-0.028169832710344775,5.197642671020773e-06,-3.150028246822109e-14
430.3,3995.4476903921855,0.586501461090874,100.00000000000001,-0.027950468359025135,5.108614293565927e-06,-3.1500287634299196e-14
430.40000000000003,3995.444906318117,0.5865019675504822,100.00000000000001,-0.027730999428632618,5.020775060986948e-06,-3.150029267282635e-14
430.5,3995.442144194252,0.5865024652851238,100.00000000000001,-0.02751147185016758,4.934112965367869e-06,-3.1500297586951807e-14
430.6,3995.439404024205,0.5865029544119146,100.00000000000001,-0.027291930432178042,4.848616055779393e-06,-3.1500302379747076e-14
430.70000000000005,3995.4366858071667,0.586503435046778,100.00000000000001,-0.02707241887961439,4.764272445746094e-06,-3.1500307054207814e-14
430.8,3995.43398953801,0.586503907304453,100.00000000000001,-0.026852979812448743,4.681070321416854e-06,-3.150031161325572e-14
430.90000000000003,3995.4313152074,0.5865043712985001,100.00000000000001,-0.026633654784041415,4.5989979354225205e-06,-3.150031605974036e-14
431.0,3995.428662801899,0.5865048271413085,100.00000000000001,-0.02641448429929038,4.518043604318271e-06,-3.150032039644095e-14
431.1,3995.4260323040703,0.5865052749441019,100.00000000000001,-0.02619550783247414,4.438195705477516e-06,-3.150032462606804e-14
431.20000000000005,3995.4234236925804,0.5865057148169458,100.00000000000001,-0.025976763844930178,4.359442697677652e-06,-3.1500328751265324e-14
431.3,3995.4208369423004,0.5865061468687548,100.00000000000001,-0.025758289802473213,4.281773099350809e-06,-3.150033277461118e-14
431.40000000000003,3995.418272024403,0.5865065712072983,100.00000000000001,-0.02554012219256177,4.205175492118876e-06,-3.1500336698620324e-14
431.5,3995.4157289064606,0.5865069879392082,100.00000000000001,-0.025322296541245678,4.129638542268782e-06,-3.15003405257454e-14
431.6,3995.413207552541,0.5865073971699858,100.00000000000001,-0.025104847429898616,4.055150972191201e-06,-3.150034425837848e-14
431.70000000000005,3995.410707923299,0.5865077990040085,100.00000000000001,-0.024887808511697865,3.9817015846534226e-06,-3.150034789885257e-14
431.8,3995.4082299760717,0.5865081935445378,100.00000000000001,-0.024671212527902293,3.909279253335073e-06,-3.150035144944312e-14
431.90000000000003,3995.405773664965,0.5865085808937257,100.00000000000001,-0.0244550913239132,3.8378729221948955e-06,-3.150035491236934e-14
432.0,3995.4033389409465,0.5865089611526225,100.00000000000001,-0.02423947586506032,3.7674716062278307e-06,-3.1500358289795674e-14
432.1,3995.4009257519283,0.5865093344211838,100.00000000000001,-0.024024396252269688,3.6980643990087472e-06,-3.1500361583833144e-14
432.20000000000005,3995.398534042857,0.5865097007982774,100.00000000000001,-0.023809881737417504,3.629640452172043e-06,-3.15003647965406e-14
432.3,3995.396163755795,0.5865100603816908,100.00000000000001,-0.02359596073854121,3.562189009195435e-06,-3.1500367929926106e-14
432.40000000000003,3995.3938148300035,0.5865104132681394,100.00000000000001,-0.02338266085479735,3.4956993779888576e-06,-3.150037098594812e-14
432.5,3995.391487202025,0.5865107595532727,100.00000000000001,-0.023170008881244694,3.4301609428414355e-06,-3.1500373966516755e-14
432.6,3995.3891808057615,0.5865110993316828,100.00000000000001,-0.022958030823391193,3.3655631616242147e-06,-3.150037687349496e-14
432.70000000000005,3995.3868955725534,0.5865114326969109,100.00000000000001,-0.022746751911556926,3.3018955634150967e-06,-3.1500379708699674e-14
432.8,3995.3846314312564,0.5865117597414553,100.00000000000001,-0.022536196615017497,3.239147762995652e-06,-3.150038247390302e-14
432.90000000000003,3995.382388308317,0.586512080556779,100.00000000000001,-0.022326388655992808,3.177309434552676e-06,-3.150038517083331e-14
433.0,3995.3801661278458,0.5865123952333164,100.00000000000001,-0.022117351023380163,3.116370338520714e-06,-3.150038780117623e-14
433.1,3995.3779648116906,0.586512703860482,100.00000000000001,-0.021909105986336448,3.0563203082310467e-06,-3.1500390366575816e-14
433.20000000000005,3995.375784279508,0.5865130065266768,100.00000000000001,-0.021701675107629215,2.9971492477091873e-06,-3.150039286863553e-14
433.3,3995.3736244488327,0.5865133033192964,100.00000000000001,-0.021495079256830803,2.9388471410710707e-06,-3.150039530891922e-14
433.40000000000003,3995.3714852351472,0.5865135943247389,100.00000000000001,-0.021289338623303303,2.8814040560134652e-06,-3.150039768895218e-14
433.5,3995.369366551948,0.5865138796284124,100.00000000000001,-0.021084472729012326,2.824810120923562e-06,-3.150040001022197e-14
433.6,3995.3672683108125,0.5865141593147418,100.00000000000001,-0.020880500441154474,2.7690555513884617e-06,-3.1500402274179464e-14
433.70000000000005,3995.3651904214635,0.5865144334671771,100.00000000000001,-0.020677439984579344,2.714130625836298e-06,-3.150040448223968e-14
433.8,3995.363132791833,0.5865147021682007,100.00000000000001,-0.0204753089540893,2.660025715530406e-06,-3.150040663578276e-14
433.90000000000003,3995.361095328124,0.586514965499335,100.00000000000001,-0.020274124326465262,2.606731256144923e-06,-3.150040873615472e-14
