t_s,x_m,y_m,z_m,vx_ms,vy_ms,vz_ms
0.0,20.0,-16.0,100.0,15.0,0.0,0.0
0.1,21.52992688622341,-15.997906802865751,100.0,14.999946075275018,0.04022112431974962,0.0
0.2,23.059849507237757,-15.991807673287926,100.0,14.99979415793422,0.07858256551179021,0.0
0.30000000000000004,24.589758102863378,-15.981889274949358,100.0,14.999558070680829,0.1151420178456541,0.0
0.4,26.11964429100211,-15.968332458021596,100.0,14.999250422146684,0.14995590596074868,0.0
0.5,27.649500946350653,-15.951312387033235,100.0,14.998882689460826,0.1830794029713829,0.0
0.6000000000000001,29.17932208738121,-15.930998666987207,100.0,14.998465296133848,0.21456644814284534,0.0
0.7000000000000001,30.709102771119287,-15.907555467760696,100.0,14.998007685502495,0.24446976420016425,0.0
0.8,32.23883899527307,-15.881141646816168,100.0,14.997518389963691,0.2728408743221905,0.0
0.9,33.7685276072918,-15.851910870247556,100.0,14.997005096213197,0.2997301188658548,0.0
1.0,35.2981662199523,-15.820011732181948,100.0,14.996474706691751,0.3251866718587404,0.0
1.1,36.827753133093125,-15.785587872553956,100.0,14.995933397430054,0.3492585572923453,0.0
1.2000000000000002,38.35728726113513,-15.748778093267351,100.0,14.995386672473806,0.37199266524348995,0.0
1.3,39.88676806604536,-15.709716472756318,100.0,14.994839415060405,0.3934347678471255,0.0
1.4000000000000001,41.41619549541861,-15.668532478956864,100.0,14.994295935710344,0.413629535140242,0.0
1.5,42.94556992536716,-15.625351080697362,100.0,14.99376001738827,0.4326205507935596,0.0
1.6,44.47489210792502,-15.580292857515952,100.0,14.993234957881313,0.4504503277451435,0.0
1.7000000000000002,46.00416312268773,-15.533474107911452,100.0,14.992723609535249,0.46716032374793154,0.0
1.8,47.53338433242283,-15.485006956033539,100.0,14.992228416482728,0.4827909568413597,0.0
1.9000000000000001,49.06255734239985,-15.434999456817234,100.0,14.99175144949163,0.49738162075574055,0.0
2.0,50.59168396320124,-15.38355569956612,100.0,14.99129443855597,0.5109707002567625,0.0
2.1,52.12076617678824,-15.330775909988205,100.0,14.990858803346269,0.5235955864363784,0.0
2.2,53.649806105607205,-15.276756550687937,100.0,14.990445681631323,0.5352926919554231,0.0
2.3000000000000003,55.178805984533426,-15.221590420117527,100.0,14.990055955778269,0.5460974662424857,0.0
2.4000000000000004,56.707768135459844,-15.165366749990461,100.0,14.98969027743341,0.5560444106528691,0.0
2.5,58.2366949443488,-15.10817130115985,100.0,14.989349090481616,0.5651670935908392,0.0
2.6,59.76558884057437,-15.050086457964104,100.0,14.98903265237807,0.5734981655978177,0.0
2.7,61.29445227839255,-14.99119132104229,100.0,14.988741053941933,0.5810693744086577,0.0
2.8000000000000003,62.82328772038538,-14.931561798621399,100.0,14.988474237697718,0.5879115799776713,0.0
2.9000000000000004,64.35209762273378,-14.871270696277756,100.0,14.98823201484629,0.59405476947563,0.0
3.0,65.88088442218209,-14.810387805174761,100.0,14.988014080943946,0.5995280722585304,0.0
3.1,67.40965052456511,-14.748979988779139,100.0,14.987820030364436,0.6043597748084987,0.0
3.2,68.93839829477604,-14.687111268057995,100.0,14.98764936961554,0.6085773356468005,0.0
3.3000000000000003,70.46713004806088,-14.624842905159001,100.0,14.987501529578493,0.6122074002185123,0.0
3.4000000000000004,71.99584804253159,-14.562233485576202,100.0,14.987375876735582,0.6152758157480132,0.0
3.5,73.52455447279704,-14.499338998804072,100.0,14.987271723448027,0.6178076460640466,0.0
3.6,75.05325146461682,-14.436212917482653,100.0,14.987188337343616,0.6198271863927084,0.0
3.7,76.58194107048917,-14.372906275036842,100.0,14.987124949870513,0.621357978116312,0.0
3.8000000000000003,78.11062526608953,-14.309467741813158,100.0,14.987080764071154,0.6224228234956903,0.0
3.9000000000000004,79.63930594748224,-14.245943699717623,100.0,14.987054961627438,0.6230438003531026,0.0
4.0,81.16798492903239,-14.182378315358745,100.0,14.987046709225877,0.6232422767125253,0.0
4.1000000000000005,82.69666394195006,-14.118813611699947,100.0,14.987055164289087,0.6230389253937398,0.0
4.2,84.22534463340396,-14.055289538226209,100.0,14.987079480117442,0.6224537385562546,0.0
4.3,85.75402856614528,-13.991844039630145,100.0,14.98711881048265,0.6215060421887599,0.0
4.4,87.28271721858745,-13.928513123023183,100.0,14.987172313712692,0.6202145105394717,0.0
4.5,88.81141198529106,-13.865330923678053,100.0,14.98723915630558,0.6185971804824119,0.0
4.6000000000000005,90.34011417780683,-13.802329769309317,100.0,14.987318516107221,0.616671465814373,0.0
4.7,91.8688250258334,-13.73954024289922,100.0,14.987409585086892,0.6144541714770535,0.0
4.800000000000001,93.39754567864983,-13.676991244076772,100.0,14.98751157174183,0.6119615076985958,0.0
4.9,94.92627720678584,-13.614710049058516,100.0,14.987623703160697,0.6092091040485536,0.0
5.0,96.45502060389585,-13.552722369160136,100.0,14.987745226773942,0.6062120234001173,0.0
5.1000000000000005,97.98377678880576,-13.491052407888649,100.0,14.98787541181743,0.6029847757932801,0.0
5.2,99.51254660770385,-13.429722916625616,100.0,14.988013550534069,0.5995413321924934,0.0
5.300000000000001,101.04133083644986,-13.36875524891247,100.0,14.98815895913672,0.5958951381322753,0.0
5.4,102.57013018297835,-13.308169413349706,100.0,14.98831097855415,0.5920591272441759,0.0
5.5,104.09894528977497,-13.24798412512241,100.0,14.9884689749804,0.5880457346584744,0.0
5.6000000000000005,105.6277767364061,-13.188216856165225,100.0,14.988632340246626,0.583866910273998,0.0
5.7,107.15662504208409,-13.128883883980569,100.0,14.988800492033214,0.5795341318894878,0.0
5.800000000000001,108.68549066825234,-13.070000339124578,100.0,14.988972873938653,0.5750584181900172,0.0
5.9,110.21437402117617,-13.011580251375886,100.0,14.989148955420681,0.5704503415820715,0.0
6.0,111.74327545452651,-12.95363659460303,100.0,14.989328231623887,0.5657200408710316,0.0
6.1000000000000005,113.2721952719454,-12.89618133034688,100.0,14.98951022310712,0.5608772337749787,0.0
6.2,114.80113372958334,-12.839225450135125,100.0,14.989694475482933,0.555931229268924,0.0
6.300000000000001,116.33009103859966,-12.782779016546378,100.0,14.989880558980355,0.5508909397537881,0.0
6.4,117.85906736761854,-12.726851203042147,100.0,14.990068067941516,0.5457648930447047,0.0
6.5,119.38806284513399,-12.671450332585303,100.0,14.99025662026163,0.5405612441734836,0.0
6.6000000000000005,120.91707756185826,-12.616583915064346,100.0,14.990445856781188,0.5352877870003584,0.0
6.7,122.44611157300899,-12.562258683543114,100.0,14.990635440638412,0.5299519656304473,0.0
6.800000000000001,123.97516490053113,-12.50848062935613,100.0,14.990825056589326,0.5245608856306793,0.0
6.9,125.50423753525055,-12.455255036070149,100.0,14.991014410302101,0.5191213250432638,0.0
7.0,127.03332943895678,-12.40258651233284,100.0,14.991203227631829,0.5136397451921402,0.0
7.1000000000000005,128.56244054641294,-12.350479023629937,100.0,14.991391253881101,0.5081223012791819,0.0
7.2,130.09157076729153,-12.298935922972428,100.0,14.991578253051474,0.5025748527673032,0.0
7.300000000000001,131.62071998803526,-12.247959980535683,100.0,14.991764007090175,0.49700297354797496,0.0
7.4,133.14988807364244,-12.19755341227264,100.0,14.991948315136042,0.4914119618910228,0.0
7.5,134.67907486937676,-12.147717907523335,100.0,14.992130992768276,0.48580685017495345,0.0
7.6000000000000005,136.2082802024021,-12.098454655643264,100.0,14.992311871261089,0.4801924143964134,0.0
7.7,137.73750388334267,-12.04976437167318,100.0,14.992490796847026,0.4745731834577525,0.0
7.800000000000001,139.2667457077695,-12.001647321072973,100.0,14.992667629991377,0.46895344823201923,0.0
7.9,140.79600545761454,-11.954103343542386,100.0,14.992842244679746,0.46333727040506323,0.0
8.0,142.32528290251344,-11.907131875951308,100.0,14.993014527720572,0.457728491094765,0.0
8.1,143.8545778010787,-11.86073197440236,100.0,14.993184378064162,0.4521307392477429,0.0
8.200000000000001,145.38388990210504,-11.81490233544844,100.0,14.993351706139471,0.4465474398142091,0.0
8.3,146.91321894570822,-11.769641316487837,100.0,14.99351643320967,0.44098182170195466,0.0
8.4,148.44256466439987,-11.724946955359345,100.0,14.993678490747419,0.43543692551074326,0.0
8.5,149.97192678409976,-11.68081698915974,100.0,14.993837819830405,0.4299156110486708,0.0
8.6,151.50130502508802,-11.637248872305749,100.0,14.99399437055774,0.42442056463232347,0.0
8.700000000000001,153.03069910289895,-11.594239793862455,100.0,14.994148101487434,0.41895430617281243,0.0
8.8,154.5601087291589,-11.55178669415989,100.0,14.994298979095294,0.4135191960500116,0.0
8.9,156.0895336123702,-11.509886280719266,100.0,14.994446977255178,0.4081174417775388,0.0
9.0,157.61897345864313,-11.468535043510055,100.0,14.994592076740709,0.40275110446123635,0.0
9.1,159.14842797237864,-11.42772926955885,100.0,14.994734264748221,0.39742210505409276,0.0
9.200000000000001,160.67789685690315,-11.387465056930582,100.0,14.9948735344408,0.3921322304107283,0.0
9.3,162.20737981505815,-11.347738328102407,100.0,14.9950098845131,0.3868831391447256,0.0
9.4,163.73687654974648,-11.308544842750159,100.0,14.995143318776604,0.38167636729223287,0.0
9.5,165.2663867644373,-11.269880209966976,100.0,14.995273845764933,0.3765133337853973,0.0
9.600000000000001,166.7959101636317,-11.2317398999333,100.0,14.99540147835873,0.37139534573930244,0.0
9.700000000000001,168.32544645329122,-11.194119255057078,100.0,14.995526233429677,0.36632360355618543,0.0
9.8,169.85499534123073,-11.157013500602593,100.0,14.99564813150307,0.3612992058507958,0.0
9.9,171.38455653747783,-11.120417754825999,100.0,14.995767196438479,0.35632315420083394,0.0
10.0,172.91412975460062,-11.084327038635154,100.0,14.99588345512783,0.35139635772646666,0.0
10.100000000000001,174.4437147080053,-11.04873628479101,100.0,14.995996937210437,0.34651963750296794,0.0
10.200000000000001,175.97331111620554,-11.01364034666735,100.0,14.99610767480431,0.3416937308105688,0.0
10.3,177.50291870106508,-10.979034006585275,100.0,14.996215702253172,0.33691929522562736,0.0
10.4,179.0325371880154,-10.944911983738416,100.0,14.99632105588859,0.3321969125572449,0.0
10.5,180.56216630624954,-10.91126894172441,100.0,14.996423773806576,0.3275270926334599,0.0
10.600000000000001,182.09180578889385,-10.878099495697777,100.0,14.996523895658147,0.32291027694114754,0.0
10.700000000000001,183.621455373159,-10.84539821915891,100.0,14.996621462453131,0.3183468421237401,0.0
10.8,185.15111480047145,-10.813159650393464,100.0,14.996716516376729,0.31383710334086257,0.0
10.9,186.68078381658677,-10.781378298576026,100.0,14.99680910061823,0.3093813174939506,0.0
11.0,188.210462171686,-10.750048649551506,100.0,14.996899259211252,0.3049796863218801,0.0
11.100000000000001,189.74014962045612,-10.719165171307328,100.0,14.996987036885082,0.3006323593706007,0.0
11.200000000000001,191.26984592215587,-10.688722319149058,100.0,14.997072478926444,0.2963394368407123,0.0
11.3,192.7995508406678,-10.658714540591708,100.0,14.997155631051228,0.29210097231687604,0.0
11.4,194.3292641445377,-10.629136279978583,100.0,14.997236539285709,0.28791697538289146,0.0
11.5,195.8589856070022,-10.59998198283913,100.0,14.997315249856674,0.283787414126209,0.0
11.600000000000001,197.38871500600567,-10.57124609999688,100.0,14.99739180909005,0.2797122175355832,0.0
11.700000000000001,198.91845212420685,-10.54292309143819,100.0,14.997466263317529,0.27569127779550245,0.0
11.8,200.4481967489765,-10.515007429952133,100.0,14.997538658790779,0.27172445248095917,0.0
11.9,201.97794867238642,-10.487493604551512,100.0,14.997609041602772,0.26781156665604927,0.0
12.0,203.50770769119083,-10.460376123684641,100.0,14.997677457615866,0.26395241487981563,0.0
12.100000000000001,205.03747360680055,-10.43364951824718,100.0,14.997743952396199,0.2601467631226691,0.0
12.200000000000001,206.5672462252508,-10.407308344402958,100.0,14.997808571154058,0.2563943505966438,0.0
12.3,208.09702535716315,-10.381347186222442,100.0,14.997871358689821,0.2526948915026606,0.0
12.4,209.626810817702,-10.355760658147116,100.0,14.997932359345173,0.24904807669789325,0.0
12.5,211.15660242652652,-10.330543407287804,100.0,14.997991616959226,0.2454535752862474,0.0
12.600000000000001,212.68640000773811,-10.305690115564595,100.0,14.998049174829244,0.24191103613488313,0.0
12.700000000000001,214.21620338982407,-10.281195501695782,100.0,14.998105075675687,0.23842008931962688,0.0
12.8,215.74601240559784,-10.25705432304292,100.0,14.998159361611272,0.23498034750203856,0.0
12.9,217.27582689213625,-10.233261377318843,100.0,14.998212074113773,0.2315914072408167,0.0
13.0,218.8056466907141,-10.209811504165183,100.0,14.998263254002351,0.22825285024014458,0.0
13.100000000000001,220.33547164673644,-10.186699586605712,100.0,14.998312941417101,0.22496424453749853,0.0
13.200000000000001,221.86530160966896,-10.163920552381555,100.0,14.998361175801637,0.2217251456333614,0.0
13.3,223.39513643296655,-10.141469375174047,100.0,14.998407995888503,0.2185350975652056,0.0
13.4,224.92497597400063,-10.119341075720849,100.0,14.99845343968715,0.21539363392803162,0.0
13.5,226.4548200939852,-10.09753072283061,100.0,14.998497544474343,0.21230027884367364,0.0
13.600000000000001,227.98466865790206,-10.076033434301328,100.0,14.998540346786788,0.2092545478810077,0.0
13.700000000000001,229.5145215344254,-10.054844377747283,100.0,14.998581882415797,0.20625594892912535,0.0
13.8,231.04437859584579,-10.03395877133926,100.0,14.998622186403855,0.20330398302546349,0.0
13.9,232.57423971799392,-10.013371884462533,100.0,14.998661293042927,0.20039814514081108,0.0
14.0,234.10410478016436,-9.993079038296935,100.0,14.998699235874327,0.19753792492304406,0.0
14.100000000000001,235.63397366503915,-9.973075606323114,100.0,14.998736047690077,0.19472280740137374,0.0
14.200000000000001,237.16384625861167,-9.953357014758918,100.0,14.998771760535577,0.19195227365282733,0.0
14.3,238.6937224501108,-9.933918742929684,100.0,14.998806405713495,0.18922580143261636,0.0
14.4,240.22360213192565,-9.914756323576015,100.0,14.998840013788744,0.18654286576998588,0.0
14.5,241.75348519953053,-9.895865343102505,100.0,14.998872614594465,0.18390293953107764,0.0
14.600000000000001,243.28337155141088,-9.877241441770686,100.0,14.998904237238914,0.18130549395028167,0.0
14.700000000000001,244.8132610889897,-9.858880313839341,100.0,14.998934910113134,0.17874999913149253,0.0
14.8,246.3431537165549,-9.840777707655185,100.0,14.998964660899377,0.17623592452063336,0.0
14.9,247.8730493411875,-9.822929425696778,100.0,14.998993516580146,0.17376273935075479,0.0
15.0,249.40294787269082,-9.805331324574391,100.0,14.999021503447835,0.1713299130609663,0.0
15.100000000000001,250.93284922352046,-9.787979314988448,100.0,14.999048647114822,0.16893691569040456,0.0
15.200000000000001,252.46275330871563,-9.770869361649014,100.0,14.999074972524072,0.166583218248398,0.0
15.3,253.99266004583134,-9.753997483158717,100.0,14.999100503960047,0.16426829306193588,0.0
15.4,255.52256935487182,-9.737359751861337,100.0,14.999125265059988,0.16199161410150853,0.0
15.5,257.05248115822496,-9.720952293658248,100.0,14.999149278825449,0.15975265728633864,0.0
15.600000000000001,258.58239538059826,-9.70477128779474,100.0,14.999172567634075,0.15755090076998265,0.0
15.700000000000001,260.1123119489555,-9.688812966618178,100.0,14.999195153251545,0.1553858252072395,0.0
15.8,261.642230792455,-9.673073615309871,100.0,14.999217056843674,0.15325691400326547,0.0
15.9,263.1721518423891,-9.657549571592407,100.0,14.99923829898861,0.15116365354575484,0.0
16.0,264.7020750321245,-9.642237225414144,100.0,14.999258899689119,0.14910553342101054,0.0
16.1,266.2320002970446,-9.62713301861246,100.0,14.999278878384908,0.14708204661469246,0.0
16.2,267.76192757449195,-9.612233444557285,100.0,14.999298253964955,0.14509268969799832,0.0
16.3,269.2918568037134,-9.597535047776361,100.0,14.999317044779842,0.14313696299999865,0.0
16.400000000000002,270.82178792580515,-9.583034423563616,100.0,14.999335268654038,0.141214370766816,0.0
16.5,272.35172088365994,-9.568728217571936,100.0,14.99935294289814,0.13932442130830913,0.0
16.6,273.881655621915,-9.554613125391612,100.0,14.999370084321031,0.13746662713289234,0.0
16.7,275.4115920869016,-9.540685892115608,100.0,14.999386709241948,0.1356405050710942,0.0
16.8,276.9415302265954,-9.526943311892785,100.0,14.999402833502446,0.13384557638843103,0.0
16.900000000000002,278.4714699905684,-9.513382227470144,100.0,14.999418472478224,0.1320813668881467,0.0
17.0,280.00141132994196,-9.499999529725088,100.0,14.999433641090826,0.13034740700434438,0.0
17.1,281.5313541973409,-9.48679215718865,100.0,14.999448353819213,0.1286432318860129,0.0
17.2,283.0612985468488,-9.473757095560616,100.0,14.999462624711136,0.12696838147242662,0.0
17.3,284.5912443339646,-9.460891377217365,100.0,14.99947646739438,0.1253224005603778,0.0
17.400000000000002,286.1211915155603,-9.448192080713266,100.0,14.999489895087823,0.12370483886367749,0.0
17.5,287.6511400498396,-9.435656330276382,100.0,14.999502920612311,0.12211525106534234,0.0
17.6,289.18108989629775,-9.423281295299214,100.0,14.999515556401352,0.12055319686286509,0.0
17.7,290.7110410156825,-9.411064189825163,100.0,14.999527814511616,0.11901824100694797,0.0
17.8,292.2409933699562,-9.399002272031366,100.0,14.999539706633248,0.11750995333406125,0.0
17.900000000000002,293.77094692225876,-9.387092843708514,100.0,14.999551244099974,0.11602790879317124,0.0
18.0,295.3009016368718,-9.375333249738235,100.0,14.99956243789901,0.11457168746696725,0.0
18.1,296.8308574791835,-9.363720877568573,100.0,14.999573298680783,0.11314087458790062,0.0
18.2,298.36081441565506,-9.352253156688093,100.0,14.999583836768407,0.1117350605493342,0.0
18.3,299.89077241378715,-9.340927558099084,100.0,14.999594062167015,0.11035384091208746,0.0
18.400000000000002,301.4207314420884,-9.32974159379033,100.0,14.999603984572834,0.10899681640664739,0.0
18.5,302.950691470044,-9.318692816209849,100.0,14.999613613382085,0.10766359293130398,0.0
18.6,304.4806524680853,-9.307778817738047,100.0,14.999622957699662,0.1063537815464555,0.0
18.7,306.01061440756087,-9.296997230161615,100.0,14.999632026347628,0.10506699846531763,0.0
18.8,307.54057726070766,-9.286345724148571,100.0,14.999640827873485,0.10380286504125905,0.0
18.900000000000002,309.0705410006235,-9.275822008724745,100.0,14.999649370558263,0.10256100775197521,0.0
19.0,310.6005056012402,-9.265423830752034,100.0,14.999657662424394,0.10134105818070181,0.0
19.1,312.13047103729735,-9.25514897440873,100.0,14.999665711243408,0.10014265299465959,0.0
19.200000000000003,313.6604372843174,-9.24499526067216,100.0,14.999673524543422,0.09896543392091266,0.0
19.3,315.1904043185808,-9.234960546803942,100.0,14.999681109616434,0.0978090477198135,0.0
19.400000000000002,316.72037211710233,-9.225042725838037,100.0,14.99968847352545,0.09667314615619951,0.0
19.5,318.25034065760804,-9.215239726071873,100.0,14.999695623111386,0.09555738596849721,0.0
19.6,319.7803099185129,-9.20554951056071,100.0,14.999702564999824,0.094461428835883,0.0
19.700000000000003,321.310279878899,-9.195970076615447,100.0,14.999709305607569,0.09338494134364156,0.0
19.8,322.84025051849466,-9.186499455304059,100.0,14.999715851149027,0.09232759494685575,0.0
19.900000000000002,324.370221817654,-9.17713571095681,100.0,14.999722207642419,0.0912890659325555,0.0
20.0,325.9001937573371,-9.167876940675404,100.0,14.999728380915819,0.09026903538044628,0.0
20.1,327.4301663190909,-9.158721273846211,100.0,14.999734376613013,0.08926718912233166,0.0
20.200000000000003,328.9601394850307,-9.149666871657693,100.0,14.999740200199218,0.08828321770033874,0.0
20.3,330.4901132378221,-9.140711926622153,100.0,14.999745856966612,0.08731681632404925,0.0
20.400000000000002,332.0200875606635,-9.131854662101896,100.0,14.999751352039729,0.0863676848266343,0.0
20.5,333.55006243726945,-9.123093331839929,100.0,14.99975669038069,0.08543552762008498,0.0
20.6,335.08003785185406,-9.11442621949526,100.0,14.99976187679428,0.08452005364962656,0.0
20.700000000000003,336.6100137891153,-9.105851638182884,100.0,14.999766915932883,0.08362097634739937,0.0
20.8,338.1399902342196,-9.097367930018537,100.0,14.999771812301278,0.0827380135854848,0.0
20.900000000000002,339.6699671727869,-9.088973465668262,100.0,14.99977657026127,0.08187088762835072,0.0
21.0,341.19994459087644,-9.08066664390286,100.0,14.999781194036224,0.08101932508478692,0.0
21.1,342.7299224749726,-9.072445891157262,100.0,14.99978568771543,0.08018305685939654,0.0
21.200000000000003,344.25990081197165,-9.064309661094871,100.0,14.99979005525835,0.07936181810370666,0.0
21.3,345.78987958916844,-9.056256434176909,100.0,14.999794300498737,0.07855534816695732,0.0
21.400000000000002,347.3198587942439,-9.048284717236797,100.0,14.999798427148637,0.077763390546625,0.0
21.5,348.8498384152527,-9.040393043059591,100.0,14.999802438802257,0.07698569283873308,0.0
21.6,350.3798184406114,-9.0325799699665,100.0,14.99980633893973,0.07622200668799979,0.0
21.700000000000003,351.9097988590871,-9.02484408140449,100.0,14.99981013093074,0.07547208773786991,0.0
21.8,353.43977965978604,-9.017183985540992,100.0,14.99981381803808,0.074735695580475,0.0
21.900000000000002,354.969760832143,-9.009598314863714,100.0,14.999817403421044,0.07401259370656357,0.0
22.0,356.49974236591095,-9.002085725785564,100.0,14.999820890138766,0.07330254945544044,0.0
22.1,358.02972425115087,-8.994644898254672,100.0,14.999824281153424,0.07260533396495226,0.0
22.200000000000003,359.559706478222,-8.987274535369512,100.0,14.999827579333353,0.07192072212155355,0.0
22.3,361.0896890377724,-8.979973362999113,100.0,14.999830787456071,0.07124849251048603,0.0
22.400000000000002,362.61967192072984,-8.972740129408344,100.0,14.999833908211183,0.07058842736610148,0.0
22.5,364.1496551182928,-8.965573604888256,100.0,14.999836944203235,0.06994031252235691,0.0
22.6,365.67963862192215,-8.958472581391462,100.0,14.999839897954441,0.06930393736350847,0.0
22.700000000000003,367.20962242333263,-8.951435872172542,100.0,14.99984277190734,0.06867909477502931,0.0
22.8,368.73960651448505,-8.944462311433433,100.0,14.999845568427371,0.06806558109477473,0.0
22.900000000000002,370.26959088757826,-8.937550753973795,100.0,14.999848289805358,0.06746319606441617,0.0
23.0,371.7995755350419,-8.930700074846307,100.0,14.999850938259934,0.06687174278116458,0.0
23.1,373.329560449529,-8.923909169016877,100.0,14.99985351593985,0.06629102764980177,0.0
23.200000000000003,374.8595456239089,-8.917176951029733,100.0,14.999856024926267,0.06572086033503755,0.0
23.3,376.3895310512605,-8.910502354677341,100.0,14.999858467234912,0.06516105371420845,0.0
23.400000000000002,377.91951672486584,-8.90388433267515,100.0,14.999860844818215,0.06461142383033364,0.0
23.5,379.44950263820334,-8.897321856341085,100.0,14.999863159567356,0.06407178984554135,0.0
23.6,380.9794887849421,-8.890813915279788,100.0,14.999865413314241,0.06354197399487897,0.0
23.700000000000003,382.5094751589354,-8.884359517071541,100.0,14.99986760783343,0.06302180154051833,0.0
23.8,384.03946175421555,-8.877957686965843,100.0,14.999869744843986,0.06251110072636705,0.0
23.900000000000002,385.56944856498774,-8.87160746757959,100.0,14.99987182601128,0.06200970273309578,0.0
24.0,387.0994355856249,-8.86530791859983,100.0,14.999873852948726,0.061517441633590214,0.0
24.1,388.62942281066256,-8.85905811649103,100.0,14.999875827219467,0.061034154348836064,0.0
24.200000000000003,390.15941023479354,-8.852857154206822,100.0,14.999877750338005,0.06055968060424423,0.0
24.3,391.68939785286324,-8.84670414090619,100.0,14.999879623771765,0.060093862886422794,0.0
24.400000000000002,393.21938565986477,-8.840598201674034,100.0,14.999881448942634,0.059636546400401745,0.0
24.5,394.74937365093456,-8.834538477246067,100.0,14.999883227228434,0.05918757902731549,0.0
24.6,396.2793618213477,-8.828524123738024,100.0,14.99988495996433,0.05874681128254767,0.0
24.700000000000003,397.8093501665138,-8.822554312379099,100.0,14.999886648444237,0.05831409627434256,0.0
24.8,399.3393386819727,-8.81662822924959,100.0,14.999888293922137,0.057889289662885896,0.0
24.900000000000002,400.86932736339065,-8.810745075022686,100.0,14.99988989761337,0.057472249619858445,0.0
25.0,402.3993162065562,-8.80490406471036,100.0,14.999891460695897,0.05706283678846442,0.0
25.1,403.9293052073766,-8.799104427413313,100.0,14.99989298431149,0.05666091424393653,0.0
25.200000000000003,405.4592943618741,-8.79334540607492,100.0,14.999894469566915,0.056266347454519305,0.0
25.3,406.9892836661823,-8.787626257239133,100.0,14.999895917535056,0.05587900424293135,0.0
25.400000000000002,408.51927311654305,-8.781946250812291,100.0,14.999897329256004,0.055498754748307386,0.0
25.5,410.04926270930287,-8.77630466982879,100.0,14.999898705738122,0.055125471388620055,0.0
25.6,411.5792524409098,-8.770700810220548,100.0,14.999900047959063,0.054759028823581475,0.0
25.700000000000003,413.1092423079104,-8.76513398059025,100.0,14.999901356866758,0.05439930391802392,0.0
25.8,414.6392323069467,-8.759603501988282,100.0,14.999902633380376,0.05404617570575885,0.0
25.900000000000002,416.16922243475335,-8.754108707693344,100.0,14.999903878391248,0.05369952535391325,0.0
26.0,417.6992126881547,-8.748648942996665,100.0,14.999905092763749,0.05335923612774165,0.0
26.1,419.2292030640623,-8.743223564989789,100.0,14.999906277336187,0.05302519335591249,0.0
26.200000000000003,420.75919355947195,-8.737831942355877,100.0,14.99990743292162,0.05269728439626673,0.0
26.3,422.28918417146156,-8.732473455164472,100.0,14.999908560308668,0.052375398602046486,0.0
26.400000000000002,423.8191748971883,-8.72714749466969,100.0,14.999909660262304,0.05205942728859166,0.0
26.5,425.3491657338866,-8.721853463111787,100.0,14.999910733524597,0.05174926370050167,0.0
26.6,426.8791566788654,-8.716590773522034,100.0,14.99991178081546,0.05144480297925981,0.0
26.700000000000003,428.4091477295064,-8.7113588495309,100.0,14.999912802833338,0.05114594213131717,0.0
26.8,429.9391388832615,-8.706157125179436,100.0,14.99991380025591,0.050852579996633146,0.0
26.900000000000002,431.4691301376509,-8.700985044733871,100.0,14.999914773740738,0.05056461721766923,0.0
27.0,432.99912149026113,-8.695842062503326,100.0,14.99991572392591,0.0502819562088329,0.0
27.1,434.5291129387429,-8.690727642660635,100.0,14.999916651430672,0.0500045011263679,0.0
27.200000000000003,436.0591044808094,-8.685641259066209,100.0,14.999917556855994,0.04973215783868741,0.0
27.3,437.58909611423434,-8.680582395094909,100.0,14.999918440785187,0.049464833897146454,0.0
27.400000000000002,439.1190878368501,-8.675550543465867,100.0,14.999919303784434,0.04920243850724967,0.0
27.5,440.6490796465462,-8.670545206075232,100.0,14.999920146403348,0.04894488250029047,0.0
27.6,442.1790715412676,-8.665565893831781,100.0,14.99992096917548,0.04869207830541776,0.0
27.700000000000003,443.7090635190129,-8.66061212649536,100.0,14.999921772618844,0.04844393992212595,0.0
27.8,445.23905557783286,-8.65568343251811,100.0,14.999922557236385,0.04820038289316436,0.0
27.900000000000002,446.76904771582906,-8.65077934888843,100.0,14.999923323516475,0.04796132427786159,0.0
28.0,448.29903993115227,-8.645899420977642,100.0,14.999924071933348,0.047726682625860745,0.0
28.1,449.82903222200093,-8.641043202389323,100.0,14.999924802947564,0.047496377951261194,0.0
28.200000000000003,451.35902458661997,-8.636210254811235,100.0,14.99992551700642,0.047270331707162425,0.0
28.3,452.88901702329935,-8.631400147869853,100.0,14.999926214544372,0.04704846676060575,0.0
28.400000000000002,454.4190095303729,-8.626612458987404,100.0,14.99992689598344,0.04683070736790934,0.0
28.5,455.9490021062169,-8.62184677324143,100.0,14.999927561733587,0.04661697915039211,0.0
28.6,457.4789947492489,-8.617102683226777,100.0,14.999928212193094,0.04640720907048216,0.0
28.700000000000003,459.0089874579267,-8.612379788920034,100.0,14.99992884774893,0.04620132540820505,0.0
28.8,460.5389802307471,-8.607677697546317,100.0,14.999929468777097,0.04599925773804761,0.0
28.900000000000002,462.06897306624467,-8.60299602344842,100.0,14.999930075642968,0.04580093690619263,0.0
29.0,463.59896596299086,-8.598334387958259,100.0,14.999930668701627,0.04560629500811995,0.0
29.1,465.128958919593,-8.593692419270578,100.0,14.999931248298164,0.04541526536656945,0.0
29.200000000000003,466.65895193469305,-8.589069752318894,100.0,14.999931814768,0.0452277825098614,0.0
29.3,468.1889450069669,-8.584466028653626,100.0,14.999932368437186,0.045043782150569596,0.0
29.400000000000002,469.7189381351232,-8.579880896322386,100.0,14.99993290962267,0.04486320116454285,0.0
29.5,471.24893131790265,-8.575314009752393,100.0,14.999933438632606,0.044685977570270256,0.0
29.6,472.77892455407687,-8.570765029634972,100.0,14.99993395576659,0.04451205050858572,0.0
29.700000000000003,474.30891784244784,-8.566233622812105,100.0,14.999934461315943,0.04434136022270737,0.0
29.8,475.8389111818468,-8.561719462165001,100.0,14.999934955563955,0.04417384803860726,0.0
29.900000000000002,477.3689045711336,-8.55722222650466,100.0,14.999935438786133,0.044009456345707,0.0
30.0,478.8988980091958,-8.552741600464373,100.0,14.999935911250427,0.04384812857789475,0.0
30.1,480.42889149494806,-8.548277274394154,100.0,14.999936373217473,0.04368980919485945,0.0
30.200000000000003,481.95888502733123,-8.543828944257063,100.0,14.999936824940793,0.043534443663737446,0.0
30.3,483.48887860531175,-8.53939631152737,100.0,14.999937266667036,0.043381978441067705,0.0
30.400000000000002,485.01887222788093,-8.534979083090555,100.0,14.999937698636158,0.043232360955050744,0.0
30.5,486.5488658940543,-8.530576971145107,100.0,14.999938121081646,0.04308553958810739,0.0
30.6,488.07885960287086,-8.526189693106073,100.0,14.99993853423069,0.04294146365973283,0.0
30.700000000000003,489.6088533533926,-8.521816971510344,100.0,14.999938938304386,0.04280008340964185,0.0
30.8,491.1388471447037,-8.517458533923657,100.0,14.999939333517911,0.042661349981200976,0.0
30.900000000000002,492.6688409759101,-8.513114112849262,100.0,14.999939720080702,0.042525215405143355,0.0
31.0,494.1988348461388,-8.508783445638237,100.0,14.999940098196623,0.04239163258356225,0.0
31.1,495.7288287545375,-8.504466274401418,100.0,14.99994046806413,0.04226055527417903,0.0
31.200000000000003,497.25882270027375,-8.500162345922933,100.0,14.999940829876433,0.04213193807488154,0.0
31.3,498.7888166825347,-8.495871411575282,100.0,14.999941183821647,0.042005736408528865,0.0
31.400000000000002,500.3188107005263,-8.491593227235967,100.0,14.99994153008295,0.04188190650801854,0.0
31.5,501.84880475347313,-8.487327553205626,100.0,14.999941868838716,0.04176040540161203,0.0
31.6,503.3787988406177,-8.483074154127648,100.0,14.999942200262659,0.041641190898514785,0.0
31.700000000000003,504.9087929612201,-8.47883279890925,100.0,14.999942524523972,0.04152422157470695,0.0
31.8,506.4387871145574,-8.474603260643992,100.0,14.999942841787464,0.04140945675902073,0.0
31.900000000000002,507.9687812999233,-8.470385316535681,100.0,14.999943152213666,0.04129685651946074,0.0
32.0,509.49877551662775,-8.466178747823683,100.0,14.999943455958979,0.0411863816497636,0.0
32.1,511.02876976399637,-8.46198333970957,100.0,14.999943753175783,0.04107799365619293,0.0
32.2,512.5587640413702,-8.457798881285122,100.0,14.999944044012548,0.04097165474456615,0.0
32.300000000000004,514.0887583481053,-8.453625165461622,100.0,14.999944328613951,0.0408673278075094,0.0
32.4,515.6187526835723,-8.449461988900456,100.0,14.999944607120991,0.04076497641193709,0.0
32.5,517.148747047156,-8.44530915194497,100.0,14.999944879671084,0.04066456478675227,0.0
32.6,518.6787414382552,-8.441166458553571,100.0,14.999945146398158,0.040566057810764576,0.0
32.7,520.2087358562819,-8.437033716234046,100.0,14.999945407432783,0.04046942100082223,0.0
32.800000000000004,521.7387303006617,-8.43291073597909,100.0,14.99994566290223,0.040374620500154376,0.0
32.9,523.2687247708326,-8.42879733220301,100.0,14.99994591293059,0.04028162306692081,0.0
33.0,524.7987192662455,-8.424693322679568,100.0,14.999946157638844,0.04019039606296534,0.0
33.1,526.3287137863632,-8.420598528480996,100.0,14.999946397144967,0.040100907442769805,0.0
33.2,527.8587083306606,-8.416512773918093,100.0,14.999946631564004,0.040013125742605224,0.0
33.300000000000004,529.3887028986242,-8.412435886481443,100.0,14.999946861008151,0.03992702006987699,0.0
33.4,530.9186974897516,-8.408367696783692,100.0,14.999947085586843,0.03984256009266091,0.0
33.5,532.4486921035517,-8.404308038502897,100.0,14.999947305406819,0.03975971602942695,0.0
33.6,533.9786867395441,-8.400256748326905,100.0,14.9999475205722,0.03967845863894748,0.0
33.7,535.5086813972588,-8.396213665898754,100.0,14.999947731184566,0.0395987592103872,0.0
33.800000000000004,537.0386760762361,-8.392178633763077,100.0,14.999947937343027,0.03952058955357143,0.0
33.9,538.5686707760265,-8.388151497313487,100.0,14.999948139144283,0.03944392198943002,0.0
34.0,540.0986654961898,-8.38413210474093,100.0,14.9999483366827,0.039368729340613834,0.0
34.1,541.6286602362958,-8.380120306982988,100.0,14.999948530050359,0.039294984922280944,0.0
34.2,543.1586549959233,-8.37611595767411,100.0,14.999948719337137,0.03922266253304965,0.0
34.300000000000004,544.6886497746602,-8.372118913096752,100.0,14.99994890463075,0.03915173644611559,0.0
34.4,546.2186445721035,-8.368129032133435,100.0,14.999949086016827,0.03908218140052999,0.0
34.5,547.7486393878584,-8.364146176219654,100.0,14.999949263578944,0.03901397259263657,0.0
34.6,549.2786342215388,-8.36017020929768,100.0,14.999949437398714,0.03894708566766419,0.0
34.7,550.8086290727671,-8.356200997771197,100.0,14.999949607555804,0.0388814967114726,0.0
34.800000000000004,552.3386239411732,-8.352238410460775,100.0,14.999949774128003,0.038817182242448844,0.0
34.9,553.868618826395,-8.348282318560164,100.0,14.999949937191282,0.038754119203551596,0.0
35.0,555.3986137280785,-8.344332595593395,100.0,14.999950096819822,0.03869228495450079,0.0
35.1,556.9286086458767,-8.340389117372661,100.0,14.999950253086075,0.0386316572641103,0.0
35.2,558.45860357945,-8.336451761956985,100.0,14.999950406060806,0.03857221430276095,0.0
35.300000000000004,559.9885985284661,-8.332520409611634,100.0,14.99995055581314,0.03851393463501159,0.0
35.4,561.5185934925995,-8.328594942768296,100.0,14.999950702410597,0.03845679721234571,0.0
35.5,563.0485884715316,-8.324675245985977,100.0,14.999950845919145,0.03840078136605136,0.0
35.6,564.5785834649506,-8.320761205912625,100.0,14.999950986403235,0.038345866800231915,0.0
35.7,566.1085784725509,-8.316852711247451,100.0,14.999951123925836,0.03829203358494551,0.0
35.800000000000004,567.6385734940335,-8.312949652703958,100.0,14.999951258548485,0.038239262149470835,0.0
35.9,569.1685685291055,-8.309051922973639,100.0,14.999951390331315,0.03818753327569706,0.0
36.0,570.6985635774802,-8.305159416690346,100.0,14.999951519333091,0.03813682809163575,0.0
36.1,572.2285586388766,-8.301272030395312,100.0,14.999951645611251,0.038087128065052565,0.0
36.2,573.7585537130198,-8.297389662502823,100.0,14.999951769221944,0.0380384149972167,0.0
36.300000000000004,575.2885487996401,-8.293512213266519,100.0,14.999951890220037,0.037990671016765794,0.0
36.4,576.818543898474,-8.289639584746308,100.0,14.999952008659188,0.037943878573684656,0.0
36.5,578.3485390092628,-8.285771680775897,100.0,14.99995212459184,0.03789802043339524,0.0
36.6,579.8785341317534,-8.281908406930919,100.0,14.999952238069273,0.03785307967095634,0.0
36.7,581.4085292656979,-8.278049670497643,100.0,14.999952349141633,0.037809039665370824,0.0
36.800000000000004,582.9385244108532,-8.274195380442258,100.0,14.999952457857944,0.037765884093998524,0.0
36.9,584.4685195669816,-8.27034544738073,100.0,14.999952564266158,0.03772359692707294,0.0
37.0,585.9985147338498,-8.266499783549202,100.0,14.999952668413163,0.037682162422319795,0.0
37.1,587.5285099112294,-8.262658302774943,100.0,14.999952770344823,0.03764156511967571,0.0
37.2,589.0585050988968,-8.258820920447832,100.0,14.999952870105997,0.03760178983610515,0.0
37.300000000000004,590.5885002966327,-8.254987553492365,100.0,14.999952967740562,0.037562821660513786,0.0
37.4,592.1184955042221,-8.251158120340172,100.0,14.999953063291446,0.03752464594875679,0.0
37.5,593.6484907214548,-8.247332540903045,100.0,14.999953156800641,0.03748724831873993,0.0
37.6,595.1784859481244,-8.243510736546455,100.0,14.999953248309232,0.03745061464561222,0.0
37.7,596.7084811840289,-8.239692630063555,100.0,14.99995333785742,0.03741473105704812,0.0
37.800000000000004,598.2384764289703,-8.235878145649668,100.0,14.999953425484538,0.037379583928617906,0.0
37.9,599.7684716827546,-8.23206720887723,100.0,14.999953511229078,0.03734515987924435,0.0
38.0,601.2984669451915,-8.228259746671204,100.0,14.999953595128714,0.03731144576674442,0.0
38.1,602.8284622160947,-8.224455687284934,100.0,14.999953677220303,0.03727842868345416,0.0
38.2,604.3584574952816,-8.220654960276448,100.0,14.999953757539933,0.03724609595193552,0.0
38.300000000000004,605.8884527825733,-8.216857496485193,100.0,14.999953836122918,0.037214435120763355,0.0
38.400000000000006,607.4184480777942,-8.213063228009199,100.0,14.99995391300383,0.03718343396039124,0.0
38.5,608.9484433807725,-8.209272088182647,100.0,14.99995398821651,0.03715308045909475,0.0
38.6,610.4784386913395,-8.20548401155387,100.0,14.99995406179409,0.037123362818990625,0.0
38.7,612.0084340093302,-8.201698933863728,100.0,14.999954133769004,0.03709426945213043,0.0
38.800000000000004,613.5384293345827,-8.19791679202441,100.0,14.99995420417301,0.037065788976667506,0.0
38.900000000000006,615.0684246669383,-8.194137524098593,100.0,14.999954273037202,0.037037910213095625,0.0
39.0,616.5984200062414,-8.190361069278998,100.0,14.999954340392033,0.03701062218055816,0.0
39.1,618.1284153523396,-8.186587367868317,100.0,14.99995440626732,0.03698391409322643,0.0
39.2,619.6584107050835,-8.1828163612595,100.0,14.99995447069226,0.03695777535674599,0.0
39.300000000000004,621.1884060643264,-8.179047991916407,100.0,14.999954533695453,0.03693219556474946,0.0
39.400000000000006,622.7184014299248,-8.175282203354813,100.0,14.99995459530491,0.0369071644954348,0.0
39.5,624.248396801738,-8.171518940123752,100.0,14.999954655548068,0.036882672108207726,0.0
39.6,625.7783921796278,-8.167758147787202,100.0,14.999954714451798,0.036858708540387176,0.0
39.7,627.308387563459,-8.163999772906111,100.0,14.999954772042425,0.03683526410397246,0.0
39.800000000000004,628.8383829530989,-8.160243763020741,100.0,14.999954828345743,0.03681232928247114,0.0
39.900000000000006,630.3683783484174,-8.156490066633335,100.0,14.999954883387014,0.03678989472778638,0.0
40.0,631.8983737492872,-8.152738633191095,100.0,14.999954937190989,0.03676795125716271,0.0
40.1,633.4283691555831,-8.148989413069478,100.0,14.999954989781925,0.03674648985018904,0.0
40.2,634.9583645671828,-8.145242357555786,100.0,14.999955041183584,0.03672550164585797,0.0
40.300000000000004,636.488359983966,-8.141497418833055,100.0,14.999955091419256,0.03670497793968022,0.0
40.400000000000006,638.0183554058149,-8.137754549964239,100.0,14.999955140511755,0.03668491018085318,0.0
40.5,639.5483508326141,-8.134013704876676,100.0,14.999955188483446,0.036665289969482574,0.0
40.6,641.0783462642504,-8.130274838346836,100.0,14.999955235356246,0.03664610905385627,0.0
40.7,642.6083417006126,-8.126537905985344,100.0,14.99995528115163,0.03662735932776912,0.0
40.800000000000004,644.1383371415922,-8.122802864222278,100.0,14.999955325890653,0.0366090328278981,0.0
40.900000000000006,645.6683325870821,-8.119069670292724,100.0,14.999955369593954,0.03659112173122651,0.0
41.0,647.198328036978,-8.115338282222597,100.0,14.999955412281752,0.03657361835251654,0.0
41.1,648.7283234911771,-8.111608658814713,100.0,14.999955453973877,0.03655651514182921,0.0
41.2,650.2583189495789,-8.10788075963512,100.0,14.99995549468977,0.03653980468209071,0.0
41.300000000000004,651.7883144120848,-8.104154544999666,100.0,14.99995553444848,0.03652347968670439,0.0
41.400000000000006,653.3183098785981,-8.100429975960807,100.0,14.999955573268691,0.036507532997207444,0.0
41.5,654.848305349024,-8.096707014294667,100.0,14.99995561116872,0.03649195758097145,0.0
41.6,656.3783008232696,-8.092985622488309,100.0,14.99995564816652,0.03647674652894598,0.0
41.7,657.9082963012437,-8.089265763727248,100.0,14.999955684279703,0.03646189305344444,0.0
41.800000000000004,659.4382917828569,-8.085547401883186,100.0,14.999955719525534,0.03644739048597124,0.0
41.900000000000006,660.9682872680218,-8.081830501501965,100.0,14.999955753920943,0.036433232275089676,0.0
42.0,662.4982827566522,-8.078115027791732,100.0,14.99995578748253,0.03641941198432967,0.0
42.1,664.028278248664,-8.07440094661132,100.0,14.999955820226583,0.03640592329013454,0.0
42.2,665.5582737439747,-8.070688224458834,100.0,14.999955852169068,0.03639275997984614,0.0
42.300000000000004,667.0882692425033,-8.066976828460447,100.0,14.99995588332564,0.03637991594972762,0.0
42.400000000000006,668.6182647441703,-8.063266726359382,100.0,14.999955913711663,0.036367385203023135,0.0
42.5,670.148260248898,-8.059557886505102,100.0,14.9999559433422,0.03635516184805362,0.0
42.6,671.67825575661,-8.055850277842692,100.0,14.999955972232028,0.03634324009634816,0.0
42.7,673.2082512672316,-8.052143869902421,100.0,14.99995600039564,0.03633161426081017,0.0
42.800000000000004,674.7382467806893,-8.0484386327895,100.0,14.999956027847254,0.036320278753917704,0.0
42.900000000000006,676.2682422969112,-8.04473453717401,100.0,14.999956054600819,0.03630922808595724,0.0
43.0,677.798237815827,-8.041031554281023,100.0,14.999956080670014,0.03629845686329036,0.0
43.1,679.3282333373672,-8.037329655880885,100.0,14.999956106068263,0.03628795978665271,0.0
43.2,680.8582288614645,-8.033628814279679,100.0,14.999956130808728,0.03627773164948438,0.0
43.300000000000004,682.3882243880521,-8.02992900230985,100.0,14.999956154904334,0.036267767336291515,0.0
43.400000000000006,683.918219917065,-8.026230193321002,100.0,14.999956178367755,0.03625806182103821,0.0
43.5,685.4482154484393,-8.022532361170859,100.0,14.999956201211424,0.03624861016556819,0.0
43.6,686.9782109821125,-8.01883548021637,100.0,14.999956223447544,0.036239407518055856,0.0
43.7,688.5082065180231,-8.015139525304996,100.0,14.999956245088088,0.03623044911148596,0.0
43.800000000000004,690.0382020561111,-8.011444471766122,100.0,14.999956266144807,0.03622173026216136,0.0
43.900000000000006,691.5681975963174,-8.007750295402648,100.0,14.99995628662922,0.03621324636823848,0.0
44.0,693.0981931385843,-8.004056972482703,100.0,14.999956306552646,0.0362049929082898,0.0
44.1,694.6281886828551,-8.000364479731523,100.0,14.999956325926185,0.03619696543989285,0.0
44.2,696.1581842290743,-7.996672794323461,100.0,14.999956344760728,0.03618915959824524,0.0
44.300000000000004,697.6881797771875,-7.992981893874138,100.0,14.999956363066964,0.036181571094805305,0.0
44.400000000000006,699.2181753271414,-7.989291756432738,100.0,14.999956380855389,0.03617419571595776,0.0
44.5,700.7481708788835,-7.985602360474432,100.0,14.999956398136298,0.036167029321703806,0.0
44.6,702.2781664323626,-7.98191368489293,100.0,14.999956414919795,0.036160067844375525,0.0
44.7,703.8081619875286,-7.978225708993177,100.0,14.999956431215798,0.036153307287373725,0.0
44.800000000000004,705.3381575443321,-7.974538412484161,100.0,14.999956447034043,0.036146743723929044,0.0
44.900000000000006,706.868153102725,-7.970851775471859,100.0,14.999956462384084,0.03614037329588577,0.0
45.0,708.39814866266,-7.967165778452293,100.0,14.999956477275298,0.036134192212507944,0.0
45.1,709.9281442240907,-7.9634804023047225,100.0,14.99995649171689,0.03612819674930731,0.0
45.2,711.4581397869719,-7.9597956282849385,100.0,14.999956505717893,0.03612238324689271,0.0
45.300000000000004,712.9881353512588,-7.956111438018688,100.0,14.99995651928718,0.03611674810984051,0.0
45.400000000000006,714.518130916908,-7.952427813495203,100.0,14.999956532433453,0.03611128780558567,0.0
45.5,716.0481264838768,-7.948744737060847,100.0,14.999956545165258,0.03610599886333299,0.0
45.6,717.5781220521233,-7.945062191412867,100.0,14.999956557490984,0.03610087787298822,0.0
45.7,719.1081176216065,-7.941380159593262,100.0,14.999956569418867,0.036095921484108645,0.0
45.800000000000004,720.6381131922864,-7.937698624982745,100.0,14.999956580956988,0.03609112640487272,0.0
45.900000000000006,722.1681087641234,-7.934017571294819,100.0,14.999956592113282,0.036086489401068414,0.0
46.0,723.698104337079,-7.930336982569956,100.0,14.999956602895542,0.03608200729509996,0.0
46.1,725.2280999111156,-7.926656843169863,100.0,14.999956613311413,0.036077676965012545,0.0
46.2,726.758095486196,-7.922977137771866,100.0,14.999956623368405,0.0360734953435347,0.0
46.300000000000004,728.2880910622841,-7.919297851363376,100.0,14.999956633073888,0.036069459417137954,0.0
46.400000000000006,729.8180866393445,-7.915618969236452,100.0,14.9999566424351,0.03606556622511357,0.0
46.5,731.3480822173424,-7.91194047698247,100.0,14.99995665145914,0.03606181285866581,0.0
46.6,732.8780777962436,-7.908262360486863,100.0,14.99995666015299,0.0360581964600217,0.0
46.7,734.4080733760148,-7.904584605923968,100.0,14.999956668523492,0.03605471422155664,0.0
46.800000000000004,735.9380689566236,-7.900907199751954,100.0,14.999956676577373,0.0360513633849359,0.0
46.900000000000006,737.4680645380379,-7.897230128707837,100.0,14.99995668432123,0.036048141240271385,0.0
47.0,738.9980601202263,-7.893553379802583,100.0,14.999956691761541,0.03604504512529367,0.0
47.1,740.5280557031583,-7.889876940316291,100.0,14.999956698904677,0.036042072424538774,0.0
47.2,742.0580512868039,-7.886200797793461,100.0,14.999956705756881,0.03603922056854946,0.0
47.300000000000004,743.5880468711338,-7.882524940038343,100.0,14.999956712324282,0.036036487033090925,0.0
47.400000000000006,745.118042456119,-7.878849355110362,100.0,14.999956718612907,0.03603386933838037,0.0
47.5,746.6480380417316,-7.875174031319625,100.0,14.999956724628667,0.03603136504833038,0.0
47.6,748.178033627944,-7.8714989572224985,100.0,14.999956730377363,0.03602897176980569,0.0
47.7,749.7080292147293,-7.8678241216172715,100.0,14.999956735864702,0.036026687151893305,0.0
47.800000000000004,751.2380248020611,-7.864149513539881,100.0,14.999956741096273,0.03602450888518542,0.0
47.900000000000006,752.7680203899135,-7.860475122259716,100.0,14.999956746077578,0.03602243470107518,0.0
48.0,754.2980159782614,-7.856800937275492,100.0,14.999956750814004,0.0360204623710648,0.0
48.1,755.8280115670801,-7.853126948311194,100.0,14.999956755310848,0.03601858970608604,0.0
48.2,757.3580071563454,-7.849453145312091,100.0,14.999956759573319,0.036016814555832624,0.0
48.300000000000004,758.8880027460335,-7.845779518440815,100.0,14.999956763606512,0.036015134808104365,0.0
48.400000000000006,760.4179983361215,-7.842106058073507,100.0,14.999956767415448,0.036013548388163015,0.0
48.5,761.9479939265866,-7.83843275479603,100.0,14.999956771005046,0.03601205325809925,0.0
48.6,763.4779895174067,-7.834759599400242,100.0,14.999956774380141,0.03601064741621094,0.0
48.7,765.0079851085603,-7.831086582880339,100.0,14.999956777545474,0.036009328896392204,0.0
48.800000000000004,766.5379807000262,-7.827413696429248,100.0,14.999956780505709,0.03600809576753324,0.0
48.900000000000006,768.0679762917836,-7.823740931435095,100.0,14.999956783265418,0.036006946132930616,0.0
49.0,769.5979718838123,-7.8200682794777245,100.0,14.999956785829088,0.03600587812970789,0.0
49.1,771.1279674760926,-7.816395732325273,100.0,14.999956788201132,0.03600488992824633,0.0
49.2,772.6579630686052,-7.812723281930811,100.0,14.99995679038588,0.03600397973162555,0.0
49.300000000000004,774.1879586613312,-7.809050920429035,100.0,14.99995679238758,0.03600314577507382,0.0
49.400000000000006,775.717954254252,-7.805378640133014,100.0,14.999956794210405,0.036002386325428036,0.0
49.5,777.2479498473498,-7.801706433530996,100.0,14.99995679585845,0.036001699680602975,0.0
49.6,778.7779454406068,-7.798034293283264,100.0,14.99995679733574,0.03600108416906977,0.0
49.7,780.3079410340059,-7.794362212219043,100.0,14.99995679864622,0.036000538149343356,0.0
49.800000000000004,781.8379366275302,-7.790690183333465,100.0,14.999956799793768,0.036000060009478876,0.0
49.900000000000006,783.3679322211633,-7.787018199784582,100.0,14.99995680078219,0.03599964816657668,0.0
50.0,784.8979278148892,-7.783346254890425,100.0,14.999956801615221,0.03599930106629585,0.0
50.1,786.4279234086922,-7.779674342126117,100.0,14.999956802296529,0.03599901718237616,0.0
50.2,787.957919002557,-7.776002455121033,100.0,14.999956802829713,0.03599879501616818,0.0
50.300000000000004,789.4879145964687,-7.772330587656012,100.0,14.999956803218309,0.035998633096171434,0.0
50.400000000000006,791.0179101904127,-7.768658733660604,100.0,14.999956803465784,0.035998529977580546,0.0
50.5,792.547905784375,-7.764986887210373,100.0,14.999956803575545,0.03599848424183905,0.0
50.6,794.0779013783414,-7.761315042524245,100.0,14.999956803550937,0.03599849449620085,0.0
50.7,795.6078969722985,-7.757643193961894,100.0,14.999956803395238,0.03599855937329917,0.0
50.800000000000004,797.1378925662331,-7.753971336021177,100.0,14.999956803111669,0.035998677530722854,0.0
50.900000000000006,798.6678881601323,-7.750299463335609,100.0,14.999956802703394,0.03599884765059982,0.0
51.0,800.1978837539835,-7.746627570671882,100.0,14.999956802173516,0.03599906843918762,0.0
51.1,801.7278793477747,-7.742955652927426,100.0,14.999956801525077,0.03599933862647093,0.0
51.2,803.2578749414936,-7.739283705128004,100.0,14.99995680076107,0.03599965696576586,0.0
51.300000000000004,804.7878705351287,-7.73561172242536,100.0,14.999956799884432,0.036000022233330924,0.0
51.400000000000006,806.3178661286688,-7.731939700094891,100.0,14.999956798898037,0.03600043322798461,0.0
51.5,807.8478617221027,-7.72826763353337,100.0,14.99995679780471,0.036000888770729385,0.0
51.6,809.3778573154196,-7.724595518256702,100.0,14.999956796607227,0.03600138770438199,0.0
51.7,810.9078529086092,-7.720923349897716,100.0,14.99995679530831,0.03600192889321002,0.0
51.800000000000004,812.4378485016612,-7.7172511242039965,100.0,14.99995679391063,0.036002511222574515,0.0
51.900000000000006,813.9678440945655,-7.71357883703575,100.0,14.999956792416807,0.03600313359857862,0.0
52.0,815.4978396873126,-7.709906484363707,100.0,14.999956790829412,0.03600379494772205,0.0
52.1,817.0278352798932,-7.706234062267058,100.0,14.999956789150968,0.03600449421656143,0.0
52.2,818.5578308722979,-7.702561566931429,100.0,14.999956787383951,0.036005230371376165,0.0
52.300000000000004,820.087826464518,-7.6988889946468815,100.0,14.999956785530795,0.036006002397839985,0.0
52.400000000000006,821.6178220565447,-7.695216341805954,100.0,14.999956783593879,0.03600680930069791,0.0
52.5,823.1478176483696,-7.691543604901731,100.0,14.99995678157554,0.036007650103448606,0.0
52.6,824.6778132399845,-7.687870780525951,100.0,14.999956779478074,0.036008523848031986,0.0
52.7,826.2078088313815,-7.684197865367135,100.0,14.999956777303735,0.03600942959452202,0.0
52.800000000000004,827.7378044225528,-7.6805248562087565,100.0,14.999956775054729,0.03601036642082456,0.0
52.900000000000006,829.267800013491,-7.676851749927438,100.0,14.999956772733219,0.03601133342238025,0.0
53.0,830.7977956041887,-7.673178543491174,100.0,14.99995677034133,0.036012329711872286,0.0
53.1,832.3277911946388,-7.669505233957592,100.0,14.99995676788115,0.03601335441893901,0.0
53.2,833.8577867848346,-7.665831818472236,100.0,14.999956765354717,0.036014406689891205,0.0
53.300000000000004,835.3877823747694,-7.662158294266876,100.0,14.999956762764041,0.03601548568743408,0.0
53.400000000000006,836.9177779644366,-7.658484658657856,100.0,14.999956760111084,0.0360165905903938,0.0
53.5,838.4477735538301,-7.654810909044461,100.0,14.999956757397777,0.03601772059344846,0.0
53.6,839.9777691429438,-7.651137042907314,100.0,14.999956754626009,0.03601887490686359,0.0
53.7,841.5077647317718,-7.647463057806797,100.0,14.999956751797635,0.03602005275623183,0.0
53.800000000000004,843.0377603203085,-7.643788951381506,100.0,14.999956748914471,0.036021253382216935,0.0
53.900000000000006,844.5677559085484,-7.640114721346722,100.0,14.9999567459783,0.03602247604030198,0.0
54.0,846.0977514964861,-7.636440365492916,100.0,14.999956742990872,0.03602372000054163,0.0
54.1,847.6277470841165,-7.632765881684271,100.0,14.999956739953896,0.03602498454731844,0.0
54.2,849.1577426714347,-7.629091267857238,100.0,14.99995673686906,0.036026268979103146,0.0
54.300000000000004,850.6877382584357,-7.625416522019105,100.0,14.999956733738001,0.03602757260821881,0.0
54.400000000000006,852.2177338451152,-7.6217416422466036,100.0,14.999956730562337,0.03602889476060883,0.0
54.5,853.7477294314684,-7.6180666266845245,100.0,14.99995672734365,0.03603023477560871,0.0
54.6,855.2777250174912,-7.614391473544368,100.0,14.999956724083493,0.03603159200572148,0.0
54.7,856.8077206031794,-7.610716181103007,100.0,14.99995672078338,0.036032965816396756,0.0
54.800000000000004,858.3377161885289,-7.607040747701387,100.0,14.999956717444805,0.036034355585813416,0.0
54.900000000000006,859.867711773536,-7.603365171743227,100.0,14.999956714069226,0.03603576070466576,0.0
55.0,861.397707358197,-7.599689451693763,100.0,14.999956710658072,0.03603718057595309,0.0
55.1,862.9277029425082,-7.596013586078499,100.0,14.999956707212746,0.03603861461477268,0.0
55.2,864.4576985264662,-7.592337573481984,100.0,14.99995670373462,0.03604006224811612,0.0
55.300000000000004,865.9876941100678,-7.588661412546613,100.0,14.999956700225038,0.03604152291466889,0.0
55.400000000000006,867.5176896933099,-7.584985101971437,100.0,14.999956696685317,0.03604299606461316,0.0
55.5,869.0476852761894,-7.581308640511008,100.0,14.999956693116749,0.03604448115943379,0.0
55.6,870.5776808587035,-7.577632026974229,100.0,14.999956689520596,0.036045977671727354,0.0
55.7,872.1076764408494,-7.573955260223239,100.0,14.999956685898097,0.03604748508501433,0.0
55.800000000000004,873.6376720226245,-7.570278339172298,100.0,14.999956682250465,0.0360490028935542,0.0
55.900000000000006,875.1676676040263,-7.56660126278671,100.0,14.999956678578886,0.03605053060216354,0.0
56.0,876.6976631850524,-7.562924030081749,100.0,14.99995667488452,0.03605206772603704,0.0
56.1,878.2276587657005,-7.559246640121614,100.0,14.999956671168508,0.036053613790571364,0.0
56.2,879.7576543459685,-7.555569092018395,100.0,14.999956667431965,0.036055168331191774,0.0
56.300000000000004,881.2876499258543,-7.551891384931059,100.0,14.999956663675976,0.03605673089318157,0.0
56.400000000000006,882.8176455053562,-7.548213518064453,100.0,14.999956659901612,0.03605830103151428,0.0
56.5,884.347641084472,-7.544535490668327,100.0,14.999956656109918,0.03605987831068836,0.0
56.6,885.8776366632003,-7.5408573020363665,100.0,14.999956652301915,0.03606146230456472,0.0
56.7,887.4076322415393,-7.537178951505248,100.0,14.999956648478603,0.036063052596206714,0.0
56.800000000000004,888.9376278194876,-7.533500438453708,100.0,14.999956644640962,0.036064648777722676,0.0
56.900000000000006,890.4676233970438,-7.529821762301631,100.0,14.999956640789948,0.03606625045011099,0.0
57.0,891.9976189742065,-7.526142922509145,100.0,14.9999566369265,0.03606785722310762,0.0
57.1,893.5276145509745,-7.522463918575744,100.0,14.99995663305153,0.036069468715035996,0.0
57.2,895.0576101273467,-7.518784750039415,100.0,14.999956629165938,0.03607108455265935,0.0
57.300000000000004,896.5876057033221,-7.515105416475787,100.0,14.9999566252706,0.03607270437103535,0.0
57.400000000000006,898.1176012788997,-7.511425917497295,100.0,14.99995662136637,0.036074327813373025,0.0
57.5,899.6475968540785,-7.507746252752349,100.0,14.999956617454087,0.036075954530892,0.0
57.6,901.177592428858,-7.504066421924529,100.0,14.999956613534573,0.0360775841826839,0.0
57.7,902.7075880032373,-7.500386424731789,100.0,14.999956609608622,0.03607921643557597,0.0
57.800000000000004,904.2375835772159,-7.496706260925674,100.0,14.999956605677022,0.03608085096399688,0.0
57.900000000000006,905.7675791507932,-7.493025930290549,100.0,14.999956601740534,0.036082487449844575,0.0
58.0,907.2975747239686,-7.489345432642849,100.0,14.999956597799907,0.03608412558235627,0.0
58.1,908.827570296742,-7.4856647678303325,100.0,14.99995659385587,0.03608576505798047,0.0
58.2,910.3575658691129,-7.481983935731356,100.0,14.999956589909134,0.03608740558025106,0.0
58.300000000000004,911.8875614410812,-7.478302936254154,100.0,14.9999565859604,0.03608904685966328,0.0
58.400000000000006,913.4175570126466,-7.474621769336139,100.0,14.999956582010341,0.03609068861355174,0.0
58.5,914.947552583809,-7.470940434943205,100.0,14.99995657805963,0.03609233056597035,0.0
58.6,916.4775481545686,-7.467258933069054,100.0,14.999956574108905,0.03609397244757407,0.0
58.7,918.0075437249251,-7.4635772637345275,100.0,14.999956570158805,0.03609561399550264,0.0
58.800000000000004,919.5375392948787,-7.459895426986946,100.0,14.999956566209946,0.03609725495326603,0.0
58.900000000000006,921.0675348644296,-7.456213422899471,100.0,14.999956562262929,0.03609889507063177,0.0
59.0,922.5975304335781,-7.45253125157047,100.0,14.999956558318342,0.03610053410351403,0.0
59.1,924.1275260023243,-7.448848913122894,100.0,14.99995655437676,0.036102171813864437,0.0
59.2,925.6575215706687,-7.445166407703669,100.0,14.999956550438743,0.03610380796956462,0.0
59.300000000000004,927.1875171386116,-7.441483735483098,100.0,14.99995654650483,0.03610544234432043,0.0
59.400000000000006,928.7175127061535,-7.437800896654268,100.0,14.99995654257556,0.03610707471755789,0.0
59.5,930.2475082732948,-7.434117891432476,100.0,14.999956538651446,0.03610870487432071,0.0
59.6,931.7775038400362,-7.430434720054657,100.0,14.999956534732997,0.03611033260516946,0.0
59.7,933.3074994063782,-7.426751382778831,100.0,14.9999565308207,0.036111957706082276,0.0
59.800000000000004,934.8374949723215,-7.423067879883554,100.0,14.99995652691504,0.03611357997835725,0.0
59.900000000000006,936.3674905378667,-7.419384211667378,100.0,14.999956523016483,0.03611519922851623,0.0
60.0,937.8974861030147,-7.415700378448324,100.0,14.999956519125476,0.03611681526821016,0.0
60.1,939.4274816677662,-7.412016380563367,100.0,14.99995651524247,0.03611842791412604,0.0
60.2,940.9574772321221,-7.408332218367922,100.0,14.999956511367891,0.03612003698789516,0.0
60.300000000000004,942.4874727960831,-7.404647892235348,100.0,14.999956507502162,0.03612164231600294,0.0
60.400000000000006,944.0174683596504,-7.400963402556456,100.0,14.999956503645684,0.036123243729700084,0.0
60.5,945.5474639228247,-7.397278749739027,100.0,14.99995649979886,0.03612484106491523,0.0
60.6,947.0774594856072,-7.393593934207342,100.0,14.999956495962072,0.03612643416216893,0.0
60.7,948.6074550479989,-7.389908956401713,100.0,14.999956492135693,0.03612802286648895,0.0
60.800000000000004,950.1374506100008,-7.386223816778032,100.0,14.999956488320093,0.03612960702732703,0.0
60.900000000000006,951.6674461716141,-7.382538515807323,100.0,14.99995648451562,0.0361311864984768,0.0
61.0,953.1974417328399,-7.378853053975303,100.0,14.99995648072262,0.036132761137993165,0.0
61.1,954.7274372936795,-7.375167431781949,100.0,14.999956476941426,0.036134330808112826,0.0
61.2,956.257432854134,-7.371481649741081,100.0,14.99995647317236,0.03613589537517614,0.0
61.300000000000004,957.7874284142047,-7.367795708379941,100.0,14.999956469415741,0.03613745470955023,0.0
61.400000000000006,959.3174239738928,-7.36410960823879,100.0,14.999956465671866,0.0361390086855532,0.0
61.5,960.8474195331997,-7.360423349870511,100.0,14.999956461941036,0.03614055718137971,0.0
61.6,962.3774150921269,-7.356736933840212,100.0,14.999956458223533,0.036142100079027656,0.0
61.7,963.9074106506754,-7.353050360724844,100.0,14.999956454519637,0.03614363726422599,0.0
61.800000000000004,965.4374062088468,-7.349363631112826,100.0,14.999956450829615,0.03614516862636372,0.0
61.900000000000006,966.9674017666426,-7.345676745603672,100.0,14.999956447153727,0.03614669405842009,0.0
62.0,968.4973973240642,-7.341989704807632,100.0,14.999956443492223,0.036148213456895756,0.0
62.1,970.0273928811131,-7.338302509345333,100.0,14.99995643984535,0.03614972672174518,0.0
62.2,971.5573884377908,-7.334615159847432,100.0,14.999956436213337,0.03615123375631002,0.0
62.300000000000004,973.0873839940988,-7.330927656954273,100.0,14.999956432596415,0.036152734467253665,0.0
62.400000000000006,974.6173795500385,-7.327240001315553,100.0,14.999956428994802,0.036154228764496706,0.0
62.5,976.1473751056118,-7.3235521935899905,100.0,14.999956425408707,0.036155716561153524,0.0
62.6,977.6773706608201,-7.319864234445006,100.0,14.999956421838338,0.03615719777346992,0.0
62.7,979.207366215665,-7.316176124556402,100.0,14.999956418283888,0.03615867232076165,0.0
62.800000000000004,980.7373617701483,-7.312487864608058,100.0,14.999956414745547,0.036160140125354005,0.0
62.900000000000006,982.2673573242713,-7.308799455291622,100.0,14.9999564112235,0.03616160111252239,0.0
63.0,983.797352878036,-7.305110897306214,100.0,14.999956407717919,0.03616305521043378,0.0
63.1,985.327348431444,-7.301422191358136,100.0,14.999956404228973,0.03616450235008921,0.0
63.2,986.8573439844969,-7.297733338160582,100.0,14.999956400756824,0.03616594246526713,0.0
63.300000000000004,988.3873395371966,-7.294044338433363,100.0,14.999956397301627,0.03616737549246768,0.0
63.400000000000006,989.9173350895446,-7.290355192902625,100.0,14.99995639386353,0.03616880137085791,0.0
63.5,991.447330641543,-7.286665902300589,100.0,14.999956390442676,0.03617022004221786,0.0
63.6,992.9773261931932,-7.282976467365277,100.0,14.999956387039202,0.03617163145088749,0.0
63.7,994.5073217444972,-7.279286888840261,100.0,14.999956383653238,0.03617303554371452,0.0
63.800000000000004,996.0373172954567,-7.275597167474408,100.0,14.999956380284909,0.03617443227000308,0.0
63.900000000000006,997.5673128460735,-7.271907304021631,100.0,14.99995637693433,0.03617582158146324,0.0
64.0,999.0973083963495,-7.268217299240645,100.0,14.999956373601618,0.03617720343216132,0.0
64.10000000000001,1000.6273039462865,-7.264527153894733,100.0,14.99995637028688,0.036178577778471,0.0
64.2,1002.1572994958863,-7.26083686875151,100.0,14.999956366990213,0.0361799445790253,0.0
64.3,1003.6872950451508,-7.257146444582697,100.0,14.999956363711721,0.03618130379466933,0.0
64.4,1005.2172905940819,-7.253455882163897,100.0,14.999956360451487,0.0361826553884137,0.0
64.5,1006.7472861426813,-7.249765182274374,100.0,14.999956357209605,0.03618399932538889,0.0
64.60000000000001,1008.277281690951,-7.246074345696843,100.0,14.999956353986152,0.03618533557280021,0.0
64.7,1009.8072772388929,-7.242383373217258,100.0,14.999956350781202,0.03618666409988355,0.0
64.8,1011.3372727865088,-7.238692265624611,100.0,14.99995634759483,0.03618798487786195,0.0
64.9,1012.8672683338007,-7.235001023710724,100.0,14.999956344427105,0.03618929787990274,0.0
65.0,1014.3972638807704,-7.23130964827006,100.0,14.999956341278084,0.036190603081075495,0.0
65.10000000000001,1015.9272594274199,-7.227618140099531,100.0,14.999956338147829,0.03619190045831065,0.0
65.2,1017.4572549737511,-7.223926499998304,100.0,14.999956335036389,0.036193189990358816,0.0
65.3,1018.9872505197659,-7.220234728767622,100.0,14.999956331943817,0.0361944716577508,0.0
65.4,1020.5172460654662,-7.216542827210626,100.0,14.999956328870155,0.036195745442758186,0.0
65.5,1022.0472416108539,-7.212850796132175,100.0,14.999956325815445,0.03619701132935475,0.0
65.60000000000001,1023.577237155931,-7.209158636338677,100.0,14.999956322779724,0.03619826930317837,0.0
65.7,1025.1072327006996,-7.205466348637922,100.0,14.999956319763024,0.036199519351493625,0.0
65.8,1026.6372282451614,-7.201773933838914,100.0,14.999956316765376,0.036200761463155075,0.0
65.9,1028.1672237893183,-7.198081392751717,100.0,14.999956313786802,0.03620199562857106,0.0
66.0,1029.6972193331724,-7.194388726187292,100.0,14.999956310827322,0.036203221839668225,0.0
66.10000000000001,1031.2272148767256,-7.190695934957348,100.0,14.99995630788696,0.03620444008985658,0.0
66.2,1032.7572104199799,-7.18700301987419,100.0,14.999956304965723,0.03620565037399512,0.0
66.3,1034.2872059629372,-7.1833099817505754,100.0,14.99995630206363,0.036206852688358125,0.0
66.4,1035.8172015055993,-7.17961682139957,100.0,14.999956299180681,0.03620804703060194,0.0
66.5,1037.3471970479686,-7.175923539634407,100.0,14.999956296316885,0.036209233399732414,0.0
66.60000000000001,1038.8771925900467,-7.172230137268356,100.0,14.999956293472245,0.03621041179607283,0.0
66.7,1040.4071881318355,-7.168536615114582,100.0,14.99995629064675,0.036211582221232365,0.0
66.8,1041.9371836733371,-7.164842973986026,100.0,14.999956287840405,0.0362127446780752,0.0
66.9,1043.4671792145537,-7.161149214695271,100.0,14.999956285053196,0.036213899170690046,0.0
67.0,1044.9971747554869,-7.157455338054422,100.0,14.999956282285114,0.0362150457043603,0.0
67.10000000000001,1046.5271702961386,-7.153761344874984,100.0,14.999956279536143,0.03621618428553461,0.0
67.2,1048.0571658365109,-7.150067235967744,100.0,14.999956276806271,0.036217314921798055,0.0
67.3,1049.5871613766058,-7.146373012142661,100.0,14.999956274095474,0.03621843762184374,0.0
67.4,1051.117156916425,-7.1426786742087485,100.0,14.999956271403738,0.03621955239544499,0.0
67.5,1052.6471524559709,-7.138984222973971,100.0,14.999956268731028,0.03622065925342788,0.0
67.60000000000001,1054.177147995245,-7.135289659245133,100.0,14.999956266077325,0.03622175820764443,0.0
67.7,1055.7071435342493,-7.131594983827782,100.0,14.999956263442593,0.03622284927094613,0.0
67.8,1057.2371390729859,-7.1279001975261,100.0,14.999956260826806,0.036223932457157985,0.0
67.9,1058.7671346114566,-7.124205301142812,100.0,14.99995625822993,0.03622500778105304,0.0
68.0,1060.2971301496636,-7.120510295479089,100.0,14.999956255651925,0.03622607525832731,0.0
68.10000000000001,1061.8271256876085,-7.116815181334451,100.0,14.999956253092757,0.0362271349055752,0.0
68.2,1063.3571212252932,-7.113119959506685,100.0,14.999956250552382,0.03622818674026533,0.0
68.3,1064.8871167627199,-7.1094246307917475,100.0,14.99995624803076,0.03622923078071682,0.0
68.4,1066.4171122998903,-7.105729195983686,100.0,14.999956245527844,0.03623026704607597,0.0
68.5,1067.9471078368065,-7.102033655874554,100.0,14.999956243043588,0.03623129555629343,0.0
68.60000000000001,1069.47710337347,-7.098338011254327,100.0,14.999956240577944,0.03623231633210169,0.0
68.7,1071.007098909883,-7.094642262910829,100.0,14.999956238130864,0.036233329394993,0.0
68.8,1072.5370944460476,-7.09094641162965,100.0,14.999956235702289,0.03623433476719777,0.0
68.9,1074.0670899819654,-7.08725045819408,100.0,14.99995623329217,0.03623533247166329,0.0
69.0,1075.597085517638,-7.083554403385029,100.0,14.999956230900453,0.03623632253203281,0.0
69.10000000000001,1077.127081053068,-7.07985824798096,100.0,14.999956228527077,0.03623730497262512,0.0
69.2,1078.6570765882566,-7.076161992757823,100.0,14.999956226171989,0.0362382798184144,0.0
69.3,1080.187072123206,-7.072465638488989,100.0,14.999956223835122,0.03623924709501044,0.0
69.4,1081.717067657918,-7.0687691859451816,100.0,14.999956221516415,0.03624020682863934,0.0
69.5,1083.2470631923943,-7.06507263589442,100.0,14.99995621921581,0.03624115904612449,0.0
69.60000000000001,1084.7770587266368,-7.061375989101956,100.0,14.999956216933233,0.0362421037748678,0.0
69.7,1086.3070542606476,-7.05767924633022,100.0,14.999956214668627,0.03624304104283154,0.0
69.8,1087.8370497944284,-7.05398240833876,100.0,14.99995621242192,0.03624397087852027,0.0
69.9,1089.3670453279808,-7.0502854758841895,100.0,14.999956210193043,0.03624489331096327,0.0
70.0,1090.8970408613068,-7.046588449720135,100.0,14.99995620798193,0.0362458083696972,0.0
70.10000000000001,1092.427036394408,-7.042891330597184,100.0,14.999956205788504,0.036246716084749164,0.0
70.2,1093.9570319272866,-7.039194119262839,100.0,14.999956203612696,0.03624761648662007,0.0
70.3,1095.487027459944,-7.035496816461465,100.0,14.999956201454435,0.0362485096062683,0.0
70.4,1097.0170229923824,-7.031799422934246,100.0,14.99995619931364,0.03624939547509369,0.0
70.5,1098.5470185246031,-7.028101939419144,100.0,14.99995619719024,0.03625027412492185,0.0
70.60000000000001,1100.0770140566083,-7.024404366650851,100.0,14.999956195084156,0.03625114558798875,0.0
70.7,1101.6070095883995,-7.020706705360751,100.0,14.999956192995313,0.036252009896925654,0.0
70.8,1103.1370051199785,-7.01700895627688,100.0,14.99995619092363,0.03625286708474427,0.0
70.9,1104.667000651347,-7.013311120123887,100.0,14.999956188869028,0.036253717184822266,0.0
71.0,1106.1969961825068,-7.009613197622999,100.0,14.99995618683143,0.03625456023088905,0.0
71.10000000000001,1107.7269917134597,-7.005915189491985,100.0,14.999956184810749,0.03625539625701179,0.0
71.2,1109.2569872442073,-7.002217096445121,100.0,14.999956182806907,0.03625622529758179,0.0
71.3,1110.7869827747513,-6.998518919193161,100.0,14.999956180819819,0.03625704738730107,0.0
71.4,1112.3169783050937,-6.994820658443303,100.0,14.999956178849406,0.03625786256116923,0.0
71.5,1113.8469738352358,-6.99112231489916,100.0,14.999956176895582,0.036258670854470626,0.0
71.60000000000001,1115.3769693651795,-6.9874238892607305,100.0,14.999956174958257,0.03625947230276169,0.0
71.7,1116.9069648949264,-6.983725382224375,100.0,14.99995617303735,0.036260266941858646,0.0
71.8,1118.4369604244782,-6.980026794482785,100.0,14.999956171132776,0.03626105480782539,0.0
71.9,1119.9669559538365,-6.976328126724964,100.0,14.999956169244445,0.036261835936961626,0.0
72.0,1121.4969514830032,-6.972629379636201,100.0,14.999956167372273,0.03626261036579129,0.0
72.10000000000001,1123.0269470119797,-6.968930553898047,100.0,14.999956165516169,0.03626337813105114,0.0
72.2,1124.5569425407677,-6.9652316501882945,100.0,14.999956163676046,0.036264139269679696,0.0
72.3,1126.086938069369,-6.9615326691809605,100.0,14.999956161851818,0.03626489381880626,0.0
72.4,1127.6169335977847,-6.957833611546264,100.0,14.999956160043391,0.03626564181574028,0.0
72.5,1129.1469291260169,-6.954134477950611,100.0,14.99995615825068,0.03626638329796094,0.0
72.60000000000001,1130.676924654067,-6.950435269056574,100.0,14.999956156473592,0.036267118303106846,0.0
72.7,1132.2069201819368,-6.9467359855228805,100.0,14.999956154712034,0.03626784686896611,0.0
72.8,1133.7369157096275,-6.9430366280043945,100.0,14.999956152965922,0.036268569033466515,0.0
72.9,1135.266911237141,-6.939337197152106,100.0,14.999956151235162,0.036269284834665946,0.0
73.0,1136.7969067644785,-6.935637693613116,100.0,14.999956149519662,0.03626999431074297,0.0
73.10000000000001,1138.326902291642,-6.931938118030626,100.0,14.99995614781933,0.03627069749998775,0.0
73.2,1139.856897818633,-6.928238471043925,100.0,14.999956146134073,0.03627139444079298,0.0
73.3,1141.3868933454526,-6.924538753288383,100.0,14.9999561444638,0.03627208517164518,0.0
73.4,1142.9168888721026,-6.920838965395438,100.0,14.999956142808418,0.036272769731116095,0.0
73.5,1144.4468843985846,-6.917139107992591,100.0,14.999956141167837,0.036273448157854285,0.0
73.60000000000001,1145.9768799249002,-6.913439181703395,100.0,14.999956139541963,0.03627412049057695,0.0
73.7,1147.5068754510505,-6.909739187147454,100.0,14.999956137930702,0.03627478676806188,0.0
73.8,1149.0368709770373,-6.906039124940412,100.0,14.99995613633396,0.03627544702913967,0.0
73.9,1150.566866502862,-6.902338995693948,100.0,14.999956134751647,0.036276101312686035,0.0
74.0,1152.096862028526,-6.898638800015777,100.0,14.999956133183666,0.036276749657614314,0.0
74.10000000000001,1153.6268575540307,-6.894938538509641,100.0,14.999956131629926,0.03627739210286818,0.0
74.2,1155.1568530793777,-6.891238211775309,100.0,14.999956130090332,0.03627802868741448,0.0
74.3,1156.6868486045685,-6.887537820408573,100.0,14.999956128564792,0.03627865945023631,0.0
74.4,1158.2168441296044,-6.883837365001251,100.0,14.999956127053213,0.03627928443032614,0.0
74.5,1159.7468396544868,-6.880136846141182,100.0,14.999956125555498,0.0362799036666792,0.0
74.60000000000001,1161.2768351792172,-6.876436264412227,100.0,14.999956124071558,0.03628051719828702,0.0
74.7,1162.8068307037968,-6.872735620394271,100.0,14.999956122601295,0.036281125064131024,0.0
74.8,1164.3368262282272,-6.869034914663223,100.0,14.999956121144619,0.03628172730317642,0.0
74.9,1165.8668217525096,-6.865334147791018,100.0,14.999956119701434,0.036282323954366126,0.0
75.0,1167.3968172766456,-6.861633320345623,100.0,14.999956118271648,0.03628291505661491,0.0
75.10000000000001,1168.9268128006365,-6.857932432891035,100.0,14.999956116855165,0.03628350064880366,0.0
75.2,1170.4568083244835,-6.854231485987286,100.0,14.999956115451896,0.03628408076977375,0.0
75.3,1171.9868038481882,-6.850530480190452,100.0,14.999956114061744,0.03628465545832164,0.0
75.4,1173.5167993717516,-6.846829416052651,100.0,14.999956112684618,0.036285224753193505,0.0
75.5,1175.0467948951753,-6.843128294122052,100.0,14.999956111320424,0.03628578869308012,0.0
75.60000000000001,1176.5767904184604,-6.8394271149428825,100.0,14.99995610996907,0.036286347316611754,0.0
75.7,1178.1067859416085,-6.835725879055431,100.0,14.999956108630464,0.036286900662353294,0.0
75.8,1179.6367814646205,-6.832024586996057,100.0,14.99995610730451,0.036287448768799434,0.0
75.9,1181.166776987498,-6.828323239297196,100.0,14.999956105991119,0.036287991674370024,0.0
76.0,1182.6967725102422,-6.824621836487371,100.0,14.999956104690197,0.036288529417405534,0.0
76.10000000000001,1184.2267680328544,-6.820920379091197,100.0,14.999956103401654,0.03628906203616264,0.0
76.2,1185.7567635553357,-6.81721886762939,100.0,14.999956102125395,0.036289589568809934,0.0
76.3,1187.2867590776875,-6.813517302618781,100.0,14.999956100861334,0.03629011205342375,0.0
76.4,1188.816754599911,-6.8098156845723175,100.0,14.999956099609374,0.03629062952798407,0.0
76.5,1190.3467501220075,-6.806114013999082,100.0,14.999956098369426,0.036291142030370614,0.0
76.60000000000001,1191.876745643978,-6.802412291404297,100.0,14.9999560971414,0.03629164959835899,0.0
76.7,1193.4067411658239,-6.798710517289336,100.0,14.999956095925203,0.03629215226961695,0.0
76.80000000000001,1194.9367366875463,-6.795008692151738,100.0,14.999956094720746,0.0362926500817008,0.0
76.9,1196.4667322091464,-6.791306816485217,100.0,14.99995609352794,0.03629314307205188,0.0
77.0,1197.9967277306255,-6.787604890779673,100.0,14.999956092346691,0.03629363127799311,0.0
77.10000000000001,1199.5267232519845,-6.783902915521207,100.0,14.999956091176916,0.03629411473672575,0.0
77.2,1201.056718773225,-6.780200891192129,100.0,14.999956090018522,0.03629459348532613,0.0
77.30000000000001,1202.5867142943478,-6.7764988182709756,100.0,14.999956088871418,0.03629506756074258,0.0
77.4,1204.1167098153542,-6.772796697232522,100.0,14.99995608773552,0.03629553699979239,0.0
77.5,1205.6467053362453,-6.769094528547793,100.0,14.999956086610737,0.0362960018391589,0.0
77.60000000000001,1207.1767008570223,-6.76539231268408,100.0,14.999956085496983,0.036296462115388665,0.0
77.7,1208.7066963776863,-6.761690050104952,100.0,14.999956084394166,0.0362969178648887,0.0
77.80000000000001,1210.2366918982384,-6.7579877412702745,100.0,14.999956083302202,0.03629736912392388,0.0
77.9,1211.7666874186796,-6.754285386636219,100.0,14.999956082221,0.036297815928614335,0.0
78.0,1213.2966829390111,-6.750582986655282,100.0,14.999956081150481,0.03629825831493298,0.0
78.10000000000001,1214.826678459234,-6.746880541776296,100.0,14.999956080090554,0.036298696318703146,0.0
78.2,1216.3566739793494,-6.74317805244445,100.0,14.999956079041132,0.036299129975596235,0.0
78.30000000000001,1217.886669499358,-6.739475519101301,100.0,14.999956078002132,0.036299559321129535,0.0
78.4,1219.4166650192612,-6.735772942184791,100.0,14.999956076973467,0.03629998439066404,0.0
78.5,1220.94666053906,-6.732070322129264,100.0,14.999956075955053,0.03630040521940237,0.0
78.60000000000001,1222.4766560587557,-6.728367659365481,100.0,14.999956074946805,0.03630082184238682,0.0
78.7,1224.006651578349,-6.7246649543206365,100.0,14.99995607394864,0.03630123429449741,0.0
78.80000000000001,1225.5366470978408,-6.720962207418378,100.0,14.999956072960472,0.03630164261045002,0.0
78.9,1227.0666426172324,-6.717259419078816,100.0,14.999956071982224,0.03630204682479467,0.0
79.0,1228.596638136525,-6.713556589718551,100.0,14.999956071013802,0.036302446971913746,0.0
79.10000000000001,1230.126633655719,-6.709853719750681,100.0,14.999956070055136,0.036302843086020456,0.0
79.2,1231.6566291748156,-6.706150809584824,100.0,14.999956069106133,0.03630323520115714,0.0
79.30000000000001,1233.1866246938162,-6.702447859627135,100.0,14.99995606816672,0.03630362335119391,0.0
79.4,1234.7166202127214,-6.698744870280324,100.0,14.999956067236809,0.036304007569827074,0.0
79.5,1236.2466157315323,-6.69504184194367,100.0,14.999956066316324,0.036304387890577904,0.0
79.60000000000001,1237.7766112502497,-6.691338775013045,100.0,14.999956065405183,0.03630476434679119,0.0
79.7,1239.3066067688746,-6.687635669880927,100.0,14.999956064503305,0.036305136971634094,0.0
79.80000000000001,1240.8366022874081,-6.683932526936421,100.0,14.999956063610611,0.03630550579809491,0.0
79.9,1242.366597805851,-6.680229346565277,100.0,14.999956062727023,0.03630587085898196,0.0
80.0,1243.896593324204,-6.676526129149905,100.0,14.99995606185246,0.03630623218692248,0.0
80.10000000000001,1245.4265888424686,-6.6728228750694,100.0,14.999956060986847,0.036306589814361655,0.0
80.2,1246.9565843606451,-6.669119584699555,100.0,14.999956060130103,0.03630694377356163,0.0
80.30000000000001,1248.4865798787348,-6.665416258412881,100.0,14.999956059282153,0.03630729409660061,0.0
80.4,1250.0165753967383,-6.661712896578629,100.0,14.999956058442919,0.03630764081537199,0.0
80.5,1251.5465709146567,-6.658009499562803,100.0,14.999956057612325,0.03630798396158357,0.0
80.60000000000001,1253.0765664324908,-6.654306067728186,100.0,14.99995605679029,0.0363083235667568,0.0
80.7,1254.6065619502415,-6.650602601434352,100.0,14.999956055976748,0.03630865966222607,0.0
80.80000000000001,1256.1365574679096,-6.646899101037691,100.0,14.999956055171616,0.036308992279138065,0.0
80.9,1257.666552985496,-6.643195566891425,100.0,14.999956054374824,0.03630932144845114,0.0
81.0,1259.1965485030018,-6.639491999345626,100.0,14.999956053586295,0.03630964720093479,0.0
81.10000000000001,1260.7265440204276,-6.635788398747241,100.0,14.999956052805954,0.03630996956716907,0.0
81.2,1262.256539537774,-6.632084765440104,100.0,14.999956052033733,0.03631028857754424,0.0
81.30000000000001,1263.7865350550421,-6.628381099764961,100.0,14.999956051269553,0.036310604262260175,0.0
81.4,1265.3165305722328,-6.624677402059486,100.0,14.999956050513346,0.03631091665132614,0.0
81.5,1266.8465260893465,-6.620973672658304,100.0,14.999956049765037,0.03631122577456033,0.0
81.60000000000001,1268.3765216063844,-6.617269911893007,100.0,14.999956049024556,0.036311531661589624,0.0
81.7,1269.9065171233472,-6.613566120092173,100.0,14.999956048291832,0.036311834341849314,0.0
81.80000000000001,1271.4365126402356,-6.609862297581391,100.0,14.999956047566794,0.03631213384458287,0.0
81.9,1272.9665081570506,-6.606158444683276,100.0,14.999956046849373,0.03631243019884174,0.0
82.0,1274.4965036737926,-6.602454561717487,100.0,14.999956046139497,0.03631272343348521,0.0
82.10000000000001,1276.0264991904628,-6.598750649000752,100.0,14.999956045437097,0.036313013577180295,0.0
82.2,1277.5564947070616,-6.595046706846884,100.0,14.999956044742106,0.03631330065840165,0.0
82.30000000000001,1279.0864902235899,-6.591342735566801,100.0,14.999956044054455,0.036313584705431536,0.0
82.4,1280.6164857400483,-6.5876387354685475,100.0,14.999956043374079,0.03631386574635977,0.0
82.5,1282.146481256438,-6.5839347068573115,100.0,14.999956042700907,0.03631414380908379,0.0
82.60000000000001,1283.676476772759,-6.580230650035445,100.0,14.999956042034869,0.03631441892130868,0.0
82.7,1285.2064722890127,-6.576526565302485,100.0,14.999956041375905,0.03631469111054728,0.0
82.80000000000001,1286.7364678051995,-6.572822452955171,100.0,14.999956040723946,0.036314960404120265,0.0
82.9,1288.26646332132,-6.569118313287466,100.0,14.999956040078928,0.03631522682915629,0.0
83.0,1289.7964588373752,-6.565414146590577,100.0,14.999956039440784,0.03631549041259221,0.0
83.10000000000001,1291.3264543533658,-6.56170995315297,100.0,14.99995603880945,0.036315751181173216,0.0
83.2,1292.8564498692922,-6.558005733260398,100.0,14.999956038184866,0.0363160091614531,0.0
83.30000000000001,1294.3864453851552,-6.55430148719591,100.0,14.999956037566962,0.03631626437979449,0.0
83.4,1295.9164409009556,-6.550597215239879,100.0,14.999956036955677,0.03631651686236915,0.0
83.5,1297.446436416694,-6.546892917670018,100.0,14.999956036350946,0.03631676663515827,0.0
83.60000000000001,1298.976431932371,-6.543188594761398,100.0,14.999956035752712,0.0363170137239528,0.0
83.7,1300.5064274479873,-6.539484246786471,100.0,14.999956035160908,0.03631725815435382,0.0
83.80000000000001,1302.0364229635436,-6.535779874015086,100.0,14.999956034575478,0.036317499951772886,0.0
83.9,1303.5664184790405,-6.53207547671451,100.0,14.999956033996355,0.036317739141432416,0.0
84.0,1305.0964139944788,-6.5283710551494485,100.0,14.999956033423484,0.036317975748366205,0.0
84.10000000000001,1306.6264095098588,-6.524666609582061,100.0,14.999956032856801,0.036318209797419745,0.0
84.2,1308.1564050251814,-6.520962140271983,100.0,14.999956032296248,0.03631844131325078,0.0
84.30000000000001,1309.686400540447,-6.517257647476346,100.0,14.999956031741766,0.03631867032032975,0.0
84.4,1311.2163960556566,-6.513553131449794,100.0,14.999956031193296,0.03631889684294031,0.0
84.5,1312.7463915708104,-6.509848592444503,100.0,14.999956030650779,0.03631912090517985,0.0
84.60000000000001,1314.2763870859092,-6.506144030710201,100.0,14.999956030114161,0.036319342530960044,0.0
84.7,1315.8063826009536,-6.502439446494188,100.0,14.999956029583378,0.03631956174400736,0.0
84.80000000000001,1317.3363781159442,-6.498734840041352,100.0,14.99995602905838,0.036319778567863746,0.0
84.9,1318.8663736308813,-6.495030211594188,100.0,14.999956028539104,0.036319993025887114,0.0
85.0,1320.396369145766,-6.491325561392821,100.0,14.9999560280255,0.036320205141252004,0.0
85.10000000000001,1321.9263646605984,-6.487620889675018,100.0,14.999956027517507,0.03632041493695022,0.0
85.2,1323.4563601753794,-6.483916196676213,100.0,14.999956027015076,0.03632062243579145,0.0
85.30000000000001,1324.9863556901093,-6.480211482629522,100.0,14.999956026518147,0.036320827660403926,0.0
85.4,1326.5163512047889,-6.476506747765761,100.0,14.999956026026668,0.03632103063323512,0.0
85.5,1328.0463467194186,-6.472801992313467,100.0,14.999956025540584,0.03632123137655239,0.0
85.60000000000001,1329.576342233999,-6.469097216498916,100.0,14.999956025059845,0.03632142991244373,0.0
85.7,1331.1063377485307,-6.465392420546137,100.0,14.999956024584394,0.03632162626281843,0.0
85.80000000000001,1332.6363332630142,-6.461687604676936,100.0,14.99995602411418,0.03632182044940786,0.0
85.9,1334.16632877745,-6.4579827691109095,100.0,14.999956023649151,0.036322012493766175,0.0
86.0,1335.6963242918384,-6.454277914065466,100.0,14.999956023189254,0.03632220241727104,0.0
86.10000000000001,1337.2263198061803,-6.450573039755843,100.0,14.99995602273444,0.03632239024112446,0.0
86.2,1338.756315320476,-6.446868146395124,100.0,14.999956022284655,0.036322575986353474,0.0
86.30000000000001,1340.2863108347262,-6.443163234194254,100.0,14.999956021839854,0.036322759673811024,0.0
86.4,1341.8163063489312,-6.4394583033620645,100.0,14.999956021399981,0.03632294132417667,0.0
86.5,1343.3463018630916,-6.435753354105282,100.0,14.99995602096499,0.03632312095795745,0.0
86.60000000000001,1344.876297377208,-6.432048386628554,100.0,14.999956020534832,0.03632329859548864,0.0
86.7,1346.4062928912806,-6.42834340113446,100.0,14.999956020109456,0.03632347425693464,0.0
86.80000000000001,1347.93628840531,-6.424638397823532,100.0,14.999956019688815,0.036323647962289755,0.0
86.9,1349.466283919297,-6.420933376894273,100.0,14.99995601927286,0.03632381973137905,0.0
87.0,1350.9962794332416,-6.41722833854317,100.0,14.999956018861546,0.03632398958385922,0.0
87.10000000000001,1352.5262749471447,-6.413523282964715,100.0,14.999956018454824,0.036324157539219394,0.0
87.2,1354.0562704610063,-6.40981821035142,100.0,14.999956018052647,0.03632432361678205,0.0
87.30000000000001,1355.5862659748273,-6.406113120893837,100.0,14.999956017654968,0.03632448783570385,0.0
87.4,1357.1162614886077,-6.402408014780567,100.0,14.999956017261741,0.03632465021497656,0.0
87.5,1358.6462570023484,-6.39870289219829,100.0,14.999956016872925,0.036324810773427856,0.0
87.60000000000001,1360.1762525160498,-6.394997753331766,100.0,14.99995601648847,0.036324969529722285,0.0
87.7,1361.706248029712,-6.391292598363865,100.0,14.999956016108333,0.036325126502362144,0.0
87.80000000000001,1363.2362435433358,-6.387587427475577,100.0,14.999956015732469,0.03632528170968834,0.0
87.9,1364.7662390569214,-6.383882240846027,100.0,14.999956015360835,0.03632543516988135,0.0
88.0,1366.2962345704693,-6.380177038652498,100.0,14.999956014993387,0.0363255869009621,0.0
88.10000000000001,1367.82623008398,-6.37647182107044,100.0,14.999956014630081,0.03632573692079288,0.0
88.2,1369.3562255974537,-6.372766588273488,100.0,14.999956014270877,0.03632588524707828,0.0
88.30000000000001,1370.886221110891,-6.3690613404334835,100.0,14.999956013915728,0.03632603189736609,0.0
88.4,1372.4162166242925,-6.365356077720482,100.0,14.999956013564596,0.03632617688904827,0.0
88.5,1373.9462121376582,-6.361650800302775,100.0,14.999956013217435,0.03632632023936181,0.0
88.60000000000001,1375.4762076509887,-6.357945508346904,100.0,14.999956012874208,0.03632646196538975,0.0
88.7,1377.0062031642844,-6.3542402020176745,100.0,14.999956012534872,0.03632660208406205,0.0
88.80000000000001,1378.5361986775458,-6.350534881478174,100.0,14.999956012199386,0.036326740612156544,0.0
88.9,1380.066194190773,-6.3468295468897855,100.0,14.999956011867711,0.03632687756629992,0.0
89.0,1381.5961897039667,-6.343124198412206,100.0,14.999956011539808,0.036327012962968606,0.0
89.10000000000001,1383.1261852171272,-6.339418836203457,100.0,14.999956011215636,0.03632714681848979,0.0
89.2,1384.6561807302546,-6.335713460419903,100.0,14.999956010895152,0.03632727914904228,0.0
89.30000000000001,1386.1861762433496,-6.332008071216268,100.0,14.999956010578325,0.036327409970657566,0.0
89.4,1387.7161717564125,-6.328302668745644,100.0,14.999956010265112,0.03632753929922067,0.0
89.5,1389.2461672694435,-6.324597253159514,100.0,14.999956009955477,0.036327667150471143,0.0
89.60000000000001,1390.7761627824432,-6.320891824607761,100.0,14.999956009649377,0.03632779354000403,0.0
89.7,1392.306158295412,-6.3171863832386865,100.0,14.999956009346782,0.03632791848327084,0.0
89.80000000000001,1393.83615380835,-6.313480929199021,100.0,14.999956009047652,0.03632804199558044,0.0
89.9,1395.3661493212576,-6.309775462633942,100.0,14.99995600875195,0.03632816409210006,0.0
90.0,1396.8961448341352,-6.306069983687087,100.0,14.999956008459638,0.03632828478785625,0.0
90.10000000000001,1398.4261403469832,-6.302364492500569,100.0,14.999956008170681,0.03632840409773583,0.0
90.2,1399.9561358598019,-6.298658989214988,100.0,14.999956007885045,0.036328522036486864,0.0
90.30000000000001,1401.4861313725917,-6.294953473969447,100.0,14.999956007602693,0.03632863861871959,0.0
90.4,1403.0161268853528,-6.291247946901568,100.0,14.999956007323592,0.0363287538589074,0.0
90.5,1404.5461223980856,-6.287542408147501,100.0,14.999956007047702,0.03632886777138779,0.0
90.60000000000001,1406.0761179107903,-6.283836857841941,100.0,14.999956006774996,0.03632898037036331,0.0
90.7,1407.6061134234676,-6.2801312961181415,100.0,14.999956006505435,0.036329091669902544,0.0
90.80000000000001,1409.1361089361174,-6.27642572310793,100.0,14.999956006238985,0.03632920168394102,0.0
90.9,1410.6661044487403,-6.2727201389417155,100.0,14.999956005975616,0.03632931042628224,0.0
91.0,1412.1960999613364,-6.269014543748509,100.0,14.999956005715292,0.03632941791059856,0.0
91.10000000000001,1413.726095473906,-6.265308937655931,100.0,14.999956005457983,0.03632952415043216,0.0
91.2,1415.2560909864496,-6.26160332079023,100.0,14.999956005203654,0.03632962915919602,0.0
91.30000000000001,1416.7860864989675,-6.257897693276291,100.0,14.999956004952274,0.036329732950174866,0.0
91.4,1418.31608201146,-6.2541920552376515,100.0,14.99995600470381,0.03632983553652608,0.0
91.5,1419.846077523927,-6.2504864067965125,100.0,14.999956004458232,0.03632993693128068,0.0
91.60000000000001,1421.3760730363692,-6.246780748073753,100.0,14.999956004215507,0.036330037147344264,0.0
91.7,1422.9060685487868,-6.2430750791889436,100.0,14.999956003975607,0.03633013619749794,0.0
91.80000000000001,1424.43606406118,-6.239369400260354,100.0,14.9999560037385,0.03633023409439927,0.0
91.9,1425.9660595735493,-6.235663711404971,100.0,14.999956003504154,0.036330330850583195,0.0
92.0,1427.4960550858948,-6.23195801273851,100.0,14.999956003272539,0.036330426478462984,0.0
92.10000000000001,1429.026050598217,-6.2282523043754265,100.0,14.999956003043629,0.036330520990331176,0.0
92.2,1430.5560461105158,-6.224546586428926,100.0,14.99995600281739,0.03633061439836051,0.0
92.30000000000001,1432.0860416227918,-6.2208408590109805,100.0,14.999956002593795,0.0363307067146048,0.0
92.4,1433.616037135045,-6.217135122232337,100.0,14.999956002372816,0.03633079795099994,0.0
92.5,1435.1460326472757,-6.213429376202534,100.0,14.999956002154422,0.036330888119364746,0.0
92.60000000000001,1436.6760281594843,-6.209723621029906,100.0,14.999956001938585,0.03633097723140195,0.0
92.7,1438.2060236716711,-6.206017856821604,100.0,14.99995600172528,0.03633106529869905,0.0
92.80000000000001,1439.7360191838363,-6.2023120836836005,100.0,14.999956001514477,0.03633115233272927,0.0
92.9,1441.2660146959802,-6.198606301720705,100.0,14.999956001306149,0.03633123834485247,0.0
93.0,1442.7960102081029,-6.194900511036573,100.0,14.999956001100266,0.036331323346315995,0.0
93.10000000000001,1444.3260057202046,-6.1911947117337185,100.0,14.999956000896807,0.03633140734825566,0.0
93.2,1445.8560012322857,-6.187488903913526,100.0,14.999956000695738,0.036331490361696556,0.0
93.30000000000001,1447.3859967443466,-6.183783087676261,100.0,14.99995600049704,0.03633157239755406,0.0
93.4,1448.9159922563872,-6.18007726312108,100.0,14.99995600030068,0.0363316534666346,0.0
93.5,1450.4459877684078,-6.1763714303460455,100.0,14.999956000106637,0.036331733579636656,0.0
93.60000000000001,1451.9759832804089,-6.1726655894481315,100.0,14.999955999914883,0.03633181274715158,0.0
93.7,1453.5059787923904,-6.168959740523238,100.0,14.999955999725394,0.03633189097966451,0.0
93.80000000000001,1455.0359743043527,-6.165253883666202,100.0,14.999955999538143,0.036331968287555194,0.0
93.9,1456.565969816296,-6.161548018970806,100.0,14.999955999353109,0.03633204468109896,0.0
94.0,1458.0959653282207,-6.15784214652979,100.0,14.999955999170261,0.03633212017046748,0.0
94.10000000000001,1459.6259608401267,-6.15413626643486,100.0,14.99995599898958,0.03633219476572972,0.0
94.2,1461.1559563520145,-6.150430378776705,100.0,14.999955998811041,0.03633226847685273,0.0
94.30000000000001,1462.6859518638842,-6.146724483644998,100.0,14.999955998634618,0.036332341313702575,0.0
94.4,1464.2159473757358,-6.143018581128413,100.0,14.999955998460289,0.03633241328604513,0.0
94.5,1465.74594288757,-6.139312671314631,100.0,14.99995599828803,0.036332484403546965,0.0
94.60000000000001,1467.2759383993866,-6.135606754290355,100.0,14.99995599811782,0.03633255467577616,0.0
94.7,1468.805933911186,-6.131900830141315,100.0,14.99995599794963,0.036332624112203185,0.0
94.80000000000001,1470.3359294229683,-6.12819489895228,100.0,14.999955997783445,0.03633269272220171,0.0
94.9,1471.8659249347338,-6.12448896080707,100.0,14.999955997619239,0.03633276051504943,0.0
95.0,1473.3959204464827,-6.12078301578856,100.0,14.99995599745699,0.03633282749992892,0.0
95.10000000000001,1474.925915958215,-6.117077063978696,100.0,14.999955997296674,0.036332893685928444,0.0
95.2,1476.4559114699312,-6.113371105458501,100.0,14.99995599713827,0.03633295908204276,0.0
95.30000000000001,1477.9859069816312,-6.109665140308086,100.0,14.99995599698176,0.03633302369717398,0.0
95.4,1479.5159024933153,-6.105959168606657,100.0,14.999955996827117,0.03633308754013232,0.0
95.5,1481.0458980049837,-6.102253190432527,100.0,14.999955996674327,0.036333150619636975,0.0
95.60000000000001,1482.5758935166366,-6.098547205863125,100.0,14.999955996523362,0.03633321294431682,0.0
95.7,1484.1058890282743,-6.094841214975003,100.0,14.999955996374206,0.036333274522711345,0.0
95.80000000000001,1485.635884539897,-6.091135217843847,100.0,14.999955996226834,0.03633333536327132,0.0
95.9,1487.1658800515047,-6.087429214544487,100.0,14.999955996081232,0.03633339547435964,0.0
96.0,1488.6958755630976,-6.0837232051509025,100.0,14.999955995937375,0.036333454864252115,0.0
96.10000000000001,1490.225871074676,-6.080017189736234,100.0,14.999955995795247,0.03633351354113823,0.0
96.2,1491.7558665862398,-6.076311168372791,100.0,14.999955995654824,0.03633357151312191,0.0
96.30000000000001,1493.2858620977895,-6.072605141132062,100.0,14.99995599551609,0.03633362878822233,0.0
96.4,1494.8158576093251,-6.06889910808472,100.0,14.999955995379024,0.03633368537437462,0.0
96.5,1496.3458531208469,-6.0651930693006335,100.0,14.999955995243608,0.03633374127943069,0.0
96.60000000000001,1497.8758486323547,-6.061487024848875,100.0,14.999955995109822,0.03633379651115993,0.0
96.7,1499.4058441438492,-6.057780974797728,100.0,14.999955994977649,0.03633385107724998,0.0
96.80000000000001,1500.9358396553303,-6.054074919214696,100.0,14.99995599484707,0.03633390498530748,0.0
96.9,1502.4658351667981,-6.050368858166513,100.0,14.999955994718066,0.036333958242858816,0.0
97.0,1503.9958306782528,-6.046662791719145,100.0,14.99995599459062,0.036334010857350836,0.0
97.10000000000001,1505.5258261896945,-6.042956719937806,100.0,14.999955994464711,0.036334062836151586,0.0
97.2,1507.0558217011235,-6.039250642886961,100.0,14.999955994340327,0.03633411418655105,0.0
97.30000000000001,1508.58581721254,-6.035544560630336,100.0,14.999955994217446,0.03633416491576187,0.0
97.4,1510.115812723944,-6.031838473230925,100.0,14.999955994096053,0.03633421503092005,0.0
97.5,1511.6458082353356,-6.028132380750999,100.0,14.99995599397613,0.036334264539085656,0.0
97.60000000000001,1513.175803746715,-6.024426283252111,100.0,14.99995599385766,0.036334313447243576,0.0
97.7,1514.7057992580824,-6.020720180795106,100.0,14.999955993740627,0.036334361762304146,0.0
97.80000000000001,1516.235794769438,-6.017014073440128,100.0,14.999955993625013,0.03633440949110391,0.0
97.9,1517.7657902807819,-6.013307961246629,100.0,14.999955993510804,0.036334456640406285,0.0
98.0,1519.2957857921142,-6.009601844273372,100.0,14.999955993397979,0.03633450321690226,0.0
98.10000000000001,1520.825781303435,-6.005895722578444,100.0,14.999955993286529,0.036334549227211056,0.0
98.2,1522.3557768147446,-6.0021895962192575,100.0,14.999955993176433,0.03633459467788083,0.0
98.30000000000001,1523.885772326043,-5.998483465252564,100.0,14.999955993067678,0.03633463957538935,0.0
98.4,1525.4157678373303,-5.994777329734455,100.0,14.999955992960246,0.036334683926144626,0.0
98.5,1526.9457633486068,-5.9910711897203734,100.0,14.999955992854124,0.03633472773648561,0.0
98.60000000000001,1528.4757588598725,-5.987365045265119,100.0,14.999955992749294,0.03633477101268286,0.0
98.7,1530.0057543711275,-5.983658896422856,100.0,14.999955992645743,0.036334813760939146,0.0
98.80000000000001,1531.535749882372,-5.979952743247117,100.0,14.999955992543457,0.036334855987390155,0.0
98.9,1533.0657453936064,-5.976246585790816,100.0,14.999955992442422,0.0363348976981051,0.0
99.0,1534.5957409048303,-5.9725404241062465,100.0,14.999955992342619,0.03633493889908738,0.0
99.10000000000001,1536.1257364160442,-5.9688342582450975,100.0,14.999955992244036,0.036334979596275185,0.0
99.2,1537.655731927248,-5.965128088258454,100.0,14.99995599214666,0.03633501979554217,0.0
99.30000000000001,1539.1857274384422,-5.961421914196804,100.0,14.999955992050474,0.036335059502698046,0.0
99.4,1540.7157229496265,-5.957715736110048,100.0,14.999955991955469,0.03633509872348923,0.0
99.5,1542.245718460801,-5.954009554047502,100.0,14.999955991861627,0.03633513746359942,0.0
99.60000000000001,1543.7757139719663,-5.950303368057907,100.0,14.999955991768935,0.03633517572865022,0.0
99.7,1545.305709483122,-5.946597178189432,100.0,14.999955991677382,0.03633521352420179,0.0
99.80000000000001,1546.8357049942683,-5.942890984489684,100.0,14.99995599158695,0.03633525085575337,0.0
99.9,1548.3657005054056,-5.93918478700571,100.0,14.99995599149763,0.03633528772874396,0.0
100.0,1549.8956960165337,-5.935478585784008,100.0,14.99995599140941,0.03633532414855286,0.0
100.10000000000001,1551.425691527653,-5.931772380870527,100.0,14.999955991322272,0.03633536012050025,0.0
100.2,1552.9556870387635,-5.928066172310679,100.0,14.999955991236208,0.03633539564984784,0.0
100.30000000000001,1554.4856825498653,-5.924359960149341,100.0,14.9999559911512,0.03633543074179934,0.0
100.4,1556.0156780609584,-5.920653744430863,100.0,14.999955991067242,0.03633546540150115,0.0
100.5,1557.545673572043,-5.916947525199073,100.0,14.999955990984319,0.03633549963404284,0.0
100.60000000000001,1559.075669083119,-5.913241302497282,100.0,14.999955990902418,0.036335533444457765,0.0
100.7,1560.605664594187,-5.9095350763682895,100.0,14.999955990821526,0.0363355668377236,0.0
100.80000000000001,1562.1356601052466,-5.905828846854393,100.0,14.999955990741633,0.03633559981876293,0.0
100.9,1563.6656556162982,-5.902122613997389,100.0,14.999955990662729,0.03633563239244376,0.0
101.0,1565.1956511273418,-5.89841637783858,100.0,14.999955990584798,0.036335664563580075,0.0
101.10000000000001,1566.7256466383774,-5.89471013841878,100.0,14.99995599050783,0.0363356963369324,0.0
101.2,1568.2556421494053,-5.891003895778322,100.0,14.999955990431813,0.03633572771720832,0.0
101.30000000000001,1569.7856376604254,-5.887297649957059,100.0,14.99995599035674,0.036335758709063005,0.0
101.4,1571.315633171438,-5.883591400994374,100.0,14.999955990282595,0.03633578931709976,0.0
101.5,1572.8456286824432,-5.879885148929182,100.0,14.999955990209369,0.036335819545870555,0.0
101.60000000000001,1574.375624193441,-5.876178893799936,100.0,14.999955990137051,0.03633584939987652,0.0
101.7,1575.9056197044313,-5.872472635644633,100.0,14.99995599006563,0.03633587888356845,0.0
101.80000000000001,1577.4356152154144,-5.86876637450082,100.0,14.999955989995094,0.03633590800134737,0.0
101.9,1578.9656107263902,-5.865060110405595,100.0,14.999955989925436,0.03633593675756499,0.0
102.0,1580.495606237359,-5.861353843395616,100.0,14.999955989856643,0.03633596515652425,0.0
102.10000000000001,1582.025601748321,-5.857647573507104,100.0,14.999955989788704,0.03633599320247977,0.0
102.2,1583.5555972592758,-5.853941300775849,100.0,14.99995598972161,0.036336020899638395,0.0
102.30000000000001,1585.085592770224,-5.8502350252372155,100.0,14.99995598965535,0.03633604825215962,0.0
102.4,1586.6155882811654,-5.846528746926144,100.0,14.999955989589916,0.03633607526415618,0.0
102.5,1588.1455837921003,-5.842822465877159,100.0,14.999955989525297,0.036336101939694415,0.0
102.60000000000001,1589.6755793030286,-5.839116182124372,100.0,14.999955989461483,0.03633612828279483,0.0
102.7,1591.2055748139505,-5.8354098957014875,100.0,14.999955989398465,0.03633615429743252,0.0
102.80000000000001,1592.7355703248659,-5.831703606641806,100.0,14.999955989336234,0.036336179987537645,0.0
102.9,1594.265565835775,-5.82799731497823,100.0,14.99995598927478,0.036336205356995936,0.0
103.0,1595.795561346678,-5.824291020743268,100.0,14.999955989214088,0.036336230409649124,0.0
103.10000000000001,1597.3255568575746,-5.820584723969039,100.0,14.99995598915416,0.036336255149295386,0.0
103.2,1598.8555523684654,-5.816878424687276,100.0,14.999955989094978,0.03633627957968983,0.0
103.30000000000001,1600.38554787935,-5.8131721229293305,100.0,14.999955989036538,0.03633630370454491,0.0
103.4,1601.9155433902288,-5.8094658187261805,100.0,14.99995598897883,0.03633632752753088,0.0
103.5,1603.4455389011016,-5.8057595121084296,100.0,14.999955988921842,0.036336351052276256,0.0
103.60000000000001,1604.9755344119687,-5.802053203106313,100.0,14.999955988865567,0.03633637428236823,0.0
103.7,1606.5055299228302,-5.798346891749704,100.0,14.99995598881,0.03633639722135312,0.0
103.80000000000001,1608.035525433686,-5.7946405780681145,100.0,14.99995598875513,0.0363364198727368,0.0
103.9,1609.5655209445363,-5.790934262090701,100.0,14.999955988700945,0.03633644223998508,0.0
104.0,1611.0955164553811,-5.78722794384627,100.0,14.999955988647441,0.03633646432652418,0.0
104.10000000000001,1612.6255119662205,-5.783521623363279,100.0,14.99995598859461,0.036336486135741156,0.0
104.2,1614.1555074770545,-5.779815300669842,100.0,14.999955988542442,0.03633650767098425,0.0
104.30000000000001,1615.6855029878832,-5.776108975793735,100.0,14.99995598849093,0.036336528935563356,0.0
104.4,1617.2154984987067,-5.772402648762397,100.0,14.999955988440068,0.036336549932750414,0.0
104.5,1618.745494009525,-5.768696319602936,100.0,14.999955988389841,0.03633657066577977,0.0
104.60000000000001,1620.2754895203382,-5.764989988342132,100.0,14.999955988340249,0.036336591137848664,0.0
104.7,1621.8054850311464,-5.761283655006438,100.0,14.999955988291282,0.03633661135211754,0.0
104.80000000000001,1623.3354805419497,-5.757577319621991,100.0,14.99995598824293,0.03633663131171046,0.0
104.9,1624.865476052748,-5.7538709822146075,100.0,14.99995598819519,0.036336651019715525,0.0
105.0,1626.3954715635414,-5.750164642809794,100.0,14.999955988148049,0.03633667047918522,0.0
105.10000000000001,1627.92546707433,-5.746458301432745,100.0,14.999955988101503,0.03633668969313682,0.0
105.2,1629.455462585114,-5.74275195810835,100.0,14.999955988055545,0.03633670866455274,0.0
105.30000000000001,1630.9854580958934,-5.739045612861196,100.0,14.99995598801017,0.03633672739638096,0.0
105.4,1632.5154536066682,-5.735339265715572,100.0,14.999955987965366,0.036336745891535314,0.0
105.5,1634.0454491174385,-5.731632916695469,100.0,14.999955987921128,0.03633676415289593,0.0
105.60000000000001,1635.5754446282042,-5.727926565824588,100.0,14.99995598787745,0.036336782183309574,0.0
105.7,1637.1054401389654,-5.72422021312634,100.0,14.999955987834326,0.036336799985589974,0.0
105.80000000000001,1638.6354356497222,-5.720513858623853,100.0,14.999955987791745,0.036336817562518206,0.0
105.9,1640.1654311604748,-5.716807502339971,100.0,14.999955987749704,0.03633683491684306,0.0
106.0,1641.695426671223,-5.7131011442972595,100.0,14.999955987708198,0.03633685205128136,0.0
106.10000000000001,1643.2254221819671,-5.709394784518008,100.0,14.999955987667217,0.03633686896851832,0.0
106.2,1644.7554176927072,-5.705688423024236,100.0,14.999955987626755,0.03633688567120792,0.0
106.30000000000001,1646.285413203443,-5.701982059837692,100.0,14.999955987586805,0.036336902161973175,0.0
106.4,1647.815408714175,-5.698275694979858,100.0,14.999955987547363,0.036336918443406536,0.0
106.5,1649.3454042249027,-5.694569328471955,100.0,14.999955987508423,0.0363369345180702,0.0
106.60000000000001,1650.8753997356266,-5.690862960334942,100.0,14.99995598746998,0.03633695038849641,0.0
106.7,1652.4053952463466,-5.687156590589524,100.0,14.999955987432022,0.03633696605718782,0.0
106.80000000000001,1653.9353907570628,-5.68345021925615,100.0,14.999955987394548,0.03633698152661783,0.0
106.9,1655.465386267775,-5.679743846355018,100.0,14.99995598735755,0.036336996799230845,0.0
107.0,1656.9953817784838,-5.67603747190608,100.0,14.999955987321023,0.036337011877442676,0.0
107.10000000000001,1658.5253772891886,-5.672331095929043,100.0,14.999955987284961,0.03633702676364077,0.0
107.2,1660.0553727998897,-5.668624718443369,100.0,14.999955987249361,0.036337041460184585,0.0
107.30000000000001,1661.5853683105872,-5.664918339468284,100.0,14.99995598721421,0.03633705596940583,0.0
107.4,1663.1153638212813,-5.661211959022776,100.0,14.999955987179513,0.03633707029360888,0.0
107.5,1664.6453593319718,-5.657505577125599,100.0,14.999955987145254,0.036337084435070936,0.0
107.60000000000001,1666.1753548426589,-5.653799193795279,100.0,14.999955987111434,0.03633709839604246,0.0
107.7,1667.7053503533425,-5.6500928090501095,100.0,14.999955987078046,0.03633711217874737,0.0
107.80000000000001,1669.2353458640227,-5.646386422908161,100.0,14.999955987045084,0.036337125785383395,0.0
107.9,1670.7653413746996,-5.642680035387281,100.0,14.999955987012545,0.0363371392181223,0.0
108.0,1672.2953368853732,-5.638973646505097,100.0,14.999955986980419,0.036337152479110256,0.0
108.10000000000001,1673.8253323960437,-5.635267256279017,100.0,14.999955986948706,0.036337165570468066,0.0
108.2,1675.3553279067107,-5.631560864726238,100.0,14.999955986917398,0.03633717849429147,0.0
108.30000000000001,1676.8853234173748,-5.627854471863739,100.0,14.99995598688649,0.03633719125265139,0.0
108.4,1678.4153189280357,-5.624148077708295,100.0,14.99995598685598,0.03633720384759427,0.0
108.5,1679.9453144386935,-5.620441682276468,100.0,14.999955986825858,0.03633721628114228,0.0
108.60000000000001,1681.4753099493482,-5.616735285584618,100.0,14.999955986796126,0.03633722855529364,0.0
108.7,1683.0053054599998,-5.613028887648903,100.0,14.999955986766773,0.03633724067202282,0.0
108.80000000000001,1684.5353009706484,-5.609322488485279,100.0,14.999955986737797,0.03633725263328089,0.0
108.9,1686.0652964812941,-5.605616088109504,100.0,14.999955986709193,0.03633726444099574,0.0
109.0,1687.595291991937,-5.601909686537143,100.0,14.999955986680956,0.036337276097072324,0.0
109.10000000000001,1689.125287502577,-5.5982032837835645,100.0,14.999955986653083,0.03633728760339295,0.0
109.2,1690.6552830132143,-5.594496879863949,100.0,14.999955986625567,0.03633729896181749,0.0
109.30000000000001,1692.1852785238486,-5.5907904747932875,100.0,14.999955986598405,0.036337310174183714,0.0
109.4,1693.7152740344802,-5.5870840685863845,100.0,14.999955986571592,0.03633732124230742,0.0
109.5,1695.245269545109,-5.58337766125786,100.0,14.999955986545125,0.03633733216798279,0.0
109.60000000000001,1696.7752650557354,-5.579671252822152,100.0,14.999955986518998,0.03633734295298255,0.0
109.7,1698.305260566359,-5.57596484329352,100.0,14.999955986493207,0.03633735359905828,0.0
109.80000000000001,1699.83525607698,-5.572258432686046,100.0,14.99995598646775,0.036337364107940626,0.0
109.9,1701.3652515875983,-5.568552021013635,100.0,14.99995598644262,0.03633737448133951,0.0
110.0,1702.8952470982142,-5.564845608290018,100.0,14.999955986417817,0.03633738472094442,0.0
110.10000000000001,1704.4252426088276,-5.561139194528758,100.0,14.99995598639333,0.03633739482842457,0.0
110.2,1705.9552381194385,-5.557432779743247,100.0,14.99995598636916,0.03633740480542919,0.0
110.30000000000001,1707.4852336300469,-5.5537263639467085,100.0,14.999955986345302,0.036337414653587745,0.0
110.4,1709.015229140653,-5.550019947152203,100.0,14.999955986321755,0.03633742437451011,0.0
110.5,1710.5452246512566,-5.546313529372625,100.0,14.99995598629851,0.03633743396978686,0.0
110.60000000000001,1712.075220161858,-5.542607110620712,100.0,14.999955986275566,0.03633744344098943,0.0
110.7,1713.6052156724568,-5.5389006909090375,100.0,14.99995598625292,0.0363374527896704,0.0
110.80000000000001,1715.1352111830533,-5.53519427025002,100.0,14.999955986230564,0.03633746201736361,0.0
110.9,1716.6652066936476,-5.531487848655924,100.0,14.9999559862085,0.03633747112558449,0.0
111.0,1718.1952022042399,-5.527781426138857,100.0,14.99995598618672,0.03633748011583019,0.0
111.10000000000001,1719.7251977148298,-5.524075002710777,100.0,14.999955986165226,0.03633748898957982,0.0
111.2,1721.2551932254175,-5.520368578383492,100.0,14.999955986144005,0.036337497748294645,0.0
111.30000000000001,1722.7851887360032,-5.51666215316866,100.0,14.999955986123064,0.036337506393418297,0.0
111.4,1724.3151842465868,-5.512955727077795,100.0,14.99995598610239,0.03633751492637696,0.0
111.5,1725.8451797571681,-5.509249300122264,100.0,14.99995598608199,0.03633752334857963,0.0
111.60000000000001,1727.3751752677474,-5.505542872313295,100.0,14.99995598606185,0.03633753166141818,0.0
111.7,1728.9051707783246,-5.501836443661969,100.0,14.999955986041975,0.03633753986626773,0.0
111.80000000000001,1730.4351662888998,-5.4981300141792335,100.0,14.999955986022357,0.03633754796448669,0.0
111.9,1731.9651617994732,-5.4944235838758955,100.0,14.999955986002995,0.03633755595741705,0.0
112.0,1733.4951573100445,-5.490717152762626,100.0,14.999955985983883,0.03633756384638452,0.0
112.10000000000001,1735.0251528206138,-5.487010720849961,100.0,14.999955985965022,0.03633757163269875,0.0
112.2,1736.5551483311813,-5.483304288148305,100.0,14.999955985946404,0.036337579317653454,0.0
112.30000000000001,1738.085143841747,-5.479597854667931,100.0,14.99995598592803,0.03633758690252669,0.0
112.4,1739.6151393523107,-5.475891420418983,100.0,14.999955985909894,0.03633759438858094,0.0
112.5,1741.1451348628725,-5.4721849854114755,100.0,14.999955985891996,0.036337601777063376,0.0
112.60000000000001,1742.6751303734327,-5.4684785496552974,100.0,14.999955985874331,0.03633760906920597,0.0
112.7,1744.205125883991,-5.464772113160214,100.0,14.999955985856895,0.036337616266225704,0.0
112.80000000000001,1745.7351213945476,-5.461065675935864,100.0,14.999955985839687,0.03633762336932476,0.0
112.9,1747.2651169051023,-5.457359237991768,100.0,14.999955985822705,0.03633763037969066,0.0
113.0,1748.7951124156555,-5.453652799337323,100.0,14.999955985805943,0.036337637298496414,0.0
113.10000000000001,1750.3251079262068,-5.44994635998181,100.0,14.999955985789402,0.03633764412690076,0.0
113.2,1751.8551034367565,-5.446239919934391,100.0,14.999955985773077,0.036337650866048295,0.0
113.30000000000001,1753.3850989473046,-5.442533479204111,100.0,14.999955985756964,0.036337657517069605,0.0
113.4,1754.915094457851,-5.438827037799902,100.0,14.999955985741064,0.036337664081081494,0.0
113.5,1756.4450899683957,-5.435120595730582,100.0,14.99995598572537,0.03633767055918708,0.0
113.60000000000001,1757.9750854789388,-5.431414153004857,100.0,14.999955985709882,0.036337676952476,0.0
113.7,1759.5050809894803,-5.427707709631323,100.0,14.999955985694596,0.036337683262024544,0.0
113.80000000000001,1761.0350765000205,-5.424001265618468,100.0,14.999955985679513,0.03633768948889583,0.0
113.9,1762.565072010559,-5.42029482097467,100.0,14.999955985664625,0.03633769563413996,0.0
114.0,1764.095067521096,-5.416588375708201,100.0,14.999955985649933,0.03633770169879412,0.0
114.10000000000001,1765.6250630316317,-5.41288192982723,100.0,14.999955985635433,0.0363377076838828,0.0
114.2,1767.1550585421658,-5.409175483339819,100.0,14.999955985621126,0.03633771359041792,0.0
114.30000000000001,1768.6850540526984,-5.405469036253931,100.0,14.999955985607004,0.03633771941939892,0.0
114.4,1770.2150495632297,-5.401762588577424,100.0,14.999955985593068,0.03633772517181304,0.0
114.5,1771.7450450737595,-5.398056140318058,100.0,14.999955985579318,0.03633773084863531,0.0
114.60000000000001,1773.2750405842878,-5.3943496914834945,100.0,14.999955985565746,0.03633773645082881,0.0
114.7,1774.8050360948148,-5.390643242081296,100.0,14.999955985552353,0.036337741979344744,0.0
114.80000000000001,1776.3350316053404,-5.386936792118931,100.0,14.999955985539136,0.0363377474351226,0.0
114.9,1777.8650271158647,-5.383230341603769,100.0,14.999955985526093,0.03633775281909032,0.0
115.0,1779.3950226263876,-5.379523890543088,100.0,14.999955985513221,0.036337758132164354,0.0
115.10000000000001,1780.9250181369093,-5.375817438944073,100.0,14.99995598550052,0.036337763375249896,0.0
115.2,1782.4550136474297,-5.372110986813817,100.0,14.999955985487988,0.03633776854924095,0.0
115.30000000000001,1783.9850091579488,-5.368404534159321,100.0,14.999955985475617,0.03633777365502047,0.0
115.4,1785.5150046684666,-5.364698080987499,100.0,14.999955985463412,0.036337778693460526,0.0
115.5,1787.0450001789834,-5.360991627305175,100.0,14.999955985451367,0.03633778366542239,0.0
115.60000000000001,1788.5749956894988,-5.357285173119085,100.0,14.999955985439483,0.0363377885717567,0.0
115.7,1790.104991200013,-5.353578718435881,100.0,14.999955985427754,0.036337793413303524,0.0
115.80000000000001,1791.6349867105262,-5.349872263262129,100.0,14.999955985416179,0.03633779819089257,0.0
115.9,1793.164982221038,-5.34616580760431,100.0,14.999955985404759,0.03633780290534329,0.0
116.0,1794.6949777315485,-5.342459351468821,100.0,14.999955985393488,0.03633780755746493,0.0
116.10000000000001,1796.224973242058,-5.3387528948619805,100.0,14.999955985382368,0.036337812148056724,0.0
116.2,1797.7549687525664,-5.335046437790023,100.0,14.999955985371393,0.03633781667790799,0.0
116.30000000000001,1799.2849642630738,-5.331339980259104,100.0,14.999955985360565,0.03633782114779825,0.0
116.4,1800.81495977358,-5.3276335222753,100.0,14.99995598534988,0.03633782555849736,0.0
116.5,1802.3449552840852,-5.32392706384461,100.0,14.999955985339337,0.036337829910765576,0.0
116.60000000000001,1803.8749507945893,-5.320220604972954,100.0,14.999955985328933,0.03633783420535375,0.0
116.7,1805.4049463050924,-5.316514145666179,100.0,14.999955985318667,0.036337838443003354,0.0
116.80000000000001,1806.9349418155944,-5.3128076859300535,100.0,14.999955985308537,0.03633784262444668,0.0
116.9,1808.4649373260954,-5.309101225770274,100.0,14.999955985298541,0.036337846750406855,0.0
117.0,1809.9949328365954,-5.305394765192463,100.0,14.99995598528868,0.036337850821598024,0.0
117.10000000000001,1811.5249283470944,-5.3016883042021705,100.0,14.999955985278948,0.03633785483872543,0.0
117.2,1813.0549238575923,-5.297981842804876,100.0,14.999955985269347,0.03633785880248554,0.0
117.30000000000001,1814.5849193680892,-5.294275381005986,100.0,14.99995598525987,0.0363378627135661,0.0
117.4,1816.1149148785853,-5.290568918810839,100.0,14.999955985250523,0.03633786657264631,0.0
117.5,1817.6449103890805,-5.286862456224706,100.0,14.999955985241296,0.036337870380396854,0.0
117.60000000000001,1819.1749058995747,-5.283155993252788,100.0,14.999955985232196,0.036337874137480075,0.0
117.7,1820.704901410068,-5.279449529900219,100.0,14.999955985223217,0.03633787784455001,0.0
117.80000000000001,1822.2348969205602,-5.275743066172068,100.0,14.999955985214354,0.036337881502252534,0.0
117.9,1823.7648924310517,-5.272036602073337,100.0,14.999955985205611,0.03633788511122543,0.0
118.0,1825.2948879415424,-5.268330137608964,100.0,14.999955985196985,0.03633788867209852,0.0
118.10000000000001,1826.824883452032,-5.264623672783823,100.0,14.999955985188475,0.03633789218549372,0.0
118.2,1828.3548789625208,-5.260917207602725,100.0,14.999955985180076,0.036337895652025165,0.0
118.30000000000001,1829.8848744730087,-5.25721074207042,100.0,14.999955985171791,0.03633789907229929,0.0
118.4,1831.414869983496,-5.253504276191594,100.0,14.999955985163616,0.03633790244691493,0.0
118.5,1832.9448654939822,-5.249797809970875,100.0,14.999955985155548,0.0363379057764634,0.0
118.60000000000001,1834.4748610044676,-5.24609134341283,100.0,14.999955985147592,0.0363379090615286,0.0
118.7,1836.0048565149523,-5.242384876521966,100.0,14.999955985139739,0.036337912302687105,0.0
118.80000000000001,1837.534852025436,-5.238678409302731,100.0,14.999955985131992,0.03633791550050825,0.0
118.9,1839.0648475359192,-5.234971941759519,100.0,14.99995598512435,0.0363379186555542,0.0
119.0,1840.5948430464014,-5.231265473896663,100.0,14.99995598511681,0.03633792176838006,0.0
119.10000000000001,1842.1248385568829,-5.227559005718441,100.0,14.999955985109368,0.03633792483953395,0.0
119.2,1843.6548340673637,-5.223852537229076,100.0,14.999955985102028,0.03633792786955709,0.0
119.30000000000001,1845.1848295778436,-5.2201460684327365,100.0,14.999955985094786,0.036337930858983895,0.0
119.4,1846.7148250883229,-5.216439599333536,100.0,14.999955985087642,0.03633793380834203,0.0
119.5,1848.2448205988014,-5.2127331299355335,100.0,14.999955985080591,0.036337936718152525,0.0
119.60000000000001,1849.7748161092793,-5.2090266602427375,100.0,14.999955985073639,0.03633793958892984,0.0
119.7,1851.3048116197565,-5.205320190259103,100.0,14.999955985066777,0.03633794242118195,0.0
119.80000000000001,1852.834807130233,-5.201613719988534,100.0,14.999955985060009,0.0363379452154104,0.0
119.9,1854.3648026407088,-5.197907249434883,100.0,14.999955985053328,0.03633794797211042,0.0
120.0,1855.894798151184,-5.194200778601954,100.0,14.999955985046741,0.036337950691771,0.0
120.10000000000001,1857.4247936616584,-5.190494307493498,100.0,14.999955985040241,0.036337953374874936,0.0
120.2,1858.9547891721322,-5.186787836113221,100.0,14.999955985033827,0.036337956021898904,0.0
120.30000000000001,1860.4847846826053,-5.183081364464779,100.0,14.999955985027503,0.036337958633313586,0.0
120.4,1862.0147801930777,-5.179374892551779,100.0,14.99995598502126,0.036337961209583665,0.0
120.5,1863.5447757035497,-5.175668420377783,100.0,14.999955985015104,0.036337963751168,0.0
120.60000000000001,1865.074771214021,-5.171961947946305,100.0,14.999955985009029,0.03633796625851958,0.0
120.7,1866.6047667244916,-5.168255475260814,100.0,14.999955985003037,0.036337968732085696,0.0
120.80000000000001,1868.1347622349615,-5.164549002324734,100.0,14.999955984997126,0.036337971172307956,0.0
120.9,1869.664757745431,-5.160842529141443,100.0,14.999955984991294,0.03633797357962235,0.0
121.0,1871.1947532558997,-5.157136055714276,100.0,14.999955984985542,0.036337975954459374,0.0
121.10000000000001,1872.724748766368,-5.153429582046524,100.0,14.999955984979865,0.036337978297244035,0.0
121.2,1874.2547442768357,-5.149723108141433,100.0,14.999955984974266,0.036337980608395964,0.0
121.30000000000001,1875.784739787303,-5.146016634002211,100.0,14.999955984968743,0.036337982888329436,0.0
121.4,1877.3147352977694,-5.142310159632019,100.0,14.999955984963295,0.03633798513745348,0.0
121.5,1878.8447308082355,-5.13860368503398,100.0,14.99995598495792,0.03633798735617193,0.0
121.60000000000001,1880.3747263187008,-5.134897210211173,100.0,14.999955984952617,0.03633798954488347,0.0
121.7,1881.9047218291657,-5.1311907351666415,100.0,14.999955984947388,0.03633799170398171,0.0
121.80000000000001,1883.4347173396302,-5.127484259903384,100.0,14.999955984942227,0.03633799383385527,0.0
121.9,1884.964712850094,-5.123777784424362,100.0,14.999955984937138,0.036337995934887804,0.0
122.0,1886.4947083605573,-5.1200713087324985,100.0,14.999955984932118,0.03633799800745808,0.0
122.10000000000001,1888.0247038710202,-5.116364832830676,100.0,14.999955984927164,0.036338000051940045,0.0
122.2,1889.5546993814826,-5.112658356721742,100.0,14.999955984922279,0.03633800206870289,0.0
122.30000000000001,1891.0846948919443,-5.108951880408504,100.0,14.99995598491746,0.036338004058111065,0.0
122.4,1892.6146904024056,-5.105245403893734,100.0,14.999955984912704,0.03633800602052438,0.0
122.5,1894.1446859128664,-5.101538927180167,100.0,14.999955984908015,0.03633800795629807,0.0
122.60000000000001,1895.6746814233268,-5.097832450270503,100.0,14.999955984903389,0.03633800986578281,0.0
122.7,1897.2046769337867,-5.094125973167405,100.0,14.999955984898826,0.03633801174932482,0.0
122.80000000000001,1898.7346724442461,-5.090419495873503,100.0,14.999955984894326,0.036338013607265886,0.0
122.9,1900.2646679547051,-5.086713018391389,100.0,14.999955984889887,0.03633801543994341,0.0
123.0,1901.7946634651637,-5.083006540723624,100.0,14.999955984885506,0.036338017247690486,0.0
123.10000000000001,1903.3246589756218,-5.079300062872734,100.0,14.999955984881185,0.03633801903083596,0.0
123.2,1904.8546544860794,-5.07559358484121,100.0,14.999955984876925,0.03633802078970446,0.0
123.30000000000001,1906.3846499965366,-5.071887106631513,100.0,14.999955984872724,0.03633802252461643,0.0
123.4,1907.9146455069933,-5.06818062824607,100.0,14.999955984868576,0.036338024235888236,0.0
123.5,1909.4446410174496,-5.064474149687277,100.0,14.999955984864487,0.03633802592383219,0.0
123.60000000000001,1910.9746365279057,-5.060767670957498,100.0,14.999955984860454,0.036338027588756594,0.0
123.7,1912.5046320383613,-5.057061192059063,100.0,14.999955984856477,0.036338029230965796,0.0
123.80000000000001,1914.0346275488164,-5.053354712994275,100.0,14.999955984852551,0.03633803085076022,0.0
123.9,1915.564623059271,-5.049648233765406,100.0,14.99995598484868,0.036338032448436454,0.0
124.0,1917.0946185697255,-5.045941754374695,100.0,14.999955984844863,0.036338034024287286,0.0
124.10000000000001,1918.6246140801795,-5.042235274824355,100.0,14.9999559848411,0.03633803557860172,0.0
124.2,1920.154609590633,-5.038528795116567,100.0,14.999955984837385,0.036338037111665035,0.0
124.30000000000001,1921.6846051010864,-5.034822315253484,100.0,14.999955984833722,0.03633803862375887,0.0
124.4,1923.2146006115393,-5.031115835237231,100.0,14.999955984830109,0.03633804011516122,0.0
124.5,1924.7445961219917,-5.0274093550699055,100.0,14.999955984826546,0.03633804158614654,0.0
124.60000000000001,1926.2745916324438,-5.023702874753575,100.0,14.99995598482303,0.03633804303698571,0.0
124.7,1927.8045871428956,-5.019996394290279,100.0,14.999955984819563,0.03633804446794612,0.0
124.80000000000001,1929.334582653347,-5.016289913682035,100.0,14.999955984816145,0.03633804587929174,0.0
124.9,1930.8645781637981,-5.012583432930828,100.0,14.999955984812773,0.03633804727128315,0.0
125.0,1932.394573674249,-5.00887695203862,100.0,14.999955984809446,0.03633804864417751,0.0
125.10000000000001,1933.9245691846993,-5.005170471007345,100.0,14.999955984806167,0.03633804999822872,0.0
125.2,1935.4545646951494,-5.001463989838912,100.0,14.999955984802932,0.03633805133368737,0.0
125.30000000000001,1936.984560205599,-4.997757508535206,100.0,14.99995598479974,0.03633805265080084,0.0
125.4,1938.5145557160486,-4.9940510270980845,100.0,14.999955984796593,0.0363380539498133,0.0
125.5,1940.0445512264976,-4.990344545529382,100.0,14.99995598479349,0.03633805523096577,0.0
125.60000000000001,1941.5745467369463,-4.986638063830908,100.0,14.999955984790429,0.03633805649449617,0.0
125.7,1943.1045422473949,-4.982931582004447,100.0,14.99995598478741,0.0363380577406393,0.0
125.80000000000001,1944.634537757843,-4.979225100051761,100.0,14.999955984784433,0.036338058969626975,0.0
125.9,1946.1645332682908,-4.975518617974589,100.0,14.999955984781497,0.03633806018168797,0.0
126.0,1947.6945287787385,-4.971812135774645,100.0,14.9999559847786,0.036338061377048106,0.0
126.10000000000001,1949.2245242891856,-4.9681056534536205,100.0,14.999955984775745,0.03633806255593031,0.0
126.2,1950.7545197996326,-4.964399171013186,100.0,14.999955984772928,0.03633806371855458,0.0
126.30000000000001,1952.2845153100793,-4.960692688454988,100.0,14.999955984770152,0.03633806486513808,0.0
126.4,1953.8145108205258,-4.956986205780653,100.0,14.99995598476741,0.03633806599589517,0.0
126.5,1955.3445063309719,-4.953279722991782,100.0,14.999955984764709,0.03633806711103741,0.0
126.60000000000001,1956.8745018414177,-4.9495732400899595,100.0,14.999955984762044,0.036338068210773636,0.0
126.7,1958.4044973518633,-4.945866757076745,100.0,14.999955984759417,0.03633806929530995,0.0
126.80000000000001,1959.9344928623086,-4.942160273953678,100.0,14.999955984756829,0.03633807036484981,0.0
126.9,1961.4644883727537,-4.938453790722279,100.0,14.999955984754273,0.036338071419594,0.0
127.0,1962.9944838831987,-4.934747307384046,100.0,14.999955984751752,0.0363380724597407,0.0
127.10000000000001,1964.524479393643,-4.931040823940458,100.0,14.999955984749267,0.03633807348548554,0.0
127.2,1966.0544749040873,-4.927334340392975,100.0,14.999955984746817,0.036338074497021575,0.0
127.30000000000001,1967.5844704145313,-4.923627856743035,100.0,14.999955984744402,0.036338075494539344,0.0
127.4,1969.114465924975,-4.91992137299206,100.0,14.999955984742018,0.03633807647822693,0.0
127.5,1970.6444614354186,-4.916214889141449,100.0,14.999955984739668,0.03633807744826995,0.0
127.60000000000001,1972.174456945862,-4.912508405192586,100.0,14.99995598473735,0.036338078404851634,0.0
127.7,1973.704452456305,-4.908801921146834,100.0,14.999955984735067,0.03633807934815278,0.0
127.80000000000001,1975.234447966748,-4.905095437005539,100.0,14.999955984732813,0.03633808027835184,0.0
127.9,1976.7644434771905,-4.901388952770027,100.0,14.99995598473059,0.036338081195624976,0.0
128.0,1978.294438987633,-4.89768246844161,100.0,14.999955984728398,0.036338082100146,0.0
128.1,1979.824434498075,-4.893975984021577,100.0,14.999955984726238,0.03633808299208652,0.0
128.20000000000002,1981.354430008517,-4.890269499511205,100.0,14.999955984724108,0.03633808387161584,0.0
128.3,1982.8844255189588,-4.88656301491175,100.0,14.999955984722005,0.03633808473890108,0.0
128.4,1984.4144210294003,-4.882856530224452,100.0,14.999955984719936,0.03633808559410719,0.0
128.5,1985.9444165398415,-4.879150045450536,100.0,14.999955984717893,0.03633808643739694,0.0
128.6,1987.4744120502826,-4.875443560591209,100.0,14.999955984715877,0.036338087268930966,0.0
128.70000000000002,1989.0044075607234,-4.871737075647661,100.0,14.99995598471389,0.03633808808886785,0.0
128.8,1990.5344030711642,-4.868030590621068,100.0,14.999955984711931,0.03633808889736404,0.0
128.9,1992.0643985816048,-4.864324105512588,100.0,14.99995598471,0.03633808969457399,0.0
129.0,1993.5943940920451,-4.860617620323365,100.0,14.999955984708096,0.036338090480650106,0.0
129.1,1995.1243896024853,-4.856911135054526,100.0,14.999955984706217,0.03633809125574278,0.0
129.20000000000002,1996.6543851129252,-4.853204649707185,100.0,14.999955984704368,0.03633809202000045,0.0
129.3,1998.1843806233649,-4.849498164282438,100.0,14.999955984702542,0.03633809277356961,0.0
129.4,1999.7143761338045,-4.845791678781369,100.0,14.999955984700742,0.036338093516594824,0.0
129.5,2001.244371644244,-4.842085193205047,100.0,14.999955984698968,0.03633809424921878,0.0
129.6,2002.7743671546832,-4.838378707554523,100.0,14.999955984697216,0.03633809497158227,0.0
129.70000000000002,2004.3043626651222,-4.834672221830839,100.0,14.999955984695491,0.03633809568382425,0.0
129.8,2005.834358175561,-4.8309657360350196,100.0,14.99995598469379,0.036338096386081854,0.0
129.9,2007.3643536859997,-4.827259250168075,100.0,14.999955984692113,0.0363380970784904,0.0
130.0,2008.8943491964383,-4.823552764231005,100.0,14.999955984690459,0.036338097761183435,0.0
130.1,2010.4243447068766,-4.819846278224793,100.0,14.999955984688828,0.036338098434292754,0.0
130.20000000000002,2011.9543402173147,-4.816139792150409,100.0,14.99995598468722,0.03633809909794842,0.0
130.3,2013.4843357277528,-4.812433306008812,100.0,14.999955984685634,0.036338099752278766,0.0
130.4,2015.0143312381906,-4.808726819800945,100.0,14.999955984684073,0.03633810039741048,0.0
130.5,2016.5443267486282,-4.805020333527741,100.0,14.999955984682533,0.03633810103346853,0.0
130.6,2018.0743222590659,-4.801313847190119,100.0,14.999955984681012,0.03633810166057626,0.0
130.70000000000002,2019.6043177695033,-4.797607360788986,100.0,14.999955984679515,0.036338102278855394,0.0
130.8,2021.1343132799404,-4.793900874325236,100.0,14.999955984678039,0.03633810288842604,0.0
130.9,2022.6643087903776,-4.790194387799751,100.0,14.999955984676582,0.03633810348940673,0.0
131.0,2024.1943043008146,-4.786487901213402,100.0,14.999955984675147,0.03633810408191443,0.0
131.1,2025.7242998112513,-4.782781414567046,100.0,14.999955984673731,0.03633810466606456,0.0
131.20000000000002,2027.254295321688,-4.779074927861531,100.0,14.999955984672335,0.03633810524197102,0.0
131.3,2028.7842908321245,-4.775368441097691,100.0,14.99995598467096,0.03633810580974621,0.0
131.4,2030.3142863425608,-4.77166195427635,100.0,14.999955984669604,0.03633810636950102,0.0
131.5,2031.844281852997,-4.767955467398321,100.0,14.999955984668269,0.036338106921344905,0.0
131.6,2033.374277363433,-4.764248980464404,100.0,14.99995598466695,0.03633810746538585,0.0
131.70000000000002,2034.904272873869,-4.76054249347539,100.0,14.99995598466565,0.03633810800173043,0.0
131.8,2036.434268384305,-4.75683600643206,100.0,14.99995598466437,0.03633810853048379,0.0
131.9,2037.9642638947407,-4.7531295193351815,100.0,14.999955984663107,0.0363381090517497,0.0
132.0,2039.4942594051763,-4.749423032185513,100.0,14.999955984661861,0.03633810956563056,0.0
132.1,2041.0242549156117,-4.745716544983803,100.0,14.999955984660634,0.03633811007222738,0.0
132.20000000000002,2042.554250426047,-4.742010057730789,100.0,14.999955984659424,0.03633811057163985,0.0
132.3,2044.0842459364821,-4.738303570427199,100.0,14.999955984658232,0.03633811106396636,0.0
132.4,2045.6142414469173,-4.7345970830737505,100.0,14.999955984657056,0.03633811154930396,0.0
132.5,2047.1442369573522,-4.730890595671152,100.0,14.999955984655898,0.03633811202774844,0.0
132.6,2048.674232467787,-4.727184108220102,100.0,14.999955984654754,0.036338112499394296,0.0
132.70000000000002,2050.2042279782218,-4.723477620721288,100.0,14.99995598465363,0.0363381129643348,0.0
132.8,2051.7342234886564,-4.7197711331753895,100.0,14.99995598465252,0.03633811342266195,0.0
132.9,2053.264218999091,-4.716064645583077,100.0,14.999955984651423,0.036338113874466546,0.0
133.0,2054.7942145095253,-4.712358157945012,100.0,14.999955984650345,0.03633811431983817,0.0
133.1,2056.3242100199595,-4.708651670261844,100.0,14.999955984649281,0.03633811475886522,0.0
133.20000000000002,2057.8542055303938,-4.7049451825342175,100.0,14.999955984648231,0.036338115191634886,0.0
133.3,2059.384201040828,-4.701238694762765,100.0,14.9999559846472,0.03633811561823327,0.0
133.4,2060.9141965512617,-4.697532206948112,100.0,14.99995598464618,0.03633811603874524,0.0
133.5,2062.4441920616955,-4.693825719090875,100.0,14.999955984645176,0.03633811645325459,0.0
133.6,2063.9741875721293,-4.690119231191663,100.0,14.999955984644187,0.036338116861843975,0.0
133.70000000000002,2065.504183082563,-4.686412743251075,100.0,14.99995598464321,0.03633811726459497,0.0
133.8,2067.034178592997,-4.682706255269702,100.0,14.999955984642249,0.036338117661588044,0.0
133.9,2068.56417410343,-4.678999767248127,100.0,14.9999559846413,0.03633811805290261,0.0
134.0,2070.0941696138634,-4.675293279186926,100.0,14.999955984640366,0.03633811843861698,0.0
134.1,2071.6241651242967,-4.671586791086666,100.0,14.999955984639445,0.03633811881880845,0.0
134.20000000000002,2073.15416063473,-4.667880302947906,100.0,14.999955984638538,0.03633811919355329,0.0
134.3,2074.6841561451633,-4.664173814771198,100.0,14.999955984637644,0.03633811956292675,0.0
134.4,2076.214151655596,-4.660467326557086,100.0,14.999955984636761,0.03633811992700307,0.0
134.5,2077.744147166029,-4.6567608383061065,100.0,14.999955984635891,0.036338120285855466,0.0
134.6,2079.274142676462,-4.653054350018789,100.0,14.999955984635035,0.03633812063955622,0.0
134.70000000000002,2080.8041381868948,-4.649347861695655,100.0,14.99995598463419,0.036338120988176625,0.0
134.8,2082.3341336973276,-4.645641373337218,100.0,14.999955984633358,0.03633812133178703,0.0
134.9,2083.86412920776,-4.641934884943987,100.0,14.999955984632539,0.03633812167045681,0.0
135.0,2085.3941247181924,-4.638228396516463,100.0,14.999955984631729,0.036338122004254444,0.0
135.1,2086.924120228625,-4.634521908055138,100.0,14.999955984630933,0.03633812233324749,0.0
135.20000000000002,2088.4541157390563,-4.630815419254517,100.0,14.99995598461594,0.03633812852123957,0.0
135.3,2089.9841112494864,-4.627108929843051,100.0,14.9999559846019,0.03633813431709519,0.0
135.4,2091.514106759915,-4.623402439860077,100.0,14.999955984588778,0.0363381397336495,0.0
135.5,2093.0441022703426,-4.619695949343625,100.0,14.999955984576545,0.036338144783631066,0.0
135.6,2094.5740977807686,-4.615989458330437,100.0,14.999955984565169,0.03633814947964929,0.0
135.70000000000002,2096.1040932911937,-4.612282966855971,100.0,14.999955984554619,0.03633815383418259,0.0
135.8,2097.634088801618,-4.608576474954422,100.0,14.999955984544869,0.036338157859567295,0.0
135.9,2099.1640843120413,-4.604869982658734,100.0,14.999955984535884,0.03633816156798723,0.0
136.0,2100.6940798224637,-4.601163490000616,100.0,14.99995598452764,0.036338164971464075,0.0
136.1,2102.224075332885,-4.59745699701056,100.0,14.999955984520103,0.036338168081848275,0.0
136.20000000000002,2103.7540708433057,-4.593750503717858,100.0,14.99995598451325,0.036338170910810756,0.0
136.3,2105.284066353726,-4.5900440101506215,100.0,14.99995598450705,0.03633817346983513,0.0
136.4,2106.814061864145,-4.586337516335801,100.0,14.99995598450148,0.03633817577021071,0.0
136.5,2108.344057374564,-4.582631022299206,100.0,14.999955984496506,0.036338177823025876,0.0
136.6,2109.874052884982,-4.578924528065524,100.0,14.999955984492106,0.036338179639162305,0.0
136.70000000000002,2111.4040483954,-4.575218033658345,100.0,14.999955984488254,0.036338181229289515,0.0
136.8,2112.934043905818,-4.571511539100181,100.0,14.999955984484924,0.03633818260386011,0.0
136.9,2114.464039416235,-4.567805044412488,100.0,14.99995598448209,0.03633818377310553,0.0
137.0,2115.994034926652,-4.564098549615693,100.0,14.99995598447973,0.03633818474703224,0.0
137.1,2117.524030437069,-4.5603920547292125,100.0,14.99995598447782,0.0363381855354185,0.0
137.20000000000002,2119.0540259474856,-4.556685559771477,100.0,14.999955984476339,0.036338186147811605,0.0
137.3,2120.584021457902,-4.552979064759955,100.0,14.999955984475257,0.03633818659352546,0.0
137.4,2122.1140169683185,-4.549272569711179,100.0,14.99995598447456,0.036338186881638784,0.0
137.5,2123.644012478735,-4.545566074640766,100.0,14.999955984474221,0.03633818702099352,0.0
137.6,2125.1740079891515,-4.541859579563443,100.0,14.999955984474223,0.036338187020193875,0.0
137.70000000000002,2126.704003499568,-4.538153084493073,100.0,14.999955984474544,0.03633818688760556,0.0
137.8,2128.2339990099845,-4.534446589442678,100.0,14.999955984475166,0.03633818663135546,0.0
137.9,2129.763994520401,-4.530740094424461,100.0,14.999955984476069,0.036338186259331696,0.0
138.0,2131.2939900308174,-4.527033599449836,100.0,14.999955984477232,0.03633818577918399,0.0
138.1,2132.8239855412344,-4.5233271045294465,100.0,14.999955984478637,0.036338185198324345,0.0
138.20000000000002,2134.3539810516513,-4.5196206096731935,100.0,14.999955984480271,0.03633818452392805,0.0
138.3,2135.8839765620683,-4.515914114890258,100.0,14.999955984482115,0.036338183762934934,0.0
138.4,2137.4139720724856,-4.512207620189124,100.0,14.999955984484153,0.036338182922050925,0.0
138.5,2138.943967582903,-4.508501125577606,100.0,14.999955984486366,0.03633818200774986,0.0
138.6,2140.473963093321,-4.504794631062868,100.0,14.999955984488745,0.03633818102627556,0.0
138.70000000000002,2142.0039586037387,-4.50108813665145,100.0,14.99995598449127,0.03633817998364408,0.0
138.8,2143.533954114157,-4.497381642349289,100.0,14.999955984493932,0.036338178885646236,0.0
138.9,2145.0639496245753,-4.493675148161743,100.0,14.999955984496712,0.03633817773785028,0.0
139.0,2146.593945134994,-4.489968654093614,100.0,14.9999559844996,0.03633817654560479,0.0
139.1,2148.1239406454133,-4.4862621601491695,100.0,14.999955984502582,0.03633817531404175,0.0
139.20000000000002,2149.6539361558325,-4.482555666332164,100.0,14.99995598450565,0.03633817404807977,0.0
139.3,2151.183931666252,-4.4788491726458615,100.0,14.999955984508789,0.03633817275242746,0.0
139.4,2152.7139271766723,-4.475142679093056,100.0,14.999955984511988,0.036338171431586956,0.0
139.5,2154.243922687093,-4.471436185676095,100.0,14.999955984515239,0.036338170089857534,0.0
139.6,2155.7739181975135,-4.467729692396894,100.0,14.99995598451853,0.03633816873133944,0.0
139.70000000000002,2157.3039137079345,-4.464023199256963,100.0,14.999955984521852,0.036338167359937654,0.0
139.8,2158.833909218356,-4.460316706257424,100.0,14.999955984525197,0.03633816597936594,0.0
139.9,2160.363904728778,-4.456610213399027,100.0,14.999955984528555,0.03633816459315086,0.0
140.0,2161.8939002392,-4.452903720682174,100.0,14.999955984531919,0.0363381632046359,0.0
140.1,2163.4238957496223,-4.449197228106936,100.0,14.99995598453528,0.03633816181698561,0.0
140.20000000000002,2164.953891260045,-4.445490735673068,100.0,14.999955984538634,0.036338160433189944,0.0
140.3,2166.4838867704684,-4.44178424338003,100.0,14.999955984541968,0.03633815905606848,0.0
140.4,2168.0138822808917,-4.438077751227003,100.0,14.99995598454528,0.03633815768827479,0.0
140.5,2169.5438777913155,-4.434371259212906,100.0,14.999955984548567,0.036338156332300774,0.0
140.6,2171.0738733017397,-4.430664767336411,100.0,14.999955984551818,0.036338154990481056,0.0
140.70000000000002,2172.6038688121644,-4.426958275595959,100.0,14.99995598455503,0.036338153664997416,0.0
140.8,2174.133864322589,-4.42325178398978,100.0,14.999955984558197,0.036338152357883194,0.0
140.9,2175.663859833014,-4.419545292515901,100.0,14.999955984561312,0.036338151071027676,0.0
141.0,2177.1938553434397,-4.415838801172162,100.0,14.999955984564377,0.03633814980618058,0.0
141.1,2178.7238508538653,-4.412132309956236,100.0,14.999955984567384,0.03633814856495637,0.0
141.20000000000002,2180.2538463642913,-4.408425818865635,100.0,14.99995598457033,0.03633814734883871,0.0
141.3,2181.783841874718,-4.404719327897727,100.0,14.999955984573212,0.036338146159184834,0.0
141.4,2183.3138373851443,-4.401012837049747,100.0,14.999955984576026,0.03633814499722985,0.0
141.5,2184.8438328955713,-4.397306346318813,100.0,14.999955984578772,0.0363381438640911,0.0
141.6,2186.3738284059987,-4.393599855701931,100.0,14.999955984581446,0.0363381427607724,0.0
141.70000000000002,2187.903823916426,-4.389893365196012,100.0,14.999955984584044,0.03633814168816827,0.0
141.8,2189.433819426854,-4.3861868747978825,100.0,14.999955984586567,0.03633814064706812,0.0
141.9,2190.9638149372818,-4.382480384504293,100.0,14.999955984589011,0.036338139638160454,0.0
142.0,2192.49381044771,-4.3787738943119265,100.0,14.999955984591374,0.03633813866203688,0.0
142.1,2194.0238059581384,-4.375067404217415,100.0,14.999955984593658,0.0363381377191962,0.0
142.20000000000002,2195.553801468567,-4.371360914217339,100.0,14.99995598459586,0.03633813681004835,0.0
142.3,2197.083796978996,-4.367654424308246,100.0,14.999955984597982,0.036338135934918345,0.0
142.4,2198.613792489425,-4.363947934486653,100.0,14.99995598460002,0.036338135094050115,0.0
142.5,2200.1437879998543,-4.360241444749055,100.0,14.999955984601971,0.03633813428761029,0.0
142.6,2201.673783510284,-4.356534955091934,100.0,14.999955984603842,0.036338133515691914,0.0
142.70000000000002,2203.2037790207137,-4.352828465511769,100.0,14.999955984605627,0.036338132778318065,0.0
142.8,2204.7337745311434,-4.349121976005037,100.0,14.99995598460733,0.036338132075445444,0.0
142.9,2206.2637700415735,-4.345415486568223,100.0,14.99995598460895,0.03633813140696786,0.0
143.0,2207.7937655520036,-4.341708997197828,100.0,14.999955984610486,0.03633813077271967,0.0
143.1,2209.3237610624337,-4.338002507890371,100.0,14.99995598461194,0.03633813017247911,0.0
143.20000000000002,2210.8537565728643,-4.334296018642396,100.0,14.999955984613312,0.03633812960597155,0.0
143.3,2212.383752083295,-4.33058952945048,100.0,14.999955984614605,0.03633812907287264,0.0
143.4,2213.9137475937255,-4.326883040311232,100.0,14.999955984615816,0.03633812857281149,0.0
143.5,2215.4437431041565,-4.323176551221304,100.0,14.99995598461695,0.0363381281053736,0.0
143.6,2216.9737386145875,-4.319470062177392,100.0,14.999955984618003,0.03633812767010386,0.0
143.70000000000002,2218.5037341250186,-4.315763573176239,100.0,14.999955984618982,0.0363381272665094,0.0
143.8,2220.0337296354496,-4.312057084214643,100.0,14.999955984619882,0.03633812689406231,0.0
143.9,2221.563725145881,-4.308350595289452,100.0,14.999955984620712,0.036338126552202414,0.0
144.0,2223.0937206563126,-4.304644106397579,100.0,14.999955984621467,0.03633812624033979,0.0
144.1,2224.623716166744,-4.300937617535995,100.0,14.99995598462215,0.03633812595785734,0.0
144.20000000000002,2226.1537116771756,-4.2972311287017355,100.0,14.999955984622767,0.036338125704113225,0.0
144.3,2227.683707187607,-4.2935246398919045,100.0,14.999955984623313,0.0363381254784432,0.0
144.4,2229.2137026980386,-4.289818151103672,100.0,14.999955984623792,0.03633812528016295,0.0
144.5,2230.74369820847,-4.286111662334282,100.0,14.999955984624208,0.036338125108570214,0.0
144.6,2232.2736937189015,-4.282405173581047,100.0,14.999955984624561,0.03633812496294695,0.0
144.70000000000002,2233.8036892293335,-4.278698684841357,100.0,14.999955984624854,0.036338124842561347,0.0
144.8,2235.3336847397654,-4.2749921961126764,100.0,14.999955984625085,0.036338124746669795,0.0
144.9,2236.8636802501974,-4.271285707392544,100.0,14.99995598462526,0.036338124674518774,0.0
145.0,2238.3936757606293,-4.267579218678579,100.0,14.999955984625378,0.03633812462534661,0.0
145.1,2239.9236712710613,-4.263872729968476,100.0,14.999955984625444,0.03633812459838523,0.0
145.20000000000002,2241.453666781493,-4.260166241260009,100.0,14.999955984625458,0.03633812459286184,0.0
145.3,2242.983662291925,-4.256459752551033,100.0,14.999955984625421,0.03633812460800045,0.0
145.4,2244.513657802357,-4.2527532638394785,100.0,14.999955984625336,0.03633812464302339,0.0
145.5,2246.043653312789,-4.249046775123358,100.0,14.999955984625206,0.036338124697152786,0.0
145.6,2247.573648823221,-4.245340286400764,100.0,14.99995598462503,0.036338124769611846,0.0
145.70000000000002,2249.103644333653,-4.2416337976698655,100.0,14.999955984624812,0.03633812485962623,0.0
145.8,2250.633639844085,-4.237927308928912,100.0,14.999955984624552,0.036338124966425196,0.0
145.9,2252.1636353545164,-4.234220820176231,100.0,14.999955984624254,0.03633812508924282,0.0
146.0,2253.693630864948,-4.230514331410227,100.0,14.999955984623922,0.03633812522731908,0.0
146.1,2255.2236263753794,-4.226807842629383,100.0,14.99995598462355,0.036338125379900825,0.0
146.20000000000002,2256.753621885811,-4.223101353832258,100.0,14.999955984623147,0.03633812554624286,0.0
146.3,2258.2836173962423,-4.219394865017487,100.0,14.999955984622714,0.036338125725608725,0.0
146.4,2259.813612906674,-4.215688376183779,100.0,14.999955984622249,0.03633812591727166,0.0
146.5,2261.3436084171053,-4.211981887329917,100.0,14.999955984621756,0.03633812612051532,0.0
146.6,2262.873603927537,-4.208275398454755,100.0,14.999955984621238,0.03633812633463453,0.0
146.70000000000002,2264.4035994379683,-4.20456890955722,100.0,14.999955984620694,0.03633812655893596,0.0
146.8,2265.9335949484,-4.200862420636309,100.0,14.99995598462013,0.03633812679273876,0.0
146.9,2267.463590458831,-4.1971559316910865,100.0,14.99995598461954,0.036338127035375145,0.0
147.0,2268.993585969262,-4.193449442720686,100.0,14.999955984618934,0.0363381272861909,0.0
147.1,2270.523581479693,-4.1897429537243065,100.0,14.999955984618307,0.036338127544545906,0.0
147.20000000000002,2272.053576990124,-4.186036464701211,100.0,14.999955984617664,0.03633812780981454,0.0
147.3,2273.583572500555,-4.182329975650727,100.0,14.999955984617007,0.03633812808138606,0.0
147.4,2275.113568010986,-4.178623486572241,100.0,14.999955984616335,0.03633812835866496,0.0
147.5,2276.643563521417,-4.174916997465202,100.0,14.999955984615651,0.03633812864107129,0.0
147.6,2278.1735590318476,-4.171210508329115,100.0,14.999955984614955,0.03633812892804089,0.0
147.70000000000002,2279.703554542278,-4.167504019163544,100.0,14.99995598461425,0.0363381292190256,0.0
147.8,2281.233550052709,-4.1637975299681065,100.0,14.999955984613537,0.036338129513493495,0.0
147.9,2282.7635455631394,-4.160091040742475,100.0,14.999955984612816,0.03633812981092901,0.0
148.0,2284.29354107357,-4.156384551486371,100.0,14.99995598461209,0.03633813011083309,0.0
148.1,2285.8235365840005,-4.152678062199569,100.0,14.999955984611358,0.03633813041272322,0.0
148.20000000000002,2287.3535320944306,-4.14897157288189,100.0,14.999955984610624,0.03633813071613351,0.0
148.3,2288.883527604861,-4.145265083533202,100.0,14.999955984609887,0.03633813102061471,0.0
148.4,2290.413523115291,-4.141558594153419,100.0,14.999955984609146,0.036338131325734185,0.0
148.5,2291.943518625721,-4.137852104742497,100.0,14.999955984608407,0.036338131631075965,0.0
148.6,2293.473514136151,-4.134145615300435,100.0,14.999955984607668,0.036338131936240595,0.0
148.70000000000002,2295.0035096465813,-4.1304391258272695,100.0,14.99995598460693,0.03633813224084507,0.0
148.8,2296.533505157011,-4.126732636323077,100.0,14.999955984606196,0.036338132544522776,0.0
148.9,2298.0635006674406,-4.123026146787972,100.0,14.999955984605462,0.03633813284692328,0.0
149.0,2299.5934961778703,-4.119319657222101,100.0,14.999955984604734,0.036338133147712275,0.0
149.1,2301.1234916883,-4.115613167625644,100.0,14.999955984604009,0.036338133446571344,0.0
149.20000000000002,2302.6534871987296,-4.111906677998815,100.0,14.999955984603291,0.036338133743197824,0.0
149.3,2304.1834827091593,-4.108200188341856,100.0,14.999955984602577,0.036338134037304536,0.0
149.4,2305.7134782195885,-4.104493698655038,100.0,14.999955984601872,0.03633813432861963,0.0
149.5,2307.2434737300177,-4.1007872089386606,100.0,14.999955984601176,0.03633813461688632,0.0
149.6,2308.773469240447,-4.097080719193046,100.0,14.999955984600483,0.03633813490186262,0.0
149.70000000000002,2310.303464750876,-4.093374229418541,100.0,14.999955984599803,0.036338135183321144,0.0
149.8,2311.8334602613054,-4.089667739615517,100.0,14.99995598459913,0.036338135461048755,0.0
149.9,2313.3634557717346,-4.085961249784364,100.0,14.999955984598467,0.03633813573484635,0.0
150.0,2314.893451282164,-4.082254759925493,100.0,14.999955984597811,0.0363381360045285,0.0
150.1,2316.4234467925926,-4.078548270039333,100.0,14.99995598459717,0.03633813626992322,0.0
150.20000000000002,2317.9534423030213,-4.074841780126329,100.0,14.999955984596538,0.0363381365308716,0.0
150.3,2319.48343781345,-4.071135290186943,100.0,14.999955984595916,0.036338136787227485,0.0
150.4,2321.013433323879,-4.06742880022165,100.0,14.999955984595307,0.036338137038857236,0.0
150.5,2322.5434288343076,-4.063722310230939,100.0,14.999955984594708,0.0363381372856393,0.0
150.6,2324.0734243447364,-4.06001582021531,100.0,14.999955984594123,0.036338137527463954,0.0
150.70000000000002,2325.603419855165,-4.0563093301752735,100.0,14.999955984593548,0.0363381377642329,0.0
150.8,2327.1334153655935,-4.05260284011135,100.0,14.999955984592988,0.03633813799585899,0.0
150.9,2328.6634108760218,-4.048896350024068,100.0,14.99995598459244,0.03633813822226579,0.0
151.0,2330.19340638645,-4.045189859913963,100.0,14.999955984591905,0.036338138443387326,0.0
151.1,2331.7234018968784,-4.041483369781578,100.0,14.99995598459138,0.03633813865916773,0.0
151.20000000000002,2333.2533974073067,-4.03777687962746,100.0,14.999955984590873,0.036338138869560874,0.0
151.3,2334.783392917735,-4.03407038945216,100.0,14.999955984590375,0.036338139074529964,0.0
151.4,2336.3133884281633,-4.030363899256233,100.0,14.999955984589892,0.0363381392740473,0.0
151.5,2337.8433839385916,-4.026657409040237,100.0,14.999955984589421,0.03633813946809384,0.0
151.6,2339.37337944902,-4.02295091880473,100.0,14.999955984588965,0.036338139656658934,0.0
151.70000000000002,2340.903374959448,-4.019244428550271,100.0,14.999955984588523,0.03633813983973993,0.0
151.8,2342.4333704698756,-4.01553793827742,100.0,14.999955984588091,0.036338140017341834,0.0
151.9,2343.9633659803035,-4.011831447986735,100.0,14.999955984587674,0.036338140189477015,0.0
152.0,2345.4933614907313,-4.008124957678772,100.0,14.99995598458727,0.03633814035616483,0.0
152.1,2347.023357001159,-4.004418467354086,100.0,14.99995598458688,0.03633814051743133,0.0
152.20000000000002,2348.553352511587,-4.0007119770132284,100.0,14.999955984586501,0.03633814067330891,0.0
152.3,2350.083348022015,-3.997005486656747,100.0,14.999955984586137,0.036338140823836,0.0
152.4,2351.6133435324427,-3.9932989962851853,100.0,14.999955984585785,0.03633814096905674,0.0
152.5,2353.1433390428706,-3.9895925058990818,100.0,14.999955984585446,0.03633814110902069,0.0
152.6,2354.6733345532984,-3.9858860154989704,100.0,14.99995598458512,0.0363381412437825,0.0
152.70000000000002,2356.2033300637263,-3.982179525085378,100.0,14.999955984584805,0.03633814137340161,0.0
152.8,2357.733325574154,-3.9784730346588266,100.0,14.999955984584505,0.036338141497941984,0.0
152.9,2359.2633210845815,-3.9747665442198308,100.0,14.999955984584215,0.03633814161747176,0.0
153.0,2360.793316595009,-3.9710600537688974,100.0,14.999955984583938,0.03633814173206307,0.0
153.1,2362.3233121054363,-3.967353563306527,100.0,14.999955984583671,0.03633814184179165,0.0
153.20000000000002,2363.8533076158637,-3.963647072833211,100.0,14.999955984583417,0.03633814194673668,0.0
153.3,2365.383303126291,-3.959940582349433,100.0,14.999955984583174,0.03633814204698044,0.0
153.4,2366.9132986367185,-3.956234091855669,100.0,14.999955984582941,0.03633814214260807,0.0
153.5,2368.443294147146,-3.9525276013523847,100.0,14.999955984582721,0.03633814223370738,0.0
153.60000000000002,2369.9732896575733,-3.9488211108400373,100.0,14.999955984582511,0.0363381423203685,0.0
153.70000000000002,2371.5032851680007,-3.945114620319075,100.0,14.999955984582312,0.03633814240268375,0.0
153.8,2373.033280678428,-3.9414081297899366,100.0,14.999955984582124,0.03633814248074735,0.0
153.9,2374.5632761888555,-3.9377016392530506,100.0,14.999955984581945,0.036338142554655214,0.0
154.0,2376.093271699283,-3.933995148708836,100.0,14.999955984581776,0.036338142624504736,0.0
154.10000000000002,2377.6232672097103,-3.9302886581577012,100.0,14.999955984581614,0.036338142690394586,0.0
154.20000000000002,2379.1532627201377,-3.926582167600045,100.0,14.999955984581467,0.03633814275242453,0.0
154.3,2380.683258230565,-3.9228756770362567,100.0,14.999955984581325,0.03633814281069519,0.0
154.4,2382.2132537409925,-3.9191691864667138,100.0,14.999955984581193,0.03633814286530789,0.0
154.5,2383.74324925142,-3.9154626958917844,100.0,14.999955984581069,0.0363381429163645,0.0
154.60000000000002,2385.2732447618473,-3.911756205311826,100.0,14.999955984580954,0.03633814296396721,0.0
154.70000000000002,2386.8032402722747,-3.908049714727186,100.0,14.999955984580845,0.03633814300821838,0.0
154.8,2388.333235782702,-3.9043432241382003,100.0,14.999955984580748,0.036338143049220444,0.0
154.9,2389.8632312931295,-3.9006367335451957,100.0,14.999955984580655,0.03633814308707566,0.0
155.0,2391.393226803557,-3.8969302429484873,100.0,14.99995598458057,0.03633814312188605,0.0
155.10000000000002,2392.9232223139843,-3.8932237523483813,100.0,14.999955984580492,0.036338143153753236,0.0
155.20000000000002,2394.4532178244117,-3.889517261745172,100.0,14.999955984580422,0.03633814318277827,0.0
155.3,2395.983213334839,-3.885810771139144,100.0,14.999955984580359,0.03633814320906158,0.0
155.4,2397.5132088452665,-3.882104280530572,100.0,14.999955984580303,0.03633814323270279,0.0
155.5,2399.043204355694,-3.878397789919721,100.0,14.99995598458025,0.03633814325380066,0.0
155.60000000000002,2400.5731998661213,-3.8746912993068445,100.0,14.999955984580206,0.03633814327245293,0.0
155.70000000000002,2402.1031953765487,-3.870984808692188,100.0,14.999955984580167,0.036338143288756286,0.0
155.8,2403.633190886976,-3.867278318075985,100.0,14.999955984580133,0.03633814330280619,0.0
155.9,2405.1631863974035,-3.863571827458461,100.0,14.999955984580103,0.03633814331469686,0.0
156.0,2406.6931819078304,-3.8598653368398317,100.0,14.99995598458008,0.03633814332452116,0.0
156.10000000000002,2408.2231774182574,-3.856158846220303,100.0,14.99995598458006,0.036338143332370516,0.0
156.20000000000002,2409.7531729286843,-3.8524523556000716,100.0,14.999955984580046,0.036338143338334856,0.0
156.3,2411.2831684391113,-3.848745864979325,100.0,14.999955984580037,0.03633814334250257,0.0
156.4,2412.813163949538,-3.8450393743582425,100.0,14.99995598458003,0.036338143344960425,0.0
156.5,2414.343159459965,-3.8413328837369938,100.0,14.999955984580028,0.03633814334579351,0.0
156.60000000000002,2415.873154970392,-3.83762639311574,100.0,14.99995598458003,0.0363381433450852,0.0
156.70000000000002,2417.403150480819,-3.833919902494635,100.0,14.999955984580035,0.03633814334291709,0.0
156.8,2418.933145991246,-3.8302134118738227,100.0,14.999955984580044,0.03633814333936897,0.0
156.9,2420.463141501673,-3.8265069212534404,100.0,14.999955984580055,0.0363381433345188,0.0
157.0,2421.9931370121,-3.8228004306336167,100.0,14.99995598458007,0.036338143328442686,0.0
157.10000000000002,2423.523132522527,-3.819093940014473,100.0,14.999955984580088,0.0363381433212148,0.0
157.20000000000002,2425.0531280329537,-3.815387449396123,100.0,14.999955984580108,0.03633814331290742,0.0
157.3,2426.583123543381,-3.811680958778673,100.0,14.999955984580131,0.03633814330359086,0.0
157.4,2428.1131190538085,-3.807974468162222,100.0,14.999955984580154,0.036338143293333514,0.0
157.5,2429.643114564236,-3.8042679775468633,100.0,14.99995598458018,0.0363381432822018,0.0
157.60000000000002,2431.1731100746633,-3.8005614869326823,100.0,14.999955984580211,0.036338143270260144,0.0
157.70000000000002,2432.7031055850907,-3.7968549963197584,100.0,14.999955984580241,0.03633814325757101,0.0
157.8,2434.233101095518,-3.793148505708165,100.0,14.999955984580273,0.036338143244194876,0.0
157.9,2435.7630966059455,-3.7894420150979693,100.0,14.999955984580309,0.03633814323019025,0.0
158.0,2437.293092116373,-3.785735524489232,100.0,14.999955984580344,0.036338143215613676,0.0
158.10000000000002,2438.8230876268003,-3.7820290338820084,100.0,14.99995598458038,0.03633814320051972,0.0
158.20000000000002,2440.3530831372277,-3.778322543276349,100.0,14.999955984580417,0.036338143184961015,0.0
158.3,2441.883078647655,-3.7746160526722985,100.0,14.999955984580456,0.03633814316898823,0.0
158.4,2443.4130741580825,-3.7709095620698965,100.0,14.999955984580495,0.036338143152650125,0.0
158.5,2444.94306966851,-3.767203071469178,100.0,14.999955984580536,0.03633814313599355,0.0
158.60000000000002,2446.4730651789373,-3.7634965808701732,100.0,14.999955984580579,0.03633814311906347,0.0
158.70000000000002,2448.0030606893647,-3.7597900902729076,100.0,14.99995598458062,0.03633814310190299,0.0
158.8,2449.533056199792,-3.7560835996774027,100.0,14.99995598458066,0.03633814308455336,0.0
158.9,2451.0630517102195,-3.7523771090836755,100.0,14.999955984580703,0.03633814306705403,0.0
159.0,2452.593047220647,-3.7486706184917393,100.0,14.999955984580746,0.03633814304944265,0.0
159.10000000000002,2454.1230427310743,-3.744964127901604,100.0,14.999955984580788,0.0363381430317551,0.0
159.20000000000002,2455.6530382415017,-3.741257637313275,100.0,14.999955984580831,0.03633814301402555,0.0
159.3,2457.183033751929,-3.7375511467267555,100.0,14.999955984580874,0.03633814299628644,0.0
159.4,2458.7130292623565,-3.7338446561420446,100.0,14.999955984580918,0.03633814297856858,0.0
159.5,2460.243024772784,-3.730138165559139,100.0,14.99995598458096,0.0363381429609011,0.0
159.60000000000002,2461.7730202832113,-3.7264316749780315,100.0,14.999955984581003,0.03633814294331157,0.0
159.70000000000002,2463.3030157936387,-3.7227251843987132,100.0,14.999955984581044,0.03633814292582599,0.0
159.8,2464.833011304066,-3.7190186938211722,100.0,14.999955984581087,0.036338142908468804,0.0
159.9,2466.3630068144935,-3.7153122032453942,100.0,14.99995598458113,0.036338142891262984,0.0
160.0,2467.893002324921,-3.7116057126713624,100.0,14.99995598458117,0.036338142874230046,0.0
160.10000000000002,2469.4229978353483,-3.7078992220990585,100.0,14.999955984581211,0.03633814285739008,0.0
160.20000000000002,2470.9529933457757,-3.7041927315284613,100.0,14.99995598458125,0.036338142840761804,0.0
160.3,2472.482988856203,-3.700486240959549,100.0,14.999955984581291,0.036338142824362596,0.0
160.4,2474.0129843666305,-3.6967797503922966,100.0,14.999955984581332,0.03633814280820854,0.0
160.5,2475.542979877058,-3.693073259826679,100.0,14.99995598458137,0.036338142792314426,0.0
160.60000000000002,2477.0729753874853,-3.6893667692626684,100.0,14.999955984581407,0.03633814277669386,0.0
160.70000000000002,2478.6029708979127,-3.6856602787002366,100.0,14.999955984581444,0.03633814276135926,0.0
160.8,2480.13296640834,-3.681953788139354,100.0,14.99995598458148,0.03633814274632186,0.0
160.9,2481.6629619187675,-3.6782472975799894,100.0,14.999955984581515,0.036338142731591846,0.0
161.0,2483.192957429195,-3.6745408070221113,100.0,14.99995598458155,0.03633814271717829,0.0
161.10000000000002,2484.7229529396222,-3.6708343164656867,100.0,14.999955984581584,0.03633814270308927,0.0
161.20000000000002,2486.2529484500496,-3.6671278259106823,100.0,14.999955984581618,0.036338142689331866,0.0
161.3,2487.782943960477,-3.663421335357064,100.0,14.99995598458165,0.036338142675912205,0.0
161.4,2489.3129394709044,-3.6597148448047965,100.0,14.999955984581684,0.03633814266283551,0.0
161.5,2490.842934981332,-3.6560083542538453,100.0,14.999955984581714,0.03633814265010611,0.0
161.60000000000002,2492.3729304917592,-3.6523018637041744,100.0,14.999955984581742,0.036338142637727514,0.0
161.70000000000002,2493.9029260021866,-3.648595373155748,100.0,14.999955984581772,0.03633814262570245,0.0
161.8,2495.432921512614,-3.6448888826085297,100.0,14.999955984581801,0.036338142614032856,0.0
161.9,2496.9629170230414,-3.6411823920624835,100.0,14.999955984581828,0.03633814260271995,0.0
162.0,2498.492912533469,-3.6374759015175733,100.0,14.999955984581854,0.036338142591764246,0.0
162.10000000000002,2500.022908043896,-3.633769410973762,100.0,14.999955984581879,0.03633814258116564,0.0
162.20000000000002,2501.5529035543236,-3.6300629204310138,100.0,14.999955984581906,0.036338142570923375,0.0
162.3,2503.082899064751,-3.6263564298892916,100.0,14.999955984581929,0.0363381425610361,0.0
162.4,2504.6128945751784,-3.62264993934856,100.0,14.999955984581954,0.03633814255150193,0.0
162.5,2506.142890085606,-3.6189434488087824,100.0,14.999955984581975,0.03633814254231842,0.0
162.60000000000002,2507.672885596033,-3.6152369582699238,100.0,14.999955984581996,0.03633814253348268,0.0
162.70000000000002,2509.2028811064606,-3.611530467731949,100.0,14.999955984582016,0.036338142524991304,0.0
162.8,2510.732876616888,-3.6078239771948226,100.0,14.999955984582035,0.0363381425168405,0.0
162.9,2512.2628721273154,-3.6041174866585104,100.0,14.999955984582055,0.03633814250902605,0.0
163.0,2513.792867637743,-3.600410996122978,100.0,14.999955984582073,0.03633814250154336,0.0
163.10000000000002,2515.32286314817,-3.596704505588192,100.0,14.99995598458209,0.0363381424943875,0.0
163.20000000000002,2516.8528586585976,-3.5929980150541194,100.0,14.999955984582106,0.03633814248755321,0.0
163.3,2518.382854169025,-3.5892915245207275,100.0,14.999955984582122,0.036338142481034924,0.0
163.4,2519.9128496794524,-3.5855850339879844,100.0,14.999955984582137,0.036338142474826834,0.0
163.5,2521.44284518988,-3.581878543455859,100.0,14.999955984582153,0.03633814246892287,0.0
163.60000000000002,2522.972840700307,-3.5781720529243204,100.0,14.999955984582165,0.036338142463316736,0.0
163.70000000000002,2524.5028362107346,-3.5744655623933386,100.0,14.99995598458218,0.036338142458001946,0.0
163.8,2526.032831721162,-3.570759071862884,100.0,14.99995598458219,0.03633814245297184,0.0
163.9,2527.5628272315894,-3.567052581332928,100.0,14.999955984582202,0.0363381424482196,0.0
164.0,2529.092822742017,-3.5633460908034427,100.0,14.999955984582215,0.03633814244373825,0.0
164.10000000000002,2530.622818252444,-3.559639600274401,100.0,14.999955984582224,0.036338142439520736,0.0
164.20000000000002,2532.1528137628716,-3.5559331097457765,100.0,14.999955984582233,0.036338142435559884,0.0
164.3,2533.682809273299,-3.552226619217543,100.0,14.999955984582241,0.03633814243184844,0.0
164.4,2535.2128047837264,-3.5485201286896757,100.0,14.99995598458225,0.036338142428379114,0.0
164.5,2536.7428002941538,-3.54481363816215,100.0,14.99995598458226,0.03633814242514453,0.0
164.60000000000002,2538.272795804581,-3.5411071476349423,100.0,14.999955984582266,0.0363381424221373,0.0
164.70000000000002,2539.8027913150086,-3.53740065710803,100.0,14.999955984582272,0.036338142419350045,0.0
164.8,2541.332786825436,-3.533694166581391,100.0,14.999955984582277,0.036338142416775354,0.0
164.9,2542.8627823358634,-3.529987676055004,100.0,14.999955984582284,0.03633814241440583,0.0
165.0,2544.3927778462908,-3.5262811855288487,100.0,14.99995598458229,0.03633814241223412,0.0
165.10000000000002,2545.922773356718,-3.5225746950029047,100.0,14.999955984582295,0.03633814241025289,0.0
165.20000000000002,2547.4527688671456,-3.5188682044771533,100.0,14.999955984582298,0.03633814240845487,0.0
165.3,2548.982764377573,-3.515161713951576,100.0,14.999955984582304,0.03633814240683285,0.0
165.4,2550.5127598880003,-3.5114552234261556,100.0,14.999955984582307,0.036338142405379664,0.0
165.5,2552.0427553984277,-3.507748732900875,100.0,14.999955984582309,0.03633814240408826,0.0
165.60000000000002,2553.572750908855,-3.5040422423757183,100.0,14.999955984582312,0.03633814240295166,0.0
165.70000000000002,2555.1027464192825,-3.5003357518506695,100.0,14.999955984582312,0.03633814240196298,0.0
165.8,2556.63274192971,-3.4966292613257144,100.0,14.999955984582314,0.03633814240111545,0.0
165.9,2558.1627374401373,-3.492922770800839,100.0,14.999955984582318,0.0363381424004024,0.0
166.0,2559.6927329505647,-3.4892162802760294,100.0,14.99995598458232,0.03633814239981727,0.0
166.10000000000002,2561.222728460992,-3.4855097897512732,100.0,14.99995598458232,0.036338142399353644,0.0
166.20000000000002,2562.7527239714195,-3.4818032992265584,100.0,14.999955984582321,0.036338142399005235,0.0
166.3,2564.282719481847,-3.4780968087018733,100.0,14.999955984582321,0.036338142398765864,0.0
166.4,2565.8127149922743,-3.4743903181772073,100.0,14.999955984582321,0.03633814239862951,0.0
166.5,2567.3427105027017,-3.4706838276525502,100.0,14.999955984582321,0.036338142398590276,0.0
166.60000000000002,2568.872706013129,-3.4669773371278922,100.0,14.999955984582321,0.03633814239864244,0.0
166.70000000000002,2570.4027015235565,-3.4632708466032245,100.0,14.999955984582321,0.0363381423987804,0.0
166.8,2571.932697033984,-3.4595643560785385,100.0,14.999955984582321,0.03633814239899872,0.0
166.9,2573.4626925444113,-3.4558578655538263,100.0,14.999955984582321,0.0363381423992921,0.0
167.0,2574.9926880548387,-3.452151375029081,100.0,14.99995598458232,0.03633814239965542,0.0
167.10000000000002,2576.522683565266,-3.448444884504295,100.0,14.999955984582318,0.036338142400083706,0.0
167.20000000000002,2578.0526790756935,-3.444738393979462,100.0,14.999955984582318,0.036338142400572135,0.0
167.3,2579.582674586121,-3.441031903454576,100.0,14.999955984582316,0.03633814240111603,0.0
167.4,2581.1126700965483,-3.4373254129296322,100.0,14.999955984582314,0.0363381424017109,0.0
167.5,2582.6426656069757,-3.433618922404625,100.0,14.999955984582312,0.036338142402352384,0.0
167.60000000000002,2584.172661117403,-3.4299124318795506,100.0,14.999955984582312,0.03633814240303631,0.0
167.70000000000002,2585.7026566278305,-3.426205941354404,100.0,14.99995598458231,0.03633814240375863,0.0
167.8,2587.232652138258,-3.422499450829182,100.0,14.999955984582309,0.03633814240451547,0.0
167.9,2588.7626476486853,-3.4187929603038816,100.0,14.999955984582307,0.0363381424053031,0.0
168.0,2590.2926431591127,-3.4150864697784993,100.0,14.999955984582305,0.03633814240611798,0.0
168.10000000000002,2591.82263866954,-3.4113799792530326,100.0,14.999955984582302,0.03633814240695668,0.0
168.20000000000002,2593.3526341799675,-3.4076734887274793,100.0,14.9999559845823,0.03633814240781593,0.0
168.3,2594.882629690395,-3.4039669982018372,100.0,14.999955984582298,0.03633814240869262,0.0
168.4,2596.4126252008223,-3.400260507676105,100.0,14.999955984582297,0.03633814240958377,0.0
168.5,2597.9426207112497,-3.3965540171502813,100.0,14.999955984582295,0.03633814241048656,0.0
168.60000000000002,2599.472616221677,-3.3928475266243647,100.0,14.999955984582291,0.036338142411398294,0.0
168.70000000000002,2601.0026117321045,-3.389141036098355,100.0,14.99995598458229,0.036338142412316435,0.0
168.8,2602.532607242532,-3.3854345455722514,100.0,14.999955984582288,0.03633814241323858,0.0
168.9,2604.0626027529593,-3.381728055046054,100.0,14.999955984582284,0.036338142414162444,0.0
169.0,2605.5925982633867,-3.378021564519762,100.0,14.999955984582282,0.0363381424150859,0.0
169.10000000000002,2607.122593773814,-3.374315073993376,100.0,14.999955984582279,0.03633814241600692,0.0
169.20000000000002,2608.6525892842415,-3.3706085834668964,100.0,14.999955984582277,0.036338142416923624,0.0
169.3,2610.182584794669,-3.3669020929403235,100.0,14.999955984582275,0.03633814241783423,0.0
169.4,2611.7125803050963,-3.363195602413658,100.0,14.999955984582273,0.03633814241873709,0.0
169.5,2613.2425758155237,-3.3594891118869006,100.0,14.99995598458227,0.03633814241963066,0.0
169.60000000000002,2614.772571325951,-3.355782621360053,100.0,14.999955984582268,0.03633814242051352,0.0
169.70000000000002,2616.3025668363784,-3.3520761308331157,100.0,14.999955984582268,0.03633814242138434,0.0
169.8,2617.832562346806,-3.3483696403060903,100.0,14.999955984582266,0.03633814242224192,0.0
169.9,2619.3625578572332,-3.3446631497789783,100.0,14.999955984582265,0.03633814242308513,0.0
170.0,2620.8925533676606,-3.340956659251781,100.0,14.999955984582261,0.03633814242391297,0.0
170.10000000000002,2622.422548878088,-3.3372501687245,100.0,14.99995598458226,0.03633814242472452,0.0
170.20000000000002,2623.9525443885154,-3.3335436781971373,100.0,14.999955984582257,0.03633814242551895,0.0
170.3,2625.482539898943,-3.3298371876696944,100.0,14.999955984582256,0.0363381424262955,0.0
170.4,2627.0125354093702,-3.326130697142173,100.0,14.999955984582254,0.03633814242705352,0.0
170.5,2628.5425309197976,-3.3224242066145755,100.0,14.999955984582252,0.036338142427792416,0.0
170.60000000000002,2630.072526430225,-3.3187177160869035,100.0,14.99995598458225,0.0363381424285117,0.0
170.70000000000002,2631.6025219406524,-3.315011225559159,100.0,14.999955984582249,0.03633814242921094,0.0
170.8,2633.13251745108,-3.3113047350313445,100.0,14.999955984582247,0.03633814242988979,0.0
170.9,2634.662512961507,-3.3075982445034615,100.0,14.999955984582245,0.036338142430547934,0.0
171.0,2636.1925084719346,-3.303891753975513,100.0,14.999955984582243,0.03633814243118517,0.0
171.10000000000002,2637.722503982362,-3.3001852634475,100.0,14.999955984582241,0.03633814243180132,0.0
171.20000000000002,2639.2524994927894,-3.296478772919426,100.0,14.99995598458224,0.036338142432396275,0.0
171.3,2640.782495003217,-3.2927722823912915,100.0,14.999955984582238,0.03633814243296998,0.0
171.4,2642.312490513644,-3.2890657918631,100.0,14.999955984582238,0.03633814243352244,0.0
171.5,2643.8424860240716,-3.285359301334853,100.0,14.999955984582236,0.036338142434053665,0.0
171.60000000000002,2645.372481534499,-3.2816528108065532,100.0,14.999955984582234,0.03633814243456378,0.0
171.70000000000002,2646.9024770449264,-3.277946320278202,100.0,14.999955984582234,0.03633814243505289,0.0
171.8,2648.432472555354,-3.2742398297498023,100.0,14.999955984582233,0.036338142435521185,0.0
171.9,2649.962468065781,-3.270533339221356,100.0,14.99995598458223,0.036338142435968855,0.0
172.0,2651.4924635762086,-3.266826848692865,100.0,14.99995598458223,0.03633814243639616,0.0
172.10000000000002,2653.022459086636,-3.2631203581643313,100.0,14.999955984582229,0.03633814243680336,0.0
172.20000000000002,2654.5524545970634,-3.2594138676357574,100.0,14.999955984582229,0.03633814243719078,0.0
172.3,2656.082450107491,-3.2557073771071448,100.0,14.999955984582227,0.036338142437558736,0.0
172.4,2657.612445617918,-3.2520008865784957,100.0,14.999955984582227,0.0363381424379076,0.0
172.5,2659.1424411283456,-3.248294396049812,100.0,14.999955984582225,0.03633814243823774,0.0
172.60000000000002,2660.672436638773,-3.2445879055210955,100.0,14.999955984582225,0.036338142438549555,0.0
172.70000000000002,2662.2024321492004,-3.2408814149923484,100.0,14.999955984582224,0.03633814243884346,0.0
172.8,2663.732427659628,-3.237174924463572,100.0,14.999955984582225,0.0363381424391199,0.0
172.9,2665.262423170055,-3.2334684339347683,100.0,14.999955984582224,0.0363381424393793,0.0
173.0,2666.7924186804826,-3.229761943405939,100.0,14.999955984582224,0.036338142439622134,0.0
173.10000000000002,2668.32241419091,-3.2260554528770857,100.0,14.999955984582224,0.036338142439848876,0.0
173.20000000000002,2669.8524097013374,-3.22234896234821,100.0,14.999955984582224,0.03633814244005999,0.0
173.3,2671.3824052117648,-3.218642471819314,100.0,14.999955984582222,0.03633814244025597,0.0
173.4,2672.912400722192,-3.2149359812903984,100.0,14.999955984582222,0.036338142440437315,0.0
173.5,2674.4423962326196,-3.211229490761465,100.0,14.999955984582222,0.036338142440604515,0.0
173.60000000000002,2675.972391743047,-3.2075230002325155,100.0,14.999955984582222,0.036338142440758066,0.0
173.70000000000002,2677.5023872534744,-3.2038165097035507,100.0,14.99995598458222,0.03633814244089847,0.0
173.8,2679.0323827639018,-3.200110019174572,100.0,14.99995598458222,0.036338142441026226,0.0
173.9,2680.562378274329,-3.196403528645581,100.0,14.99995598458222,0.036338142441141835,0.0
174.0,2682.0923737847565,-3.192697038116579,100.0,14.99995598458222,0.036338142441245794,0.0
174.10000000000002,2683.622369295184,-3.1889905475875673,100.0,14.99995598458222,0.0363381424413386,0.0
174.20000000000002,2685.1523648056113,-3.1852840570585466,100.0,14.99995598458222,0.036338142441420744,0.0
174.3,2686.6823603160387,-3.181577566529518,100.0,14.99995598458222,0.03633814244149273,0.0
174.4,2688.212355826466,-3.1778710760004825,100.0,14.99995598458222,0.036338142441555026,0.0
174.5,2689.7423513368935,-3.174164585471441,100.0,14.999955984582218,0.036338142441608115,0.0
174.60000000000002,2691.272346847321,-3.1704580949423944,100.0,14.999955984582218,0.03633814244165245,0.0
174.70000000000002,2692.8023423577483,-3.166751604413344,100.0,14.999955984582218,0.03633814244168848,0.0
174.8,2694.3323378681757,-3.1630451138842903,100.0,14.999955984582218,0.03633814244171668,0.0
174.9,2695.862333378603,-3.159338623355234,100.0,14.999955984582218,0.036338142441737484,0.0
175.0,2697.3923288890305,-3.155632132826176,100.0,14.999955984582218,0.03633814244175132,0.0
175.10000000000002,2698.922324399458,-3.151925642297117,100.0,14.999955984582218,0.03633814244175861,0.0
175.20000000000002,2700.4523199098853,-3.1482191517680578,100.0,14.999955984582218,0.03633814244175978,0.0
175.3,2701.9823154203127,-3.1445126612389984,100.0,14.999955984582218,0.036338142441755227,0.0
175.4,2703.51231093074,-3.14080617070994,100.0,14.999955984582218,0.03633814244174533,0.0
175.5,2705.0423064411675,-3.137099680180883,100.0,14.999955984582218,0.03633814244173047,0.0
175.60000000000002,2706.572301951595,-3.1333931896518274,100.0,14.999955984582218,0.03633814244171102,0.0
175.70000000000002,2708.1022974620223,-3.1296866991227743,100.0,14.999955984582218,0.03633814244168733,0.0
175.8,2709.6322929724497,-3.1259802085937234,100.0,14.999955984582218,0.03633814244165975,0.0
175.9,2711.162288482877,-3.1222737180646756,100.0,14.999955984582218,0.03633814244162859,0.0
176.0,2712.6922839933045,-3.1185672275356313,100.0,14.99995598458222,0.036338142441594196,0.0
176.10000000000002,2714.222279503732,-3.1148607370065906,100.0,14.99995598458222,0.03633814244155686,0.0
176.20000000000002,2715.7522750141593,-3.111154246477554,100.0,14.99995598458222,0.036338142441516876,0.0
176.3,2717.2822705245867,-3.107447755948521,100.0,14.99995598458222,0.03633814244147453,0.0
176.4,2718.812266035014,-3.103741265419493,100.0,14.99995598458222,0.03633814244143009,0.0
176.5,2720.3422615454415,-3.1000347748904695,100.0,14.99995598458222,0.03633814244138382,0.0
176.60000000000002,2721.872257055869,-3.096328284361451,100.0,14.99995598458222,0.03633814244133597,0.0
176.70000000000002,2723.4022525662963,-3.0926217938324374,100.0,14.99995598458222,0.036338142441286775,0.0
176.8,2724.9322480767237,-3.0889153033034287,100.0,14.99995598458222,0.036338142441236454,0.0
176.9,2726.462243587151,-3.0852088127744253,100.0,14.99995598458222,0.03633814244118522,0.0
177.0,2727.9922390975785,-3.081502322245427,100.0,14.99995598458222,0.036338142441133266,0.0
177.10000000000002,2729.522234608006,-3.0777958317164344,100.0,14.99995598458222,0.03633814244108079,0.0
177.20000000000002,2731.0522301184333,-3.074089341187447,100.0,14.99995598458222,0.03633814244102797,0.0
177.3,2732.5822256288607,-3.070382850658465,100.0,14.99995598458222,0.03633814244097498,0.0
177.4,2734.112221139288,-3.066676360129488,100.0,14.99995598458222,0.036338142440921976,0.0
177.5,2735.6422166497155,-3.0629698696005168,100.0,14.999955984582222,0.0363381424408691,0.0
177.60000000000002,2737.172212160143,-3.0592633790715507,100.0,14.999955984582222,0.03633814244081647,0.0
177.70000000000002,2738.7022076705703,-3.05555688854259,100.0,14.999955984582222,0.03633814244076422,0.0
177.8,2740.2322031809977,-3.0518503980136344,100.0,14.999955984582222,0.036338142440712484,0.0
177.9,2741.762198691425,-3.0481439074846843,100.0,14.999955984582222,0.03633814244066136,0.0
178.0,2743.2921942018525,-3.0444374169557396,100.0,14.999955984582222,0.03633814244061096,0.0
178.10000000000002,2744.82218971228,-3.0407309264267997,100.0,14.999955984582222,0.036338142440561376,0.0
178.20000000000002,2746.3521852227072,-3.037024435897865,100.0,14.999955984582222,0.03633814244051268,0.0
178.3,2747.8821807331346,-3.0333179453689354,100.0,14.999955984582222,0.03633814244046496,0.0
178.4,2749.412176243562,-3.0296114548400106,100.0,14.999955984582222,0.03633814244041828,0.0
178.5,2750.9421717539894,-3.0259049643110902,100.0,14.999955984582222,0.03633814244037271,0.0
178.60000000000002,2752.472167264417,-3.0221984737821743,100.0,14.999955984582222,0.03633814244032829,0.0
178.70000000000002,2754.0021627748442,-3.018491983253263,100.0,14.999955984582222,0.03633814244028507,0.0
178.8,2755.5321582852716,-3.014785492724356,100.0,14.999955984582222,0.03633814244024308,0.0
178.9,2757.062153795699,-3.011079002195453,100.0,14.999955984582222,0.03633814244020236,0.0
179.0,2758.5921493061264,-3.0073725116665546,100.0,14.999955984582222,0.03633814244016295,0.0
179.10000000000002,2760.122144816554,-3.00366602113766,100.0,14.999955984582224,0.03633814244012488,0.0
179.20000000000002,2761.652140326981,-2.999959530608769,100.0,14.999955984582224,0.03633814244008815,0.0
179.3,2763.1821358374086,-2.996253040079882,100.0,14.999955984582224,0.036338142440052776,0.0
179.4,2764.712131347836,-2.9925465495509984,100.0,14.999955984582224,0.036338142440018775,0.0
179.5,2766.2421268582634,-2.988840059022118,100.0,14.999955984582224,0.03633814243998615,0.0
179.60000000000002,2767.772122368691,-2.985133568493241,100.0,14.999955984582224,0.036338142439954896,0.0
179.70000000000002,2769.302117879118,-2.9814270779643675,100.0,14.999955984582224,0.03633814243992502,0.0
179.8,2770.8321133895456,-2.9777205874354964,100.0,14.999955984582224,0.0363381424398965,0.0
179.9,2772.362108899973,-2.9740140969066284,100.0,14.999955984582224,0.036338142439869325,0.0
180.0,2773.8921044104004,-2.970307606377763,100.0,14.999955984582224,0.03633814243984349,0.0
180.10000000000002,2775.422099920828,-2.9666011158489005,100.0,14.999955984582224,0.03633814243981898,0.0
180.20000000000002,2776.952095431255,-2.96289462532004,100.0,14.999955984582224,0.036338142439795766,0.0
180.3,2778.4820909416826,-2.959188134791182,100.0,14.999955984582224,0.03633814243977384,0.0
180.4,2780.01208645211,-2.955481644262326,100.0,14.999955984582224,0.03633814243975316,0.0
180.5,2781.5420819625374,-2.951775153733472,100.0,14.999955984582224,0.03633814243973371,0.0
180.60000000000002,2783.072077472965,-2.9480686632046202,100.0,14.999955984582224,0.03633814243971547,0.0
180.70000000000002,2784.602072983392,-2.94436217267577,100.0,14.999955984582224,0.0363381424396984,0.0
180.8,2786.1320684938196,-2.9406556821469216,100.0,14.999955984582224,0.036338142439682475,0.0
180.9,2787.662064004247,-2.936949191618075,100.0,14.999955984582224,0.03633814243966765,0.0
181.0,2789.1920595146744,-2.9332427010892297,100.0,14.999955984582224,0.03633814243965391,0.0
181.10000000000002,2790.722055025102,-2.9295362105603857,100.0,14.999955984582224,0.0363381424396412,0.0
181.20000000000002,2792.252050535529,-2.925829720031543,100.0,14.999955984582224,0.0363381424396295,0.0
181.3,2793.7820460459566,-2.9221232295027013,100.0,14.999955984582224,0.03633814243961878,0.0
181.4,2795.312041556384,-2.918416738973861,100.0,14.999955984582224,0.036338142439609,0.0
181.5,2796.8420370668114,-2.9147102484450214,100.0,14.999955984582224,0.03633814243960012,0.0
181.60000000000002,2798.3720325772388,-2.9110037579161827,100.0,14.999955984582224,0.036338142439592096,0.0
181.70000000000002,2799.902028087666,-2.9072972673873445,100.0,14.999955984582224,0.036338142439584914,0.0
181.8,2801.4320235980936,-2.903590776858507,100.0,14.999955984582224,0.03633814243957852,0.0
181.9,2802.962019108521,-2.8998842863296703,100.0,14.999955984582224,0.036338142439572875,0.0
182.0,2804.4920146189484,-2.8961777958008343,100.0,14.999955984582224,0.036338142439567934,0.0
182.10000000000002,2806.0220101293758,-2.892471305271999,100.0,14.999955984582224,0.03633814243956368,0.0
182.20000000000002,2807.552005639803,-2.8887648147431637,100.0,14.999955984582224,0.03633814243956008,0.0
182.3,2809.0820011502306,-2.8850583242143286,100.0,14.999955984582224,0.036338142439557096,0.0
182.4,2810.611996660658,-2.881351833685494,100.0,14.999955984582224,0.036338142439554674,0.0
182.5,2812.1419921710853,-2.8776453431566593,100.0,14.999955984582224,0.036338142439552794,0.0
182.60000000000002,2813.6719876815127,-2.873938852627825,100.0,14.999955984582224,0.03633814243955141,0.0
182.70000000000002,2815.20198319194,-2.870232362098991,100.0,14.999955984582224,0.03633814243955053,0.0
182.8,2816.7319787023675,-2.8665258715701567,100.0,14.999955984582224,0.0363381424395501,0.0
182.9,2818.261974212795,-2.8628193810413225,100.0,14.999955984582224,0.03633814243955008,0.0
183.0,2819.7919697232223,-2.8591128905124883,100.0,14.999955984582224,0.03633814243955044,0.0
183.10000000000002,2821.3219652336497,-2.855406399983654,100.0,14.999955984582224,0.03633814243955117,0.0
183.20000000000002,2822.851960744077,-2.85169990945482,100.0,14.999955984582224,0.03633814243955222,0.0
183.3,2824.3819562545045,-2.8479934189259857,100.0,14.999955984582224,0.03633814243955358,0.0
183.4,2825.911951764932,-2.844286928397151,100.0,14.999955984582224,0.03633814243955522,0.0
183.5,2827.4419472753593,-2.8405804378683164,100.0,14.999955984582222,0.036338142439557124,0.0
183.60000000000002,2828.9719427857867,-2.8368739473394813,100.0,14.999955984582222,0.03633814243955926,0.0
183.70000000000002,2830.501938296214,-2.833167456810646,100.0,14.999955984582224,0.03633814243956159,0.0
183.8,2832.0319287918414,-2.8294609784304146,100.0,14.999955984582222,0.0363381424395641,0.0
183.9,2833.5618189587476,-2.82575474310152,100.0,14.999955984582222,0.036338142439566776,0.0
184.0,2835.091609066708,-2.822048750170418,100.0,14.999955984582222,0.03633814243956959,0.0
184.10000000000002,2836.6212946845167,-2.8183430103719256,100.0,14.999955984582224,0.03633814243957251,0.0
184.20000000000002,2838.150831911056,-2.814637630058694,100.0,14.999955984582224,0.03633814243957551,0.0
184.3,2839.6802213413457,-2.810932607789256,100.0,14.999955984582222,0.03633814243957858,0.0
184.4,2841.2094635680214,-2.8072279421279247,100.0,14.999955984582222,0.036338142439581694,0.0
184.5,2842.7385591813413,-2.8035236316447696,100.0,14.999955984582222,0.03633814243958485,0.0
184.60000000000002,2844.2675087691964,-2.799819674915594,100.0,14.999955984582224,0.036338142439588064,0.0
184.70000000000002,2845.796312917121,-2.7961160705219124,100.0,14.999955984582222,0.036338142439591256,0.0
184.8,2847.324972208302,-2.792412817050927,100.0,14.999955984582222,0.036338142439594455,0.0
184.9,2848.8534872235864,-2.7887099130955053,100.0,14.999955984582222,0.03633814243959766,0.0
185.0,2850.3818585414933,-2.7850073572541563,100.0,14.999955984582222,0.03633814243960088,0.0
185.10000000000002,2851.9100867382213,-2.7813051481310094,100.0,14.999955984582222,0.03633814243960411,0.0
185.20000000000002,2853.438172387659,-2.777603284335791,100.0,14.999955984582222,0.036338142439607285,0.0
185.3,2854.966116061394,-2.773901764483802,100.0,14.999955984582222,0.036338142439610414,0.0
185.4,2856.493918328722,-2.7702005871958963,100.0,14.999955984582222,0.03633814243961348,0.0
185.5,2858.0215797566552,-2.7664997510984572,100.0,14.999955984582222,0.03633814243961651,0.0
185.60000000000002,2859.549100909933,-2.7627992548233764,100.0,14.999955984582222,0.0363381424396195,0.0
185.70000000000002,2861.076482351029,-2.7590990970080314,100.0,14.999955984582222,0.03633814243962243,0.0
185.8,2862.603724640163,-2.7553992762952633,100.0,14.999955984582224,0.03633814243962532,0.0
185.9,2864.1308283353073,-2.751699791333355,100.0,14.999955984582222,0.036338142439628116,0.0
186.0,2865.657793992198,-2.7480006407760107,100.0,14.999955984582224,0.03633814243963083,0.0
186.10000000000002,2867.1846221643414,-2.7443018232823313,100.0,14.999955984582222,0.03633814243963348,0.0
186.20000000000002,2868.711313403025,-2.7406033375167955,100.0,14.999955984582224,0.03633814243963605,0.0
186.3,2870.237868257326,-2.736905182149237,100.0,14.999955984582222,0.0363381424396385,0.0
186.4,2871.7642872741203,-2.7332073558548236,100.0,14.999955984582224,0.03633814243964089,0.0
186.5,2873.290570998089,-2.7295098573140346,100.0,14.999955984582224,0.036338142439643194,0.0
186.60000000000002,2874.8167199717313,-2.7258126852126408,100.0,14.999955984582222,0.036338142439645414,0.0
186.70000000000002,2876.34273473537,-2.7221158382416824,100.0,14.999955984582222,0.03633814243964754,0.0
186.8,2877.8686158271616,-2.718419315097449,100.0,14.999955984582222,0.036338142439649564,0.0
186.9,2879.3943637831044,-2.7147231144814574,100.0,14.999955984582224,0.036338142439651513,0.0
187.0,2880.919979137048,-2.711027235100431,100.0,14.999955984582224,0.036338142439653366,0.0
187.10000000000002,2882.4454624207006,-2.7073316756662793,100.0,14.999955984582222,0.03633814243965515,0.0
187.20000000000002,2883.9708141636393,-2.7036364348960764,100.0,14.999955984582222,0.036338142439656856,0.0
187.3,2885.496034893317,-2.699941511512041,100.0,14.999955984582224,0.036338142439658515,0.0
187.4,2887.021125135071,-2.6962469042415154,100.0,14.999955984582222,0.03633814243966012,0.0
187.5,2888.546085412134,-2.6925526118169447,100.0,14.999955984582222,0.03633814243966164,0.0
187.60000000000002,2890.0709162456387,-2.6888586329758573,100.0,14.999955984582224,0.036338142439663074,0.0
187.70000000000002,2891.59561815463,-2.685164966460843,100.0,14.999955984582224,0.03633814243966443,0.0
187.8,2893.1201916560694,-2.6814716110195342,100.0,14.999955984582224,0.03633814243966572,0.0
187.9,2894.6446372648475,-2.677778565404585,100.0,14.999955984582222,0.036338142439666946,0.0
188.0,2896.168955493789,-2.674085828373651,100.0,14.999955984582222,0.03633814243966812,0.0
188.10000000000002,2897.6931468536623,-2.6703933986893693,100.0,14.999955984582222,0.03633814243966925,0.0
188.20000000000002,2899.2172118531885,-2.666701275119339,100.0,14.999955984582224,0.03633814243967032,0.0
188.3,2900.7411509990484,-2.6630094564361,100.0,14.999955984582222,0.03633814243967133,0.0
188.4,2902.2649647958906,-2.6593179414171155,100.0,14.999955984582222,0.03633814243967231,0.0
188.5,2903.7886537463414,-2.6556267288447493,100.0,14.999955984582224,0.036338142439673204,0.0
188.60000000000002,2905.3122183510104,-2.6519358175062484,100.0,14.999955984582224,0.03633814243967402,0.0
188.70000000000002,2906.8356591085007,-2.6482452061937227,100.0,14.999955984582224,0.036338142439674787,0.0
188.8,2908.3589765154156,-2.6445548937041257,100.0,14.999955984582224,0.036338142439675494,0.0
188.9,2909.8821710663674,-2.6408648788392344,100.0,14.999955984582224,0.03633814243967614,0.0
189.0,2911.4052432539847,-2.637175160405631,100.0,14.999955984582224,0.036338142439676716,0.0
189.10000000000002,2912.9281935689214,-2.6334857372146825,100.0,14.999955984582222,0.036338142439677236,0.0
189.20000000000002,2914.4510224998635,-2.629796608082523,100.0,14.999955984582224,0.03633814243967771,0.0
189.3,2915.9737305335375,-2.626107771830032,100.0,14.999955984582222,0.036338142439678124,0.0
189.4,2917.4963181547187,-2.622419227282819,100.0,14.999955984582224,0.03633814243967849,0.0
189.5,2919.0187858462377,-2.6187309732712016,100.0,14.999955984582222,0.03633814243967883,0.0
189.60000000000002,2920.5411340889896,-2.6150430086301872,100.0,14.999955984582224,0.036338142439679144,0.0
189.70000000000002,2922.063363361941,-2.6113553321994556,100.0,14.999955984582222,0.03633814243967941,0.0
189.8,2923.585474142138,-2.6076679428233387,100.0,14.999955984582222,0.03633814243967963,0.0
189.9,2925.107466904714,-2.603980839350802,100.0,14.999955984582222,0.036338142439679824,0.0
190.0,2926.629342122897,-2.6002940206354275,100.0,14.999955984582222,0.036338142439679956,0.0
190.10000000000002,2928.1511002680177,-2.596607485535393,100.0,14.999955984582222,0.03633814243968005,0.0
190.20000000000002,2929.6727418095165,-2.5929212329134557,100.0,14.999955984582224,0.03633814243968014,0.0
190.3,2931.1942672149517,-2.589235261636932,100.0,14.999955984582222,0.03633814243968022,0.0
190.4,2932.715676950006,-2.5855495705776814,100.0,14.999955984582222,0.036338142439680275,0.0
190.5,2934.2369714784963,-2.5818641586120856,100.0,14.999955984582222,0.036338142439680296,0.0
190.60000000000002,2935.7581512623788,-2.5781790246210328,100.0,14.999955984582222,0.036338142439680275,0.0
190.70000000000002,2937.279216761757,-2.574494167489898,100.0,14.999955984582224,0.03633814243968023,0.0
190.8,2938.8001684348906,-2.5708095861085263,100.0,14.999955984582224,0.03633814243968018,0.0
190.9,2940.3210067382,-2.567125279371214,100.0,14.999955984582224,0.03633814243968011,0.0
191.0,2941.8417321262773,-2.5634412461766907,100.0,14.999955984582222,0.03633814243968003,0.0
191.10000000000002,2943.3623450518908,-2.5597574854281024,100.0,14.999955984582222,0.03633814243967991,0.0
191.20000000000002,2944.882845965993,-2.556073996032993,100.0,14.999955984582224,0.03633814243967982,0.0
191.3,2946.4032353177295,-2.552390776903287,100.0,14.999955984582222,0.03633814243967967,0.0
191.4,2947.923513554443,-2.5487078269552716,100.0,14.999955984582224,0.03633814243967955,0.0
191.5,2949.443681121684,-2.5450251451095802,100.0,14.999955984582224,0.0363381424396794,0.0
191.60000000000002,2950.9637384632165,-2.5413427302911735,100.0,14.999955984582222,0.03633814243967923,0.0
191.70000000000002,2952.4836860210235,-2.5376605814293236,100.0,14.999955984582222,0.03633814243967907,0.0
191.8,2954.003524235317,-2.533978697457595,100.0,14.999955984582222,0.03633814243967892,0.0
191.9,2955.5232535445434,-2.5302970773138296,100.0,14.999955984582224,0.03633814243967876,0.0
192.0,2957.0428743853918,-2.5266157199401276,100.0,14.999955984582224,0.03633814243967858,0.0
192.10000000000002,2958.562387192799,-2.5229346242828314,100.0,14.999955984582222,0.03633814243967838,0.0
192.20000000000002,2960.081792399959,-2.519253789292508,100.0,14.999955984582222,0.03633814243967821,0.0
192.3,2961.6010904383274,-2.5155732139239335,100.0,14.999955984582222,0.03633814243967804,0.0
192.4,2963.120281737631,-2.511892897136074,100.0,14.999955984582224,0.03633814243967788,0.0
192.5,2964.639366725873,-2.50821283789207,100.0,14.999955984582224,0.03633814243967772,0.0
192.60000000000002,2966.1583458293403,-2.50453303515922,100.0,14.999955984582222,0.03633814243967755,0.0
192.70000000000002,2967.677219472611,-2.5008534879089637,100.0,14.999955984582224,0.03633814243967736,0.0
192.8,2969.19598807856,-2.4971741951168647,100.0,14.999955984582224,0.03633814243967717,0.0
192.9,2970.7146520683664,-2.4934951557625946,100.0,14.999955984582224,0.036338142439677,0.0
193.0,2972.2332118615213,-2.489816368829916,100.0,14.999955984582222,0.036338142439676854,0.0
193.10000000000002,2973.7516678758334,-2.486137833306667,100.0,14.999955984582222,0.036338142439676695,0.0
193.20000000000002,2975.270020527436,-2.4824595481847433,100.0,14.999955984582224,0.03633814243967652,0.0
193.3,2976.788270230794,-2.4787815124600843,100.0,14.999955984582224,0.036338142439676334,0.0
193.4,2978.3064173987095,-2.475103725132654,100.0,14.999955984582222,0.036338142439676174,0.0
193.5,2979.8244624423305,-2.4714261852064277,100.0,14.999955984582224,0.03633814243967604,0.0
193.60000000000002,2981.3424057711554,-2.4677488916893733,100.0,14.999955984582222,0.036338142439675904,0.0
193.70000000000002,2982.8602477930417,-2.464071843593438,100.0,14.999955984582224,0.03633814243967575,0.0
193.8,2984.37798891421,-2.460395039934529,100.0,14.999955984582222,0.03633814243967562,0.0
193.9,2985.895629539254,-2.4567184797325017,100.0,14.999955984582224,0.03633814243967548,0.0
194.0,2987.413170071143,-2.45304216201114,100.0,14.999955984582224,0.03633814243967534,0.0
194.10000000000002,2988.9306109112317,-2.449366085798143,100.0,14.999955984582224,0.036338142439675224,0.0
194.20000000000002,2990.4479524592653,-2.445690250125109,100.0,14.999955984582222,0.036338142439675085,0.0
194.3,2991.9651951133856,-2.442014654027518,100.0,14.999955984582222,0.03633814243967498,0.0
194.4,2993.4823392701383,-2.438339296544718,100.0,14.999955984582222,0.036338142439674884,0.0
194.5,2994.999385324479,-2.4346641767199104,100.0,14.999955984582224,0.03633814243967479,0.0
194.60000000000002,2996.5163336697797,-2.4309892936001316,100.0,14.999955984582222,0.036338142439674696,0.0
194.70000000000002,2998.0331846978347,-2.42731464623624,100.0,14.999955984582224,0.03633814243967459,0.0
194.8,2999.549938798868,-2.4236402336828995,100.0,14.999955984582224,0.03633814243967449,0.0
194.9,3001.066596361538,-2.419966054998565,100.0,14.999955984582224,0.036338142439674384,0.0
195.0,3002.583157772945,-2.416292109245466,100.0,14.999955984582224,0.03633814243967427,0.0
195.10000000000002,3004.0996234186377,-2.412618395489593,100.0,14.999955984582222,0.03633814243967417,0.0
195.20000000000002,3005.615993682618,-2.4089449128006817,100.0,14.999955984582224,0.03633814243967408,0.0
195.3,3007.1322689473477,-2.4052716602521977,100.0,14.999955984582225,0.03633814243967401,0.0
195.4,3008.6484495937566,-2.4015986369213222,100.0,14.999955984582222,0.0363381424396739,0.0
195.5,3010.1645360012453,-2.397925841888936,100.0,14.999955984582224,0.03633814243967383,0.0
195.60000000000002,3011.6805285476944,-2.3942532742396065,100.0,14.999955984582224,0.03633814243967375,0.0
195.70000000000002,3013.196427609468,-2.390580933061571,100.0,14.999955984582224,0.036338142439673676,0.0
195.8,3014.7122335614226,-2.386908817446723,100.0,14.999955984582224,0.03633814243967362,0.0
195.9,3016.22794677691,-2.383236926490597,100.0,14.999955984582222,0.03633814243967358,0.0
196.0,3017.743567627786,-2.379565259292354,100.0,14.99995598458222,0.036338142439673524,0.0
196.10000000000002,3019.259096484415,-2.375893814954769,100.0,14.999955984582222,0.036338142439673475,0.0
196.20000000000002,3020.774533715676,-2.3722225925842126,100.0,14.999955984582224,0.03633814243967342,0.0
196.3,3022.28987968897,-2.36855159129064,100.0,14.999955984582222,0.03633814243967336,0.0
196.4,3023.805134770223,-2.3648808101875747,100.0,14.999955984582222,0.0363381424396733,0.0
196.5,3025.3202993238956,-2.3612102483920947,100.0,14.999955984582224,0.036338142439673246,0.0
196.60000000000002,3026.8353737129855,-2.3575399050248187,100.0,14.999955984582224,0.03633814243967321,0.0
196.70000000000002,3028.3503582990356,-2.3538697792098913,100.0,14.999955984582222,0.03633814243967319,0.0
196.8,3029.8652534421385,-2.3501998700749693,100.0,14.999955984582225,0.03633814243967319,0.0
196.9,3031.380059500944,-2.3465301767512075,100.0,14.999955984582222,0.03633814243967317,0.0
197.0,3032.894776832662,-2.342860698373244,100.0,14.999955984582224,0.03633814243967318,0.0
197.10000000000002,3034.4094057930724,-2.339191434079188,100.0,14.999955984582224,0.036338142439673156,0.0
197.20000000000002,3035.9239467365264,-2.3355223830106038,100.0,14.999955984582222,0.03633814243967315,0.0
197.3,3037.4384000159553,-2.3318535443124975,100.0,14.999955984582222,0.03633814243967315,0.0
197.4,3038.9527659828755,-2.3281849171333047,100.0,14.999955984582222,0.03633814243967311,0.0
197.5,3040.467044987393,-2.324516500624875,100.0,14.999955984582222,0.036338142439673086,0.0
197.60000000000002,3041.98123737821,-2.320848293942459,100.0,14.999955984582222,0.036338142439673066,0.0
197.70000000000002,3043.495343502632,-2.3171802962446946,100.0,14.999955984582222,0.03633814243967304,0.0
197.8,3045.0093637065697,-2.313512506693593,100.0,14.99995598458222,0.03633814243967301,0.0
197.9,3046.523298334548,-2.3098449244545263,100.0,14.999955984582222,0.036338142439673,0.0
198.0,3048.037147729711,-2.306177548696213,100.0,14.99995598458222,0.036338142439672975,0.0
198.10000000000002,3049.5509122338244,-2.3025103785907044,100.0,14.999955984582224,0.036338142439672975,0.0
198.20000000000002,3051.064592187286,-2.298843413313372,100.0,14.999955984582222,0.03633814243967296,0.0
198.3,3052.578187929128,-2.295176652042895,100.0,14.999955984582222,0.03633814243967295,0.0
198.4,3054.091699797022,-2.291510093961244,100.0,14.999955984582222,0.03633814243967295,0.0
198.5,3055.6051281272876,-2.287843738253671,100.0,14.999955984582222,0.03633814243967292,0.0
198.60000000000002,3057.1184732548936,-2.284177584108695,100.0,14.999955984582222,0.03633814243967292,0.0
198.70000000000002,3058.6317355134674,-2.280511630718088,100.0,14.999955984582222,0.036338142439672906,0.0
198.8,3060.1449152352975,-2.2768458772768643,100.0,14.999955984582222,0.03633814243967291,0.0
198.9,3061.6580127513407,-2.273180322983264,100.0,14.999955984582222,0.0363381424396729,0.0
199.0,3063.1710283912266,-2.2695149670387442,100.0,14.999955984582224,0.036338142439672885,0.0
199.10000000000002,3064.683962483263,-2.2658498086479626,100.0,14.999955984582224,0.03633814243967288,0.0
199.20000000000002,3066.1968153544403,-2.2621848470187667,100.0,14.999955984582224,0.036338142439672864,0.0
199.3,3067.7095873304397,-2.25852008136218,100.0,14.999955984582222,0.036338142439672844,0.0
199.4,3069.222278735635,-2.2548555108923902,100.0,14.999955984582224,0.03633814243967283,0.0
199.5,3070.7348898930995,-2.2511911348267355,100.0,14.999955984582222,0.03633814243967283,0.0
199.60000000000002,3072.2474211246113,-2.2475269523856922,100.0,14.999955984582224,0.03633814243967286,0.0
199.70000000000002,3073.759872750658,-2.2438629627928632,100.0,14.999955984582222,0.036338142439672864,0.0
199.8,3075.2722450904425,-2.2401991652749635,100.0,14.999955984582222,0.03633814243967287,0.0
199.9,3076.7845384618877,-2.23653555906181,100.0,14.999955984582224,0.03633814243967287,0.0
200.0,3078.296753181641,-2.2328721433863072,100.0,14.999955984582224,0.03633814243967287,0.0
200.10000000000002,3079.8088895650812,-2.2292089174844354,100.0,14.999955984582222,0.03633814243967288,0.0
200.20000000000002,3081.3209476138322,-2.2255458813522595,100.0,14.999955984582222,0.03633814243967289,0.0
200.3,3082.832927191069,-2.221883035321246,100.0,14.999955984582222,0.036338142439672885,0.0
200.4,3084.3448283696325,-2.218220379214933,100.0,14.999955984582222,0.03633814243967287,0.0
200.5,3085.856651125574,-2.214557913091338,100.0,14.999955984582224,0.036338142439672864,0.0
200.60000000000002,3087.368394964905,-2.2108956381471745,100.0,14.999955984582222,0.03633814243967283,0.0
200.70000000000002,3088.8800598483485,-2.20723355447759,100.0,14.999955984582222,0.03633814243967282,0.0
200.8,3090.3916457379096,-2.2035716621746304,100.0,14.999955984582222,0.036338142439672816,0.0
200.9,3091.9031525968644,-2.1999099613272617,100.0,14.999955984582224,0.0363381424396728,0.0
201.0,3093.41458038975,-2.196248452021394,100.0,14.999955984582222,0.03633814243967279,0.0
201.10000000000002,3094.925929082355,-2.1925871343399046,100.0,14.999955984582222,0.03633814243967279,0.0
201.20000000000002,3096.437198641712,-2.1889260083626625,100.0,14.999955984582222,0.03633814243967277,0.0
201.3,3097.948389036084,-2.185265074166549,100.0,14.999955984582224,0.036338142439672746,0.0
201.4,3099.4595002349583,-2.181604331825483,100.0,14.999955984582222,0.03633814243967273,0.0
201.5,3100.9705322090367,-2.177943781410442,100.0,14.999955984582222,0.03633814243967272,0.0
201.60000000000002,3102.4814849302247,-2.174283422989486,100.0,14.999955984582222,0.036338142439672705,0.0
201.70000000000002,3103.992358371623,-2.1706232566277794,100.0,14.999955984582222,0.036338142439672705,0.0
201.8,3105.503152507519,-2.166963282387613,100.0,14.999955984582222,0.03633814243967272,0.0
201.9,3107.0138673133765,-2.1633035003284258,100.0,14.999955984582222,0.036338142439672746,0.0
202.0,3108.5245027658275,-2.1596439105068286,100.0,14.999955984582222,0.03633814243967277,0.0
202.10000000000002,3110.0350588426622,-2.155984512976625,100.0,14.999955984582224,0.03633814243967279,0.0
202.20000000000002,3111.545535522822,-2.1523253077888325,100.0,14.999955984582224,0.03633814243967278,0.0
202.3,3113.055932786387,-2.1486662949917053,100.0,14.999955984582224,0.03633814243967279,0.0
202.4,3114.566250614572,-2.145007474630755,100.0,14.999955984582222,0.036338142439672774,0.0
202.5,3116.0764889897123,-2.1413488467487714,100.0,14.999955984582224,0.03633814243967278,0.0
202.60000000000002,3117.58664789526,-2.1376904113858455,100.0,14.999955984582222,0.036338142439672774,0.0
202.70000000000002,3119.096727315771,-2.134032168579389,100.0,14.999955984582222,0.03633814243967276,0.0
202.8,3120.6067272369005,-2.1303741183641556,100.0,14.999955984582224,0.036338142439672746,0.0
202.9,3122.1166476453905,-2.1267162607722616,100.0,14.999955984582222,0.03633814243967272,0.0
203.0,3123.626488529064,-2.123058595833207,100.0,14.999955984582222,0.036338142439672705,0.0
203.10000000000002,3125.136249876815,-2.1194011235738963,100.0,14.999955984582224,0.036338142439672684,0.0
203.20000000000002,3126.6459316786013,-2.115743844018658,100.0,14.999955984582224,0.03633814243967266,0.0
203.3,3128.155533925435,-2.1120867571892648,100.0,14.999955984582222,0.03633814243967265,0.0
203.4,3129.665056609375,-2.1084298631049547,100.0,14.999955984582222,0.036338142439672656,0.0
203.5,3131.1744997235182,-2.1047731617824508,100.0,14.999955984582224,0.03633814243967264,0.0
203.60000000000002,3132.683863261992,-2.1011166532359806,100.0,14.999955984582224,0.036338142439672635,0.0
203.70000000000002,3134.193147219945,-2.0974603374772958,100.0,14.999955984582222,0.03633814243967263,0.0
203.8,3135.70235159354,-2.093804214515692,100.0,14.999955984582222,0.03633814243967262,0.0
203.9,3137.2114763799455,-2.090148284358029,100.0,14.999955984582222,0.03633814243967261,0.0
204.0,3138.7205215773283,-2.0864925470087483,100.0,14.999955984582222,0.03633814243967257,0.0
204.10000000000002,3140.2294871848444,-2.082837002469895,100.0,14.999955984582222,0.03633814243967256,0.0
204.20000000000002,3141.7383732026315,-2.0791816507411345,100.0,14.999955984582224,0.03633814243967256,0.0
204.3,3143.247179631802,-2.075526491819772,100.0,14.999955984582222,0.03633814243967255,0.0
204.4,3144.755906474434,-2.0718715257007725,100.0,14.999955984582222,0.03633814243967254,0.0
204.5,3146.264553733565,-2.0682167523767787,100.0,14.999955984582222,0.036338142439672524,0.0
204.60000000000002,3147.773121413183,-2.0645621718381295,100.0,14.999955984582222,0.03633814243967251,0.0
204.70000000000002,3149.2816095182193,-2.060907784072879,100.0,14.999955984582224,0.036338142439672476,0.0
204.8,3150.7900180545403,-2.0572535890668138,100.0,14.999955984582222,0.036338142439672434,0.0
204.9,3152.2983470289414,-2.0535995868034735,100.0,14.999955984582222,0.03633814243967239,0.0
205.0,3153.806596449138,-2.049945777264166,100.0,14.999955984582224,0.03633814243967237,0.0
205.10000000000002,3155.3147663237587,-2.046292160427988,100.0,14.999955984582224,0.03633814243967234,0.0
205.20000000000002,3156.822856662339,-2.0426387362718414,100.0,14.999955984582222,0.036338142439672295,0.0
205.3,3158.3308674753107,-2.0389855047704515,100.0,14.999955984582224,0.03633814243967228,0.0
205.4,3159.838798773999,-2.0353324658963845,100.0,14.999955984582222,0.036338142439672254,0.0
205.5,3161.3466505706115,-2.031679619620066,100.0,14.999955984582224,0.03633814243967224,0.0
205.60000000000002,3162.8544228782334,-2.028026965909797,100.0,14.999955984582222,0.03633814243967222,0.0
205.70000000000002,3164.3621157108187,-2.0243745047317727,100.0,14.999955984582222,0.03633814243967222,0.0
205.8,3165.869729083184,-2.0207222360500987,100.0,14.999955984582224,0.036338142439672226,0.0
205.9,3167.3772630110025,-2.017070159826808,100.0,14.999955984582224,0.03633814243967222,0.0
206.0,3168.884717510794,-2.0134182760218793,100.0,14.999955984582224,0.03633814243967221,0.0
206.10000000000002,3170.39209259992,-2.009766584593252,100.0,14.999955984582222,0.03633814243967222,0.0
206.20000000000002,3171.8993882965774,-2.006115085496845,100.0,14.999955984582224,0.036338142439672205,0.0
206.3,3173.40660461979,-2.0024637786865718,100.0,14.999955984582222,0.036338142439672184,0.0
206.4,3174.9137415894024,-1.9988126641143575,100.0,14.999955984582224,0.03633814243967216,0.0
206.5,3176.4207992260735,-1.995161741730156,100.0,14.999955984582222,0.036338142439672115,0.0
206.60000000000002,3177.9277775512687,-1.991511011481965,100.0,14.999955984582224,0.03633814243967208,0.0
206.70000000000002,3179.4346765872547,-1.9878604733158436,100.0,14.999955984582222,0.03633814243967203,0.0
206.8,3180.941496357091,-1.9842101271759276,100.0,14.999955984582222,0.036338142439672,0.0
206.9,3182.4482368846257,-1.9805599730044456,100.0,14.999955984582222,0.03633814243967199,0.0
207.0,3183.954898194486,-1.9769100107417354,100.0,14.999955984582222,0.03633814243967198,0.0
207.10000000000002,3185.461480312074,-1.9732602403262594,100.0,14.999955984582222,0.03633814243967199,0.0
207.20000000000002,3186.9679832635593,-1.96961066169462,100.0,14.999955984582222,0.03633814243967201,0.0
207.3,3188.474407075873,-1.9659612747815762,100.0,14.999955984582224,0.03633814243967203,0.0
207.4,3189.9807517767003,-1.9623120795200584,100.0,14.999955984582224,0.03633814243967205,0.0
207.5,3191.4870173944755,-1.9586630758411838,100.0,14.999955984582222,0.03633814243967206,0.0
207.60000000000002,3192.9932039583746,-1.9550142636742722,100.0,14.999955984582224,0.03633814243967207,0.0
207.70000000000002,3194.499311498309,-1.9513656429468607,100.0,14.999955984582222,0.03633814243967208,0.0
207.8,3196.0053400449206,-1.9477172135847187,100.0,14.999955984582222,0.03633814243967207,0.0
207.9,3197.511289629574,-1.9440689755118639,100.0,14.999955984582222,0.036338142439672066,0.0
208.0,3199.017160284351,-1.940420928650576,100.0,14.99995598458222,0.03633814243967207,0.0
208.10000000000002,3200.522952042045,-1.9367730729214123,100.0,14.999955984582222,0.03633814243967209,0.0
208.20000000000002,3202.0286649361533,-1.933125408243222,100.0,14.999955984582222,0.03633814243967209,0.0
208.3,3203.5342990008735,-1.9294779345331614,100.0,14.999955984582224,0.03633814243967209,0.0
208.4,3205.0398542710955,-1.9258306517067076,100.0,14.999955984582222,0.036338142439672066,0.0
208.5,3206.5453307823964,-1.9221835596776735,100.0,14.999955984582224,0.03633814243967205,0.0
208.60000000000002,3208.050728571034,-1.918536658358222,100.0,14.999955984582224,0.03633814243967203,0.0
208.70000000000002,3209.556047673942,-1.91488994765888,100.0,14.999955984582224,0.03633814243967202,0.0
208.8,3211.061288128723,-1.9112434274885537,100.0,14.999955984582222,0.036338142439672,0.0
208.9,3212.566449973643,-1.9075970977545407,100.0,14.999955984582222,0.036338142439671976,0.0
209.0,3214.0715332476266,-1.9039509583625454,100.0,14.999955984582222,0.036338142439671955,0.0
209.10000000000002,3215.5765379902496,-1.9003050092166927,100.0,14.999955984582224,0.036338142439671935,0.0
209.20000000000002,3217.0814642417345,-1.8966592502195412,100.0,14.999955984582222,0.03633814243967191,0.0
209.3,3218.586312042945,-1.8930136812720977,100.0,14.999955984582222,0.036338142439671886,0.0
209.4,3220.0910814353792,-1.88936830227383,100.0,14.999955984582224,0.036338142439671865,0.0
209.5,3221.5957724611653,-1.8857231131226808,100.0,14.999955984582222,0.03633814243967184,0.0
209.60000000000002,3223.1003851630553,-1.8820781137150815,100.0,14.999955984582224,0.036338142439671824,0.0
209.70000000000002,3224.60491958442,-1.8784333039459646,100.0,14.999955984582222,0.03633814243967181,0.0
209.8,3226.109375769242,-1.8747886837087777,100.0,14.999955984582222,0.0363381424396718,0.0
209.9,3227.6137537621134,-1.8711442528954965,100.0,14.999955984582222,0.03633814243967179,0.0
210.0,3229.1180536082275,-1.8675000113966378,100.0,14.999955984582222,0.03633814243967177,0.0
210.10000000000002,3230.6222753533743,-1.8638559591012724,100.0,14.999955984582224,0.036338142439671754,0.0
210.20000000000002,3232.1264190439356,-1.8602120958970383,100.0,14.999955984582224,0.036338142439671754,0.0
210.3,3233.6304847268793,-1.8565684216701528,100.0,14.999955984582224,0.036338142439671754,0.0
210.4,3235.134472449755,-1.8529249363054263,100.0,14.999955984582224,0.03633814243967174,0.0
210.5,3236.6383822606867,-1.8492816396862741,100.0,14.999955984582222,0.036338142439671726,0.0
210.60000000000002,3238.14221420837,-1.8456385316947292,100.0,14.999955984582222,0.03633814243967173,0.0
210.70000000000002,3239.645968342066,-1.841995612211455,100.0,14.999955984582224,0.03633814243967173,0.0
210.8,3241.149644711596,-1.838352881115757,100.0,14.999955984582222,0.036338142439671726,0.0
210.9,3242.6532433673356,-1.8347103382855963,100.0,14.999955984582222,0.03633814243967173,0.0
211.0,3244.1567643602116,-1.8310679835976007,100.0,14.999955984582224,0.036338142439671754,0.0
211.10000000000002,3245.660207741696,-1.8274258169270776,100.0,14.999955984582224,0.03633814243967177,0.0
211.20000000000002,3247.1635735638006,-1.8237838381480256,100.0,14.999955984582222,0.03633814243967178,0.0
211.3,3248.6668618790723,-1.8201420471331464,100.0,14.999955984582224,0.03633814243967182,0.0
211.4,3250.1700727405887,-1.8165004437538572,100.0,14.999955984582222,0.036338142439671844,0.0
211.5,3251.673206201953,-1.8128590278803025,100.0,14.999955984582222,0.03633814243967188,0.0
211.60000000000002,3253.176262317288,-1.8092177993813652,100.0,14.999955984582222,0.03633814243967192,0.0
211.70000000000002,3254.6792411412334,-1.8055767581246789,100.0,14.999955984582222,0.036338142439671976,0.0
211.8,3256.1821427289397,-1.8019359039766394,100.0,14.999955984582222,0.03633814243967202,0.0
211.9,3257.6849671360633,-1.7982952368024159,100.0,14.999955984582224,0.03633814243967207,0.0
212.0,3259.187714418762,-1.7946547564659627,100.0,14.999955984582222,0.036338142439672136,0.0
212.10000000000002,3260.690384633691,-1.7910144628300309,100.0,14.999955984582224,0.0363381424396722,0.0
212.20000000000002,3262.1929778379968,-1.7873743557561788,100.0,14.999955984582222,0.03633814243967226,0.0
212.3,3263.6954940893143,-1.7837344351047837,100.0,14.999955984582224,0.036338142439672344,0.0
212.4,3265.197933445761,-1.7800947007350532,100.0,14.999955984582224,0.03633814243967242,0.0
212.5,3266.7002959659326,-1.7764551525050358,100.0,14.999955984582222,0.03633814243967248,0.0
212.60000000000002,3268.2025817088993,-1.7728157902716322,100.0,14.999955984582222,0.036338142439672545,0.0
212.70000000000002,3269.7047907341994,-1.769176613890606,100.0,14.999955984582222,0.036338142439672615,0.0
212.8,3271.206923101837,-1.765537623216595,100.0,14.999955984582222,0.03633814243967266,0.0
212.9,3272.7089788722774,-1.761898818103121,100.0,14.999955984582224,0.03633814243967271,0.0
213.0,3274.2109581064396,-1.7582601984026016,100.0,14.999955984582224,0.03633814243967276,0.0
213.10000000000002,3275.7128608656963,-1.7546217639663604,100.0,14.999955984582222,0.036338142439672795,0.0
213.20000000000002,3277.2146872118665,-1.750983514644637,100.0,14.999955984582224,0.03633814243967283,0.0
213.3,3278.7164372072125,-1.7473454502865986,100.0,14.999955984582222,0.036338142439672844,0.0
213.4,3280.218110914435,-1.7437075707403493,100.0,14.999955984582222,0.03633814243967288,0.0
213.5,3281.7197083966685,-1.7400698758529414,100.0,14.999955984582224,0.03633814243967293,0.0
213.60000000000002,3283.2212297174788,-1.7364323654703846,100.0,14.999955984582222,0.036338142439672955,0.0
213.70000000000002,3284.722674940857,-1.7327950394376572,100.0,14.999955984582222,0.03633814243967298,0.0
213.8,3286.224044131216,-1.7291578975987159,100.0,14.999955984582224,0.036338142439673,0.0
213.9,3287.7253373533863,-1.7255209397965057,100.0,14.999955984582224,0.03633814243967303,0.0
214.0,3289.2265546726117,-1.7218841658729698,100.0,14.999955984582222,0.03633814243967306,0.0
214.10000000000002,3290.7276961545454,-1.71824757566906,100.0,14.999955984582224,0.036338142439673086,0.0
214.20000000000002,3292.228761865246,-1.7146111690247463,100.0,14.999955984582222,0.03633814243967311,0.0
214.3,3293.729751871173,-1.7109749457790264,100.0,14.999955984582224,0.03633814243967313,0.0
214.4,3295.230666239184,-1.7073389057699362,100.0,14.999955984582224,0.036338142439673135,0.0
214.5,3296.7315050365287,-1.7037030488345584,100.0,14.999955984582222,0.03633814243967313,0.0
214.60000000000002,3298.232268330847,-1.7000673748090331,100.0,14.999955984582224,0.03633814243967312,0.0
214.70000000000002,3299.7329561901633,-1.696431883528567,100.0,14.999955984582224,0.03633814243967313,0.0
214.8,3301.233568682884,-1.6927965748274423,100.0,14.999955984582222,0.03633814243967314,0.0
214.9,3302.734105877793,-1.689161448539027,100.0,14.999955984582222,0.03633814243967316,0.0
215.0,3304.2345678440474,-1.6855265044957837,100.0,14.999955984582224,0.03633814243967317,0.0
215.10000000000002,3305.734954651175,-1.681891742529279,100.0,14.999955984582224,0.03633814243967316,0.0
215.20000000000002,3307.235266369069,-1.6782571624701927,100.0,14.999955984582222,0.03633814243967318,0.0
215.3,3308.7355030679846,-1.6746227641483271,100.0,14.999955984582222,0.036338142439673204,0.0
215.4,3310.2356648185364,-1.670988547392616,100.0,14.999955984582224,0.03633814243967322,0.0
215.5,3311.735751691693,-1.6673545120311335,100.0,14.999955984582222,0.036338142439673225,0.0
215.60000000000002,3313.235763758775,-1.663720657891103,100.0,14.999955984582224,0.036338142439673246,0.0
215.70000000000002,3314.7357010914498,-1.6600869847989068,100.0,14.999955984582224,0.03633814243967326,0.0
215.8,3316.235563761728,-1.656453492580094,100.0,14.999515153226707,0.036337074503700335,0.0
215.9,3317.7353092161893,-1.6528202843224502,100.0,14.99762048676923,0.03633248457959137,0.0
216.0,3319.234797119791,-1.6491876999946264,100.0,14.99437367934558,0.03632461902646868,0.0
216.10000000000002,3320.733897529146,-1.645556054390966,100.0,14.9898806706207,0.03631373448846102,0.0
216.20000000000002,3322.2324912612007,-1.6419256362383672,100.0,14.984250537027227,0.03630009520867352,0.0
216.3,3323.730470153276,-1.6382967075663226,100.0,14.977594428760623,0.036283970454005283,0.0
216.4,3325.227737219329,-1.634669503328365,100.0,14.970024558031405,0.036265632064139956,0.0
216.5,3326.724206707806,-1.6310442312619133,100.0,14.961653243318707,0.03624535213620218,0.0
216.60000000000002,3328.219804066897,-1.6274210719724527,100.0,14.952592013624345,0.03622340085476836,0.0
216.70000000000002,3329.7144658233524,-1.6238001792270977,100.0,14.94295077599705,0.03620004447515262,0.0
216.8,3331.2081393813355,-1.620181680441891,100.0,14.932837048887787,0.036175543466171654,0.0
216.9,3332.7007827479815,-1.616565677346644,100.0,14.922355263212804,0.03615015081693514,0.0
217.0,3334.1923641925096,-1.6129522468107584,100.0,14.911606132345979,0.0361241105106207,0.0
217.10000000000002,3335.68286184581,-1.609341441813244,100.0,14.900686091638455,0.03609765616668229,0.0
217.20000000000002,3337.1722632474693,-1.605733292540074,100.0,14.889686807475705,0.03607100985151634,0.0
217.3,3338.6605648471614,-1.6021278075920924,100.0,14.878694755330487,0.03604438105627399,0.0
217.4,3340.1477714672546,-1.5985249752868698,100.0,14.867790865759225,0.03601796583926973,0.0
217.5,3341.6338957333624,-1.5949247650382279,100.0,14.857050236818253,0.03599194612929525,0.0
217.60000000000002,3343.118957479378,-1.5913271287975683,100.0,14.846541910947726,0.03596648918510966,0.0
217.70000000000002,3344.6029831333335,-1.5877320025416652,100.0,14.836328713985196,0.035941747205441826,0.0
217.8,3346.0860050901565,-1.5841393077921886,100.0,14.826467153627739,0.035917857083009784,0.0
217.9,3347.5680610771296,-1.5805489531529113,100.0,14.817007374362028,0.03589494029533663,0.0
218.0,3349.049193517537,-1.5769608358513103,100.0,14.807993165624168,0.03587310292451808,0.0
218.10000000000002,3350.529448897646,-1.573374843272079,100.0,14.799462019736321,0.035852435797576854,0.0
218.20000000000002,3352.0088771418305,-1.5697908544709316,100.0,14.791445235992892,0.03583301473861667,0.0
218.3,3353.4875310002503,-1.5662087416579693,100.0,14.783968067134513,0.03581490092366279,0.0
218.4,3354.9654654531478,-1.5626283716408116,100.0,14.777049904352536,0.035798141328844596,0.0
218.5,3356.442737135405,-1.5590496072186268,100.0,14.770704496906692,0.03578276926243042,0.0
218.60000000000002,3357.9194037846373,-1.5554723085191586,100.0,14.764940202414753,0.035768804971166655,0.0
218.70000000000002,3359.3955237156856,-1.551896334271794,100.0,14.759760263880402,0.035756256311391676,0.0
218.8,3360.8711553239873,-1.548321543010669,100.0,14.75516310956495,0.035745119475490035,0.0
218.9,3362.346356619921,-1.5447477942027434,100.0,14.751142671875396,0.03573537976441468,0.0
219.0,3363.821184795837,-1.5411749492966949,100.0,14.747688721534397,0.03572701239723042,0.0
219.10000000000002,3365.295695827115,-1.5376028726893678,100.0,14.744787213414558,0.03571998334891474,0.0
219.20000000000002,3366.7699441082514,-1.5340314326073814,100.0,14.742420640557613,0.03571425020798699,0.0
219.3,3368.243982124611,-1.5304605019023154,100.0,14.740568393055518,0.035709763045915714,0.0
219.4,3369.717860160188,-1.5268899587586857,100.0,14.739207118643659,0.03570646529067372,0.0
219.5,3371.1916260413795,-1.523319687314656,100.0,14.738311082043296,0.03570429459726311,0.0
219.60000000000002,3372.665324916521,-1.5197495781961277,100.0,14.737852520289087,0.03570318370851392,0.0
219.70000000000002,3374.1389990706452,-1.5161795289654982,100.0,14.737801991484806,0.035703061299962244,0.0
219.8,3375.6126877746883,-1.5126094444869638,100.0,14.738128714645615,0.03570385280313518,0.0
219.9,3377.0864271681457,-1.509039237210792,100.0,14.73880089850469,0.03570548120210124,0.0
220.0,3378.5602501739763,-1.50546882737947,100.0,14.739786057384334,0.03570786779868398,0.0
220.10000000000002,3380.0341864443762,-1.5018981431590732,100.0,14.741051312455182,0.03571093294227731,0.0
220.20000000000002,3381.5082623358844,-1.4983271206995694,100.0,14.742563676929349,0.03571459672074032,0.0
220.3,3382.9825009121523,-1.4947557041281114,100.0,14.744290323953287,0.03571877960938099,0.0
220.4,3384.456921972592,-1.491183845479633,100.0,14.746198836181176,0.03572340307556021,0.0
220.5,3385.9315421050337,-1.48761150456929,100.0,14.748257436220246,0.03572839013695708,0.0
220.60000000000002,3387.4063747604378,-1.4840386488114574,100.0,14.750435197341389,0.03573366587202594,0.0
220.70000000000002,3388.8814303476784,-1.480465252990118,100.0,14.752702234044133,0.035739157881649476,0.0
220.8,3390.3567163463613,-1.4768912989855538,100.0,14.755029872249953,0.03574479670144052,0.0
220.9,3391.832237435639,-1.4733167754622833,100.0,14.757390799073946,0.03575051616457146,0.0
221.0,3393.307993515835,-1.4697416826617788,100.0,14.759716383436992,0.03575615000882582,0.0
221.10000000000002,3394.7839770517944,-1.4661660388383273,100.0,14.761926652269779,0.035761504495449514,0.0
221.20000000000002,3396.260172550045,-1.4625898815256417,100.0,14.763942656203733,0.035766388365654586,0.0
221.3,3397.7365567321403,-1.459013267116919,100.0,14.765687866272623,0.03577061622419865,0.0
221.4,3399.213098840695,-1.4554362701234622,100.0,14.767089429775007,0.03577401158177435,0.0
221.5,3400.6897610637175,-1.451858982146708,100.0,14.768079279750994,0.035776409542772225,0.0
221.60000000000002,3402.1664990624304,-1.4482815105995601,100.0,14.768595094796455,0.03577765913047856,0.0
221.70000000000002,3403.643262587529,-1.4447039772134682,100.0,14.768581108066577,0.03577762524692694,0.0
221.8,3405.119996168829,-1.4411265163677247,100.0,14.767988766291802,0.035776190269397184,0.0
221.9,3406.596639863417,-1.4375492732770294,100.0,14.766777241434443,0.03577325528992914,0.0
222.0,3408.073130047772,-1.4339724020725388,100.0,14.764913799243079,0.03576874100816406,0.0
222.10000000000002,3409.5494002398186,-1.430396063810401,100.0,14.76237403041122,0.03576258829133799,0.0
222.20000000000002,3411.025381937512,-1.4268204244402412,100.0,14.759141951311822,0.035754758418316275,0.0
222.3,3412.5010054613062,-1.423245652764239,100.0,14.755209982360894,0.03574523302717816,0.0
222.4,3413.976200788711,-1.4196719184153728,100.0,14.750578812963115,0.035734013788040905,0.0
222.5,3415.4508983700744,-1.4160993898811487,100.0,14.745257162713731,0.03572112182455944,0.0
222.60000000000002,3416.9250299157193,-1.4125282325967197,100.0,14.739261449079205,0.03570659690886613,0.0
222.70000000000002,3418.398529145615,-1.4089586071287685,100.0,14.732615372163119,0.03569049645564545,0.0
222.8,3419.871332493832,-1.405390667468936,100.0,14.725349427389656,0.03567289434158535,0.0
222.9,3421.3433797611115,-1.4018245594529324,100.0,14.717500357016027,0.03565387957663874,0.0
223.0,3422.814614709984,-1.3982604193188344,100.0,14.70911055132845,0.03563355485339091,0.0
223.10000000000002,3424.284985597938,-1.3946983724154616,100.0,14.700227410193023,0.035612035000384505,0.0
223.20000000000002,3425.7544456451915,-1.3911385320691705,100.0,14.69090267533799,0.03558944536454008,0.0
223.3,3427.222953434651,-1.3875809986149392,100.0,14.681191743347235,0.035565920146848486,0.0
223.4,3428.6904732425996,-1.3840258585952556,100.0,14.671152968860394,0.03554160071433835,0.0
223.5,3430.1569752995924,-1.380473184128087,100.0,14.660846966915182,0.035516633909965505,0.0
223.60000000000002,3431.622435981891,-1.3769230324431192,100.0,14.650335922743784,0.035491170380560336,0.0
223.70000000000002,3433.086837934573,-1.3733754455835185,100.0,14.639682916661837,0.03546536294133757,0.0
223.8,3434.550170128175,-1.3698304502687104,100.0,14.628951270974762,0.035439364993744275,0.0
223.9,3436.01242785139,-1.3662880579120722,100.0,14.618203925085819,0.035413329011627935,0.0
224.0,3437.4736126429125,-1.3627482647860392,100.0,14.607502844232492,0.03538740510887073,0.0
224.10000000000002,3438.933732166038,-1.3592110523258945,100.0,14.596908466513447,0.035361739699784865,0.0
224.20000000000002,3440.3928000300457,-1.3556763875624809,100.0,14.586479192106507,0.03533647426171751,0.0
224.3,3441.850835562744,-1.3521442236732162,100.0,14.576270917827822,0.03531174420749714,0.0
224.4,3443.307863538847,-1.3486145006401198,100.0,14.566336619451057,0.03528767787358097,0.0
224.5,3444.76391386904,-1.3450871460030607,100.0,14.55672598350033,0.035264395628054925,0.0
224.60000000000002,3446.2190212547507,-1.3415620756961,100.0,14.547485089557783,0.03524200910100784,0.0
224.70000000000002,3447.673224813688,-1.338039194954632,100.0,14.538656143491094,0.03522062053826184,0.0
224.8,3449.1265676812527,-1.3345183992809961,100.0,14.530277261413339,0.035200322278004306,0.0
224.9,3450.579096592845,-1.3309995754563504,100.0,14.5223823036392,0.035181196348538474,0.0
225.0,3452.0308614520227,-1.3274826025868347,100.0,14.515000757402431,0.03516331418416063,0.0
225.10000000000002,3453.481914889298,-1.3239673531724045,100.0,14.508157666650499,0.03514673645508415,0.0
225.20000000000002,3454.9323118161838,-1.3204536941871774,100.0,14.501873606834264,0.035131513006366265,0.0
225.3,3456.3821089788685,-1.3169414881606782,100.0,14.496164702265787,0.035117682899958154,0.0
225.4,3457.8313645156422,-1.3134305942499958,100.0,14.491042683323952,0.03510527455328846,0.0
225.5,3459.280137521914,-1.3099208692935507,100.0,14.486514980546138,0.03509430596720503,0.0
225.60000000000002,3460.7284876263516,-1.3064121688379184,100.0,14.482584852452483,0.03508478503563564,0.0
225.70000000000002,3462.1764745813525,-1.3029043481299318,100.0,14.479251543806768,0.03507670992898281,0.0
225.8,3463.624157870723,-1.299397263067099,100.0,14.476510470921621,0.035070069543035,0.0
225.9,3465.0715963370967,-1.2958907711002021,100.0,14.474353430563555,0.03506484400504945,0.0
226.0,3466.5188478312775,-1.2923847320827788,100.0,14.472768829002044,0.03506100522863496,0.0
226.10000000000002,3467.965968885355,-1.2888790090630209,100.0,14.471741927774746,0.035058517509130506,0.0
226.20000000000002,3469.4130144110864,-1.2853734690144516,100.0,14.471255102802747,0.03505733815132483,0.0
226.3,3470.8600374247276,-1.2818679835025455,100.0,14.471288113583888,0.03505741812159067,0.0
226.4,3472.307088799149,-1.2783624292852336,100.0,14.471818379314211,0.03505870271680278,0.0
226.5,3473.754217043788,-1.2748566888459814,100.0,14.472821258934584,0.035061132242764914,0.0
226.60000000000002,3475.201468112681,-1.2713506508588384,100.0,14.474270332267245,0.03506464269527706,0.0
226.70000000000002,3476.6488852405573,-1.2678442105855168,100.0,14.47613767959292,0.035069166437425026,0.0
226.8,3478.0965088067023,-1.2643372702051803,100.0,14.478394157218858,0.03507463286715774,0.0
226.9,3479.5443762260884,-1.260829739078189,100.0,14.481009666799334,0.035080969069729656,0.0
227.0,3480.9925218670396,-1.2573215339455628,100.0,14.48395341638885,0.035088100450115095,0.0
227.10000000000002,3482.4409769945105,-1.2538125790663877,100.0,14.487194171431595,0.03509595134104282,0.0
227.20000000000002,3483.889769737896,-1.250302806295799,100.0,14.490700494117212,0.035104445582847296,0.0
227.3,3485.3389250821383,-1.2467921551065277,100.0,14.494440969756884,0.03511350707187609,0.0
227.4,3486.788464880773,-1.2432805725572917,100.0,14.49838441905674,0.03512306027473276,0.0
227.5,3488.238407889461,-1.239768013211566,100.0,14.502500095382294,0.03513303070615986,0.0
227.60000000000002,3489.688769818465,-1.2362544390104548,100.0,14.506757866317121,0.035143345368873834,0.0
227.70000000000002,3491.1395634024757,-1.2327398191035344,100.0,14.511128379020649,0.03515393315415258,0.0
227.8,3492.5907984861497,-1.2292241296416317,100.0,14.515583209080031,0.03516472520243652,0.0
227.9,3494.0424821237025,-1.2257073535355578,100.0,14.520094992730826,0.035175655223639794,0.0
228.0,3495.4946186908924,-1.2221894801848203,100.0,14.524637542487659,0.03518665977727137,0.0
228.10000000000002,3496.947210007744,-1.2186705051803166,100.0,14.529185946379089,0.035197678512836346,0.0
228.20000000000002,3498.4002554703934,-1.2151504299849398,100.0,14.533716651121095,0.035208654371327974,0.0
228.3,3499.8537521904595,-1.2116292615959359,100.0,14.538207529687442,0.03521953374892024,0.0
228.4,3501.307695140422,-1.2081070121927244,100.0,14.542637933847336,0.0352302666242429,0.0
228.5,3502.762077303524,-1.204583698773748,100.0,14.546988732335373,0.03524080665085014,0.0
228.60000000000002,3504.2168898268087,-1.2010593427857383,100.0,14.551242335401442,0.03525111121669392,0.0
228.70000000000002,3505.672122175959,-1.1975339697486047,100.0,14.555382706555557,0.03526114147257641,0.0
228.8,3507.12776229071,-1.1940076088789402,100.0,14.559395362376408,0.03527086233168625,0.0
228.9,3508.583796739684,-1.190480292714928,100.0,14.563267361293747,0.0352802424424232,0.0
229.0,3510.04021087359,-1.1869520567452083,100.0,14.566987282282433,0.03528925413678353,0.0
229.10000000000002,3511.496988975827,-1.1834229390440294,100.0,14.570545194423394,0.03529787335661985,0.0
229.20000000000002,3512.954114409631,-1.1798929799147853,100.0,14.573932618291584,0.035306079560101566,0.0
229.3,3514.4115697609864,-1.1763622215437979,100.0,14.577142480127655,0.0353138556106934,0.0
229.4,3515.8693369766365,-1.1728307076659816,100.0,14.580169059735496,0.03532118765093461,0.0
229.5,3517.3273974966096,-1.1692984832437965,100.0,14.583007933026455,0.03532806496324949,0.0
229.60000000000002,3518.7857323807652,-1.1657655941606777,100.0,14.585655910101696,0.03533447981994883,0.0
229.70000000000002,3520.244322428965,-1.1622320869299199,100.0,14.58811096972863,0.03534042732449575,0.0
229.8,3521.7031482945426,-1.1586980084197875,100.0,14.590372191025976,0.035345905246009356,0.0
229.9,3523.162190590837,-1.155163405595436,100.0,14.592439683126505,0.03535091384886923,0.0
230.0,3524.6214299906183,-1.1516283252780442,100.0,14.594314513537247,0.035355455719164465,0.0
230.10000000000002,3526.080847318316,-1.14809281392139,100.0,14.595998635864458,0.03535953558960379,0.0
230.20000000000002,3527.54042363501,-1.1445569174059522,100.0,14.597494817516594,0.035363160164372374,0.0
230.3,3529.0001403162178,-1.1410206808504708,100.0,14.598806567943273,0.035366337945287166,0.0
230.4,3530.4599791225505,-1.1374841484407752,100.0,14.59993806791133,0.035369079060464596,0.0
230.5,3531.9199222633697,-1.1339473632755759,100.0,14.600894100264346,0.035371395096582096,0.0
230.60000000000002,3533.379952453609,-1.1304103672288095,100.0,14.601679982555602,0.035373298935678046,0.0
230.70000000000002,3534.8400529639675,-1.1268732008280422,100.0,14.602301501891203,0.035374804597305964,0.0
230.8,3536.300207664711,-1.123335903148362,100.0,14.602764852267411,0.03537592708673114,0.0
230.9,3537.760401063339,-1.1197985117211235,100.0,14.603076574636177,0.03537668224973628,0.0
231.0,3539.2206183364065,-1.1162610624568634,100.0,14.603243499885014,0.03537708663448753,0.0
231.10000000000002,3540.680845355792,-1.1127235895816614,100.0,14.603272694872654,0.03537715736080306,0.0
231.20000000000002,3542.1410687097277,-1.1091861255861943,100.0,14.603171411619558,0.03537691199706458,0.0
231.3,3543.6012757189096,-1.105648701186709,100.0,14.60294703971425,0.035376368444919336,0.0
231.4,3545.0614544480095,-1.1021113452971345,100.0,14.602607061960207,0.03537554483183241,0.0
231.5,3546.5215937129137,-1.098574085011545,100.0,14.602159013256623,0.035374459411473394,0.0
231.60000000000002,3547.98168308401,-1.0950369455961975,100.0,14.601610442677435,0.03537313047185087,0.0
231.70000000000002,3549.4417128858395,-1.0914999504903726,100.0,14.600968878687747,0.035371576251047504,0.0
231.8,3550.901674193426,-1.0879631213152725,100.0,14.600241797415082,0.03536981486035557,0.0
231.9,3552.3615588255775,-1.0844264778902424,100.0,14.599436593873946,0.03536786421456701,0.0
232.0,3553.8213593354562,-1.0808900382556195,100.0,14.59856055602737,0.0353657419691362,0.0
232.10000000000002,3555.2810689986886,-1.0773538187015332,100.0,14.597620841555903,0.035363465463901705,0.0
232.20000000000002,3556.7406817992846,-1.0738178338020208,100.0,14.596624457195668,0.03536105167303168,0.0
232.3,3558.200192413611,-1.0702820964538498,100.0,14.595578240499588,0.03535851716083955,0.0
232.4,3559.6595961926564,-1.0667466179194827,100.0,14.594488843871988,0.03535587804310699,0.0
232.5,3561.1188891428064,-1.063211407873648,100.0,14.59336272072419,0.03535314995354521,0.0
232.60000000000002,3562.5780679053373,-1.059676474453024,100.0,14.592206113599051,0.035350348015026005,0.0
232.70000000000002,3564.037129734809,-1.0561418243085758,100.0,14.591025044113415,0.03534748681521691,0.0
232.8,3565.49607247654,-1.052607462660124,100.0,14.589825304571754,0.03534458038626474,0.0
232.9,3566.954894543325,-1.0490733933527576,100.0,14.58861245110802,0.03534164218818148,0.0
233.0,3568.413594891527,-1.0455396189147357,100.0,14.587391798219134,0.0353386850956013,0.0
233.10000000000002,3569.8721729966987,-1.0420061406165586,100.0,14.586168414560522,0.03533572138759508,0.0
233.20000000000002,3571.3306288288345,-1.038472958530918,100.0,14.58494711988111,0.03533276274024529,0.0
233.3,3572.7889628273683,-1.034940071593262,100.0,14.583732482983962,0.03532982022170552,0.0
233.4,3574.247175876018,-1.0314074776627409,100.0,14.58252882060716,0.035326904289489335,0.0
233.5,3575.7052692775555,-1.0278751735833234,100.0,14.581340197128005,0.03532402478975371,0.0
233.60000000000002,3577.163244728589,-1.0243431552448923,100.0,14.580170425002963,0.03532119095836482,0.0
233.70000000000002,3578.6211042944187,-1.020811417644154,100.0,14.579023065864213,0.035318411423554484,0.0
233.8,3580.0788503840354,-1.0172799549452092,100.0,14.577901432202522,0.035315694209996994,0.0
233.9,3581.536485725311,-1.0137487605396502,100.0,14.576808589574421,0.03531304674415615,0.0
234.0,3582.9940133404375,-1.0102178271060682,100.0,14.575747359279363,0.03531047586077074,0.0
234.10000000000002,3584.45143652165,-1.0066871466688576,100.0,14.574720321460395,0.035307987810366155,0.0
234.20000000000002,3585.908758807285,-1.0031567106562227,100.0,14.573729818588554,0.035305588267695476,0.0
234.3,3587.3659839581996,-0.9996265099572975,100.0,14.57277795929757,0.03530328234102919,0.0
234.4,3588.823115934596,-0.9960965349782963,100.0,14.571866622541176,0.03530107458222656,0.0
234.5,3590.280158873271,-0.992566775697621,100.0,14.57099746205064,0.035298968997534166,0.0
234.60000000000002,3591.7371170653305,-0.9890372217198539,100.0,14.570171911074032,0.03529696905906703,0.0
234.70000000000002,3593.1939949343882,-0.9855078623285695,100.0,14.569391187383163,0.03529507771693816,0.0
234.8,3594.65079701528,-0.9819786865379023,100.0,14.568656298536808,0.03529329741200903,0.0
234.9,3596.107527933315,-0.9784496831428097,100.0,14.56796804739138,0.0352916300892394,0.0
235.0,3597.5641923840917,-0.9749208407679696,100.0,14.567327037852355,0.035290077211620426,0.0
235.10000000000002,3599.0207951139,-0.9713921479152576,100.0,14.566733680860725,0.0352886397746772,0.0
235.20000000000002,3600.477340900734,-0.9678635930097448,100.0,14.56618820060975,0.03528731832152907,0.0
235.3,3601.9338345359365,-0.9643351644441625,100.0,14.565690640987652,0.03528611295849748,0.0
235.4,3603.390280806502,-0.9608068506217793,100.0,14.565240872241393,0.03528502337124918,0.0
235.5,3604.846684478052,-0.9572786399976376,100.0,14.564838597856602,0.03528404884146331,0.0
235.60000000000002,3606.303050278514,-0.9537505211180978,100.0,14.56448336164752,0.03528318826400708,0.0
235.70000000000002,3607.7593828825165,-0.9502224826586397,100.0,14.56417455504961,0.035282440164602524,0.0
235.8,3609.215686896523,-0.9466945134598747,100.0,14.563911424606403,0.03528180271796371,0.0
235.9,3610.671966844726,-0.9431666025617202,100.0,14.563693079640414,0.03528127376637994,0.0
236.0,3612.128227155715,-0.9396387392356965,100.0,14.563518500095807,0.03528085083871503,0.0
236.10000000000002,3613.584472149939,-0.936110913015302,100.0,14.563386544539476,0.03528053116979028,0.0
236.20000000000002,3615.0407060279717,-0.9325831137244349,100.0,14.563295958304794,0.035280311720113124,0.0
236.3,3616.4969328596044,-0.9290553315038244,100.0,14.56324538176056,0.03528018919590906,0.0
236.4,3617.9531565737643,-0.925527556835447,100.0,14.563233358686055,0.03528016006941071,0.0
236.5,3619.40938094928,-0.9219997805649021,100.0,14.563258344731269,0.03528022059935302,0.0
236.60000000000002,3620.8656096064938,-0.9184719939217308,100.0,14.563318715939756,0.03528036685162041,0.0
236.70000000000002,3622.3218459997274,-0.9149441885376643,100.0,14.563412777310363,0.03528059471998796,0.0
236.8,3623.778093410609,-0.911416356462796,100.0,14.563538771372492,0.035280899946895365,0.0
236.9,3625.234354942252,-0.9078884901796772,100.0,14.56369488674884,0.03528127814419067,0.0
237.0,3626.6906335142935,-0.9043605826153435,100.0,14.563879266678532,0.03528172481377793,0.0
237.10000000000002,3628.1469318587765,-0.9008326271512824,100.0,14.564090017472886,0.035282235368101746,0.0
237.20000000000002,3629.6032525168785,-0.8973046176313652,100.0,14.5643252168759,0.03528280515040096,0.0
237.3,3631.0595978364663,-0.8937765483677662,100.0,14.564582922301177,0.035283429454663014,0.0
237.4,3632.51596997047,-0.8902484141449062,100.0,14.564861178917287,0.035284103545211144,0.0
237.5,3633.972370876054,-0.8867202102214564,100.0,14.565158027553649,0.035284822675856795,0.0
237.60000000000002,3635.42880231457,-0.8831919323304532,100.0,14.565471512400046,0.035285582108552045,0.0
237.70000000000002,3636.88526585227,-0.8796635766775744,100.0,14.56579968847327,0.03528637713147792,0.0
237.8,3638.3417628617494,-0.8761351399376379,100.0,14.566140628825579,0.035287203076507324,0.0
237.9,3639.7982945241015,-0.8726066192493874,100.0,14.56649243147091,0.03528805533598401,0.0
238.0,3641.2548618317455,-0.8690780122086372,100.0,14.566853226006147,0.035288929378763025,0.0
238.10000000000002,3642.7114655919036,-0.8655493168598516,100.0,14.5672211799065,0.03528982076546156,0.0
238.20000000000002,3644.168106430688,-0.8620205316862407,100.0,14.567594504475549,0.03529072516287323,0.0
238.3,3645.624784797769,-0.8584916555984589,100.0,14.567971460432505,0.035291638357503444,0.0
238.4,3647.0815009715757,-0.8549626879219945,100.0,14.56835036312134,0.03529255626818884,0.0
238.5,3648.5382550650074,-0.8514336283833454,100.0,14.568729587328503,0.035293474957768446,0.0
238.60000000000002,3649.995047031599,-0.8479044770950754,100.0,14.569107571697835,0.03529439064377898,0.0
238.70000000000002,3651.4518766721108,-0.844375234539852,100.0,14.569482822733995,0.03529529970815344,0.0
238.8,3652.9087436414984,-0.8408459015535628,100.0,14.569853918387523,0.03529619870590598,0.0
238.9,3654.365647456218,-0.8373164793076168,100.0,14.570219511217212,0.035297084372792976,0.0
239.0,3655.8225875018284,-0.8337869692905294,100.0,14.570578331127612,0.035297953631944774,0.0
239.10000000000002,3657.279563040843,-0.8302573732888969,100.0,14.570929187681694,0.03529880359946821,0.0
239.20000000000002,3658.7365732207963,-0.8267276933678608,100.0,14.571270971991092,0.035299631589025854,0.0
239.3,3660.193617082474,-0.8231979318511659,100.0,14.571602658188064,0.03530043511540185,0.0
239.4,3661.6506935682714,-0.8196680913009112,100.0,14.57192330448571,0.03530121189707043,0.0
239.5,3663.107801530639,-0.8161381744970938,100.0,14.57223205383495,0.0353019598577874,0.0
239.60000000000002,3664.564939740571,-0.8126081844170403,100.0,14.572528134188493,0.03530267712722963,0.0
239.70000000000002,3666.0221068961046,-0.809078124214822,100.0,14.572810858383594,0.035303362040711044,0.0
239.8,3667.4793016307854,-0.8055479972007419,100.0,14.573079623657483,0.035304013138008745,0.0
239.9,3668.93652252207,-0.8020178068209834,100.0,14.57333391081041,0.035304629161335414,0.0
240.0,3670.393768099625,-0.7984875566375021,100.0,14.573573283032813,0.03530520905249808,0.0
240.10000000000002,3671.851036853495,-0.7949572503082405,100.0,14.573797384414243,0.035305751949285896,0.0
240.20000000000002,3673.3083272421045,-0.7914268915677408,100.0,14.57400593815288,0.03530625718113264,0.0
240.3,3674.7656377000694,-0.7878964842082262,100.0,14.57419874448492,0.03530672426410051,0.0
240.4,3676.222966645784,-0.7843660320612149,100.0,14.57437567835473,0.03530715289523599,0.0
240.5,3677.680312488766,-0.7808355389797282,100.0,14.574536686846235,0.03530754294634726,0.0
240.60000000000002,3679.1376736367347,-0.7773050088211478,100.0,14.574681786397347,0.035307894457255976,0.0
240.70000000000002,3680.5950485023964,-0.7737744454307717,100.0,14.574811059819035,0.03530820762857584,0.0
240.8,3682.052435509926,-0.7702438526261135,100.0,14.574924653140853,0.03530848281407073,0.0
240.9,3683.509833101126,-0.7667132341819854,100.0,14.575022772305248,0.035308720512646524,0.0
241.0,3684.9672397412455,-0.7631825938163977,100.0,14.575105679731992,0.03530892136002822,0.0
241.10000000000002,3686.4246539244527,-0.7596519351773039,100.0,14.575173690774816,0.035309086120175984,0.0
241.20000000000002,3687.8820741789464,-0.7561212618302153,100.0,14.575227170091328,0.03530921567649108,0.0
241.3,3689.339499071703,-0.7525905772467038,100.0,14.575266527947107,0.03530931102286239,0.0
241.4,3690.7969272128494,-0.7490598847938051,100.0,14.575292216474205,0.03530937325460234,0.0
241.5,3692.254357259663,-0.7455291877243332,100.0,14.575304725903965,0.03530940355932085,0.0
241.60000000000002,3693.7117879201905,-0.7419984891681067,100.0,14.575304580792693,0.035309403207781774,0.0
241.70000000000002,3695.169217956496,-0.7384677921240906,100.0,14.575292336258656,0.03530937354478685,0.0
241.8,3696.6266461875257,-0.7349370994534451,100.0,14.575268574247323,0.03530931598012803,0.0
241.9,3698.0840714916085,-0.7314064138734747,100.0,14.575233899841633,0.03530923197964894,0.0
242.0,3699.5414928085866,-0.7278757379524641,100.0,14.575188937632149,0.035309123056451404,0.0
242.10000000000002,3700.9989091415887,-0.7243450741053846,100.0,14.57513432816184,0.03530899076228278,0.0
242.20000000000002,3702.45631955845,-0.7208144245904516,100.0,14.57507072445844,0.035308836679135355,0.0
242.3,3703.913723192792,-0.7172837915065101,100.0,14.57499878866689,0.0353086624110883,0.0
242.4,3705.371119244771,-0.7137531767912225,100.0,14.574919188792922,0.035308469576418866,0.0
242.5,3706.8285069815042,-0.7102225822200315,100.0,14.574832595567651,0.035308259800006674,0.0
242.60000000000002,3708.2858857371943,-0.7066920094058665,100.0,14.57473967944243,0.03530803470605361,0.0
242.70000000000002,3709.743254912954,-0.7031614597995614,100.0,14.574641107721623,0.03530779591113782,0.0
242.8,3711.2006139763553,-0.6996309346909497,100.0,14.57453754184023,0.03530754501761861,0.0
242.9,3712.657962460712,-0.6961004352106013,100.0,14.574429634792004,0.035307283607405975,0.0
243.0,3714.1152999641145,-0.6925699623321628,100.0,14.574318028712984,0.03530701323610652,0.0
243.10000000000002,3715.5726261482287,-0.6890395168752652,100.0,14.57420335262392,0.03530673542755445,0.0
243.20000000000002,3717.0299407368793,-0.6855090995089576,100.0,14.574086220334545,0.03530645166873448,0.0
243.3,3718.48724351443,-0.6819787107556297,100.0,14.573967228511378,0.035306163405101045,0.0
243.4,3719.944534323979,-0.6784483509953826,100.0,14.57384695491037,0.035305872036296794,0.0
243.5,3721.4018130653885,-0.6749180204708071,100.0,14.573725956773883,0.03530557891226917,0.0
243.60000000000002,3722.859079589738,-0.6713877195426684,100.0,14.573596768418785,0.03530526594702797,0.0
243.70000000000002,3724.3163316683726,-0.6678574536099955,100.0,14.573406205718937,0.03530480429937172,0.0
243.8,3725.7735627639895,-0.664327238509731,100.0,14.573146445808515,0.035304175018017296,0.0
243.9,3727.230764827139,-0.6607970937420687,100.0,14.572795154897719,0.03530332399824361,0.0
244.0,3728.6879274947332,-0.6572670444121066,100.0,14.572328435900033,0.03530219334816523,0.0
244.10000000000002,3730.1450387293053,-0.6537371196812086,100.0,14.571736647436545,0.03530075971106023,0.0
244.20000000000002,3731.602085578264,-0.6502073509276748,100.0,14.57101112226529,0.035299002090102165,0.0
244.3,3733.0590542708223,-0.6466777715119235,100.0,14.570144156915994,0.03529690182324958,0.0
244.4,3734.515930313715,-0.6431484165446132,100.0,14.569128997856648,0.035294442549733906,0.0
244.5,3735.9726985853677,-0.639619322658515,100.0,14.567959824411808,0.03529161016867822,0.0
244.60000000000002,3737.4293434281994,-0.636090527784898,100.0,14.56663172865584,0.0352883927903876,0.0
244.70000000000002,3738.8858487387783,-0.6325620709351315,100.0,14.565140692505997,0.03528478068085592,0.0
244.8,3740.3421980555495,-0.6290339919881549,100.0,14.56348356224142,0.03528076620003692,0.0
244.9,3741.798374643896,-0.6255063314844125,100.0,14.561658020673457,0.0352763437344254,0.0
245.0,3743.2543615783093,-0.621979130426794,100.0,14.559662557192619,0.03527150962449439,0.0
245.10000000000002,3744.7101418214656,-0.6184524300890676,100.0,14.557496435914667,0.0352662620875276,0.0
245.20000000000002,3746.1656983000294,-0.6149262718322404,100.0,14.5551596621463,0.03526060113638077,0.0
245.3,3747.62101397703,-0.6114006969292254,100.0,14.552652947387186,0.03525452849469737,0.0
245.4,3749.076071920671,-0.6078757463981452,100.0,14.549977673080933,0.035248047509093536,0.0
245.5,3750.5308553694613,-0.6043514608445483,100.0,14.547135853322683,0.03524116305881532,0.0
245.60000000000002,3751.985347793573,-0.6008278803127676,100.0,14.544130096725725,0.035233881463358686,0.0
245.70000000000002,3753.439532952352,-0.5973050441465999,100.0,14.540963567643148,0.03522621038852703,0.0
245.8,3754.8933949479233,-0.5937829908594402,100.0,14.537639946934142,0.03521815875138553,0.0
245.9,3756.3469182748618,-0.5902617580139569,100.0,14.534163392457755,0.0352097366245554,0.0
246.0,3757.8000878659004,-0.5867413821113552,100.0,14.530538499468989,0.03520095514027134,0.0
246.10000000000002,3759.252889133685,-0.5832218984902294,100.0,14.52677026108467,0.03519182639460821,0.0
246.20000000000002,3760.7053080085825,-0.5797033412349689,100.0,14.5228640289781,0.035182363352261846,0.0
246.3,3762.1573309725763,-0.5761857430936431,100.0,14.518825474453267,0.03517257975224937,0.0
246.4,3763.6089450892955,-0.5726691354052571,100.0,14.51466055004079,0.03516249001487345,0.0
246.5,3765.0601380302337,-0.5691535480362334,100.0,14.51037545174869,0.035152109150272955,0.0
246.60000000000002,3766.510898097231,-0.5656390093259477,100.0,14.505976582092325,0.03514145266886107,0.0
246.70000000000002,3767.9612142413043,-0.5621255460411142,100.0,14.501470514018905,0.03513053649393064,0.0
246.8,3769.4110760779167,-0.5586131833387913,100.0,14.49686395583248,0.035119376876683234,0.0
246.9,3770.8604738987965,-0.555101944737753,100.0,14.492163717216709,0.03510799031391758,0.0
247.0,3772.3093986804142,-0.5515918520979496,100.0,14.487376676443171,0.035096393468590066,0.0
247.10000000000002,3773.7578420892455,-0.5480829256077602,100.0,14.482509748844368,0.03508460309343901,0.0
247.20000000000002,3775.2057964839464,-0.5445751837787216,100.0,14.477569856621434,0.03507263595784236,0.0
247.3,3776.65325491458,-0.5410686434474037,100.0,14.472563900047673,0.03506050877805674,0.0
247.4,3778.100211119034,-0.5375633197840853,100.0,14.467498730120804,0.0350482381509663,0.0
247.5,3779.5466595167804,-0.5340592263078751,100.0,14.462381122707928,0.03503584049144743,0.0
247.60000000000002,3780.9925952001236,-0.5305563749079099,100.0,14.45721775421934,0.035023331973437474,0.0
247.70000000000002,3782.438013923096,-0.5270547758702583,100.0,14.45201517883912,0.03501072847477471,0.0
247.8,3783.882912088155,-0.5235544379101484,100.0,14.446779807332746,0.03499804552585864,0.0
247.9,3785.3272867308388,-0.520055368209136,100.0,14.44151788744467,0.03498529826216221,0.0
248.0,3786.7711355025444,-0.5165575724568279,100.0,14.43623548589163,0.03497250138060967,0.0
248.10000000000002,3788.2144566515854,-0.5130610548967732,100.0,14.430938471950244,0.03495966909981673,0.0
248.20000000000002,3789.6572490026856,-0.5095658183761371,100.0,14.425632502631458,0.034946815124174906,0.0
248.3,3791.0995119350714,-0.5060718643987747,100.0,14.42032300942799,0.03493395261174656,0.0
248.4,3792.5412453593167,-0.5025791931813255,100.0,14.415015186615237,0.03492109414592322,0.0
248.5,3793.982449693094,-0.4990878037119556,100.0,14.409713981080156,0.0349082517107856,0.0
248.60000000000002,3795.423125835987,-0.4955976938113808,100.0,14.404424083648403,0.03489543667009308,0.0
248.70000000000002,3796.863275143504,-0.4921088601958118,100.0,14.399149921874237,0.03488265974981697,0.0
248.8,3798.3028994004494,-0.48862129854147185,100.0,14.393895654254283,0.03486993102412304,0.0
248.9,3799.7420007937812,-0.485135003550347,100.0,14.388665165821465,0.03485725990469755,0.0
249.0,3801.180581885096,-0.48164996901684043,100.0,14.383462065072372,0.0348446551333037,0.0
249.10000000000002,3802.6186455828747,-0.4781661878950137,100.0,14.378289682177579,0.03483212477744598,0.0
249.20000000000002,3804.0561951146065,-0.4746836523661106,100.0,14.373151068421857,0.03481967622901417,0.0
249.3,3805.4932339989227,-0.4712023539060721,100.0,14.368048996818588,0.034807316205771675,0.0
249.4,3806.9297660178436,-0.46772228335276583,100.0,14.36298596384012,0.0347950507555474,0.0
249.5,3808.3657951892533,-0.46424343097266535,100.0,14.35796419220469,0.03478288526298731,0.0
249.60000000000002,3809.801325739706,-0.4607657865267327,100.0,14.35298563465827,0.03477082445871604,0.0
249.70000000000002,3811.2363620776555,-0.4572893393352691,100.0,14.348051978688812,0.034758872430757426,0.0
249.8,3812.6709087672007,-0.4538140783415165,100.0,14.343164652109646,0.03474703263806059,0.0
249.9,3814.104970502432,-0.4503399921738069,100.0,14.338324829447746,0.03473530792597579,0.0
250.0,3815.5385520824525,-0.44686706920607255,100.0,14.333533439072758,0.034723700543524846,0.0
250.10000000000002,3816.9716583871486,-0.4433952976165451,100.0,14.328791171002473,0.03471221216231034,0.0
250.20000000000002,3818.4042943537715,-0.43992466544448766,100.0,14.32409848532038,0.034700843896907495,0.0
250.3,3819.8364649543882,-0.4364551606448195,100.0,14.319455621141977,0.03468959632658557,0.0
250.4,3821.268175174255,-0.4329867711405079,100.0,14.314862606067134,0.03467846951820665,0.0
250.5,3822.699429991158,-0.4295194848726169,100.0,14.31031926605627,0.03466746305015115,0.0
250.60000000000002,3824.1302343557604,-0.426053289847918,100.0,14.305825235669804,0.03465657603712346,0.0
250.70000000000002,3825.560593172989,-0.4225881741839818,100.0,14.301379968611776,0.03464580715569435,0.0
250.8,3826.990511284487,-0.4191241261516839,100.0,14.296982748519563,0.0346351546704396,0.0
250.9,3828.4199869361632,-0.4156611500004005,100.0,14.292500730835853,0.03462429675878519,0.0
251.0,3829.849002429014,-0.41219928860685034,100.0,14.287747796878575,0.03461278253892944,0.0
251.10000000000002,3831.277520997131,-0.408738631038282,100.0,14.28252936006673,0.034600140615162624,0.0
251.20000000000002,3832.705486146903,-0.40527931415329105,100.0,14.276646044946004,0.03458588799049029,0.0
251.3,3834.1328213514785,-0.4018215233419946,100.0,14.269897109860512,0.03456953835822645,0.0
251.4,3835.5594300738744,-0.39836549247005737,100.0,14.262083594340247,0.03455060972669686,0.0
251.5,3836.985196090443,-0.3949115030950688,100.0,14.25301117703042,0.034528631342715554,0.0
251.60000000000002,3838.409984085244,-0.3914598830266504,100.0,14.242492734524582,0.034503149890485876,0.0
251.70000000000002,3839.8336404851048,-0.3880110043034839,100.0,14.23035059574153,0.03447373495294111,0.0
251.8,3841.2559945048192,-0.38456528066125856,100.0,14.216418490478253,0.03443998373221129,0.0
251.9,3842.6768593719976,-0.38112316456541706,100.0,14.20054319445444,0.034401525034825714,0.0
252.0,3844.0960337014644,-0.3776851438816022,100.0,14.182585876519274,0.03435802253538857,0.0
252.10000000000002,3845.5133029898398,-0.3742517382549635,100.0,14.162423156708368,0.03430917733977484,0.0
252.20000000000002,3846.92844120193,-0.3708234952670457,100.0,14.139947886506262,0.03425472987535509,0.0
252.3,3848.341212421816,-0.36740098643594377,100.0,14.115069664989571,0.034194461141378,0.0
252.4,3849.7513725429963,-0.36398480312184883,100.0,14.087715106495676,0.03412819335741119,0.0
252.5,3851.1586709735843,-0.36057555239611844,100.0,14.057827877087888,0.034055790051679885,0.0
252.60000000000002,3852.5628523343657,-0.35717385292765347,100.0,14.025368518381532,0.03397715563427675,0.0
252.70000000000002,3853.963658129413,-0.3537803309357467,100.0,13.990314078264083,0.03389223450256306,0.0
252.8,3855.360828370959,-0.35039561625374666,100.0,13.952657568706675,0.033801009727689964,0.0
252.9,3856.7541031422625,-0.34702033854293907,100.0,13.912407271236336,0.0337035013720703,0.0
253.0,3858.1432240842646,-0.3436551236910454,100.0,13.869585910740655,0.033599764487879144,0.0
253.10000000000002,3859.5279357939007,-0.34030059042474486,100.0,13.824229718129248,0.033489886846304384,0.0
253.20000000000002,3860.9079871239605,-0.33695734716069475,100.0,13.776387402000337,0.03337398644635769,0.0
253.3,3862.283132376387,-0.33362598911470864,100.0,13.726119048881253,0.033252208850652144,0.0
253.4,3863.6531323828126,-0.33030709568410116,100.0,13.673494970849392,0.033124724393706555,0.0
253.5,3865.0177554679763,-0.3270012281137602,100.0,13.618594518421192,0.03299172530610964,0.0
253.60000000000002,3866.3767782934015,-0.3237089274522986,100.0,13.561504875543676,0.032853422795326916,0.0
253.70000000000002,3867.729986580334,-0.3204307128006988,100.0,13.502319852358157,0.03271004412111044,0.0
253.8,3869.077175712452,-0.31716707985221765,100.0,13.441138690154139,0.032561829700440026,0.0
253.9,3870.4181512202335,-0.31391849971898506,100.0,13.378064891612048,0.03240903027372776,0.0
254.0,3871.752729150104,-0.31068541803772,100.0,13.313205088069441,0.032251904160713905,0.0
254.10000000000002,3873.080736322603,-0.3074682543443143,100.0,13.246667954154791,0.03209071463111299,0.0
254.20000000000002,3874.4020104847577,-0.30426740170469724,100.0,13.17856317873547,0.03192572741168394,0.0
254.3,3875.7164003626885,-0.301083226587395,100.0,13.109000499737547,0.031757208348032806,0.0
254.4,3877.0237656211557,-0.2979160689615348,100.0,13.038088809032265,0.031585421236155584,0.0
254.5,3878.3239767373034,-0.29476624260270273,100.0,12.965935332258134,0.03141062583551627,0.0
254.60000000000002,3879.616914796289,-0.2916340355880424,100.0,12.892644887174846,0.03123307607237219,0.0
254.70000000000002,3880.9024712167798,-0.28851971096125584,100.0,12.818319222932502,0.031053018439120686,0.0
254.8,3882.1805474144753,-0.2854235075477326,100.0,12.743056441498997,0.030870690592678093,0.0
254.9,3883.4510544118957,-0.28234564089986103,100.0,12.666950501425623,0.03068632015232711,0.0
255.0,3884.7139124026316,-0.27928630435265295,100.0,12.590090803152874,0.030500123695099395,0.0
255.10000000000002,3885.969050278136,-0.2762456701701153,100.0,12.512561854169627,0.030312305944607005,0.0
255.20000000000002,3887.216405124922,-0.2732238907633096,100.0,12.4344430115415,0.030123059147304412,0.0
255.3,3888.455921699756,-0.27022109996172927,100.0,12.355808298621909,0.02993256262846196,0.0
255.4,3889.68755189007,-0.26723741432047143,100.0,12.276726292150233,0.029740982518655475,0.0
255.5,3890.9112541664304,-0.2642729344466649,100.0,12.19726007542782,0.029548471640332884,0.0
255.60000000000002,3892.1269930334265,-0.2613277463297116,100.0,12.117467252839722,0.029355169542993744,0.0
255.70000000000002,3893.334738484876,-0.2584019226610881,100.0,12.03740002065794,0.029161202674713685,0.0
255.8,3894.534465468698,-0.25549552413071125,100.0,11.957105288815692,0.028966684677148663,0.0
255.9,3895.7261533662863,-0.2526086006881819,100.0,11.87662484817815,0.028771716790756664,0.0
256.0,3896.909785490656,-0.24974119275855572,100.0,11.79599557774818,0.02857638835676395,0.0
256.1,3898.0853486070696,-0.24689333240364394,100.0,11.715249686231449,0.028380777402368614,0.0
256.2,3899.252832479311,-0.24406504442119065,100.0,11.63441498243606,0.028184951295797185,0.0
256.3,3900.412229444214,-0.24125634737559926,100.0,11.553515169095048,0.02798896745810429,0.0
256.40000000000003,3901.5635340165236,-0.23846725455517384,100.0,11.472570154865267,0.027792874119005564,0.0
256.5,3902.7067425256555,-0.23569777485208585,100.0,11.391596379470425,0.027596711104552866,0.0
256.6,3903.8418527854296,-0.23294791356246622,100.0,11.310607147211694,0.027400510645080395,0.0
256.7,3904.9688637973813,-0.23021767310514557,100.0,11.22961296435887,0.02720429819255164,0.0
256.8,3906.0877754878315,-0.2275070536586135,100.0,11.148621876254929,0.027008093237211976,0.0
256.90000000000003,3907.198588478494,-0.22481605371673732,100.0,11.067639800308099,0.026811910114278616,0.0
257.0,3908.301303890028,-0.22214467056466347,100.0,10.986670851404359,0.02661575879226858,0.0
257.1,3909.3959231776234,-0.21949290067712085,100.0,10.905717656643368,0.0264196456354623,0.0
257.2,3910.4824479974113,-0.21686074004204922,100.0,10.824781656676635,0.026223574133910313,0.0
257.3,3911.5608801022377,-0.2142481844130905,100.0,10.743863391303867,0.02602754559530467,0.0
257.40000000000003,3912.631221265128,-0.21165522949500185,100.0,10.662962767357621,0.025831559793942922,0.0
257.5,3913.693473228584,-0.2090818710664837,100.0,10.582079307272227,0.02563561557289875,0.0
257.6,3914.7476376777213,-0.2065281050452596,100.0,10.501212377088644,0.025439711396375075,0.0
257.7,3915.793716235137,-0.20399392750050635,100.0,10.420361392987873,0.02524384585004163,0.0
257.8,3916.831710475333,-0.20147933461791376,100.0,10.339526005768807,0.0250480180879417,0.0
257.90000000000003,3917.8616219564706,-0.1989843226227558,100.0,10.25870626299134,0.02485222822529193,0.0
258.0,3918.8834522672246,-0.19650888766638983,100.0,10.177902748787776,0.024656477677182438,0.0
258.1,3919.8972030865066,-0.1940530256815665,100.0,10.097116701605051,0.024460769443813247,0.0
258.2,3920.9028762538837,-0.19161673221184117,100.0,10.01635011037635,0.024265108343474794,0.0
258.3,3921.900473848563,-0.18920000222023045,100.0,9.935605789830689,0.02406950119498922,0.0
258.40000000000003,3922.889998274899,-0.18680282988206304,100.0,9.85488743583379,0.023873956951776326,0.0
258.5,3923.871452352483,-0.18442520836673765,100.0,9.774199661813778,0.023678486790096695,0.0
258.6,3924.8448394089764,-0.18206712961282934,100.0,9.693548017458783,0.023483104154347546,0.0
258.7,3925.8101633739784,-0.17972858410068343,100.0,9.61293899098332,0.023287824762553165,0.0
258.8,3926.767428872363,-0.17740956062631189,100.0,9.53237999634568,0.023092666575398393,0.0
258.90000000000003,3927.7166413156383,-0.17511004608006375,100.0,9.451879346860377,0.022897649732303457,0.0
259.0,3928.6578069900534,-0.17283002523318652,100.0,9.371446216690636,0.022702796458137615,0.0
259.1,3929.5909331403072,-0.17056948053503232,100.0,9.291090591725233,0.022508130944215846,0.0
259.2,3930.5160280478813,-0.16832839192329824,100.0,9.21082321134454,0.02231367920722418,0.0
259.3,3931.4331011031513,-0.16610673664932712,100.0,9.13065550256366,0.022119468929678157,0.0
259.40000000000003,3932.342162870597,-0.16390448912013875,100.0,9.05059950800736,0.02192552928543846,0.0
259.5,3933.2432251465557,-0.1617216207585137,100.0,8.970667809124235,0.021731890753693514,0.0
259.6,3934.13630100912,-0.1595580998821191,100.0,8.890873445987461,0.02153858492467269,0.0
259.7,3935.021404859894,-0.15741389160234678,100.0,8.811229834958864,0.021345644300183434,0.0
259.8,3935.898552457463,-0.15528895774323478,100.0,8.731750685413058,0.021153102091871392,0.0
259.90000000000003,3936.7677609425336,-0.15318325678056396,100.0,8.652449916630827,0.020960992019890393,0.0
260.0,3937.6290488548134,-0.15109674380096336,100.0,8.573341575878052,0.020769348114444624,0.0
260.1,3938.4824361417986,-0.14902937048062417,100.0,8.494439758588735,0.020578204522428,0.0
260.2,3939.327944159719,-0.14698108508301125,100.0,8.41575853147038,0.02038759532114313,0.0
260.3,3940.1655956669692,-0.14495183247477522,100.0,8.337311859248576,0.020197554340836386,0.0
260.40000000000003,3940.995414810422,-0.1429415541589074,100.0,8.25911353566579,0.020008114997539038,0.0
260.5,3941.817427105078,-0.14095018832404224,100.0,8.181177119248575,0.01981931013746013,0.0
260.6,3942.631659407546,-0.13897766990869992,100.0,8.103515874259292,0.01963117189393906,0.0
260.7,3943.438139883893,-0.13702393067917257,100.0,8.026142717152952,0.01944373155773463,0.0
260.8,3944.2368979724256,-0.13508889931969048,100.0,7.949070168768688,0.01925701946120649,0.0
260.90000000000003,3945.027964341981,-0.13317250153346055,100.0,7.872310312398765,0.019071064876735225,0.0
261.0,3945.811370846323,-0.13127466015314349,100.0,7.795874757797163,0.01888589592953135,0.0
261.1,3946.587150475238,-0.12939529525933152,100.0,7.719774611114521,0.018701539524801216,0.0
261.2,3947.355337302914,-0.12753432430559927,100.0,7.644020450676988,0.018518021289070097,0.0
261.3,3948.115966434185,-0.12569166224872835,100.0,7.568622308464837,0.018335365525313178,0.0
261.40000000000003,3948.869073949201,-0.12386722168274839,100.0,7.493589657090524,0.018153595181409275,0.0
261.5,3949.6146968470603,-0.12206091297549093,100.0,7.418931402027799,0.01797273183131547,0.0
261.6,3950.352872988916,-0.12027264440641906,100.0,7.344655878800965,0.017792795668257942,0.0
261.7,3951.0836410410325,-0.1185023223045695,100.0,7.270770854809302,0.01761380550915173,0.0
261.8,3951.8070404182463,-0.11674985118552683,100.0,7.197283535432489,0.017435778809391466,0.0
261.90000000000003,3952.5231112282336,-0.11501513388643786,100.0,7.124200574041615,0.017258731687103533,0.0
262.0,3953.231894216957,-0.11329807169816708,100.0,7.051528085524037,0.01708267895591067,0.0
262.1,3953.9334307156255,-0.11159856449379045,100.0,6.979271662921568,0.01690763416523888,0.0
262.2,3954.6277625894563,-0.10991651085272237,100.0,6.907436396775714,0.016733609647182224,0.0
262.3,3955.314932188489,-0.10825180817986918,100.0,6.8360268967757305,0.0165606165689463,0.0
262.40000000000003,3955.994982300665,-0.10660435281929968,100.0,6.765047315310119,0.01638866498990299,0.0
262.5,3956.6679561073383,-0.10497404016201924,100.0,6.694501372531438,0.016217763922311133,0.0
262.6,3957.3338971413555,-0.10336076474752648,100.0,6.6243923825589714,0.0160479213947939,0.0
262.7,3957.9928492477943,-0.10176442035892107,100.0,6.554723280459055,0.0158791445176999,0.0
262.8,3958.6448565474293,-0.1001849001114156,100.0,6.485496649663809,0.015711439549526512,0.0
262.90000000000003,3959.289963402944,-0.09862209653418443,100.0,6.4167147495099295,0.015544811963633907,0.0
263.0,3959.928214387893,-0.09707590164555642,100.0,6.348379542603664,0.01537926651453818,0.0
263.1,3960.5596542583794,-0.09554620702162692,100.0,6.280492721743595,0.015214807303133087,0.0
263.2,3961.184327927392,-0.09403290385842575,100.0,6.213055736158784,0.01505143784025326,0.0
263.3,3961.8022804417255,-0.09253588302783383,100.0,6.146069816847481,0.014889161108058546,0.0
263.40000000000003,3962.4135569613777,-0.09105503512748948,100.0,6.079536000828913,0.01472797961878515,0.0
263.5,3963.018202741314,-0.08959025052496772,100.0,6.013455154147947,0.014567895470475638,0.0
263.6,3963.6162631154616,-0.08814141939655132,100.0,5.947827993499656,0.014408910399365437,0.0
263.7,3964.207783482797,-0.0867084317609414,100.0,5.882655106367387,0.014251025828668471,0.0
263.8,3964.792809295364,-0.08529117750827794,100.0,5.817936969592745,0.01409424291356377,0.0
263.90000000000003,3965.371386048071,-0.08388954642485756,100.0,5.753673966321302,0.013938562582247372,0.0
264.0,3965.9435592701016,-0.08250342821394638,100.0,5.689866401290231,0.013783985572967375,0.0
264.1,3966.509374517765,-0.08113271251309173,100.0,5.626514514445635,0.013630512467012594,0.0
264.2,3967.0688773686325,-0.0797772889083367,100.0,5.563618492897868,0.013478143717674959,0.0
264.3,3967.62211341678,-0.07843704694573717,100.0,5.501178481240856,0.013326879675248595,0.0
264.40000000000003,3968.169128268987,-0.07711187614057306,100.0,5.43919459027816,0.013176720608169169,0.0
264.5,3968.7099675417307,-0.07580166598463296,100.0,5.377666904213123,0.013027666720432424,0.0
264.6,3969.244676858822,-0.07450630595193591,100.0,5.316595486373249,0.012879718165461709,0.0
264.7,3969.7733018495474,-0.07322568550323594,100.0,5.255980383549877,0.012732875056621169,0.0
264.8,3970.2958881471773,-0.07195969408963401,100.0,5.195821629043246,0.012587137474592518,0.0
264.90000000000003,3970.8124813877193,-0.07070822115559924,100.0,5.136119244510625,0.012442505471852324,0.0
265.0,3971.323127208801,-0.06947115614167713,100.0,5.076873240720125,0.012298979074498098,0.0
265.1,3971.8278712485753,-0.06824838848713682,100.0,5.018083617317744,0.012156558281684016,0.0
265.2,3972.326759144561,-0.06703980763278342,100.0,4.95975036171654,0.012015243062929903,0.0
265.3,3972.8198365323315,-0.06584530302413451,100.0,4.901873447218338,0.011875033353570987,0.0
265.40000000000003,3973.3071490439806,-0.06466476411513365,100.0,4.844452830477866,0.011735929048614712,0.0
265.5,3973.7887423063094,-0.06349808037254685,100.0,4.787488448417291,0.011597929995266052,0.0
265.6,3974.2646619386787,-0.06234514128116239,100.0,4.730980214696427,0.011461035984376417,0.0
265.7,3974.734953550492,-0.06120583634988937,100.0,4.674928015840113,0.01132524674106208,0.0
265.8,3975.1996627382773,-0.060080055118826026,100.0,4.61933170711971,0.011190561914726973,0.0
265.90000000000003,3975.65883508235,-0.05896768716734635,100.0,4.564191108279798,0.011056981068710352,0.0
266.0,3976.112516143042,-0.05786862212323194,100.0,4.5095059991956585,0.010924503669766963,0.0
266.1,3976.5607514564986,-0.056782749672856236,100.0,4.455276115540305,0.01079312907757016,0.0
266.2,3977.003586530045,-0.05570995957240998,100.0,4.4015011445326575,0.01066285653441174,0.0
266.3,3977.4410668371333,-0.054650141660140185,100.0,4.348180720831908,0.01053368515525586,0.0
266.40000000000003,3977.8732378118902,-0.053603185869560234,100.0,4.2953144226352,0.01040561391828548,0.0
266.5,3978.300144843285,-0.05256898224357555,100.0,4.242901768028433,0.010278641656062152,0.0
266.6,3978.72183326895,-0.05154742094945826,100.0,4.190942211632819,0.010152767047402061,0.0
266.7,3979.138348368678,-0.050538392294594815,100.0,4.139435141582421,0.010027988610054122,0.0
266.8,3979.5497353576393,-0.049541786742922825,100.0,4.088379876860614,0.009904304694247416,0.0
266.90000000000003,3979.956039379347,-0.04855749493196741,100.0,4.037775665016916,0.009781713477160153,0.0
267.0,3980.3573054984186,-0.04758540769038308,100.0,3.987621680278861,0.009660212958345656,0.0
267.1,3980.753578693163,-0.04662541605590421,100.0,3.937917022067442,0.00953980095613603,0.0
267.2,3981.144903848046,-0.04567741129360593,100.0,3.8886607139190454,0.00942047510503054,0.0
267.3,3981.5313257460616,-0.04474128491437719,100.0,3.8398517028112304,0.009302232854062339,0.0
267.40000000000003,3981.912889061061,-0.04381692869350883,100.0,3.7914888588852214,0.009185071466126302,0.0
267.5,3982.2896383500706,-0.04290423468930205,100.0,3.743570975553247,0.009068988018239051,0.0
267.6,3982.6616180456404,-0.04200309526160576,100.0,3.6960967699751577,0.00895397940269377,0.0
267.7,3983.028872448256,-0.041113403090195615,100.0,3.6490648838854574,0.008840042329063718,0.0
267.8,3983.3914457188534,-0.04023505119291239,100.0,3.602473884748879,0.008727173327001826,0.0
267.90000000000003,3983.7493818714597,-0.03936793294348308,100.0,3.5563222672203665,0.008615368749777585,0.0
268.0,3984.102724765999,-0.03851194208895401,100.0,3.51060845488344,0.008504624778488477,0.0
268.1,3984.451518101282,-0.03766697276667186,100.0,3.4653308022393765,0.00839493742687895,0.0
268.2,3984.795805408207,-0.03683291952075528,100.0,3.420487596918721,0.008286302546698031,0.0
268.3,3985.1356300431908,-0.03600967731800674,100.0,3.376077062086109,0.00817871583352522,0.0
268.40000000000003,3985.4710351818508,-0.03519714156322136,100.0,3.3320973590092566,0.008072172832994074,0.0
268.5,3985.8020638129474,-0.03439520811385636,100.0,3.2885465897627864,0.00796666894734256,0.0
268.6,3986.1287587326065,-0.0336037732940321,100.0,3.245422800038793,0.007862199442221789,0.0
268.7,3986.4511625388236,-0.0328227339078421,100.0,3.2027239820360114,0.007758759453695445,0.0
268.8,3986.7693176262624,-0.032051987251956286,100.0,3.160448077401112,0.007656343995365234,0.0
268.90000000000003,3987.0832661813465,-0.03129143112750798,100.0,3.118592980196797,0.007554947965561441,0.0
269.0,3987.393050177651,-0.030540963851260993,100.0,3.0771565398726666,0.007454566154540153,0.0
269.1,3987.698711371588,-0.029800484266058927,100.0,3.0361365642168883,0.0073551932516339865,0.0
269.2,3988.000291298388,-0.029069891750563827,100.0,2.9955308222677766,0.0072568238523056825,0.0
269.3,3988.297831268366,-0.028349086228296187,100.0,2.9553370471673066,0.007159452465061026,0.0
269.40000000000003,3988.591372363472,-0.027637968175992428,100.0,2.915552938939484,0.007063073518179815,0.0
269.5,3988.880955434117,-0.02693643863129986,100.0,2.876176167179184,0.006967681366229849,0.0
269.6,3989.1666210962558,-0.026244399199832392,100.0,2.8372043736387025,0.006873270296333188,0.0
269.7,3989.448409728732,-0.025561752061613076,100.0,2.79863517470159,0.006779834534159375,0.0
269.8,3989.726361470856,-0.024888399976931937,100.0,2.7604661637346495,0.006687368249623445,0.0
269.90000000000003,3990.0005162202183,-0.024224246291649383,100.0,2.722694913311852,0.006595865562273733,0.0
270.0,3990.2709136307144,-0.023569194941976932,100.0,2.68531897730476,0.006505320546356198,0.0
270.1,3990.537593110774,-0.02292315045876798,100.0,2.64833589283656,0.006415727235548475,0.0
270.2,3990.8005938217784,-0.02228601797135189,100.0,2.611743182097812,0.00632707962735885,0.0
270.3,3991.0599546766507,-0.0216577032109449,100.0,2.5755383540242374,0.0062393716871910546,0.0
270.40000000000003,3991.31571433861,-0.02103811251367122,100.0,2.5397189058374368,0.006152597352077017,0.0
270.5,3991.567911220072,-0.02042715282322712,100.0,2.504282324451635,0.0060667505340850835,0.0
270.6,3991.81658348168,-0.0198247316932201,100.0,2.4692260877498557,0.005981825123411901,0.0
270.7,3992.061769031465,-0.01923075728921421,100.0,2.4345476657345855,0.005897814991170286,0.0
270.8,3992.3035055241057,-0.0186451383905112,100.0,2.4002445215583528,0.0058147139918862225,0.0
270.90000000000003,3992.5418303602937,-0.01806778439169588,100.0,2.366314112440939,0.005732515965721166,0.0
271.0,3992.776780686179,-0.017498605303972303,100.0,2.332753890479929,0.005651214740436054,0.0
271.1,3993.008393392896,-0.016937511756315658,100.0,2.2995613033623648,0.005570804133115685,0.0
271.2,3993.2367051161527,-0.016384414996462978,100.0,2.2667337949851714,0.005491277951672141,0.0
271.3,3993.461752235881,-0.015839226891763678,100.0,2.2342688059926217,0.005412629996147271,0.0
271.40000000000003,3993.683570875933,-0.015301859929909092,100.0,2.2021637742390134,0.005334854059834011,0.0
271.5,3993.902196903825,-0.014772227219558108,100.0,2.170416135184747,0.005257943930236374,0.0
271.6,3994.1176659305124,-0.014250242490874029,100.0,2.1390233222340687,0.005181893389888069,0.0
271.7,3994.330013310201,-0.013735820095985809,100.0,2.1079827670225737,0.0051066962170496135,0.0
271.8,3994.5392741401824,-0.013228875009384909,100.0,2.0772918996621312,0.005032346186302161,0.0
271.90000000000003,3994.745483260692,-0.012729322828267135,100.0,2.046948148950773,0.004958837069056527,0.0
272.0,3994.948675254786,-0.012237079772827118,100.0,2.0169489425546625,0.004886162633994619,0.0
272.1,3995.1488844482387,-0.0117520626865113,100.0,1.9872917071690541,0.004814316647460048,0.0
272.2,3995.346144909451,-0.011274189036233848,100.0,1.9579738686640413,0.004743292873811783,0.0
272.3,3995.5404904493753,-0.010803376912558374,100.0,1.92899285222137,0.004673085075756305,0.0
272.40000000000003,3995.731954621453,-0.010339545029847035,100.0,1.9003460824672151,0.00460368701467,0.0
272.5,3995.920570721566,-0.009882612726377386,100.0,1.8720309836057576,0.004535092450923449,0.0
272.6,3996.1063717880015,-0.009432499964426265,100.0,1.844044979557821,0.004467295144218176,0.0
272.7,3996.289390601431,-0.008989127330319055,100.0,1.8163854941079292,0.004400288853943595,0.0
272.8,3996.469659684903,-0.008552416034441864,100.0,1.7890499510631883,0.004334067339562846,0.0
272.90000000000003,3996.6472113038562,-0.008122287911213446,100.0,1.7620357744264719,0.0042686243610332705,0.0
273.0,3996.8220774661468,-0.0076986654190131475,100.0,1.7353403885856642,0.00420395367926573,0.0
273.1,3996.9942899220973,-0.007281471640060771,100.0,1.708961218521018,0.004140049056627992,0.0
273.2,3997.1638801645677,-0.006870630280243823,100.0,1.6828956900313363,0.004076904257493702,0.0
273.3,3997.3308794290483,-0.006466065668887499,100.0,1.6571412299797181,0.00401451304883877,0.0
273.40000000000003,3997.4953186937805,-0.006067702758462627,100.0,1.631695266559249,0.003952869200886179,0.0
273.5,3997.6572286799033,-0.0056754671242267365,100.0,1.6065552295782208,0.0038919664877981523,0.0
273.6,3997.8166398516296,-0.00528928496379357,100.0,1.5817185507646694,0.003831798688415127,0.0
273.7,3997.9735824164545,-0.004909083096626448,100.0,1.5571826640892577,0.0037723595870392825,0.0
273.8,3998.1280863253965,-0.004534788963451148,100.0,1.532945006105519,0.0037136429742601696,0.0
273.90000000000003,3998.2801812732732,-0.004166330625584237,100.0,1.509003016306272,0.0036556426478196163,0.0
274.0,3998.429896699014,-0.003803636764173145,100.0,1.4853541374943018,0.003598352413511131,0.0
274.1,3998.5772617860107,-0.0034466366793446538,100.0,1.4619958161663076,0.0035417660861117137,0.0
274.2,3998.7223054625047,-0.0030952602892588615,100.0,1.438925502907642,0.003485877490339726,0.0
274.3,3998.8650564020177,-0.0027494381290661656,100.0,1.4161406527965101,0.0034306804618357938,0.0
274.40000000000003,3999.005543023821,-0.002409101349765229,100.0,1.3936387258154632,0.003376168848161568,0.0
274.5,3999.1437934934465,-0.0020741817169603995,100.0,1.371417187268103,0.003322336509811045,0.0
274.6,3999.2798357232405,-0.0017446116095175394,100.0,1.3494735081991767,0.003269177321230249,0.0
274.7,3999.4136973729583,-0.0014203240181176603,100.0,1.3278051658161807,0.003216685171840691,0.0
274.8,3999.545405850401,-0.0011012525437082497,100.0,1.3064096439102826,0.003164853967061249,0.0
274.90000000000003,3999.674988312096,-0.0007873313958526378,100.0,1.2852844332750464,0.0031136776293248605,0.0
275.0,3999.8024716640175,-0.00047849539097816895,100.0,1.2644270321208784,0.0030631500990849214,0.0
275.1,3999.9278825623483,-0.00017467995052439423,100.0,1.2438349464837481,0.003013265335807917,0.0
275.2,4000.0512474142834,0.00012417890100714082,100.0,1.2235056906264892,0.002964017318948241,0.0
275.3,4000.1725923788713,0.00041814453809956476,100.0,1.2034367874313576,0.0029154000489019253,0.0
275.40000000000003,4000.291943367896,0.0007072797363615207,100.0,1.1836257687824099,0.0028674075479358653,0.0
275.5,4000.409326046795,0.0009916466747596025,100.0,1.1640701759367147,0.0028200338610901198,0.0
275.6,4000.5247658356157,0.0012713069379395518,100.0,1.1447675598831863,0.002773273057050348,0.0
275.7,4000.638287910005,0.001546321518633121,100.0,1.1257154816882167,0.002727119228988458,0.0
275.8,4000.749917202235,0.0018167508201473409,100.0,1.106911512827398,0.0026815664953696917,0.0
275.90000000000003,4000.859678402258,0.0020826546589327536,100.0,1.088353235502765,0.0026366090007247478,0.0
276.0,4000.9675959587967,0.0023440922672270537,100.0,1.0700382429449096,0.002592240916385525,0.0
276.1,4001.073694080459,0.0026011222957704745,100.0,1.0519641396999582,0.0025484564411843006,0.0
276.2,4001.1779967368857,0.002853802816589222,100.0,1.0341285419009645,0.0025052498021153986,0.0
276.3,4001.28052765992,0.003102191325843193,100.0,1.0165290775236968,0.002462615254959195,0.0
276.40000000000003,4001.381310344806,0.003346344746734226,100.0,0.999163386626923,0.0024205470848688163,0.0
276.5,4001.480368051406,0.0035863194324711584,100.0,0.9820291215772605,0.0023790396069196646,0.0
276.6,4001.5777238054443,0.0038221711692880142,100.0,0.9651239472589466,0.0023380871666226085,0.0
276.7,4001.6734003997667,0.004053955179511713,100.0,0.9484455412687193,0.0022976841404013667,0.0
276.8,4001.7674203956226,0.004281726124675792,100.0,0.931991594096399,0.0022578249360355185,0.0
276.90000000000003,4001.859806123962,0.004505538108676715,100.0,0.9157598092913979,0.0022185039930696254,0.0
277.0,4001.9505796867484,0.004725444680969499,100.0,0.8997479036159114,0.002179715783190406,0.0
277.1,4002.0397629582894,0.0049414988397995145,100.0,0.8839536071854567,0.0021414548105735576,0.0
277.2,4002.127377586576,0.005153753035467476,100.0,0.868374663596993,0.0021037156122007956,0.0
277.3,4002.213444994639,0.005362259173624758,100.0,0.8530088300457171,0.0020664927581497392,0.0
277.40000000000003,4002.2979863819114,0.0055670686185963865,100.0,0.8378538774309466,0.002029780851857701,0.0
277.5,4002.3810227256076,0.0057682321967291806,100.0,0.8229075904518691,0.001993574530361294,0.0
277.6,4002.4625747821037,0.005965800199762719,100.0,0.8081677676938367,0.00195786846451347,0.0
277.7,4002.542663088333,0.006159822388220961,100.0,0.7936322217060084,0.0019226573591800617,0.0
277.8,4002.6213079631843,0.0063503479948225265,100.0,0.7792987790706895,0.0018879359534164333,0.0
277.90000000000003,4002.698529508909,0.006537425727907783,100.0,0.7651652804655317,0.00185369902062744,0.0
278.0,4002.7743476125333,0.0067211037748811115,100.0,0.7512295807189279,0.0018199413687112439,0.0
278.1,4002.848781947276,0.0069014298056667995,100.0,0.7374895488590958,0.0017866578401882743,0.0
278.2,4002.9218519739707,0.007078450976177215,100.0,0.7239430681579353,0.001753843312318129,0.0
278.3,4002.9935769424915,0.0072522139317920415,100.0,0.7105880361696514,0.0017214926972041467,0.0
278.40000000000003,4003.0639758931843,0.007422764810847473,100.0,0.6974223647650812,0.0016896009418881752,0.0
278.5,4003.1330676582984,0.0075901492481344115,100.0,0.6844439801620212,0.0016581630284362055,0.0
278.6,4003.2008708634235,0.007754412378404837,100.0,0.6716508229520614,0.001627173974016099,0.0
278.7,4003.267403928928,0.007915598839885588,100.0,0.6590408481243453,0.0015966288309685048,0.0
278.8,4003.332685071401,0.00807375277779893,100.0,0.6466120250865716,0.0015665226868716554,0.0
278.90000000000003,4003.3967323050933,0.008228917847889337,100.0,0.634362337683584,0.0015368506646010957,0.0
279.0,4003.459563443362,0.008381137219956019,100.0,0.6222897842138437,0.001507607922384867,0.0
279.1,4003.521196100119,0.008530453581390785,100.0,0.6103923774441504,0.0014787896538552409,0.0
279.2,4003.5816476912755,0.008676909140720893,100.0,0.598668144622501,0.0014503910880966917,0.0
279.3,4003.6409354361926,0.008820545631156572,100.0,0.5871151274896584,0.001422407489691543,0.0
279.40000000000003,4003.6990763591307,0.008961404314142963,100.0,0.5757313822891675,0.0013948341587626525,0.0
279.5,4003.7560872906997,0.009099525982916237,100.0,0.5645149797763248,0.0013676664310145054,0.0
279.6,4003.811984869311,0.009234950966063719,100.0,0.5534640052258303,0.0013408996777719683,0.0
279.7,4003.8667855426297,0.009367719131087813,100.0,0.5425765584385038,0.0013145293060178125,0.0
279.8,4003.920505569028,0.00949786988797356,100.0,0.5318507537466269,0.001288550758427857,0.0
279.90000000000003,4003.9731610190374,0.009625442192759667,100.0,0.5212847200184046,0.001262959513405043,0.0
280.0,4004.024767776804,0.009750474551112843,100.0,0.510876600661238,0.0012377510851117322,0.0
280.1,4004.07534154154,0.009873005021905279,100.0,0.5006245536237558,0.0012129210235001676,0.0
280.2,4004.124897828982,0.00999307122079511,100.0,0.4905267513968366,0.0011884649143417254,0.0
280.3,4004.1734519728407,0.010110710323809698,100.0,0.48058138101312875,0.0011643783792537816,0.0
280.40000000000003,4004.221019126258,0.01022595907093149,100.0,0.4707866440453315,0.0011406570757248348,0.0
280.5,4004.26761426326,0.010338853769686329,100.0,0.4611407566031061,0.0011172966971378664,0.0
280.6,4004.3132521802104,0.01044943029873394,100.0,0.4516419493282935,0.001094292972790859,0.0
280.7,4004.357947497263,0.010557724111460389,100.0,0.44228846738870936,0.0010716416679156134,0.0
280.8,4004.401714659815,0.010663770239572292,100.0,0.43307857047015036,0.0010493385836936341,0.0
280.90000000000003,4004.444567939957,0.010767603296692472,100.0,0.42401053276667483,0.0010273795572696412,0.0
281.0,4004.4865214379247,0.010869257481956827,100.0,0.4150826429689053,0.0010057604617619955,0.0
281.1,4004.5275890835464,0.01096876658361213,100.0,0.4062932042505797,0.0009844772062707918,0.0
281.2,4004.567784637692,0.011066163982614454,100.0,0.3976405342529316,0.0009635257358825393,0.0
281.3,4004.6071216937175,0.011161482656227921,100.0,0.38912296506697025,0.0009429020316717783,0.0
281.40000000000003,4004.6456136789097,0.011254755181623485,100.0,0.3807388432137671,0.0009226021107000531,0.0
281.5,4004.6832738559287,0.011346013739477427,100.0,0.3724865296224162,0.0009026220260114281,0.0
281.6,4004.7201153242468,0.011435290117569254,100.0,0.3643643996057131,0.0008829578666247954,0.0
281.7,4004.756151021585,0.011522615714378678,100.0,0.3563708428336687,0.0008636057575233666,0.0
281.8,4004.791393725349,0.011608021542681384,100.0,0.3485042633046158,0.0008445618596408901,0.0
281.90000000000003,4004.825856054058,0.011691538233143292,100.0,0.3407630793141167,0.0008258223698452687,0.0
282.0,4004.8595504687755,0.011773196037913013,100.0,0.3331457234214108,0.0008073835209189131,0.0
282.1,4004.892489274532,0.011853024834212208,100.0,0.32565064241360064,0.0007892415815366062,0.0
282.2,4004.9246846217475,0.01193105412792363,100.0,0.31827629726758366,0.0007713928562410008,0.0
282.3,4004.956148507646,0.012007313057176554,100.0,0.3110211631095154,0.000753833685415263,0.0
282.40000000000003,4004.986892777671,0.012081830395929404,100.0,0.3038837291721988,0.0007365604452541659,0.0
282.5,4005.016929126892,0.012154634557549374,100.0,0.2968624987501838,0.0007195695477330883,0.0
282.6,4005.04626910141,0.012225753598388891,100.0,0.28995598915276727,0.0007028574405756794,0.0
282.7,4005.0749240997543,0.01229521522135873,100.0,0.28316273165463224,0.0006864206072196163,0.0
282.8,4005.1029053742786,0.012363046779497707,100.0,0.27648127144469925,0.0006702555667821557,0.0
282.90000000000003,4005.1302240325494,0.012429275279538868,100.0,0.2699101675728521,0.0006543588740247272,0.0
283.0,4005.156891038728,0.012493927385472114,100.0,0.26344799289464177,0.0006387271193170975,0.0
283.1,4005.18291721495,0.012557029422103284,100.0,0.2570933340143613,0.0006233569286022642,0.0
283.2,4005.208313242696,0.01261860737860969,100.0,0.25084479122603576,0.0006082449633611522,0.0
283.3,4005.233089664158,0.012678686912092233,100.0,0.24470097845296088,0.0005933879205789395,0.0
283.40000000000003,4005.257256883599,0.01273729335112418,100.0,0.23866052318549769,0.00057878253271251,0.0
283.5,4005.2808251687075,0.012794451699296787,100.0,0.23272206641734525,0.0005644255676598564,0.0
283.6,4005.3038046519428,0.012850186638761963,100.0,0.22688426258027533,0.0005503138287315387,0.0
283.7,4005.326205331877,0.012904522533772231,100.0,0.2211457794775866,0.0005364441546253241,0.0
283.8,4005.348037074529,0.012957483434218316,100.0,0.21550529821624426,0.0005228134194040518,0.0
283.90000000000003,4005.36930961469,0.013009093079164688,100.0,0.2099615131377402,0.0005094185324770888,0.0
284.0,4005.390032557243,0.01305937490038347,100.0,0.20451313174780245,0.0004962564385861501,0.0
284.1,4005.4102153784793,0.013108352025887176,100.0,0.1991588746451666,0.000483324117796298,0.0
284.2,4005.4298674273996,0.013156047283460799,100.0,0.19389747544919972,0.00047061858549182366,0.0
284.3,4005.4489979270156,0.013202483204193786,100.0,0.1887276807267291,0.0004581368923784315,0.0
284.40000000000003,4005.4676159756395,0.013247682026012545,100.0,0.18364824991792197,0.00044587612449158517,0.0
284.5,4005.4857305481687,0.013291665697214137,100.0,0.1786579552614613,0.0004338334032121173,0.0
284.6,4005.5033504973603,0.013334455880001907,100.0,0.1737555817190096,0.00042200588528941603,0.0
284.7,4005.5204845551016,0.013376073954023827,100.0,0.1689399268988705,0.00041039076287254514,0.0
284.8,4005.537141333669,0.013416541019914402,100.0,0.1642098009792547,0.0003989852635506094,0.0
284.90000000000003,4005.553329326982,0.013455877902841081,100.0,0.1595640266309524,0.0003877866504024696,0.0
285.0,4005.569056911849,0.013494105156056112,100.0,0.15500143893933635,0.0003767922220560754,0.0
285.1,4005.584332349205,0.013531243064454882,100.0,0.15052088532609964,0.00036599931275891126,0.0
285.2,4005.599163785339,0.013567311648141862,100.0,0.1461212254705109,0.00035540529245972754,0.0
285.3,4005.613559253119,0.013602330666005311,100.0,0.1418013312303197,0.00034500756690227457,0.0
285.40000000000003,4005.627526673204,0.01363631961930199,100.0,0.13756008656227744,0.00033480357773171983,0.0
285.5,4005.64107385525,0.013669297755253195,100.0,0.13339638744241825,0.00032479080261467013,0.0
285.6,4005.6542084991083,0.013701284070653482,100.0,0.12930914178606823,0.0003149667553734153,0.0
285.7,4005.6669381960155,0.013732297315493568,100.0,0.1252972693675405,0.0003053289861350013,0.0
285.8,4005.6792704297754,0.013762355996598911,100.0,0.12135970173962858,0.0002958750814961,0.0
285.90000000000003,4005.691212577932,0.01379147838128563,100.0,0.11749538215303376,0.00028660266470490847,0.0
286.0,4005.7027719129374,0.013819682501035439,100.0,0.1137032654753943,0.0002775093958598939,0.0
286.1,4005.7139556033057,0.013846986155191397,100.0,0.1099823181102829,0.00026859297212727636,0.0
286.2,4005.7247707147667,0.013873406914676367,100.0,0.10633151791615048,0.0002598511279780772,0.0
286.3,4005.7352242114043,0.013898962125736148,100.0,0.10274985412483784,0.00025128163544458704,0.0
286.40000000000003,4005.7453229567914,0.013923668913709365,100.0,0.09923632726035202,0.00024288230439923876,0.0
286.5,4005.755073715114,0.013947544186826304,100.0,0.09578994905723827,0.0002346509828548708,0.0
286.6,4005.7644831522894,0.013970604640038964,100.0,0.09240974237902412,0.00022658555728900752,0.0
286.7,4005.773557837074,0.013992866758884752,100.0,0.08909474113648945,0.0002186839529924283,0.0
286.8,4005.7823042421637,0.014014346823386306,100.0,0.08584399020593861,0.00021094413444372326,0.0
286.90000000000003,4005.7907287452877,0.014035060911990119,100.0,0.08265654534729974,0.0002033641057105873,0.0
287.0,4005.798837630291,0.014055024905546708,100.0,0.07953147312229931,0.00019594191087989613,0.0
287.1,4005.806637088213,0.014074254491335246,100.0,0.07646785081246114,0.00018867563451708315,0.0
287.2,4005.8141332183523,0.014092765167135693,100.0,0.07346476633714191,0.00018156340215699568,0.0
287.3,4005.8213320293285,0.014110572245351631,100.0,0.07052131817149274,0.00017460338082724792,0.0
287.40000000000003,4005.828239440133,0.014127690857187132,100.0,0.06763661526443157,0.00016779377960589935,0.0
287.5,4005.834861281173,0.01414413595688117,100.0,0.06480977695657712,0.00016113285021501363,0.0
287.6,4005.8412032953042,0.014159922326003263,100.0,0.06203993289817529,0.00015461888765184878,0.0
287.7,4005.8472711388617,0.01417506457781418,100.0,0.0593262229669977,0.00014825023085935542,0.0
287.8,4005.8530703826746,0.014189577161695756,100.0,0.05666779718626661,0.00014202526343814003,0.0
287.90000000000003,4005.858606513079,0.014203474367654052,100.0,0.05406381564261522,0.0001359424144017052,0.0
288.0,4005.863884932919,0.014216770330900286,100.0,0.051513448404068886,0.00013000015897708498,0.0
288.1,4005.8689109625416,0.01422947903651419,100.0,0.049015875438027795,0.00012419701945300398,0.0
288.2,4005.8736898407815,0.014241614324194659,100.0,0.046570286529353674,0.0001185315660779544,0.0
288.3,4005.87822672594,0.014253189893102796,100.0,0.04417588119852201,0.00011300241801064365,0.0
288.40000000000003,4005.882526696753,0.014264219306802715,100.0,0.0418318686196865,0.000107608244324641,0.0
288.5,4005.8865947533536,0.014274715998305664,100.0,0.039537467539101395,0.00010234776507122568,0.0
288.6,4005.8904358182253,0.0142846932752234,100.0,0.037291906193373164,9.721975240157567e-05,0.0
288.7,4005.894054737146,0.014294164325036912,100.0,0.035094422227864464,9.22230317521026e-05,0.0
288.8,4005.8974562801236,0.014303142220486969,100.0,0.03294426261544559,8.735648309636412e-05,0.0
288.90000000000003,4005.900645142329,0.014311639925093269,100.0,0.030840683575105273,8.261904226545402e-05,0.0
289.0,4005.9036259450118,0.014319670298809224,100.0,0.028782950490794438,7.800970234099576e-05,0.0
289.1,4005.906403236416,0.014327246103819812,100.0,0.02677033783042932,7.352751512412818e-05,0.0
289.2,4005.9089814926824,0.014334380010490292,100.0,0.02480212906517934,6.917159268423561e-05,0.0
289.3,4005.9113651187467,0.014341084603473882,100.0,0.022877616588646812,6.494110899036976e-05,0.0
289.40000000000003,4005.9135584492265,0.014347372387986957,100.0,0.020996101636558573,6.083530163060463e-05,0.0
289.5,4005.9155657493006,0.014353255796260681,100.0,0.019156894206428528,5.685347362235437e-05,0.0
289.6,4005.917391215584,0.014358747194178446,100.0,0.01735931297758777,5.299499531879531e-05,0.0
289.7,4005.9190389769888,0.014363858888108925,100.0,0.015602685231391418,4.925930641551057e-05,0.0
289.8,4005.920513095583,0.014368603131945002,100.0,0.013886346771643621,4.5645918062168775e-05,0.0
289.90000000000003,4005.9218175674373,0.014372992134359342,100.0,0.012209641845357128,4.215441508454517e-05,0.0
290.0,4005.9229563234667,0.014377038066287873,100.0,0.010571923063714928,3.8784458321660815e-05,0.0
290.1,4005.923933230262,0.01438075306865297,100.0,0.008972551323276417,3.5535787083642346e-05,0.0
290.2,4005.9247520909134,0.01438414926033873,100.0,0.007410895727547835,3.240822173641327e-05,0.0
290.3,4005.9254166458304,0.014387238746431278,100.0,0.005886333508885855,2.9401666418965197e-05,0.0
290.40000000000003,4005.925930573548,0.014390033626737674,100.0,0.004398249950592506,2.6516111899097544e-05,0.0
290.5,4005.926297491529,0.014392546004597639,100.0,0.002946038309430945,2.3751638574964286e-05,0.0
290.6,4005.926520956957,0.014394787996002969,100.0,0.0015290997384405237,2.1108419628794276e-05,0.0
290.7,4005.9266044675232,0.01439677173904025,100.0,0.00014684321010241205,1.858672434014879e-05,0.0
290.8,4005.926551462203,0.014398509403673184,100.0,-0.001201314560191698,1.6186921566272096e-05,0.0
290.90000000000003,4005.926365322028,0.014400013201881636,100.0,-0.002515949190197027,1.390948339769382e-05,0.0
291.0,4005.9260493708475,0.014401295398175338,100.0,-0.00379762870665714,1.175498899676821e-05,0.0
291.1,4005.9256068760856,0.014402368320500965,100.0,-0.005046913620682076,9.724128628487778e-06,0.0
291.2,4005.925041049487,0.014403244371562283,100.0,-0.006264357002736767,7.817707892419075e-06,0.0
291.3,4005.9243550478586,0.014403936040573941,100.0,-0.0074505045572604445,6.03665216521475e-06,0.0
291.40000000000003,4005.923551973802,0.01440445591547043,100.0,-0.008605894696995485,4.382011263429625e-06,0.0
291.5,4005.9226348764396,0.014404816695592843,100.0,-0.009731058616641995,2.854964338216863e-06,0.0
291.6,4005.921606752131,0.014405031204877053,100.0,-0.010826520366458214,1.4568250109942545e-06,0.0
291.7,4005.920470545186,0.014405112405568072,100.0,-0.011892796925191386,1.8904676335130874e-07,0.0
291.8,4005.919229148567,0.014405073412486553,100.0,-0.012930398272728566,-9.467714079443915e-07,0.0
291.90000000000003,4005.9178854045845,0.014404927507874605,100.0,-0.013939827462214983,-1.9488790576266865e-06,0.0
292.0,4005.9164421055875,0.01440468815684937,100.0,-0.014921580691886843,-2.8153680676852933e-06,0.0
292.1,4005.9149019946453,0.01440436902349418,100.0,-0.015876147376325197,-3.544166117746234e-06,0.0
292.2,4005.913267766222,0.014403983987618494,100.0,-0.016804010217463302,-4.133029836437039e-06,0.0
292.3,4005.911542066843,0.01440354716221933,100.0,-0.017705645275016543,-4.579537617769847e-06,0.0
292.40000000000003,4005.9097274957585,0.014403072911678437,100.0,-0.01858152203644295,-4.881082086983046e-06,0.0
292.5,4005.907826605595,0.014402575870731094,100.0,-0.019432103486661908,-5.034862199795525e-06,0.0
292.6,4005.905841903002,0.014402070964244049,100.0,-0.020257846177166673,-5.037874956804306e-06,0.0
292.7,4005.903775849294,0.014401573427842013,100.0,-0.021059200294742793,-4.886906715289934e-06,0.0
292.8,4005.9016308610817,0.014401098829423888,100.0,-0.021836609729735685,-4.578524079257819e-06,0.0
292.90000000000003,4005.899409310898,0.014400663091611922,100.0,-0.02259051214387458,-4.109064347675744e-06,0.0
293.0,4005.89711352782,0.014400282515178976,100.0,-0.023321339037675817,-3.4746255001367995e-06,0.0
293.1,4005.8947457980776,0.014399973803501281,100.0,-0.024029515817376525,-2.671055697810394e-06,0.0
293.2,4005.892308365664,0.014399754088086301,100.0,-0.024715461861325148,-1.6939422764929476e-06,0.0
293.3,4005.8898034329327,0.014399640955227637,100.0,-0.025379590586134454,-5.386002086083426e-07,0.0
293.40000000000003,4005.8872331611906,0.014399652473841378,100.0,-0.02602230951220358,7.999399922346188e-07,0.0
293.5,4005.8845996712844,0.014399807224540944,100.0,-0.026644020328867292,2.326944949731921e-06,0.0
293.6,4005.8819050441816,0.014400124330010082,100.0,-0.02724511895898584,4.04799171463585e-06,0.0
293.7,4005.8791513215424,0.01440062348673658,100.0,-0.027825995623252872,5.9689816939698946e-06,0.0
293.8,4005.8763405062873,0.014401324998172163,100.0,-0.02838703490395501,8.096155250824076e-06,0.0
293.90000000000003,4005.8734745631587,0.014402249809387223,100.0,-0.028928615808202076,1.0436107006451148e-05,0.0
294.0,4005.8705554192734,0.014403419543292205,100.0,-0.02945111183085004,1.2995801877318681e-05,0.0
294.1,4005.867584964672,0.01440485653850095,100.0,-0.029954891016858904,1.578259188274852e-05,0.0
294.2,4005.864565052861,0.014406583888914807,100.0,-0.03044031602325069,1.880423375925534e-05,0.0
294.3,4005.8614975013475,0.014408625485110127,100.0,-0.03090774418060692,2.2068907420001538e-05,0.0
294.40000000000003,4005.8583840921697,0.014411006057615614,100.0,-0.03135752755402892,2.558523529970375e-05,0.0
294.5,4005.8552265724197,0.014413751222170156,100.0,-0.031790013003795234,2.9362302626289274e-05,0.0
294.6,4005.8520266547616,0.014416887527056027,100.0,-0.03220554224544795,3.3409678664123094e-05,0.0
294.7,4005.8487860179425,0.014420442502606877,100.0,-0.032604451909419914,3.773743897452394e-05,0.0
294.8,4005.8455063072984,0.01442444471299463,100.0,-0.032987073600313326,4.235618874158324e-05,0.0
294.90000000000003,4005.842189135253,0.014428923810404361,100.0,-0.03335373395557735,4.7277087214537406e-05,0.0
295.0,4005.838836081814,0.014433910591711396,100.0,-0.033704754703834286,5.251187331896998e-05,0.0
295.1,4005.835448695057,0.01443943705778029,100.0,-0.034040452722782506,5.807289249257024e-05,0.0
295.2,4005.8320284916113,0.01444553647551104,100.0,-0.034361140096515995,6.397312480401e-05,0.0
295.3,4005.828576957135,0.01445224344276384,100.0,-0.034667124172486984,7.02262144151947e-05,0.0
295.40000000000003,4005.825095546785,0.014459593956299874,100.0,-0.034958707618012,7.684650045093012e-05,0.0
295.5,4005.821585685685,0.014467625482882237,100.0,-0.035236188476303554,8.384904934286224e-05,0.0
295.6,4005.818048769381,0.01447637703368785,100.0,-0.035499860222079245,9.124968871762574e-05,0.0
295.7,4005.8144861643,0.014485889242188441,100.0,-0.03575001181675363,9.906504290238438e-05,0.0
295.8,4005.810899208194,0.014496204445666155,100.0,-0.03598692776307568,0.00010731257012499953,0.0
295.90000000000003,4005.8072892105865,0.014507366770537211,100.0,-0.03621088815948933,0.00011601060148849163,0.0
296.0,4005.80365745321,0.014519422221665258,100.0,-0.03642216875384896,0.00012517838180510404,0.0
296.1,4005.8000051904355,0.014532418775854723,100.0,-0.03662104099694242,0.00013483611237689674,0.0
296.2,4005.7963336497032,0.014546406479723445,100.0,-0.03680777209535303,0.00014500499581672556,0.0
296.3,4005.7926440319425,0.014561437552163376,100.0,-0.03698262506407766,0.00015570728300526724,0.0
296.40000000000003,4005.7889375119876,0.01457756649160805,100.0,-0.037145858778587816,0.00016696632228641102,0.0
296.5,4005.785215238991,0.014594850188335885,100.0,-0.037297728026470654,0.00017880661100688438,0.0
296.6,4005.7814783368285,0.014613348042049274,100.0,-0.03743848355873611,0.00019125384951124076,0.0
296.7,4005.7777279045,0.014633122084980788,100.0,-0.03756837214067466,0.00020433499770910633,0.0
296.8,4005.7739650165267,0.014654237110789793,100.0,-0.037687636602250565,0.00021807833433686,0.0
296.90000000000003,4005.7701907233413,0.014676760809525222,100.0,-0.037796515888198795,0.0002325135190412919,0.0
297.0,4005.766406051674,0.01470076390894342,100.0,-0.03789524510760896,0.00024767165741972487,0.0
297.1,4005.762612004934,0.014726320322483617,100.0,-0.03798405558312703,0.0002635853691567956,0.0
297.2,4005.7588095635856,0.014753507304218004,100.0,-0.03806317489986272,0.00028028885940459665,0.0
297.3,4005.754999685519,0.014782405611108392,100.0,-0.038132826953839544,0.0002978179935606588,0.0
297.40000000000003,4005.751183306418,0.014813099672917246,100.0,-0.03819323200007403,0.00031621037560487574,0.0
297.5,4005.7473613401207,0.01484567777013737,100.0,-0.038244606700350514,0.00033550543016432115,0.0
297.6,4005.743534678976,0.014880232220321811,100.0,-0.038287164170542266,0.00035574448848324806,0.0
297.7,4005.7397041941977,0.014916859573213703,100.0,-0.03832111402764398,0.0003769708784833674,0.0
297.8,4005.7358707362096,0.0149556608150947,100.0,-0.03834666243652203,0.00039923001910841557,0.0
297.90000000000003,4005.732035134991,0.014996741582790553,100.0,-0.038364012156177664,0.0004225695191574175,0.0
298.0,4005.7281982004124,0.01504021238779323,100.0,-0.03837336258588129,0.00044703928081830653,0.0
298.1,4005.7243607225714,0.015086188850980713,100.0,-0.038374909810905265,0.00047269160812619504,0.0
298.2,4005.720523472121,0.015134791948438538,100.0,-0.038368846647996876,0.000499581320579655,0.0
298.3,4005.716687200593,0.015186148268911008,100.0,-0.03835536269056415,0.0005277658721599142,0.0
298.40000000000003,4005.71285264072,0.015240390283435129,100.0,-0.03833464435361083,0.000557305476009436,0.0
298.5,4005.70902050675,0.015297656627736468,100.0,-0.038306874918552815,0.0005882632350380859,0.0
298.6,4005.705191494758,0.015358092397993767,100.0,-0.03827223457756032,0.0006207052787396889,0.0
298.7,4005.7013662829513,0.015421849460607836,100.0,-0.03823090047794357,0.0006547009065117305,0.0
298.8,4005.6975455319744,0.015489086776640458,100.0,-0.038183046766317084,0.0006903227377880676,0.0
298.90000000000003,4005.693729885204,0.015559970741620585,100.0,-0.03812884463263402,0.0007276468693076289,0.0
299.0,4005.6899199690447,0.015634675541448293,100.0,-0.038068462353952726,0.000766753039858281,0.0
299.1,4005.6861163932167,0.015713383525161512,100.0,-0.038002065338296566,0.0008077248028494108,0.0
299.2,4005.682319751041,0.01579628559536692,100.0,-0.03792981616839418,0.0008506497070854081,0.0
299.3,4005.6785306197203,0.015883581617174326,100.0,-0.037851874645443664,0.0008956194861287708,0.0
299.40000000000003,4005.674749560614,0.015975480846513766,100.0,-0.037768397832826095,0.0009427302566605985,0.0
299.5,4005.6709771195106,0.016072202378756176,100.0,-0.037679540099989854,0.000992082726264337,0.0
299.6,4005.6672138268937,0.01617397561860218,100.0,-0.037585453166331335,0.0010437824110806182,0.0
299.7,4005.6634601982064,0.016281040772249268,100.0,-0.03748628614535011,0.0010979398638002302,0.0
299.8,4005.6597167341088,0.016393649362895554,100.0,-0.03738218558891987,0.001154670912485773,0.0
299.90000000000003,4005.6559839207316,0.016512064770688346,100.0,-0.03727329553198244,0.0012140969107345455,0.0
300.0,4005.6522622299267,0.016636562798278427,100.0,-0.03715975753749747,0.0012763449997205962,0.0
300.1,4005.648552119511,0.016767432263195776,100.0,-0.037041710741797344,0.001341548382678432,0.0
300.2,4005.644854033507,0.01690497561832019,100.0,-0.03691929190050229,0.0014098466124168622,0.0
300.3,4005.6411684023788,0.017049509601780373,100.0,-0.03679263543501214,0.0014813858924804851,0.0
300.40000000000003,4005.6374956432633,0.01720136591767837,100.0,-0.036661873479615394,0.0015563193926044492,0.0
300.5,4005.6338361601966,0.0173608919491021,100.0,-0.03652713592953165,0.001634807579137795,0.0
300.6,4005.6301903443346,0.017528451504958072,100.0,-0.03638855048980808,0.001717018561143927,0.0
300.7,4005.6265585741703,0.017704425602228763,100.0,-0.03624624272506726,0.0018031284529195675,0.0
300.8,4005.6229412157454,0.017889213285334837,100.0,-0.03610033611071077,0.0018933217537055696,0.0
300.90000000000003,4005.619338622856,0.01808323248436185,100.0,-0.035950952085289874,0.0019877917454035527,0.0
301.0,4005.6157511372544,0.01828692091399409,100.0,-0.03579821010425293,0.0020867409091470477,0.0
301.1,4005.6121790888437,0.018500737015085037,100.0,-0.03564222769566372,0.00219038136161448,0.0
301.2,4005.608622795869,0.018725160940884972,100.0,-0.03548312051744594,0.0022989353120174273,0.0
301.3,4005.6050825650996,0.01896069559004137,100.0,-0.035321002416908345,0.0024126355407342254,0.0
301.40000000000003,4005.6015586920084,0.01920786768858725,100.0,-0.03515598549246213,0.0025317259006089853,0.0
301.5,4005.5980514609437,0.01946722892323682,100.0,-0.03498818015798529,0.0026564618419799187,0.0
301.6,4005.594561145293,0.01973935712841663,100.0,-0.034817695210055455,0.002787110962551203,0.0
301.7,4005.591088007643,0.02002485752957443,100.0,-0.03464463789823549,0.002923953583273528,0.0
301.8,4005.587632299929,0.020324364045426955,100.0,-0.0344691139990229,0.003067283351449911,0.0
301.90000000000003,4005.5841942635793,0.020638540651932467,100.0,-0.03429122789349426,0.0032174078723414762,0.0
302.0,4005.580774129651,0.020968082810903933,100.0,-0.034111082649433244,0.0033746493706015507,0.0
302.1,4005.577372118956,0.021313718966314787,100.0,-0.033928780108074104,0.003539345382929763,0.0
302.2,4005.5739884421796,0.02167621211149134,100.0,-0.03374442097601526,0.0037118494833983653,0.0
302.3,4005.5706232999887,0.02205636143053426,100.0,-0.03355810492305195,0.003892532042965812,0.0
302.40000000000003,4005.567276883132,0.02245500401746653,100.0,-0.033369930686289836,0.004081781024761863,0.0
302.5,4005.563949372525,0.02287301667676706,100.0,-0.03317999618125566,0.0042800028167974185,0.0
302.6,4005.5606409393286,0.02331131780911799,100.0,-0.03298839862070673,0.004487623103821665,0.0
302.7,4005.5573517450125,0.023770869386369697,100.0,-0.03279523464200464,0.004705087780124939,0.0
302.8,4005.554081941406,0.024252679019911103,100.0,-0.03260060044382025,0.004932863905160903,0.0
302.90000000000003,4005.5508316707333,0.02475780212682428,100.0,-0.0324045919330067,0.005171440703942425,0.0
303.0,4005.5476010656366,0.02528734419840155,100.0,-0.0322073048829297,0.005421330614241223,0.0
303.1,4005.5443902491807,0.025842463175810675,100.0,-0.032008835104113946,0.005683070382709655,0.0
303.2,4005.5411993348393,0.02642437193790956,100.0,-0.031809278628660786,0.005957222212123104,0.0
303.3,4005.538028426464,0.027034340906436128,100.0,-0.03160873190965342,0.006244374962029366,0.0
303.40000000000003,4005.5348776182304,0.027673700774032146,100.0,-0.03140729203692989,0.006545145405181371,0.0
303.5,4005.531746994565,0.028343845360801524,100.0,-0.031205056971136565,0.006860179542211591,0.0
303.6,4005.5286366300425,0.029046234605354146,100.0,-0.031002125797654566,0.007190153977100892,0.0
303.7,4005.525546589263,0.02978239769654602,100.0,-0.030798599002286355,0.007535777356083823,0.0
303.8,4005.5224769266943,0.030553936352394995,100.0,-0.030594578771050682,0.007897791872716354,0.0
303.90000000000003,4005.519427686488,0.031362528252928484,100.0,-0.030390169316194784,0.00827697484192544,0.0
304.0,4005.516398902258,0.03220993063400561,100.0,-0.030185477231260867,0.008674140345937668,0.0
304.1,4005.513390596824,0.0330979840494504,100.0,-0.029980611877627027,0.009090140955076388,0.0
304.2,4005.5104027819143,0.034028616309135055,100.0,-0.029775685806107514,0.00952586952648144,0.0
304.3,4005.507435457823,0.03500384660096181,100.0,-0.029570815216598538,0.00998226108388916,0.0
304.40000000000003,4005.5044886130204,0.03602578980500865,100.0,-0.02936612045959395,0.010460294781667562,0.0
304.5,4005.5015622237133,0.037096661008426714,100.0,-0.02916172658364805,0.010960995956360499,0.0
304.6,4005.498656253343,0.0382187802300045,100.0,-0.028957763933258274,0.011485438269031199,0.0
304.7,4005.495770652025,0.039394577363645086,100.0,-0.028754368801901242,0.012034745941733994,0.0
304.8,4005.4929053559176,0.04062659735033554,100.0,-0.028551684145715874,0.012610096091442629,0.0
304.90000000000003,4005.490060286519,0.04191750558852092,100.0,-0.028349860363415413,0.013212721164764251,0.0
305.0,4005.487235349881,0.04327009359312591,100.0,-0.028149056149105647,0.013843911476721898,0.0
305.1,4005.4844304357302,0.0446872849137929,100.0,-0.027949439424810305,0.014505017856829618,0.0
305.2,4005.4816454165,0.0461721413232228,100.0,-0.027751188360183403,0.015197454405581335,0.0
305.3,4005.478880146248,0.04772786928680993,100.0,-0.027554492488179375,0.015922701364323742,0.0
305.40000000000003,4005.476134459458,0.049357826725050395,100.0,-0.027359553925342495,0.016682308101297245,0.0
305.5,4005.4734081697206,0.05106553008046956,100.0,-0.02716658870692113,0.01747789621637211,0.0
305.6,4005.4707010682646,0.0528546617010513,100.0,-0.0269758282475911,0.018311162766684173,0.0
305.7,4005.4680129223434,0.054729077552352796,100.0,-0.02678752093980202,0.019183883614970924,0.0
305.8,4005.4653434734496,0.05669281527064507,100.0,-0.026601933902567144,0.020097916901920105,0.0
305.90000000000003,4005.462692435349,0.05875010256952119,100.0,-0.026419354894818173,0.021055206643234604,0.0
306.0,4005.4600594919125,0.06090536601244913,100.0,-0.02624009440884813,0.022057786451385383,0.0
306.1,4005.457444294731,0.06316324016370108,100.0,-0.02606448796060982,0.023107783381155284,0.0
306.2,4005.454846460489,0.06552857712995079,100.0,-0.02589289859492956,0.024207421897031817,0.0
306.3,4005.4522655680776,0.06800645650457572,100.0,-0.025725719625768608,0.02535902795926341,0.0
306.40000000000003,4005.449701155418,0.0706021957263116,100.0,-0.025563377632950995,0.02656503322394043,0.0
306.5,4005.4471527159762,0.07332136086335914,100.0,-0.02540633573880453,0.027827979350733466,0.0
306.6,4005.44461969493,0.07616977783330815,100.0,-0.025255097190033042,0.02915052240991833,0.0
306.7,4005.4421014849654,0.07915354406829195,100.0,-0.025110209272447594,0.030535437377945878,0.0
306.8,4005.4395974216604,0.0822790406335773,100.0,-0.024972267588030173,0.03198562270808128,0.0
306.90000000000003,4005.437106778425,0.08555294480629198,100.0,-0.024841920726678013,0.033504104959436454,0.0
307.0,4005.43462876095,0.0889822431191437,100.0,-0.02471987536685479,0.035094043464028286,0.0
307.1,4005.4321625011235,0.09257424487173845,100.0,-0.024606901842567024,0.03675873500719814,0.0
307.20000000000005,4005.429707050367,0.09633659610939897,100.0,-0.024503840216147817,0.0385016184918008,0.0
307.3,4005.4272613723365,0.10027729406614559,100.0,-0.024411606899839976,0.04032627955085031,0.0
307.40000000000003,4005.42482433493,0.10440470206465115,100.0,-0.024331201871277165,0.04223645506677464,0.0
307.5,4005.4223947015453,0.10872756486143004,100.0,-0.024263716531142593,0.0442360375479146,0.0
307.6,4005.4199711215165,0.11325502442016139,100.0,-0.02421034225441689,0.046329079304245575,0.0
307.70000000000005,4005.417552119657,0.11799663608976614,100.0,-0.02417237968852347,0.048519796354519265,0.0
307.8,4005.4151360848346,0.12296238515652463,100.0,-0.024151248855136642,0.050812571985714136,0.0
307.90000000000003,4005.412721257492,0.12816270373098693,100.0,-0.02414850011405062,0.05321195987295025,0.0
308.0,4005.4103057160296,0.1336084879205306,100.0,-0.024165826049701213,0.05572268665345455,0.0
308.1,4005.407887361945,0.13931111522697398,100.0,-0.02420507434236294,0.05834965383171694,0.0
308.20000000000005,4005.405463903638,0.14528246209545534,100.0,-0.024268261686480587,0.061097938874364544,0.0
308.3,4005.403032838767,0.1515349215256124,100.0,-0.024357588818281303,0.06397279533230721,0.0
308.40000000000003,4005.4005914350446,0.15808142063869635,100.0,-0.024475456713635213,0.06697965180412056,0.0
308.5,4005.3981367093534,0.1649354380743557,100.0,-0.02462448401378496,0.07012410952825265,0.0
308.6,4005.3956654050544,0.17211102106813653,100.0,-0.02480752573159225,0.07341193836215698,0.0
308.70000000000005,4005.39317396736,0.17962280203494735,100.0,-0.025027693283880798,0.07684907087371111,0.0
308.8,4005.3906585166346,0.18748601445449137,100.0,-0.025288375884892463,0.08044159423406466,0.0
308.90000000000003,4005.388114819489,0.1957165078216194,100.0,-0.02559326332244133,0.08419573956116401,0.0
309.0,4005.3855382575257,0.20433076138733247,100.0,-0.02594637012018165,0.08811786831959564,0.0
309.1,4005.382923793599,0.21334589637439227,100.0,-0.02635206106593303,0.09221445533505442,0.0
309.20000000000005,4005.380265935458,0.22277968630480152,100.0,-0.02681507805739721,0.09649206793062905,0.0
309.3,4005.377558696642,0.2326505650244406,100.0,-0.027340568179951015,0.1009573406376474,0.0
309.40000000000003,4005.374795554512,0.24297763195257258,100.0,-0.02793411288629773,0.10561694487641089,0.0
309.5,4005.3719694053116,0.25378065402048566,100.0,-0.02860175809401583,0.11047755294232196,0.0
309.6,4005.369072516192,0.2650800636940537,100.0,-0.029350044950484565,0.11554579557204608,0.0
309.70000000000005,4005.366096474131,0.27689695239940454,100.0,-0.03018604093756216,0.12082821230340056,0.0
309.8,4005.3630321317487,0.28925305858929784,100.0,-0.031117370894985633,0.1263311937840787,0.0
309.90000000000003,4005.35986955004,0.30217074960056367,100.0,-0.03215224743348147,0.13206091513011775,0.0
310.0,4005.356597938129,0.31567299636065427,100.0,-0.033299500082457995,0.1380232593888196,0.0
310.1,4005.353205590202,0.3297833399049903,100.0,-0.034568602372765996,0.14422373012639547,0.0
310.20000000000005,4005.3496798198726,0.34452584856777124,100.0,-0.035969695890279374,0.15066735214309884,0.0
310.3,4005.3460068923446,0.35992506460924173,100.0,-0.03751361015138107,0.15735855932392254,0.0
310.40000000000003,4005.3421719548483,0.37600593894469947,100.0,-0.0392118769467538,0.16430106866831765,0.0
310.5,4005.3381589659853,0.392793752548205,100.0,-0.041076737575904715,0.17149773961616355,0.0
310.6,4005.3339506247785,0.4103140230213158,100.0,-0.04312114115551465,0.17895041790884203,0.0
310.70000000000005,4005.329528300425,0.4285923947495299,100.0,-0.04535873193282633,0.18665976340452511,0.0
310.8,4005.3248719639605,0.4476545110229129,100.0,-0.04780382327904309,0.1946250615170425,0.0
310.90000000000003,4005.3199601232996,0.4675258664802036,100.0,-0.050471355785430175,0.2028440182800748,0.0
311.0,4005.3147697633744,0.4882316382563626,100.0,-0.053376836649157725,0.21131253946502032,0.0
311.1,4005.309276293399,0.509796494282046,100.0,-0.05653625733343136,0.22002449471296892,0.0
311.20000000000005,4005.303453503581,0.5322443773108815,100.0,-0.05996598633656835,0.22897146828803477,0.0
311.3,4005.29727353394,0.5555982634485368,100.0,-0.06368263383165104,0.23814249882750765,0.0
311.40000000000003,4005.2907068582,0.5798798942386406,100.0,-0.06770288496976495,0.2475238113550508,0.0
311.5,4005.283722286046,0.6051094817367206,100.0,-0.07204329880746786,0.2570985458313879,0.0
311.6,4005.2762869873245,0.6313053864855823,100.0,-0.07672007015575953,0.26684648762876884,0.0
311.70000000000005,4005.2683665420004,0.6584837689032023,100.0,-0.08174875218759506,0.2767438065062989,0.0
311.8,4005.2599250198837,0.6866582153133605,100.0,-0.08714393841692415,0.28676281189486824,0.0
311.90000000000003,4005.250925094203,0.7158393406915395,100.0,-0.0929189036993691,0.2968717335221358,0.0
312.0,4005.241328193099,0.7460343711598184,100.0,-0.09908520522324482,0.3070345375516391,0.0
312.1,4005.231094692917,0.7772467103328503,100.0,-0.10565224606325742,0.3172107893950933,0.0
312.20000000000005,4005.2201841568394,0.809475494772056,100.0,-0.11262680574299863,0.3273555750890033,0.0
312.3,4005.2085556218485,0.8427151450164915,100.0,-0.12001254436224604,0.3374194935028305,0.0
312.40000000000003,4005.1961679362403,0.8769549198856135,100.0,-0.12780948912566095,0.347348731561267,0.0
312.5,4005.1829801489066,0.9121784829401943,100.0,-0.13601351447100593,0.35708523401745657,0.0
312.6,4005.168951950374,0.9483634910824627,100.0,-0.1446158293148871,0.36656697802372123,0.0
312.70000000000005,4005.1540441641127,0.985481216207534,100.0,-0.15360248707005075,0.37572836075299004,0.0
312.8,4005.138219284992,1.0234962115137338,100.0,-0.16295393587262225,0.3845007056091899,0.0
312.90000000000003,4005.1214420599185,1.0623660344682764,100.0,-0.17264462772172762,0.39281288915542006,0.0
313.0,4005.1036801038185,1.1020410384412418,100.0,-0.18264270580847097,0.400592086869188,0.0
313.1,4005.0849045421774,1.1424642446103908,100.0,-0.1929097890536697,0.40776463134427604,0.0
313.20000000000005,4005.065090669515,1.1835713048644876,100.0,-0.2034008716756874,0.4142569717961081,0.0
313.3,4005.044218611493,1.2252905650778996,100.0,-0.21406435342078464,0.41999671893268414,0.0
313.40000000000003,4005.0222739769238,1.267543236304578,100.0,-0.22484221292055598,0.42491375470005804,0.0
313.5,4004.9992484849254,1.3102436791834435,100.0,-0.23567033258156772,0.42894138238229385,0.0
313.6,4004.9751405518323,1.3532998042257853,100.0,-0.246478978619993,0.43201748930113865,0.0
313.70000000000005,4004.9499558223965,1.3966135877600618,100.0,-0.2571934345517847,0.4340856921532732,0.0
313.8,4004.923707630243,1.4400817002524244,100.0,-0.26773478090915337,0.4350964340165017,0.0
313.90000000000003,4004.89641737355,1.4835962406280538,100.0,-0.278020808477994,0.4350080023487703,0.0
314.0,4004.868114793453,1.527045567220298,100.0,-0.28796704724199323,0.4337874389087905,0.0
314.1,4004.83883814468,1.5703152131998657,100.0,-0.2974878887607433,0.4314113153701453,0.0
314.20000000000005,4004.8086342503398,1.6132888719017833,100.0,-0.3064977761389523,0.42786635233035347,0.0
314.3,4004.777558435514,1.655849435471707,100.0,-0.31491243323988777,0.4231498642144854,0.0
314.40000000000003,4004.7456743371927,1.6978800687695144,100.0,-0.32265010345972084,0.4172700179780204,0.0
314.5,4004.7130535911065,1.739265299543477,100.0,-0.32963276823754717,0.41024589924109967,0.0
314.6,4004.6797753989254,1.7798921055406145,100.0,-0.33578731648169624,0.4021073852513673,0.0
314.70000000000005,4004.645925982098,1.8196509794383977,100.0,-0.3410466381341847,0.3928948296114848,0.0
314.8,4004.6115979311353,1.8584369532353926,100.0,-0.34535061801293143,0.382658568791553,0.0
314.90000000000003,4004.576889461357,1.896150564968847,100.0,-0.3486470096696664,0.37145826489636496,0.0
315.0,4004.5419035879454,1.9326987522652515,100.0,-0.3508921730725377,0.3593621028435875,0.0
315.1,4004.5067472345504,1.967995659195134,100.0,-0.3520516642536268,0.34644586295851204,0.0
315.20000000000005,4004.4715302906625,2.001963345110444,100.0,-0.35210066945532775,0.3327918919787828,0.0
315.3,4004.4363646334955,2.034532386506308,100.0,-0.35102428059023055,0.3184879966075686,0.0
315.40000000000003,4004.4013631302387,2.065642365386856,100.0,-0.34881761284922125,0.3036262841100017,0.0
315.5,4004.366638636268,2.095242240052215,100.0,-0.34548576893747274,0.28830197409535513,0.0
315.6,4004.332303004294,2.123290596594401,100.0,-0.3410436576060344,0.2726122046624928,0.0
315.70000000000005,4004.2984661185214,2.1497557816378405,100.0,-0.3355156768265339,0.2566548546153823,0.0
315.8,4004.265234966747,2.174615918940287,100.0,-0.3289352741049703,0.24052740158529418,0.0
315.90000000000003,4004.232712761982,2.197858814347422,100.0,-0.3213443980480489,0.22432583373275802,0.0
316.0,4004.200998123728,2.2194817552449226,100.0,-0.31279285640147514,0.20814363034115577,0.0
316.1,4004.170184327465,2.239491212060053,100.0,-0.30333759640806746,0.19207082414359208,0.0
316.20000000000005,4004.1403586293195,2.257902450523776,100.0,-0.29304192352877073,0.1761931557207215,0.0
316.3,4004.111601671279,2.274739064314025,100.0,-0.28197467438269647,0.16059132783434132,0.0
316.40000000000003,4004.083986970759,2.290032438366919,100.0,-0.2702093592476288,0.14534036517249757,0.0
316.5,4004.057580496832,2.3038211535758926,100.0,-0.2578232886753216,0.13050908271805364,0.0
316.6,4004.0324403340214,2.3161503438131836,100.0,-0.2448966977714275,0.11615966384639656,0.0
316.70000000000005,4004.00861643326,2.3270710162208195,100.0,-0.2315118805189317,0.10234734733221969,0.0
316.8,4003.9861504484484,2.336639345548068,100.0,-0.21775234523669715,0.08912022071527513,0.0
316.90000000000003,4003.9650756559977,2.344915952979331,100.0,-0.20370200090378016,0.07651911595023847,0.0
317.0,4003.9454169538467,2.3519651794214393,100.0,-0.18944438268699879,0.06457760194972417,0.0
317.1,4003.927190935666,2.3578543626230903,100.0,-0.17506192361789544,0.0533220675217389,0.0
317.20000000000005,4003.9104060353534,2.3626531268024666,100.0,-0.1606352780059127,0.042771887299680546,0.0
317.3,4003.8950627364134,2.366432692682,100.0,-0.14624270087359356,0.03293966255736516,0.0
317.40000000000003,4003.8811538404634,2.369265214991127,100.0,-0.13195948647633612,0.023831528285246706,0.0
317.5,4003.868664788845,2.371223153617194,100.0,-0.11785746784060763,0.015447517566420498,0.0
317.6,4003.857574031191,2.372378683678662,100.0,-0.10400457823201709,0.007781974120717677,0.0
317.70000000000005,4003.8478534347446,2.372803148879595,100.0,-0.09046447455606083,0.0008240038698593662,0.0
317.8,4003.839468728274,2.3725665615949025,100.0,-0.07729622190291585,-0.005442043497012132,0.0
317.90000000000003,4003.8323799745294,2.371737152245464,100.0,-0.0645540377749617,-0.011036071723497064,0.0
318.0,4003.826542065379,2.3703809696631803,100.0,-0.052287093977125734,-0.015981722349494756,0.0
318.1,4003.821905233972,2.368561533328874,100.0,-0.04053937370203049,-0.0203058541676026,0.0
318.20000000000005,4003.818415578551,2.366339537600011,100.0,-0.029349580995439536,-0.024038025148946804,0.0
318.3,4003.8160155928263,2.3637726073382086,100.0,-0.018751099532837066,-0.027209983591599783,0.0
318.40000000000003,4003.8146446981377,2.3609151037046896,100.0,-0.00877199746547265,-0.029855174566322647,0.0
318.5,4003.8142397729725,2.35781797832008,100.0,0.0005649250089187954,-0.03200826701496591,0.0
318.6,4003.814735675728,2.354528673486497,100.0,0.009242048740779383,-0.03370470611148663,0.0
318.70000000000005,4003.8160657569592,2.351091065746749,100.0,0.01724681277717431,-0.03498029473774568,0.0
318.8,4003.818162357684,2.347545449708117,100.0,0.02457155891621761,-0.0358708071698057,0.0
318.90000000000003,4003.8209572906508,2.3439285587859295,100.0,0.031213346957871275,-0.03641163732766734,0.0
319.0,4003.824382301802,2.340273619322966,100.0,0.03717374386321584,-0.036637483224084284,0.0
319.1,4003.8283695094774,2.336610434411589,100.0,0.042458589946801406,-0.03658206856628157,0.0
319.20000000000005,4003.832851819216,2.3329654936823627,100.0,0.047077745135686334,-0.036277901827591316,0.0
319.3,4003.8075599943227,2.329182671029306,100.0,-0.5529142869568566,-0.039370022008297666,8.252703757279498e-15
319.40000000000003,4003.7222689530918,2.325093197911921,100.0,-1.1529065810277006,-0.042410883057229724,1.7200667036387918e-14
319.5,4003.5769786695014,2.3207022088547746,100.0,-1.7528991335652677,-0.0454003107992276,2.6846081303072593e-14
319.6,4003.3716891178797,2.316014856386407,100.0,-2.352891941070734,-0.04833811930702844,3.718998563978535e-14
319.70000000000005,4003.106400291085,2.311032591490852,100.0,-2.9528846348519138,-0.051299067095950335,4.6986376981861235e-14
319.8,4002.7811121829604,2.3057566669682608,100.0,-3.5528775670875135,-0.05421129460986524,5.743323367839657e-14
319.90000000000003,4002.3958247698333,2.3001919602141823,100.0,-4.152870734342987,-0.05707469251667821,6.853319386597645e-14
320.0,4001.9505380283717,2.2943433601508207,100.00000000000001,-4.752864133212875,-0.05988913959381164,8.028157353847803e-14
320.1,4001.445251935583,2.2882157684227806,100.00000000000003,-5.352857760317479,-0.0626545025919865,9.26678549416955e-14
320.20000000000005,4000.879966468812,2.281814100607128,100.00000000000004,-5.9528516122995265,-0.0653706360850257,1.0569680210905269e-13
320.3,4000.2546816057384,2.275143287439193,100.00000000000006,-6.552845685820803,-0.06803738230515026,1.193705711706224e-13
320.40000000000003,3999.569397324374,2.268208276055588,100.00000000000007,-7.152839977558756,-0.07065457096321166,1.3368582395563096e-13
320.5,3998.8241136030633,2.2610140312559857,100.00000000000009,-7.752834484203053,-0.07322201905330031,1.4864660220087743e-13
320.6,3998.0188304204803,2.2535655367852336,100.0000000000001,-8.352829202452096,-0.07573953064114913,1.6424399173283728e-13
320.70000000000005,3997.1535477556295,2.24586779663747,100.00000000000011,-8.95282412900947,-0.07820689663571814,1.804959166840418e-13
320.8,3996.228265587845,2.2379258363839463,100.00000000000013,-9.552819260580327,-0.08062389454330103,1.974065582022128e-13
320.90000000000003,3995.2429838967896,2.2297447045263437,100.00000000000014,-10.152814593867687,-0.08299028820344377,2.149767334336368e-13
321.0,3994.1977026624572,2.2213294738774376,100.00000000000017,-10.752810125568653,-0.08530582750590796,2.332033973435959e-13
321.1,3993.092421865172,2.21268524297105,100.0000000000002,-11.352805852370519,-0.08757024808785105,2.5207383689337636e-13
321.20000000000005,3991.9271414855903,2.203817137503307,100.00000000000023,-11.952801770946774,-0.08978327101032735,2.715946949352813e-13
321.3,3990.7018615047014,2.194730311807323,100.00000000000026,-12.552797877952969,-0.09194460241314181,2.9176922953476324e-13
321.40000000000003,3989.416581903831,2.1854299503635235,100.00000000000028,-13.152794170022453,-0.09405393314701176,3.126002416666815e-13
321.5,3988.0713026646413,2.1759212693479326,100.00000000000031,-13.752790643761955,-0.09611093838190678,3.3409453879831514e-13
321.6,3986.6660237691367,2.16620951822087,100.00000000000034,-14.352787295746989,-0.09811527719034845,3.562585069523181e-13
321.70000000000005,3985.200745200051,2.156299863399229,100.00000000000038,-14.952784114635607,-0.10006901488670264,3.790519594693869e-13
321.8,3983.675466941408,2.146197207970243,100.00000000000043,-14.999677580243892,-0.09834881152674362,3.8809221531430253e-13
321.90000000000003,3982.1454993292205,2.13626878637608,100.00000000000047,-14.999690509901265,-0.09635666649449245,3.9614197919535126e-13
322.0,3980.615530417296,2.126541776554108,100.00000000000051,-14.999702957911142,-0.09439901711222812,4.0439595311683907e-13
322.1,3979.085560254394,2.1170125834108298,100.00000000000055,-14.999714928367888,-0.0924773901962643,4.1281272996656384e-13
322.20000000000005,3977.5555888890135,2.1076773969409066,100.0000000000006,-14.999726418877726,-0.09059447456444994,4.2131970912064565e-13
322.3,3976.0256163694394,2.0985322843790346,100.00000000000064,-14.99973744586837,-0.08874995782697946,4.298985421685402e-13
322.40000000000003,3974.4956427422962,2.0895733462884203,100.00000000000068,-14.99974802547882,-0.08694349972398047,4.385313649436965e-13
322.5,3972.965668052578,2.080796719275881,100.00000000000072,-14.99975817353703,-0.08517473457016751,4.4720088043958015e-13
322.6,3971.4356923436826,2.0721985784649637,100.00000000000077,-14.999767905541002,-0.08344327355800085,4.558974016003393e-13
322.70000000000005,3969.9057156574427,2.0637751397411503,100.00000000000081,-14.99977723664308,-0.08174870692641958,4.646061179793409e-13
322.8,3968.3757380341635,2.0555226617825078,100.00000000000085,-14.999786181637065,-0.08009060600189317,4.733117376645816e-13
322.90000000000003,3966.845759512659,2.0474374478884703,100.0000000000009,-14.999794754948008,-0.07846852511822543,4.820030149518315e-13
323.0,3965.3157801302877,2.039515847618806,100.00000000000094,-14.99980297062431,-0.07688200342124672,4.906680956629892e-13
323.1,3963.785799922994,2.0317542582541974,100.000000000001,-14.999810842332016,-0.07533056656424754,4.992887215836366e-13
323.20000000000005,3962.255818925345,2.0241491260892976,100.00000000000105,-14.999818383350998,-0.07381372829973193,5.078368433810582e-13
323.3,3960.7258371705702,2.016696947568553,100.00000000000111,-14.999825606572905,-0.07233099197281055,5.163034245749453e-13
323.40000000000003,3959.1958546906008,2.0093942702745666,100.00000000000117,-14.999832524500672,-0.07088185192130315,5.246825802337585e-13
323.5,3957.6658715161093,2.002237693778264,100.00000000000122,-14.999839149249386,-0.06946579478738153,5.329645776645673e-13
323.6,3956.135887676549,1.9952238703596432,100.00000000000128,-14.999845492548422,-0.06808230074535725,5.411405714565653e-13
323.70000000000005,3954.6059032001926,1.9883495056074358,100.00000000000134,-14.999851565744653,-0.0667308446499995,5.492087755114236e-13
323.8,3953.0759181141716,1.9816113589055682,100.00000000000139,-14.999857379806626,-0.06541089710956073,5.571641739184297e-13
323.90000000000003,3951.5459324445137,1.9750062438138911,100.00000000000145,-14.999862945329594,-0.06412192548748895,5.649986067181204e-13
324.0,3950.0159462161805,1.9685310283502595,100.0000000000015,-14.99986827254125,-0.06286339483661396,5.727071200779668e-13
324.1,3948.485959453106,1.9621826351806584,100.00000000000156,-14.999873371308132,-0.06163476876941599,5.802894562857093e-13
324.20000000000005,3946.9559721782302,1.955958041723717,100.00000000000162,-14.99987825114253,-0.06043551026780839,5.877381029831926e-13
324.3,3945.425984413539,1.9498542801756111,100.00000000000168,-14.999882921209881,-0.05926508243570257,5.950503523993894e-13
324.40000000000003,3943.8959961800956,1.9438684374610262,100.00000000000173,-14.999887390336523,-0.05812294919746493,6.02225802696751e-13
324.5,3942.366007498076,1.9379976551155478,100.00000000000179,-14.999891667017755,-0.05700857594522286,6.092567295868237e-13
324.6,3940.836018386803,1.9322391291045486,100.00000000000185,-14.999895759426176,-0.055921430137834724,6.16144282755875e-13
324.70000000000005,3939.306028864777,1.9265901095833646,100.0000000000019,-14.999899675420165,-0.054860981854199534,6.228878171111268e-13
324.8,3937.77603894971,1.9210479006032821,100.00000000000196,-14.999903422552554,-0.05382670430345173,6.29484033724746e-13
324.90000000000003,3936.2460486585537,1.9156098597676117,100.00000000000203,-14.999907008079346,-0.05281807429446018,6.359271458628274e-13
325.0,3934.716058007532,1.910273397841875,100.0000000000021,-14.999910438968508,-0.051834572666931554,6.421948214452934e-13
325.1,3933.186067012168,1.9050359783219124,100.00000000000217,-14.999913721908792,-0.05087568468630385,6.482901038114636e-13
325.20000000000005,3931.6560756873137,1.8998951169634906,100.00000000000225,-14.999916863318504,-0.04994090040450713,6.542117035744252e-13
325.3,3930.1260840471755,1.8948483812767942,100.00000000000232,-14.99991986935424,-0.04902971498856444,6.599631445161469e-13
325.40000000000003,3928.5960921053415,1.8898933899889814,100.00000000000239,-14.999922745919573,-0.04814162901890739,6.655435782457194e-13
325.5,3927.066099874808,1.8850278124777993,100.00000000000246,-14.999925498673601,-0.04727614875918577,6.709520365701866e-13
325.6,3925.536107368002,1.8802493681790804,100.00000000000253,-14.999928133039411,-0.04643278639926179,6.761915951697754e-13
325.70000000000005,3924.0061145968057,1.87555582597077,100.0000000000026,-14.999930654212397,-0.045611060272991846,6.812600878975576e-13
325.8,3922.4761215725803,1.8709450035359791,100.00000000000267,-14.999933067168438,-0.04481049505231897,6.861603049143359e-13
325.90000000000003,3920.9461283061873,1.8664147667074003,100.00000000000274,-14.999935376671909,-0.0440306219191203,6.908948138189832e-13
326.0,3919.4161348080092,1.8619630287952877,100.00000000000281,-14.99993758728352,-0.04327097871617949,6.954608908271059e-13
326.1,3917.8861410879717,1.8575877499010613,100.00000000000288,-14.99993970336799,-0.042531110078582825,6.998556153410441e-13
326.20000000000005,3916.3561471555613,1.853286936218466,100.00000000000296,-14.999941729101531,-0.04181056754677287,7.040891306240672e-13
326.3,3914.8261530198456,1.8490586393240998,100.00000000000303,-14.999943668479103,-0.041108909662425204,7.081581688119719e-13
326.40000000000003,3913.2961586894908,1.8449009554590003,100.0000000000031,-14.999945525321548,-0.04042570204825714,7.120668925911976e-13
326.5,3911.7661641727805,1.8408120248028792,100.00000000000317,-14.999947303282443,-0.03976051747281512,7.158120133248265e-13
326.6,3910.236169477631,1.8367900307424796,100.00000000000324,-14.999949005854825,-0.03911293590123583,7.194002618185611e-13
326.70000000000005,3908.706174611608,1.8328331991354432,100.00000000000331,-14.99995063637765,-0.03848254453291946,7.228337573750733e-13
326.8,3907.1761795819416,1.8289397975709711,100.00000000000338,-14.999952198042093,-0.03786893782700659,7.26117052744851e-13
326.90000000000003,3905.646184395542,1.8251081346284814,100.00000000000345,-14.999953693897636,-0.03727171751650084,7.292483445516931e-13
327.0,3904.1161890590142,1.8213365591353794,100.00000000000352,-14.999955126857943,-0.03669049261183393,7.322301506058503e-13
327.1,3902.5861935786693,1.8176234594249767,100.0000000000036,-14.999956499706547,-0.036124879394627434,7.350639289305786e-13
327.20000000000005,3901.05619796054,1.8139672625955243,100.00000000000367,-14.999957815102347,-0.035574501402362735,7.377545290677874e-13
327.3,3899.5262022103916,1.81036643377125,100.00000000000374,-14.99995907558489,-0.03503898940463395,7.403030021638351e-13
327.40000000000003,3897.9962063337352,1.806819475366225,100.00000000000381,-14.999960283579489,-0.03451798137161847,7.42708480455672e-13
327.5,3896.4662103358382,1.8033249263518256,100.00000000000388,-14.99996144140213,-0.03401112243536754,7.44970018493127e-13
327.6,3894.936214221735,1.7998813615284877,100.00000000000395,-14.999962551264224,-0.033518064844482866,7.47091098819601e-13
327.70000000000005,3893.4062179962393,1.7964873908024053,100.00000000000402,-14.999963615277137,-0.03303846791271458,7.490786144823349e-13
327.8,3891.8762216639516,1.7931416584677637,100.00000000000409,-14.999964635456603,-0.03257199796198624,7.509328187601222e-13
327.90000000000003,3890.346225229271,1.7898428424950534,100.00000000000416,-14.99996561372691,-0.03211832826032138,7.526529546695347e-13
328.0,3888.816228696404,1.7865896538259578,100.00000000000423,-14.999966551924961,-0.031677138955121836,7.542436771737429e-13
328.1,3887.2862320693707,1.7833808356752714,100.0000000000043,-14.99996745180415,-0.031248117002218728,7.557048271586738e-13
328.20000000000005,3885.7562353520175,1.7802151628402545,100.00000000000438,-14.999968315038087,-0.030830956091094607,7.570370854295546e-13
328.3,3884.226238548022,1.777091441017799,100.00000000000445,-14.999969143224188,-0.03042535656665137,7.582465786687259e-13
328.40000000000003,3882.6962416609013,1.7740085061297362,100.00000000000452,-14.999969937887093,-0.030031025347875093,7.593326635460222e-13
328.5,3881.16624469402,1.7709652236565883,100.00000000000459,-14.999970700481953,-0.02964767584372892,7.602955670208834e-13
328.6,3879.636247650596,1.7679604879800284,100.00000000000466,-14.999971432397576,-0.029275027866585056,7.611372816700959e-13
328.70000000000005,3878.1062505337086,1.7649932217342859,100.00000000000473,-14.99997213495945,-0.028912807543487146,7.618577248126448e-13
328.8,3876.5762533463035,1.762062375166703,100.0000000000048,-14.99997280943262,-0.02856074722551675,7.624605809943573e-13
328.90000000000003,3875.0462560912,1.7591669255076243,100.00000000000487,-14.99997345702446,-0.02821858539552042,7.629455540659533e-13
329.0,3873.516258771096,1.7563058763497719,100.00000000000495,-14.999974078887304,-0.02788606657443821,7.633189601877053e-13
329.1,3871.986261388574,1.7534782570372385,100.00000000000502,-14.999974676120988,-0.027562941226457492,7.6358381617501e-13
329.20000000000005,3870.4562639461055,1.750683122064206,100.00000000000509,-14.999975249775257,-0.027248965663203225,7.637374954785568e-13
329.3,3868.9262664460575,1.7479195504834801,100.00000000000516,-14.999975800852075,-0.02694390194716065,7.637791579192731e-13
329.40000000000003,3867.396268890696,1.7451866453249052,100.00000000000523,-14.999976330307838,-0.02664751779451456,7.637127698456633e-13
329.5,3865.8662712821906,1.7424835330237154,100.0000000000053,-14.999976839055478,-0.026359586477575355,7.63539180710808e-13
329.6,3864.3362736226204,1.7398093628588511,100.00000000000537,-14.999977327966477,-0.026079886726952186,7.632573659117524e-13
329.70000000000005,3862.8062759139766,1.7371633064012617,100.00000000000544,-14.999977797872797,-0.025808202633620297,7.628738647915274e-13
329.8,3861.2762781581664,1.7345445569721967,100.00000000000551,-14.99997824956871,-0.02554432355102178,7.623891422593876e-13
329.90000000000003,3859.746280357018,1.7319523291114762,100.00000000000558,-14.999978683812547,-0.025288043997326135,7.618035896107082e-13
330.0,3858.2162825122828,1.7293858580557178,100.00000000000566,-14.999979101328385,-0.025039163557970763,7.61118529511834e-13
330.1,3856.6862846256404,1.726844399226484,100.00000000000573,-14.999979502807626,-0.02479748678858931,7.60339258856982e-13
330.20000000000005,3855.1562866987006,1.7243272277283086,100.0000000000058,-14.999979888910532,-0.02456282311843111,7.594677654725259e-13
330.3,3853.626288733007,1.7218336378565446,100.00000000000587,-14.999980260267668,-0.024334986754363422,7.585018755655016e-13
330.40000000000003,3852.09629073004,1.7193629426149697,100.00000000000594,-14.999980617481286,-0.024113796585543596,7.574434732894012e-13
330.5,3850.566292691219,1.7169144732430774,100.00000000000601,-14.999980961126655,-0.023899076088839517,7.562902460078622e-13
330.6,3849.036294617907,1.7144875787529752,100.00000000000608,-14.999981291753311,-0.023690653235071402,7.550450136100365e-13
330.70000000000005,3847.5062965114103,1.712081625475799,100.00000000000615,-14.999981609886257,-0.02348836039614019,7.537104580768019e-13
330.8,3845.9762983729834,1.7096959966175538,100.00000000000622,-14.999981916027112,-0.02329203425310304,7.522870537454166e-13
330.90000000000003,3844.4463002038306,1.7073300918242789,100.0000000000063,-14.99998221065519,-0.023101515705251378,7.507783252157809e-13
331.0,3842.9163020051074,1.7049833267564332,100.00000000000637,-14.999982494228545,-0.02291664978023974,7.491813689724262e-13
331.1,3841.3863037779242,1.7026551326723924,100.00000000000644,-14.999982767184969,-0.022737285545311067,7.474964517230156e-13
331.20000000000005,3839.8563055233467,1.7003449560209416,100.00000000000651,-14.99998302994291,-0.022563276019657928,7.457280044619617e-13
331.3,3838.3263072423993,1.698052258042648,100.00000000000658,-14.999983282902392,-0.022394478087955187,7.438770905513253e-13
331.40000000000003,3836.7963089360655,1.6957765143799917,100.00000000000665,-14.999983526445856,-0.0222307524150964,7.419382895446054e-13
331.5,3835.266310605291,1.6935172146961288,100.00000000000672,-14.999983760938987,-0.022071963362161197,7.399159200855259e-13
331.6,3833.7363122509846,1.6912738623021637,100.00000000000679,-14.999983986731477,-0.021917978903637652,7.378119732101453e-13
331.70000000000005,3832.2063138740205,1.6890459737927968,100.00000000000686,-14.999984204157771,-0.021768670545921506,7.356283320841675e-13
331.8,3830.6763154752384,1.6868330786902195,100.00000000000693,-14.999984413537765,-0.02162391324710884,7.333645972197112e-13
331.90000000000003,3829.1463170554466,1.6846347190961242,100.000000000007,-14.999984615177478,-0.0214835853380979,7.310247043542912e-13
332.0,3827.6163186154226,1.6824504493516919,100.00000000000708,-14.99998480936969,-0.02134756844501171,7.286102334392824e-13
332.1,3826.086320155914,1.680279835705426,100.00000000000715,-14.999984996394552,-0.02121574741295132,7.261215606735895e-13
332.20000000000005,3824.5563216776413,1.6781224559886934,100.00000000000722,-14.999985176520157,-0.02108801023108642,7.235545643979617e-13
332.3,3823.0263231812974,1.6759778992988366,100.00000000000729,-14.999985350003097,-0.020964247959089084,7.209107577168281e-13
332.40000000000003,3821.496324667549,1.673845765689722,100.00000000000736,-14.999985517088977,-0.020844354654912283,7.18191561811929e-13
332.5,3819.9663261370392,1.6717256658695843,100.00000000000743,-14.999985678012923,-0.020728227303915596,7.153983092123477e-13
332.6,3818.436327590387,1.6696172209060292,100.0000000000075,-14.99998583300006,-0.020615765749336202,7.125322469147581e-13
332.70000000000005,3816.906329028189,1.6675200619380621,100.00000000000757,-14.999985982265956,-0.020506872624103407,7.095933928956788e-13
332.8,3815.3763304510194,1.6654338298949998,100.00000000000765,-14.999986126017047,-0.020401453283991983,7.065877692499809e-13
332.90000000000003,3813.846331859433,1.6633581752221325,100.00000000000772,-14.999986264451064,-0.020299415742109955,7.035055888656504e-13
333.0,3812.316333253964,1.6612927576130003,100.00000000000779,-14.999986397757404,-0.020200670604713398,7.003479963053092e-13
333.1,3810.786334635127,1.6592372457481475,100.00000000000786,-14.99998652611752,-0.020105131008340646,6.971160546186756e-13
333.20000000000005,3809.2563360034196,1.657191317040222,100.00000000000793,-14.99998664970526,-0.020012712558257047,6.938216122300927e-13
333.3,3807.7263373593214,1.6551546573852858,100.000000000008,-14.999986768687215,-0.01992333326820029,6.90454338331439e-13
333.40000000000003,3806.196338703295,1.6531269609202055,100.00000000000807,-14.999986883223022,-0.019836913501415476,6.870150824986404e-13
333.5,3804.666340035788,1.6511079297859903,100.00000000000814,-14.999986993465697,-0.019753375912968142,6.835046221945522e-13
333.6,3803.1363413572312,1.6490972738969498,100.00000000000821,-14.999987099561896,-0.019672645393322887,6.799236649913874e-13
333.70000000000005,3801.6063426680416,1.6470947107155407,100.00000000000828,-14.999987201652209,-0.019594649013174474,6.762728506801369e-13
333.8,3800.076343968622,1.6450999650327776,100.00000000000836,-14.999987299871425,-0.01951931596951813,6.725527532709072e-13
333.90000000000003,3798.5463452593617,1.6431127687540814,100.00000000000843,-14.999987394348777,-0.019446577532944133,6.687614473443116e-13
334.0,3797.0163465406367,1.641132860690441,100.0000000000085,-14.999987485208178,-0.019376366996142248,6.649019022312693e-13
334.1,3795.486347812811,1.6391599863547643,100.00000000000857,-14.99998757256846,-0.019308619623601236,6.609732642827483e-13
334.20000000000005,3793.956349076236,1.6371938977633018,100.00000000000864,-14.999987656543574,-0.01924327260248737,6.569697096912819e-13
334.3,3792.4263503312527,1.6352343532420177,100.00000000000871,-14.999987737242812,-0.019180264994686447,6.528917235654192e-13
334.40000000000003,3790.89635157819,1.633281117237795,100.00000000000878,-14.999987814771,-0.019119537689993474,6.487397252419451e-13
334.5,3789.366352817368,1.6313339601343555,100.00000000000885,-14.999987889228684,-0.01906103336043289,6.445140699830588e-13
334.6,3787.836354049094,1.6293926580727827,100.00000000000892,-14.999987960712307,-0.019004696415693842,6.402150505742473e-13
334.70000000000005,3786.3063552736685,1.627456992776533,100.000000000009,-14.999988029314377,-0.0189504729596634,6.358403491190481e-13
334.8,3784.7763564913807,1.6255267513808243,100.00000000000907,-14.999988095123637,-0.01889831074804081,6.313927769442961e-13
334.90000000000003,3783.246357702512,1.623601726266293,100.00000000000914,-14.999988158225218,-0.018848159147016673,6.268724631556475e-13
335.0,3781.716358907335,1.621681714896812,100.0000000000092,-14.999988218700777,-0.018799969092999545,6.222855922543499e-13
335.1,3780.1863601061136,1.619766519661362,100.00000000000925,-14.999988276628647,-0.018753693053373686,6.176621519569402e-13
335.20000000000005,3778.6563612991044,1.6178559477198553,100.00000000000931,-14.99998833208397,-0.018709284988270257,6.130010786617285e-13
335.3,3777.1263624865564,1.6159498108528043,100.00000000000936,-14.999988385138819,-0.01866670031333665,6.083013025222585e-13
335.40000000000003,3775.5963636687115,1.6140479253147393,100.00000000000942,-14.999988435862319,-0.018625895863486105,6.035617466517657e-13
335.5,3774.0663648458044,1.6121501116912726,100.00000000000948,-14.999988484320774,-0.01858682985761222,5.987813263222979e-13
335.6,3772.536366018063,1.6102561947597134,100.00000000000954,-14.999988530577767,-0.018549461864250112,5.939589481575457e-13
335.70000000000005,3771.0063671857088,1.6083660033531364,100.00000000000959,-14.999988574694262,-0.018513752768169797,5.890935093184154e-13
335.8,3769.4763683489577,1.6064793702278106,100.00000000000965,-14.999988616728722,-0.018479664737885117,5.841838966803522e-13
335.90000000000003,3767.94636950802,1.6045961319338966,100.0000000000097,-14.999988656737173,-0.018447161194061798,5.792289860013918e-13
336.0,3766.4163706630993,1.6027161286893186,100.00000000000976,-14.999988694773334,-0.018416206778809414,5.742276410799043e-13
336.1,3764.8863718143944,1.6008392042567254,100.00000000000982,-14.999988730888678,-0.018386767325841744,5.691787129009524e-13
336.20000000000005,3763.356372962099,1.5989652058234507,100.00000000000988,-14.999988765132512,-0.0183588098314899,5.640810387701662e-13
336.3,3761.8263741064025,1.5970939838843854,100.00000000000993,-14.999988797552074,-0.01833230242655389,5.589334414339982e-13
336.40000000000003,3760.296375247488,1.5952253921276796,100.00000000000999,-14.999988828192599,-0.018307214348976864,5.537333036863536e-13
336.5,3758.7663763855353,1.5933592873231899,100.00000000001005,-14.999988857097385,-0.018283515917329074,5.48472337569543e-13
336.6,3757.236377520719,1.5914955292135895,100.0000000000101,-14.99998888430787,-0.018261178505085397,5.431495543805732e-13
336.70000000000005,3755.706378653211,1.5896339804080624,100.00000000001016,-14.999988909863688,-0.018240174515684125,5.377639355927373e-13
336.8,3754.1763797831773,1.587774506278501,100.00000000001022,-14.999988933802745,-0.01822047735835329,5.323144323013589e-13
336.90000000000003,3752.6463809107818,1.585916974858131,100.00000000001027,-14.999988956161264,-0.018202061424690115,5.267999646301558e-13
337.0,3751.116382036184,1.584061256742487,100.00000000001033,-14.999988976973846,-0.018184902065982302,5.212194210974317e-13
337.1,3749.5863831595398,1.582207224992663,100.00000000001039,-14.999988996273519,-0.018168975571256817,5.155716579412278e-13
337.20000000000005,3748.0563842810025,1.5803547550407653,100.00000000001044,-14.999989014091804,-0.018154259146045237,5.098554984024725e-13
337.3,3746.526385400721,1.5785037245974942,100.0000000000105,-14.999989030458746,-0.018140730891853866,5.04066723721424e-13
337.40000000000003,3744.996386518843,1.5766540135617857,100.00000000001056,-14.999989045402963,-0.0181283697863254,4.982072006542312e-13
337.5,3743.4663876355116,1.5748055039324385,100.00000000001062,-14.999989058951698,-0.018117155664083166,4.922756442559294e-13
337.6,3741.9363887508684,1.5729580797216627,100.00000000001067,-14.999989071130853,-0.018107069198246194,4.862712124350824e-13
337.70000000000005,3740.4063898650516,1.5711116268704792,100.00000000001071,-14.999989081965033,-0.01809809188260404,4.802017014347941e-13
337.8,3738.8763909781974,1.5692660331659027,100.00000000001076,-14.999989091477577,-0.018090206014442573,4.740992275563587e-13
337.90000000000003,3737.3463920904396,1.5674211881598439,100.0000000000108,-14.999989099690604,-0.01808339467801074,4.679612454775196e-13
338.0,3735.8163932019097,1.565576983089665,100.00000000001084,-14.999989106625028,-0.01807764172861904,4.617852267034778e-13
338.1,3734.2863943127372,1.5637333108003268,100.00000000001089,-14.999989112300614,-0.018072931777360763,4.555686565221643e-13
338.20000000000005,3732.7563954230495,1.561890065668059,100.00000000001093,-14.999989116735987,-0.018069250176448146,4.4930903099044126e-13
338.3,3731.2263965329726,1.5600471435254977,100.00000000001097,-14.999989119948673,-0.01806658300515545,4.4300385394614537e-13
338.40000000000003,3729.69639764263,1.5582044415882248,100.00000000001101,-14.999989121955114,-0.018064917056361623,4.3665063404088333e-13
338.5,3728.1663987521442,1.5563618583826486,100.00000000001106,-14.999989122770709,-0.01806423982368527,4.302468817884703e-13
338.6,3726.636399861636,1.5545192936751682,100.0000000000111,-14.999989122409824,-0.018064539489205583,4.23790157482793e-13
338.70000000000005,3725.1064009712254,1.5526766484025576,100.00000000001114,-14.999989120885818,-0.018065804911764016,4.1729340847211684e-13
338.8,3723.5764020810298,1.550833824603516,100.00000000001118,-14.999989118211063,-0.018068025615839926,4.107536958893377e-13
338.90000000000003,3722.046403191166,1.548990725351322,100.00000000001123,-14.99998911439697,-0.018071191780995144,4.0415245631150803e-13
339.0,3720.5164043017503,1.5471472546875351,100.00000000001127,-14.999989109453994,-0.018075294231885686,3.97487208825122e-13
339.1,3718.986405412897,1.545303317556688,100.00000000001131,-14.999989103391659,-0.01808032442883209,3.9075545506526774e-13
339.20000000000005,3717.45640652472,1.5434588197419101,100.00000000001135,-14.999989096218576,-0.018086274458949708,3.839546762939249e-13
339.3,3715.926407637332,1.5416136678014296,100.0000000000114,-14.999989087942447,-0.018093137027832357,3.7708233044824204e-13
339.40000000000003,3714.3964087508457,1.5397677690058926,100.00000000001144,-14.999989078570085,-0.018100905451789072,3.7013584915301335e-13
339.5,3712.866409865372,1.537921031276448,100.00000000001148,-14.999989068107423,-0.018109573650632482,3.631126346913997e-13
339.6,3711.3364109810227,1.536073363123537,100.00000000001153,-14.999989056559524,-0.018119136141015336,3.560100569277492e-13
339.70000000000005,3709.806412097908,1.534224673586337,100.00000000001157,-14.999989043930595,-0.018129588030319,3.4882547676427886e-13
339.8,3708.276413216138,1.5323748721727974,100.0000000000116,-14.999989030223981,-0.0181409250110889,3.415648331854499e-13
339.90000000000003,3706.7464143358225,1.5305238688002172,100.00000000001162,-14.999989015442187,-0.018153143356022007,3.3426768146025193e-13
340.0,3705.216415457071,1.5286715737363028,100.00000000001165,-14.999988999586881,-0.01816623991350658,3.269300349051265e-13
340.1,3703.6864165799934,1.5268178975406548,100.00000000001168,-14.999988982658882,-0.018180212103714535,3.1954792688732016e-13
340.20000000000005,3702.156417704699,1.5249627510066226,100.00000000001171,-14.99998896465819,-0.018195057915253963,3.1211740531069704e-13
340.3,3700.626418831297,1.5231060451034724,100.00000000001174,-14.99998894558396,-0.018210775902379933,3.046345271138567e-13
340.40000000000003,3699.096419959898,1.5212476909188102,100.00000000001177,-14.999988925434529,-0.01822736518277334,2.9709535276928387e-13
340.5,3697.5664210906107,1.5193875996012023,100.0000000000118,-14.99998890420739,-0.01824482543589022,2.8949594077202556e-13
340.6,3696.0364222235457,1.5175256823029335,100.00000000001182,-14.999988881899212,-0.018263156901887928,2.8183234210612617e-13
340.70000000000005,3694.506423358814,1.5156618501228463,100.00000000001185,-14.999988858505827,-0.018282360381137747,2.741005946767385e-13
340.8,3692.9764244965263,1.513796014049197,100.00000000001188,-14.99998883402222,-0.01830243723432939,2.6629671769547736e-13
340.90000000000003,3691.446425636794,1.5119280849024728,100.00000000001191,-14.999988808442543,-0.018323389383178606,2.584167060061805e-13
341.0,3689.9164267797296,1.5100579732781019,100.00000000001194,-14.999988781760084,-0.01834521931174634,2.5045652433778854e-13
341.1,3688.386427925446,1.5081855894890006,100.00000000001197,-14.999988753967285,-0.018367930068382454,2.4241210147055247e-13
341.20000000000005,3686.856429074056,1.5063108435078865,100.000000000012,-14.999988725055706,-0.018391525268306293,2.342793243012096e-13
341.3,3685.3264302256757,1.5044336449092959,100.00000000001202,-14.999988695016036,-0.018416009096836196,2.260540317921455e-13
341.40000000000003,3683.79643138042,1.5025539028112385,100.00000000001205,-14.999988663838078,-0.018441386313285447,2.1773200878886195e-13
341.5,3682.2664325384058,1.500671525816418,100.00000000001208,-14.99998863151072,-0.018467662255538246,2.0930978106618745e-13
341.6,3680.736433699751,1.4987864219529516,100.0000000000121,-14.999988598021936,-0.018494842845326168,2.00796300826705e-13
341.70000000000005,3679.206434864575,1.496898498614513,100.00000000001211,-14.999988563358773,-0.01852293459422197,1.922332037262154e-13
341.8,3677.676436032998,1.4950076624998272,100.00000000001212,-14.99998852750732,-0.018551944610372906,1.8361475302693566e-13
341.90000000000003,3676.1464372051423,1.4931138195514384,100.00000000001214,-14.999988490452688,-0.018581880605996474,1.7493520889141786e-13
342.0,3674.6164383811315,1.4912168748936734,100.00000000001215,-14.999988452179013,-0.018612750905660367,1.6618881908093038e-13
342.1,3673.086439561091,1.489316732769719,100.00000000001216,-14.9999884126694,-0.018644564455375143,1.5736980953551444e-13
342.20000000000005,3671.556440745148,1.487413296477728,100.00000000001218,-14.999988371905925,-0.018677330832527244,1.4847244681511859e-13
342.3,3670.026441933431,1.4855064683058687,100.0000000000122,-14.999988329869595,-0.01871106025668122,1.3949261558468887e-13
342.40000000000003,3668.496443126072,1.4835961494662246,100.00000000001221,-14.999988286540328,-0.018745763601284483,1.3046412544659619e-13
342.5,3666.9664443232027,1.4816822400274532,100.00000000001222,-14.999988241896908,-0.018781452406309074,1.2133818706505532e-13
342.6,3665.4364455249593,1.4797646388461054,100.00000000001224,-14.999988195916977,-0.01881813889186686,1.1210883251062064e-13
342.70000000000005,3663.9064467314793,1.4778432434965036,100.00000000001225,-14.999988148576977,-0.018855835972840043,1.0277000928360192e-13
342.8,3662.376447942903,1.4759179501990733,100.00000000001226,-14.999988099852125,-0.018894557274566588,9.331556936134572e-14
342.90000000000003,3660.8464491593722,1.4739886537470193,100.00000000001228,-14.999988049716377,-0.018934317149627847,8.373925787274235e-14
343.0,3659.3164503810335,1.4720552474312285,100.00000000001229,-14.999987998142368,-0.018975130695787906,7.40347383397159e-14
343.1,3657.786451608035,1.470117622963284,100.00000000001229,-14.99998794510139,-0.01901701377513459,6.420754361727541e-14
343.20000000000005,3656.2564528405273,1.4681756703964592,100.00000000001229,-14.999987890563336,-0.019059983034479797,5.430998034880731e-14
343.3,3654.7264540786655,1.466229278044567,100.00000000001229,-14.999987834496638,-0.019104055927076907,4.433400621027225e-14
343.40000000000003,3653.1964553226076,1.4642783323985191,100.00000000001229,-14.999987776868227,-0.01914925073572118,3.427151491558283e-14
343.5,3651.6664565725146,1.4623227180404585,100.00000000001229,-14.999987717643478,-0.019195586597300262,2.4114320160877582e-14
343.6,3650.136457828551,1.4603623175553073,100.00000000001229,-14.999987656786132,-0.01924308352886432,1.3854139064711033e-14
343.70000000000005,3648.6064590908863,1.4583970114395748,100.00000000001229,-14.99998759425825,-0.019291762455299975,3.48257503872057e-15
343.8,3647.0764603596926,1.456426678007256,100.00000000001229,-14.999987530020132,-0.019341645238684303,-7.014374910125982e-15
343.90000000000003,3645.5464616351464,1.454451193292645,100.00000000001229,-14.999987464030255,-0.019392754709412242,-1.763974442938381e-14
344.0,3644.0164629174296,1.4524704309498795,100.00000000001229,-14.999987396245185,-0.019445114699188148,-2.840238926542012e-14
344.1,3642.4864642067273,1.4504842621490177,100.00000000001229,-14.999987326619495,-0.01949875007598806,-3.931135428770147e-14
344.20000000000005,3640.95646550323,1.4484925554684434,100.00000000001229,-14.999987255105696,-0.019553686781091737,-5.037589465853894e-14
344.3,3639.4264668071337,1.4464951767833825,100.00000000001229,-14.999987181654115,-0.01960995186830903,-6.16054543810776e-14
344.40000000000003,3637.8964681186385,1.4444919891502992,100.00000000001229,-14.99998710621282,-0.019667573545517826,-7.300828309434429e-14
344.5,3636.3664694379504,1.4424828526869304,100.00000000001228,-14.999987028727507,-0.019726581218645768,-8.457519243124581e-14
344.6,3634.8364707652813,1.440467624447703,100.00000000001226,-14.999986949141384,-0.019787005538237038,-9.625208046173315e-14
344.70000000000005,3633.3064721008486,1.4384461582942598,100.00000000001225,-14.999986867395062,-0.019848878448752993,-1.0805072462464244e-13
344.8,3631.7764734448765,1.4364183047608097,100.00000000001224,-14.999986783426424,-0.01991223324076431,-1.1998312349692798e-13
344.90000000000003,3630.2464747975955,1.4343839109139984,100.00000000001222,-14.999986697170485,-0.019977104606209422,-1.3206142394286468e-13
345.0,3628.7164761592426,1.4323428202069757,100.00000000001221,-14.999986608559269,-0.020043528696894415,-1.4429538967603097e-13
345.1,3627.186477530062,1.4302948723273208,100.0000000000122,-14.999986517521629,-0.020111543186431876,-1.5664232002956213e-13
345.20000000000005,3625.656478910306,1.4282399030384636,100.00000000001218,-14.999986423983113,-0.020181187335821534,-1.691755290280616e-13
345.3,3624.126480300233,1.4261777440142198,100.00000000001216,-14.999986327865775,-0.020252502062894667,-1.8190854112551268e-13
345.40000000000003,3622.5964817001122,1.4241082226660324,100.00000000001215,-14.999986229087998,-0.020325530015849858,-1.9485527373480293e-13
345.5,3621.066483110219,1.4220311619624926,100.00000000001214,-14.999986127564297,-0.020400315651132987,-2.0803187317728273e-13
345.6,3619.536484530839,1.4199463802406795,100.00000000001211,-14.999986023205109,-0.02047690531591788,-2.2144786954270066e-13
345.70000000000005,3618.0064859622667,1.4178536910088404,100.00000000001208,-14.999985915916584,-0.020555347335468065,-2.3504244363233303e-13
345.8,3616.4764874048064,1.4157529027398932,100.00000000001205,-14.999985805600328,-0.02063569210566966,-2.488324526659877e-13
345.90000000000003,3614.946488858773,1.4136438186552127,100.00000000001202,-14.999985692153164,-0.020717992191049462,-2.628353063533816e-13
346.0,3613.4164903244923,1.4115262364981216,100.000000000012,-14.999985575466853,-0.02080230242859534,-2.7706903081903723e-13
346.1,3611.8864918023014,1.4093999482964776,100.00000000001197,-14.999985455427824,-0.02088868003772653,-2.915523376834298e-13
346.20000000000005,3610.3564932925487,1.4072647401137128,100.00000000001194,-14.999985331916845,-0.0209771847367642,-3.063046989423546e-13
346.3,3608.8264947955963,1.4051203917876414,100.00000000001191,-14.999985204808706,-0.02106787886626945,-3.213464283721153e-13
346.40000000000003,3607.2964963118184,1.4029666766563167,100.00000000001188,-14.999985073971864,-0.021160827519633035,-3.3669870836974133e-13
346.5,3605.7664978416033,1.400803361270179,100.00000000001185,-14.999984939268067,-0.021256098681298706,-3.5238148678037837e-13
346.6,3604.236499385354,1.3986302050896935,100.00000000001181,-14.999984800551958,-0.021353763373019995,-3.683899900724619e-13
346.70000000000005,3602.7065009434887,1.3964469601676412,100.00000000001177,-14.999984657670641,-0.021453895808531544,-3.8465742358140774e-13
346.8,3601.176502516442,1.3942533708151819,100.00000000001172,-14.999984510463218,-0.02155657355702662,-4.012098792728965e-13
346.90000000000003,3599.646504104665,1.392049173250775,100.00000000001168,-14.999984358760305,-0.02166187771579654,-4.180705500872707e-13
347.0,3598.1165057086264,1.3898340952310064,100.00000000001164,-14.999984202383507,-0.021769893092367532,-4.3522935258052173e-13
347.1,3596.5865073288146,1.3876078556623355,100.0000000000116,-14.999984041144847,-0.02188070839641003,-4.527211484409384e-13
347.20000000000005,3595.056508965737,1.385370164192757,100.00000000001155,-14.999983874846178,-0.02199441644163447,-4.706186325467569e-13
347.3,3593.526510619922,1.3831207207823513,100.00000000001151,-14.999983703278543,-0.022111114357774186,-4.889527637398232e-13
347.40000000000003,3591.9965122919207,1.3808592152516974,100.00000000001145,-14.999983526221477,-0.022230903812617088,-5.077254541673209e-13
347.5,3590.466513982306,1.3785853268071318,100.0000000000114,-14.999983343442294,-0.02235389124386123,-5.268659033677418e-13
347.6,3588.9365156916765,1.3762987235418744,100.00000000001134,-14.999983154695308,-0.022480188100303673,-5.464142735684442e-13
347.70000000000005,3587.4065174206567,1.3739990619121136,100.00000000001128,-14.999982959721002,-0.022609911091532844,-5.66413241380022e-13
347.8,3585.876519169898,1.37168598618724,100.00000000001123,-14.999982758245167,-0.022743182444839326,-5.869083261485421e-13
347.90000000000003,3584.3465209400815,1.3693591278735895,100.00000000001117,-14.999982549977966,-0.022880130167459323,-6.079481746113979e-13
348.0,3582.8165227319178,1.3670181051112815,100.00000000001111,-14.999982334612977,-0.023020888311478055,-6.295815858691206e-13
348.1,3581.2865245461508,1.364662522044064,100.00000000001104,-14.999982111826155,-0.023165597237676,-6.518235570917943e-13
348.20000000000005,3579.7565263835577,1.362291968162523,100.00000000001097,-14.99998188127479,-0.023314403873243936,-6.746033999383323e-13
348.3,3578.226528244953,1.359906017621621,100.0000000000109,-14.99998164259641,-0.02346746195648828,-6.979783258784596e-13
348.40000000000003,3576.696530131189,1.3575042285343486,100.00000000001083,-14.999981395407653,-0.023624932259282173,-7.219683947161456e-13
348.5,3575.166532043158,1.3550861422443663,100.00000000001076,-14.99998113930316,-0.02378698277486233,-7.466884795845481e-13
348.6,3573.636533981796,1.3526512825819916,100.00000000001069,-14.999980873854458,-0.023953788854430197,-7.722752050882022e-13
348.70000000000005,3572.1065359480845,1.3501991551098371,100.0000000000106,-14.999980598608934,-0.02412553327043553,-7.987759612659593e-13
348.8,3570.5765379430513,1.3477292463670343,100.00000000001052,-14.99998031308888,-0.024302406176991954,-8.261686000002675e-13
348.90000000000003,3569.046539967776,1.3452410231244794,100.00000000001043,-14.999980016790738,-0.024484604927831197,-8.54559687572355e-13
349.0,3567.5165420233902,1.3427339316682432,100.00000000001035,-14.999979709184604,-0.024672333698614483,-8.840675908787782e-13
349.1,3565.986544111083,1.3402073971346147,100.00000000001026,-14.999979389714142,-0.024865802841805958,-9.148360802753013e-13
349.20000000000005,3564.4565462320998,1.3376608229288236,100.00000000001016,-14.999979057797097,-0.025065227876737217,-9.469342526567364e-13
349.3,3562.9265483877484,1.3350935902711405,100.00000000001006,-14.999978712826666,-0.02527082798187118,-9.803250529182145e-13
349.40000000000003,3561.3965505794004,1.3325050579300453,100.00000000000996,-14.999978354174075,-0.025482823806302703,-1.015107903928781e-12
349.5,3559.8665528084916,1.3298945622242406,100.00000000000986,-14.999977981192922,-0.025701434346527614,-1.05152967907955e-12
349.6,3558.3365550765257,1.3272614174061117,100.00000000000975,-14.999977593225957,-0.02592687253234196,-1.0897966455341395e-12
349.70000000000005,3556.806557385073,1.3246049165827045,100.00000000000963,-14.999977189615395,-0.026159339016706376,-1.1299577163494603e-12
349.8,3555.276559735771,1.32192433339237,100.00000000000952,-14.999976769718318,-0.026399013443453315,-1.1723904093311687e-12
349.90000000000003,3553.74656213032,1.3192189247451365,100.0000000000094,-14.999976332929283,-0.02664604213328097,-1.2173420735782574e-12
350.0,3552.216564570478,1.3164879350672118,100.00000000000927,-14.999975878713625,-0.02690052061510979,-1.2649591002161526e-12
350.1,3550.6865670580514,1.3137306026884528,100.00000000000914,-14.999975406656453,-0.027162468621216605,-1.3156740825437688e-12
350.20000000000005,3549.1565695948766,1.3109461693155524,100.000000000009,-14.99997491653522,-0.027431793857317924,-1.3699889980065405e-12
350.3,3547.6265721827945,1.3081338940107368,100.00000000000885,-14.999974408428475,-0.027708238681216066,-1.428431865907238e-12
350.40000000000003,3546.0965748236104,1.3052930738662487,100.00000000000871,-14.999973882881276,-0.027991300068852604,-1.4919127082480336e-12
350.5,3544.56657751903,1.3024230748518832,100.00000000000855,-14.999973341162182,-0.02828010650336197,-1.5615263059115985e-12
350.6,3543.0365802705614,1.2995233785501816,100.0000000000084,-14.999972785673437,-0.02857322271367695,-1.638162591521683e-12
350.70000000000005,3541.5065830793615,1.2965936545756374,100.00000000000823,-14.999972220629283,-0.028868327796761534,-1.7237150591845923e-12
350.8,3539.9765859459826,1.29363387637659,100.00000000000804,-14.999971653230501,-0.029161657728363856,-1.820489344939952e-12
350.90000000000003,3538.446588869953,1.2906445149860084,100.00000000000786,-14.999971095831695,-0.029446972911850278,-1.93174385802556e-12
351.0,3536.9165918492354,1.2876267978181353,100.00000000000766,-14.99997058993557,-0.02970355311994191,-2.0611261542382775e-12
351.1,3535.389572830045,1.2845940501201887,100.00000000000745,-14.999970302135797,-0.02984853504189605,-2.197450120140127e-12
351.20000000000005,3533.8687405699197,1.2815670893307889,100.00000000000722,-14.999970326854132,-0.0298361105963126,-2.332754467832675e-12
351.3,3532.354082169377,1.2785617870652832,100.00000000000698,-14.999970665172889,-0.02966553476284226,-2.4683490289784757e-12
351.40000000000003,3530.84558471655,1.2755941778076167,100.00000000000672,-14.999971324149065,-0.029330439917361683,-2.605572754439231e-12
351.5,3529.343284254187,1.2726811153495325,100.00000000000645,-14.999972316183396,-0.02881863514719111,-2.7459898342038157e-12
351.6,3527.8472967699545,1.2698426575003654,100.00000000000617,-14.89677588809753,-0.027861868972934686,-2.8707921944037707e-12
351.70000000000005,3526.3677034183265,1.2671292980202042,100.00000000000587,-14.673176736182736,-0.02629578395060429,-2.9765134749220316e-12
351.8,3524.9162143622757,1.2646078458862033,100.00000000000557,-14.335813476379782,-0.024006462846705337,-3.063350669483939e-12
351.90000000000003,3523.503865648832,1.262355456778925,100.00000000000526,-13.89152312550769,-0.020900457654389835,-3.1325375737561103e-12
352.0,3522.1409894829326,1.2604576369248686,100.00000000000495,-13.347681518524503,-0.016905575157465956,-3.185073450287369e-12
352.1,3520.835950054755,1.2589965164810801,100.00000000000462,-12.750403371136446,-0.012275964459924333,-3.2202597194945404e-12
352.20000000000005,3519.5909087327154,1.2580120098531855,100.00000000000429,-12.15042323465191,-0.00739389688250271,-3.2391978612745252e-12
352.3,3518.4058653309853,1.2575269674953207,100.00000000000396,-11.550444985470422,-0.0022851711658290683,-3.2464707882360886e-12
352.40000000000003,3517.280819653971,1.2575643524117737,100.00000000000364,-10.950468775936454,0.00305768731534793,-3.245215098709576e-12
352.5,3516.2157714857176,1.25814839096974,100.00000000000331,-10.350494861984936,0.008652327731779446,-3.237719338487433e-12
352.6,3515.2107205789353,1.2593055612907407,100.00000000000298,-9.750523618252787,0.014526250546073167,-3.2258015874497035e-12
352.70000000000005,3514.265666641406,1.2610656461577674,100.00000000000266,-9.15055557960288,0.0207187424083402,-3.2108661218863765e-12
352.8,3513.380609316728,1.2634630766572907,100.00000000000233,-8.550591513747086,0.02728461326828726,-3.193829269744359e-12
352.90000000000003,3512.5555481581796,1.2665385326685428,100.00000000000202,-7.950632470760326,0.03429404840760459,-3.1754420958150373e-12
353.0,3511.790482591388,1.2703409554515959,100.0000000000017,-7.35068000439028,0.04184477713983816,-3.1565204455517113e-12
353.1,3511.0854118509847,1.274930808930175,100.00000000000139,-6.750736440313929,0.050071392147672464,-3.137364125463844e-12
353.20000000000005,3510.4403348787805,1.280384681025156,100.00000000000108,-6.150805441377287,0.05916639147310139,-3.118345775337007e-12
353.3,3509.8552501381414,1.2868028831984988,100.00000000000077,-5.550893199558832,0.06942075029245842,-3.099941931922146e-12
353.40000000000003,3509.3301552434014,1.2943229137308399,100.00000000000045,-4.951011147533723,0.08130377085220047,-3.0826679524887262e-12
353.5,3508.865046175408,1.3031433362797353,100.00000000000014,-4.351182376328342,0.09561000549269424,-3.067574916229197e-12
353.6,3508.4599149614205,1.3135847159590393,99.99999999999983,-3.751473706630252,0.11422212906830762,-3.057708533508805e-12
353.70000000000005,3508.114740042382,1.326285985223585,99.99999999999952,-3.1521393337057955,0.14216609831373447,-3.0623079478258258e-12
353.8,3507.829436664757,1.3427919499230592,99.9999999999992,-2.5543396665652587,0.19280547236190332,-3.1056513081100327e-12
353.90000000000003,3507.6038474723955,1.365116430968559,99.99999999999889,-1.9571500191279463,0.25053374297957837,-3.1497734518749206e-12
354.0,3507.438058145158,1.3922747322931304,99.99999999999858,-1.3585464795483213,0.2913674475481229,-3.1514589983013307e-12
354.1,3507.332132393199,1.4234739417781377,99.99999999999827,-0.7601289206400406,0.33473973001556595,-3.151072645197936e-12
354.20000000000005,3507.285971430614,1.4599121712226024,99.99999999999795,-0.16326529990110228,0.3958566467247411,-3.1740098575874386e-12
354.3,3507.299524705802,1.5021595843631326,99.99999999999764,0.43471302879748386,0.44438450343218494,-3.1591148479540587e-12
354.40000000000003,3507.3729633756143,1.547975423072404,99.99999999999733,1.0341867182896713,0.468969217621025,-3.0933995584809676e-12
354.5,3507.50637470488,1.5955232194845135,99.99999999999703,1.6340718638396319,0.4803619462487645,-3.0000008461624723e-12
354.6,3507.6997808646042,1.643794475154456,99.99999999999673,2.234057955293213,0.48403840829882083,-2.890108424601363e-12
354.70000000000005,3507.9531865871195,1.6921612493439402,99.99999999999645,2.8340548786400417,0.48257796009521864,-2.768909642194701e-12
354.8,3508.266591142208,1.740186025378485,99.99999999999618,3.434031579030387,0.47737487026438047,-2.6392591545722377e-12
354.90000000000003,3508.639991830865,1.787539953339594,99.99999999999592,4.03397640803712,0.4692728076008735,-2.5031204844896808e-12
355.0,3509.073385217245,1.833962695117712,99.99999999999568,4.633885167950217,0.45882762277914396,-2.3613734997814887e-12
355.1,3509.566767625987,1.8792405104973438,99.99999999999545,5.233756834052884,0.4464294447583052,-2.214957985413853e-12
355.20000000000005,3510.1201353605734,1.9231931585397266,99.99999999999524,5.8335918255924755,0.43236590129011093,-2.0641411465025887e-12
355.3,3510.733484805337,1.9656656135816104,99.99999999999504,6.4333912598340826,0.4168582758365909,-1.909560852773012e-12
355.40000000000003,3511.4068124764813,2.0065226169107397,99.99999999999486,7.033156621415059,0.4000835117338411,-1.7513832407458438e-12
355.5,3512.140115050648,2.045644998127191,99.99999999999469,7.632889620004879,0.38218833461050433,-1.5899280772134266e-12
355.6,3512.933389384306,2.082927158319824,99.99999999999453,8.232592138434349,0.36329876153405694,-1.4251993288784401e-12
355.70000000000005,3513.786632530489,2.1182753526034026,99.9999999999944,8.832266226598682,0.343526804034685,-1.257394698886143e-12
355.8,3514.699841756269,2.1516065485035125,99.99999999999429,9.431914119754143,0.3229754162663547,-1.086926130196522e-12
355.90000000000003,3515.673014562808,2.1828477192340148,99.99999999999419,10.0315382705609,0.30174232837146214,-9.136558799535091e-13
356.0,3516.706148709056,2.2119354821989634,99.9999999999941,10.631141389307436,0.2799231720877139,-7.377415325048686e-13
356.1,3517.7992422397433,2.2388160263469485,99.99999999999403,11.230726489140544,0.2576141693833379,-5.591784689150835e-13
356.20000000000005,3518.9522935180544,2.2634452946769534,99.99999999999399,11.830296934133619,0.2349145736990028,-3.7818058211871664e-13
356.3,3520.16530126317,2.285789404520058,99.99999999999396,12.429856488246452,0.2119290049762521,-1.9509884230901087e-13
356.40000000000003,3521.438264592657,2.305825300813156,99.99999999999395,13.029409362910823,0.1887697919007978,-1.0119961306059994e-14
356.5,3522.771183069427,2.323541648135977,99.99999999999396,13.628960260185325,0.16555942100289947,1.7671579777252408e-13
356.6,3524.1640567526115,2.338939977001886,99.99999999999399,14.228514407109529,0.14243318893057347,3.6498236499546383e-13
356.70000000000005,3525.6168861341157,2.352033055064541,99.99999999999403,14.828075309127916,0.11948290435740257,5.548070544305795e-13
356.8,3527.129671886503,2.362838447639649,99.9999999999941,14.99970536694098,0.09401545065557719,7.266722970552812e-13
356.90000000000003,3528.6596225467356,2.371148132611492,99.99999999999419,14.99983903286832,0.06949092055785691,8.818281458516202e-13
357.0,3530.18958903202,2.3770751079520416,99.99999999999429,14.999925515676175,0.04727075382120516,1.0267479140895286e-12
357.1,3531.719566538323,2.380852229022458,99.9999999999944,14.999975136593228,0.02731119889220685,1.1613166753838349e-12
357.20000000000005,3533.249551258221,2.3827073565129253,99.99999999999453,14.999996954788386,0.009558051013292119,1.285741164415734e-12
357.3,3534.7795402599677,2.382862294691133,99.99999999999467,14.9999987786174,-0.0060532203420605255,1.3997557591625943e-12
357.40000000000003,3536.3095313684516,2.381531753167306,99.99999999999481,14.999987198400458,-0.019597138117706185,1.5037261249949227e-12
357.5,3537.839523049922,2.3789223531273174,99.99999999999497,14.999967639929261,-0.03115768083474228,1.5975474197375065e-12
357.6,3539.3695143022474,2.375231698381396,99.99999999999514,14.99994443693127,-0.04082755166060727,1.6814629238110138e-12
357.70000000000005,3540.8995045523066,2.370647530261397,99.99999999999531,14.99992091985431,-0.0487072696528874,1.7555003058067583e-12
357.8,3542.4294935618527,2.365346983407162,99.9999999999955,14.999899517635718,-0.05490410578244154,1.8198838312150255e-12
357.90000000000003,3543.9594813429126,2.359495956886981,99.99999999999568,14.999881868632379,-0.05953089175874167,1.874518989789596e-12
358.0,3545.4894680834427,2.353248612010135,99.99999999999588,14.999868936639162,-0.06270473385291847,1.9197198853257175e-12
358.1,3547.0194540836196,2.346747004751198,99.99999999999608,14.99986112792122,-0.06454566660916147,1.9556249883161297e-12
358.20000000000005,3548.5494397027996,2.3401208570743677,99.99999999999628,14.999858405417035,-0.06517528243098636,1.982624441639494e-12
358.3,3550.0794253168656,2.333487467786228,99.99999999999648,14.999860396702353,-0.0647153725192003,2.001045883068985e-12
358.40000000000003,3551.6094112853875,2.3269517600164793,99.99999999999667,14.999866492894602,-0.06328661262680282,2.011376598376861e-12
358.5,3553.1393979277937,2.320606459172047,99.99999999999687,14.999875936368445,-0.061007323780501374,2.013797752908119e-12
358.6,3554.6693855075696,2.3145323923502197,99.99999999999707,14.999887895888559,-0.05799233376781226,2.008616549554623e-12
358.70000000000005,3556.1993742233813,2.308798897820769,99.99999999999727,14.999901528491167,-0.05435196011508595,1.9961733012911916e-12
358.8,3557.72936420596,2.3034643313521874,99.99999999999747,14.999916028114564,-0.05019112981200281,1.9767642925721166e-12
358.90000000000003,3559.259355519584,2.2985766548870723,99.99999999999767,14.999930661554966,-0.04560864548748194,1.9506436979671204e-12
359.0,3560.789348167037,2.2941740923596656,99.99999999999787,14.999944792783529,-0.04069660239210105,1.918132767955755e-12
359.1,3562.3193420970033,2.290285837261561,99.99999999999807,14.999957896992715,-0.03553995562577284,1.8799217360559455e-12
359.20000000000005,3563.849337212975,2.286932796845955,99.99999999999825,14.999969565945092,-0.030216232741040527,1.836257246388816e-12
359.3,3565.3793333818116,2.284128503520195,99.99999999999844,14.999979513433217,-0.024791058544580063,1.7874783096632742e-12
359.40000000000003,3566.909330442117,2.2818805579224404,99.99999999999862,14.999987562601303,-0.01931636110197967,1.7340076312824677e-12
359.5,3568.439328215805,2.280191681557817,99.99999999999879,14.999993618226295,-0.013836660377649485,1.6759623496648638e-12
359.6,3569.9693265163514,2.279060322574681,99.99999999999896,14.999997652884966,-0.008391271987500348,1.6137977309451417e-12
359.70000000000005,3571.499325150404,2.278481692967288,99.99999999999912,14.99999969947273,-0.0030026351766800886,1.548179695635433e-12
359.8,3573.0293239246894,2.27844924705189,99.99999999999928,14.999999821226073,0.00231586220974534,1.4793060949873762e-12
359.90000000000003,3574.5593226517913,2.278955222330829,99.99999999999942,14.99999809857152,0.007552671763836723,1.4074745127850478e-12
360.0,3576.0893211521916,2.2799907694548955,99.99999999999956,14.999994625354663,0.01269800501038269,1.3335278916129664e-12
360.1,3577.6193192555206,2.2815461272570334,99.99999999999969,14.99998950531251,0.01774374578813932,1.2572293446901674e-12
360.20000000000005,3579.1493168014695,2.283610788740721,99.99999999999982,14.999982848828543,0.022683360631886182,1.1793962412179416e-12
360.3,3580.6793136403967,2.2861736578529244,99.99999999999993,14.999974769993162,0.027511807803141945,1.0998840555347255e-12
360.40000000000003,3582.2093096336525,2.289223196934484,100.00000000000004,14.999965383982012,0.032225445557242285,1.019515445211036e-12
360.5,3583.739304653656,2.2927475647977436,100.00000000000014,14.999954804755966,0.0368219401766096,9.38402950396622e-13
360.6,3585.269298583752,2.2967347454323677,100.00000000000023,14.999943143079156,0.04130017424422769,8.570087775303194e-13
360.70000000000005,3586.7992913178805,2.3011726673858957,100.00000000000031,14.999930504845434,0.045660155578142604,7.757261279213501e-13
360.8,3588.3292827600835,2.3060493139058553,100.00000000000038,14.999916989698882,0.049902927197088866,6.94420238966109e-13
360.90000000000003,3589.8592728238837,2.3113528239238925,100.00000000000045,14.999902689932986,0.05403047789168993,6.138996990462765e-13
361.0,3591.3892614315596,2.31707158367109,100.00000000000051,14.99988768966906,0.05804564854130442,5.343817697956404e-13
361.1,3592.9192485133317,2.3231943100664005,100.00000000000057,14.999872064185602,0.061952062632073764,4.558707524643135e-13
361.20000000000005,3594.4492340064858,2.3297101266277376,100.00000000000061,14.999855879463512,0.06575405176810194,3.787282576448478e-13
361.3,3595.9792178544876,2.336608628884561,100.00000000000064,14.999839192642074,0.06945642431581954,3.0323851302855153e-13
361.40000000000003,3597.5092000064815,2.343879895660614,100.00000000000067,14.999822054347637,0.07306393026793061,2.2993139663018156e-13
361.5,3599.039180416296,2.3515145143464973,100.00000000000068,14.999804506454305,0.0765817742884381,1.5885433168667788e-13
361.6,3600.5691590416154,2.359503621227833,100.0000000000007,14.999786582451698,0.08001550413503049,9.010431630295293e-14
361.70000000000005,3602.0991358432443,2.36783892548234,100.0000000000007,14.999768308529541,0.08337080084102659,2.4253508400037014e-14
361.8,3603.6291107844318,2.3765127167706384,100.0000000000007,14.999749704510284,0.08665334409946068,-3.875142648810588e-14
361.90000000000003,3605.1590838301554,2.3855178717304586,100.0000000000007,14.999730783306296,0.08986895088663861,-9.879132081183147e-14
362.0,3606.689054946458,2.394847864321275,100.00000000000068,14.99971155147848,0.0930235047878189,-1.5610092571179625e-13
362.1,3608.2190240998407,2.4044967691540573,100.00000000000067,14.999692009844606,0.09612288907371887,-2.102457694461214e-13
362.20000000000005,3609.7489912567203,2.4144592581819624,100.00000000000064,14.999672154126065,0.09917292339714721,-2.6082243384492544e-13
362.3,3611.2789563829474,2.4247305911147374,100.00000000000061,14.999651975623875,0.1021793039846779,-3.0802368160018814e-13
362.40000000000003,3612.8089194433974,2.4353065999072174,100.00000000000058,14.999631461916541,0.10514754720594985,-3.5163524674871126e-13
362.5,3614.3388804016295,2.446183667660811,100.00000000000054,14.999610597574073,0.10808293641288691,-3.918230205079271e-13
362.6,3615.8688392196177,2.457358702411867,100.0000000000005,14.999589364862798,0.11099047479338674,-4.284733730997477e-13
362.70000000000005,3617.398795857552,2.4688291064687555,100.00000000000045,14.999567744426349,0.11387484517956796,-4.610980378648837e-13
362.8,3618.9287502737225,2.480592740770245,100.00000000000041,14.999545716123007,0.11674035264591112,-4.901206637691922e-13
362.90000000000003,3620.4587024244756,2.4926478843456534,100.00000000000036,14.999523259638714,0.11959090081262565,-5.154020745172196e-13
363.0,3621.988652264204,2.504993194254358,100.0000000000003,14.99950035566573,0.12242989987590479,-5.370695172149124e-13
363.1,3623.518599745998,2.5176276144683722,100.00000000000024,14.999476991470985,0.12525965963752914,-5.552720315183178e-13
363.20000000000005,3625.0485448218724,2.530550301046907,100.00000000000018,14.999453156527162,0.12808202507512007,-5.700711309312499e-13
363.3,3626.5784874430383,2.543760572824443,100.00000000000013,14.999428843278059,0.1308983400895985,-5.81234612257002e-13
363.40000000000003,3628.108427560296,2.5572578553904957,100.00000000000007,14.99940405656924,0.13370844316730388,-5.889295150395354e-13
363.5,3629.63836512542,2.5710415213680706,100.00000000000001,14.999378822923223,0.13650980346614286,-5.933141284717696e-13
363.6,3631.1683000931116,2.58511067083275,99.99999999999996,14.99935314951638,0.13930217547849072,-5.9451287976037e-13
363.70000000000005,3632.6982324192477,2.5994643478160797,99.9999999999999,14.999327049404492,0.14208471065786107,-5.926780429971771e-13
363.8,3634.2280982854436,2.6141005659132817,99.99999999999984,14.999300594394805,0.14485054017036372,-5.879941564244633e-13
363.90000000000003,3635.757811978032,2.6290163278725016,99.99999999999979,14.999273871210583,0.14759178981049223,-5.806079156908483e-13
364.0,3637.2873732472335,2.64420909715061,99.99999999999973,14.99924688918374,0.15030887303134924,-5.705966163741051e-13
364.1,3638.816781841969,2.659676337306904,99.99999999999967,14.999219665602011,0.15300138240504627,-5.580283218681324e-13
364.20000000000005,3640.3459898841907,2.675414733986271,99.99999999999962,14.999192243956903,0.15566640235787527,-5.430248849772388e-13
364.3,3641.874972201744,2.6914209917666283,99.99999999999956,14.99916466013797,0.1583019206080055,-5.257826749532896e-13
364.40000000000003,3643.403728618018,2.707691955315825,99.9999999999995,14.999136945053214,0.16090650558541622,-5.064768190033704e-13
364.5,3644.9322589575145,2.724224286397789,99.99999999999945,14.999109138403366,0.16347799321214343,-4.854569204674774e-13
364.6,3646.4605630479364,2.7410143921604093,99.9999999999994,14.99908128867432,0.1660135408330576,-4.628560907281585e-13
364.70000000000005,3647.9886407223826,2.758058358885204,99.99999999999936,14.999053453064644,0.16850967957233223,-4.3925651273203547e-13
364.8,3649.516491821649,2.7753518910693815,99.99999999999932,14.999025697340631,0.1709623657868534,-4.1471172233989175e-13
364.90000000000003,3651.0441161966132,2.792890255773508,99.99999999999928,14.998998095611404,0.17336703217593794,-3.8931280745977986e-13
365.0,3652.5715137106836,2.8106682322195042,99.99999999999923,14.998970730017012,0.17571863900258444,-3.6276782929078615e-13
365.1,3654.0986830712086,2.828680054323796,99.9999999999992,14.998943689370686,0.17801180603357708,-3.3524832591148205e-13
365.20000000000005,3655.6256224648173,2.846919399207329,99.99999999999918,14.998917065987364,0.1802410819790384,-3.075001918267634e-13
365.3,3657.1523299817254,2.8653793900767814,99.99999999999915,14.998890954617899,0.1824010183123336,-2.7940285327534995e-13
365.40000000000003,3658.678803637812,2.8840525965742088,99.99999999999912,14.998865452316165,0.18448616023050357,-2.509820049105518e-13
365.5,3660.2050413958764,2.902931034602115,99.99999999999909,14.998840658203573,0.18649104487724555,-2.2227417098825994e-13
365.6,3661.7310411859735,2.922006166331531,99.99999999999908,14.998816673130499,0.18841020625897145,-1.9334855253074442e-13
365.70000000000005,3663.2568009247334,2.9412689010389332,99.99999999999906,14.998793599236587,0.1902381862288652,-1.6485362184437018e-13
365.8,3664.7823185335806,2.9607095973510984,99.99999999999905,14.99877153941412,0.19196955086937792,-1.3677781600414468e-13
365.90000000000003,3666.3075919557823,2.980318067406406,99.99999999999903,14.998750596680997,0.19359891157091702,-1.0963450583696062e-13
366.0,3667.8326191722645,3.0000835833679824,99.99999999999902,14.998730873471867,0.19512095008433075,-8.275118414694132e-14
366.1,3669.357398216148,3.019994886649622,99.99999999999902,14.998712470858095,0.19653044681653126,-5.614048077997576e-14
366.20000000000005,3670.8819271859643,3.0400402001408664,99.99999999999902,14.99869548770881,0.19782231164206804,-3.01765945895402e-14
366.3,3672.4062042575288,3.0602072436441277,99.99999999999902,14.998680019806933,0.1989916165176675,-5.246080556357397e-15
366.40000000000003,3673.9302276944554,3.080483252665297,99.99999999999902,14.998666158935096,0.20003362921066126,1.8729867168668544e-14
366.5,3675.453995857313,3.1008550006308915,99.99999999999902,14.998653991947343,0.2009438474848368,4.187735151040689e-14
366.6,3676.9775072114326,3.121308824540207,99.99999999999902,14.998643599842998,0.20171803312726794,6.424201116882918e-14
366.70000000000005,3678.5007603333825,3.1418306540009104,99.99999999999903,14.998635056859138,0.2023522452460088,8.582238130557227e-14
366.8,3680.023753916151,3.1624060435415005,99.99999999999905,14.998628429598128,0.20284287231948672,1.0626144782267822e-13
366.90000000000003,3681.54648677307,3.1830202080446224,99.99999999999906,14.998623776205882,0.20318666253364517,1.2556265724715297e-13
367.0,3683.0689578405377,3.2036580611015193,99.99999999999908,14.998621145615884,0.20338075199994055,1.4345602352662505e-13
367.1,3684.591166179593,3.2243042560502433,99.99999999999909,14.998620576872632,0.20342269050646217,1.5968069473623545e-13
367.20000000000005,3686.1131109764146,3.244943229428602,99.9999999999991,14.9986220985469,0.20331046451322793,1.7464958750194055e-13
367.3,3687.634791541816,3.2655592465472094,99.99999999999912,14.9986257282534,0.20304251716127275,1.884264811525557e-13
367.40000000000003,3689.1562073098157,3.286136448868258,99.99999999999913,14.998631472279634,0.2026177651217202,2.0094917283330693e-13
367.5,3690.6773578353677,3.306658902861541,99.99999999999915,14.998639325332714,0.20203561216534552,2.1236173126643038e-13
367.6,3692.198242791334,3.3271106500004897,99.99999999999918,14.99864927040884,0.20129595938410746,2.227949792767495e-13
367.70000000000005,3693.7188617799416,3.3474757642264183,99.9999999999992,14.998661276013639,0.20039941968197653,2.318584499164758e-13
367.8,3695.2392138805394,3.3677384481163606,99.99999999999923,14.998675287763868,0.19934796768816204,2.396025132982276e-13
367.90000000000003,3696.75929822993,3.3878831745026368,99.99999999999926,14.998691231594561,0.1981447432773164,2.460600424680704e-13
368.0,3698.2791140257864,3.4078947978997927,99.99999999999929,14.998709016156468,0.19679392436417753,2.5121654798096203e-13
368.1,3699.7986605294086,3.4277586532701703,99.99999999999932,14.998728535216085,0.1953006064884057,2.551299979910923e-13
368.20000000000005,3701.31793706788,3.4474606428353827,99.99999999999935,14.998749670026056,0.19367068929829748,2.578535607741129e-13
368.3,3702.8369430356734,3.4669873116473866,99.99999999999937,14.998772291636847,0.19191076996031917,2.5943606261342083e-13
368.40000000000003,3704.355677895756,3.4863259126311976,99.9999999999994,14.99879626312406,0.19002804344544225,2.5992239941602466e-13
368.5,3705.8741411802457,3.505464461802288,99.99999999999943,14.998821441709577,0.18803020957553362,2.5935390684560506e-13
368.6,3707.392332490659,3.5243917843462107,99.99999999999946,14.9988476807586,0.18592538665386668,2.5775758299343175e-13
368.70000000000005,3708.9102514977944,3.543097552226979,99.99999999999949,14.99887483163848,0.18372203145447452,2.5512239200035306e-13
368.8,3710.4278979412884,3.561572313965177,99.99999999999952,14.998902745428875,0.18142886530569716,2.514947001555558e-13
368.90000000000003,3711.945271628881,3.57980751719772,99.99999999999955,14.998931274476117,0.1790548059734768,2.469168709884806e-13
369.0,3713.462372435421,3.5977955245996145,99.99999999999957,14.998960273787786,0.1766089050298687,2.4151954645886323e-13
369.1,3714.97920030164,3.6155296237148606,99.9999999999996,14.998989602266196,0.1741002903804182,2.353296411199855e-13
369.20000000000005,3716.4957552327237,3.6330040312097305,99.99999999999963,14.999019123781908,0.17153811362085614,2.2825105269043373e-13
369.3,3718.0120372967003,3.650213892027749,99.99999999999966,14.999048708090355,0.16893150189682063,2.2027551364029534e-13
369.40000000000003,3719.5280466226714,3.66715527389249,99.99999999999969,14.999078231596442,0.1662895139499397,2.114727389997483e-13
369.5,3721.0437833989,3.683825157572342,99.9999999999997,14.9991075779734,0.1636211000480309,2.0197852425660328e-13
369.6,3722.5592478707786,3.7002214232911217,99.99999999999972,14.999136638643153,0.16093506551577638,1.922632876359148e-13
369.70000000000005,3724.074440338687,3.716342833640234,99.99999999999973,14.999165313126571,0.15824003760341665,1.8233267326677353e-13
369.8,3725.589361155757,3.732189013322125,99.99999999999974,14.999193509272397,0.1555444354543331,1.7222676708793436e-13
369.90000000000003,3727.104010725557,3.747760426031318,99.99999999999976,14.9992211433743,0.1528564429567522,1.6209531292035185e-13
370.0,3728.6183894997057,3.7630583487583413,99.99999999999977,14.999248140185664,0.15018398428913568,1.5192335811206135e-13
370.1,3730.132497975429,3.778084843783348,99.99999999999979,14.999274432842006,0.14753470199297222,1.416891328444513e-13
370.20000000000005,3731.646336693068,3.792842728610139,99.9999999999998,14.999299962700892,0.14491593742932207,1.3172457376135864e-13
370.3,3733.159906233547,3.807335544077433,99.99999999999982,14.999324679109183,0.14233471349677987,1.216276682537491e-13
370.40000000000003,3734.6732072158143,3.8215675208724367,99.99999999999983,14.999348539107306,0.13979771950761108,1.1140663290510749e-13
370.5,3736.1862402942565,3.8355435446618196,99.99999999999984,14.999371507080031,0.13731129813553367,1.0107731946325187e-13
370.6,3737.6990061561078,3.8492691200468174,99.99999999999986,14.999393554362928,0.1348814343630419,9.065132311339968e-14
370.70000000000005,3739.211505518848,3.8627503335421567,99.99999999999987,14.999414658813311,0.13251374636762803,8.013876902069418e-14
370.8,3740.723739127607,3.875993815772499,99.99999999999989,14.999434804354136,0.13021347829534816,6.954848977605554e-14
370.90000000000003,3742.235707752583,3.8890067030749313,99.99999999999989,14.999453980498798,0.12798549487661556,5.898678067484657e-14
371.0,3743.7474121864766,3.901796598691353,99.99999999999989,14.99947218186426,0.12583427784292336,4.89642161766167e-14
371.1,3745.2588532419563,3.914371533730285,99.99999999999989,14.99948940767952,0.1237639241050074,3.9615707262327044e-14
371.20000000000005,3746.770031749157,3.9267399280733275,99.99999999999989,14.99950566129569,0.12177814565250027,3.084018861694467e-14
371.3,3748.2809485532252,3.9389105513971265,99.99999999999989,14.999520949703465,0.11988027113292095,2.2587990034932718e-14
371.40000000000003,3749.7916045119127,3.9508924844770155,99.99999999999989,14.99953528306312,0.11807324906407099,1.4842453747336977e-14
371.5,3751.3020004932314,3.9626950809334125,99.99999999999989,14.999548674251505,0.116359652629026,7.587970864964103e-15
371.6,3752.8121373731738,3.9743279295764125,99.99999999999989,14.999561138429838,0.11474168599681675,8.099014517856516e-16
371.70000000000005,3754.3220160335077,3.9858008174977626,99.99999999999989,14.999572692635555,0.11322119210535055,-5.505498093625275e-15
371.8,3755.8316373596504,3.9971236940524886,99.99999999999989,14.999583355400686,0.11179966183613309,-1.1371141098141415e-14
371.90000000000003,3757.3410022386324,4.008306635864822,99.99999999999989,14.999593146398723,0.11047824450316027,-1.6799170775213024e-14
372.0,3758.8501115571516,4.0193598129847645,99.99999999999989,14.999602086121266,0.10925775957130053,-2.1659929150137683e-14
372.1,3760.358966199729,4.030293456312639,99.99999999999989,14.999610195585246,0.10813870951294167,-2.6114590295713998e-14
372.20000000000005,3761.8675670469675,4.041117826399378,99.99999999999989,14.999617496070854,0.10712129370542854,-3.017111781381949e-14
372.3,3763.375914973921,4.0518431837201145,99.99999999999989,14.999624008889983,0.10620542326639884,-3.383154727539742e-14
372.40000000000003,3764.884010848576,4.062479760507982,99.99999999999989,14.999629755184415,0.10539073671957618,-3.7098337142518606e-14
372.5,3766.3918555304485,4.073037734223985,99.99999999999989,14.999634755752664,0.10467661637996141,-3.997428722858628e-14
372.6,3767.8994498693046,4.08352720272745,99.99999999999989,14.999639030904005,0.10406220534471051,-4.2462467916092084e-14
372.70000000000005,3769.4067947039994,4.093958161200015,99.99999999999989,14.999642600338015,0.10354642497449461,-4.456615875368933e-14
372.8,3770.9138908614395,4.104340480864524,99.99999999999989,14.999645483047638,0.10312799274984717,-4.6288795223413884e-14
372.90000000000003,3772.4207391556733,4.114683889528593,99.99999999999989,14.99964769724365,0.10280544038760199,-4.7633922617893816e-14
373.0,3773.927340387102,4.12499795397119,99.99999999999989,14.999649260298364,0.10257713210437294,-4.860515609875506e-14
373.1,3775.4336953418174,4.1352920641793585,99.99999999999989,14.999650188706212,0.10244128291697119,-4.9206146123221865e-14
373.20000000000005,3776.9398047910613,4.145575419431423,99.99999999999989,14.999650498058951,0.10239597687339151,-4.94405485279243e-14
373.3,3778.4456694908095,4.155857016212567,99.99999999999989,14.999650203033184,0.10243918511285192,-4.93119986488169e-14
373.40000000000003,3779.951290181472,4.166145637938864,99.99999999999989,14.999649317388014,0.10256878365889598,-4.88220764283766e-14
373.5,3781.456667587711,4.17644984645655,99.99999999999989,14.999647853970712,0.10278257085589618,-4.797017956909544e-14
373.6,3782.961802418374,4.186777975274793,99.99999999999989,14.9996458247284,0.10307828436622586,-4.676225158048825e-14
373.70000000000005,3784.4666953665374,4.197138124482306,99.99999999999989,14.999643240723913,0.10345361765272662,-4.5325658341159604e-14
373.8,3785.971347109652,4.207538157291135,99.99999999999989,14.999640112154205,0.10390623587903317,-4.3558522194379215e-14
373.90000000000003,3787.475758309796,4.217985698144624,99.99999999999989,14.999636448369747,0.10443379116825485,-4.14905628479084e-14
374.0,3788.9799296140222,4.228488132321149,99.99999999999989,14.999632257893618,0.10503393716890382,-3.9148565771454066e-14
374.1,3790.4838616547972,4.239052606960582,99.99999999999989,14.999627548439168,0.1057043428851968,-3.655666531198952e-14
374.20000000000005,3791.987555050531,4.249686033436671,99.99999999999989,14.999622326925278,0.10644270573713432,-3.3736600164243393e-14
374.3,3793.4910104061855,4.2603950909955595,99.99999999999989,14.999616599488444,0.10724676382392499,-3.070794393302803e-14
374.40000000000003,3794.9942283139644,4.271186231578546,99.99999999999989,14.999610371491034,0.10811430737220869,-2.7488313248192086e-14
374.5,3796.4972093540714,4.282065685745764,99.99999999999989,14.99960364752531,0.10904318935808177,-2.4093555645545517e-14
374.6,3797.99995409554,4.29303946961689,99.99999999999989,14.999596431412822,0.11003133529918195,-2.0537919205118362e-14
374.70000000000005,3799.502463097121,4.3041133927449815,99.99999999999989,14.999588726199006,0.11107675221975671,-1.6834205738908478e-14
374.8,3801.0047369082326,4.315293066840334,99.99999999999989,14.999580534142877,0.11217753679803112,-1.2993909141446667e-14
374.90000000000003,3802.506776069959,4.326583915262492,99.99999999999989,14.999571856701818,0.11333188271069033,-9.027340355933725e-15
375.0,3804.0085811160993,4.337991183200433,99.99999999999989,14.999562694511525,0.11453808719449793,-4.9742004160996076e-15
375.1,3805.5101525742634,4.349519948463244,99.99999999999989,14.999553047361244,0.11579455684952566,-9.900596220731117e-16
375.20000000000005,3807.011490967004,4.361175132806343,99.99999999999989,14.999542914164511,0.11709981271215109,2.9259877915833358e-15
375.3,3808.5125968129905,4.372961513721373,99.99999999999989,14.999532292925538,0.11845249462925879,6.774998146133262e-15
375.40000000000003,3810.013470628212,4.384883736621222,99.99999999999989,14.999521180701585,0.11985136496734337,1.055815436008183e-14
375.5,3811.514112653519,4.396946315458874,99.99999999999989,14.999509576060337,0.12129500267629113,1.4276775001278043e-14
375.6,3813.014520653207,4.409153485921353,99.99999999999989,14.99949750473705,0.12277868457909917,1.793255170232261e-14
375.70000000000005,3814.514692518072,4.421508695007066,99.99999999999989,14.999485044391552,0.12429160500296473,2.1527433782965434e-14
375.8,3816.014626256624,4.434014054783525,99.99999999999989,14.998425463839023,0.1258093074841654,2.5061828041597748e-14
375.90000000000003,3817.514219071957,4.446669071383341,99.99999999999989,14.992707477861352,0.12728162809685492,2.853065493348797e-14
376.0,3819.0130202582272,4.459468230999389,99.99999999999989,14.982632117541188,0.12868885829632284,3.193464185933559e-14
376.1,3820.5106087538984,4.472403996651435,99.99999999999989,14.968491105054717,0.13001030986405873,3.527459962357868e-14
376.20000000000005,3822.0065921710598,4.485466729921831,99.99999999999989,14.950566079532804,0.1312247053792613,3.8551411902700276e-14
376.3,3823.500603210862,4.498644645289015,99.99999999999989,14.929077846533817,0.13231025021774034,4.176584428429954e-14
376.40000000000003,3824.992295724926,4.511923727336003,99.99999999999989,14.904228656433544,0.13324419402760826,4.49186645507611e-14
376.5,3826.481343419478,4.52528765276549,99.99999999999989,14.87621324767378,0.13400322809722723,4.801067584997265e-14
376.6,3827.9674390755576,4.538717763722359,99.99999999999989,14.845218298095725,0.1345640639093146,5.104271020048362e-14
376.70000000000005,3829.4502937212064,4.552193097459528,99.99999999999989,14.81142201168219,0.13490398026091072,5.401562208395787e-14
376.8,3830.929635768698,4.565690468858207,99.99999999999989,14.77499383101406,0.13500133216668783,5.693557758233114e-14
376.90000000000003,3832.405210128872,4.579184601675702,99.99999999999989,14.736094265023088,0.13483601558736485,5.982889227994682e-14
377.0,3833.8767773135514,4.5926483038434105,99.99999999999989,14.69487482113303,0.13438988294613766,6.270955569746865e-14
377.1,3835.34411253593,4.606052681683144,99.99999999999989,14.65147803061963,0.13364710538950023,6.555937410723972e-14
377.20000000000005,3836.8070048176887,4.619367387557258,99.99999999999989,14.60603755597489,0.13259447878915911,6.83433587775967e-14
377.3,3838.2652561104865,4.632560895220755,99.99999999999989,14.558678369215272,0.1312216715431306,7.095250554872401e-14
377.40000000000003,3839.71868043838,4.645600797002336,99.9999999999999,14.509516990404167,0.1295214132917381,7.3281661436117e-14
377.5,3841.167103066679,4.658454116904746,99.99999999999991,14.458661776140909,0.1274896246934062,7.488922765115698e-14
377.6,3842.6103597017404,4.671087633778694,99.99999999999993,14.406213248374314,0.1251254893838897,7.579723363149902e-14
377.70000000000005,3844.0482957252875,4.683468208883041,99.99999999999994,14.35226445459931,0.12243147015053854,7.602674365233061e-14
377.8,3845.4807654659735,4.695563112388926,99.99999999999996,14.296901351262878,0.11941327217337916,7.559192316908374e-14
377.90000000000003,3846.9076315101347,4.7073403437074886,99.99999999999997,14.240203203013772,0.1160797569033297,7.448344601558119e-14
378.0,3848.328764052985,4.7187689409091735,99.99999999999999,14.182242991254554,0.11244281075442941,7.272684070224042e-14
378.1,3849.7440402908915,4.729819274945717,100.0,14.12308782627312,0.10851717327553388,7.045986974506543e-14
378.20000000000005,3851.153343854828,4.740463324871847,100.0,14.06279935802525,0.10432022983441328,6.780845253760332e-14
378.3,3852.55656428467,4.750674930780377,100.0,14.001434181395862,0.09987177409469404,6.524147998950205e-14
378.40000000000003,3853.9535965435857,4.760430021699942,100.0,13.939044232472119,0.09519374569753195,6.275550715964548e-14
378.5,3855.3443405714893,4.769706816247796,100.0,13.87567717300949,0.09030994858224327,6.034726489679239e-14
378.6,3856.7287008762532,4.778485994370409,100.0,13.811376760856662,0.08524575530206871,5.801364795884654e-14
378.70000000000005,3858.106586161188,4.78675083903255,100.0,13.746183204625366,0.08002780252385874,5.575170428485832e-14
378.8,3859.4779089871467,4.794487347222751,100.0,13.680133501346587,0.07468368265552205,5.355862529526168e-14
378.90000000000003,3860.8425854675083,4.801684310122446,100.0,13.613261756247674,0.0692416362348767,5.143173710623665e-14
379.0,3862.2005349942187,4.808333362731662,100.0,13.54559948411936,0.06373024935115199,4.9368492554252166e-14
379.1,3863.5516799930397,4.81442900365147,100.0,13.477175892021585,0.058178159967898276,4.7366463936681654e-14
379.20000000000005,3864.895945706131,4.819968586088902,100.0,13.408018143308613,0.05261377658561476,4.542333638380673e-14
379.3,3866.233260000109,4.824952281471623,100.0,13.338151603141792,0.04706501223484427,4.35369017864536e-14
379.40000000000003,3867.563553197744,4.829383017335999,100.0,13.267600065808908,0.04155903633607276,4.170505321188781e-14
379.5,3868.8867579314956,4.833266391383185,100.0,13.196385964287058,0.03612204651020642,3.992577974838312e-14
379.6,3870.2028090171393,4.83661056378394,100.0,13.124530562577316,0.030779061980682726,3.8197161726058165e-14
379.70000000000005,3871.5116433457906,4.839426129955565,100.0,13.052054131407736,0.025553739781635103,3.651736626813086e-14
379.8,3872.8131997926944,4.841725976135276,100.0,12.978976107951734,0.020468214581698237,3.4884643132681856e-14
379.90000000000003,3874.107419141214,4.843525120136173,100.0,12.905315240243985,0.015542962553994802,3.329732081035971e-14
380.0,3875.394244020527,4.844840539697227,100.0,12.831089716999982,0.01079668937292272,3.175380284823085e-14
380.1,3876.6736188556033,4.8456909908305965,100.0,12.756317283559683,0.006246242099962955,3.025256437420456e-14
380.20000000000005,3877.9454898281138,4.8460968185312465,100.0,12.681015344682908,0.0019065444350880685,2.879214880018826e-14
380.3,3879.209804846991,4.846079762148613,100.0,12.605201054926201,-0.002209445441669315,2.7371164685389472e-14
380.40000000000003,3880.466513527439,4.845662757631327,100.0,12.52889139732822,-0.006090755432264201,2.5988282744018844e-14
380.5,3881.715567177254,4.844869738747092,100.0,12.4521032511251,-0.009728399665308257,2.4642232984105827e-14
380.6,3882.9569187894003,4.843725439253991,100.0,12.374853449208922,-0.013115359555343863,2.3331801966254342e-14
380.70000000000005,3884.190523039848,4.842255197859972,100.0,12.297158826031948,-0.016246547230699168,2.2055830172978282e-14
380.8,3885.416336289751,4.840484767656955,100.0,12.219036256647337,-0.019118752876715134,2.081320948080336e-14
380.90000000000003,3886.6343165911176,4.838440131557874,100.0,12.140502687563004,-0.021730577606234494,1.960288072863211e-14
381.0,3887.8444236951796,4.836147325101567,100.0,12.0615751600705,-0.024082353509059046,1.8423831376978328e-14
381.1,3889.0466190627494,4.833632267824273,100.0,11.982270826694078,-0.026176052548352167,1.727509325360718e-14
381.20000000000005,3890.2408658759023,4.830920604229754,100.0,11.902606961387434,-0.028015185967068687,1.6155740381896132e-14
381.3,3891.4271290503916,4.828037555224822,100.0,11.822600964086437,-0.02960469584360576,1.506488688887803e-14
381.40000000000003,3892.6053752482617,4.825007780725007,100.0,11.74227036020574,-0.030950840395126626,1.4001684990461168e-14
381.5,3893.7755728901807,4.8218552539779465,100.0,11.661632795645756,-0.03206107457166332,1.296532305175742e-14
381.6,3894.9376921670732,4.8186031480010385,100.0,11.580706027853374,-0.03294392741610146,1.195502372080118e-14
381.70000000000005,3896.091705050684,4.815273734386242,100.0,11.499507913456101,-0.03360887758679221,1.0970042134222845e-14
381.8,3897.237585302752,4.811888294589537,100.0,11.41805639296414,-0.034066228352395415,1.0009664193658024e-14
381.90000000000003,3898.3753084825294,4.8084670436962185,100.0,11.336369473009213,-0.034326983274780246,9.073204911838967e-15
382.0,3899.5048519524216,4.805029066536525,100.0,11.254465206562028,-0.03440272369687251,8.160006827432023e-15
382.1,3900.6261948815613,4.801592265919546,100.0,11.172361671542973,-0.034305489049893036,7.269438487762543e-15
382.20000000000005,3901.739318247183,4.798173322657064,100.0,11.090076948213039,-0.03404766089009382,6.400892998612591e-15
382.3,3902.8442048336883,4.794787666963279,100.0,11.007629095703388,-0.03364185146978876,5.5537866402870835e-15
382.40000000000003,3903.9408392293367,4.791449460741111,100.0,10.925036128014042,-0.03310079754286732,4.7275575491314384e-15
382.5,3905.0292078205216,4.7881715902009265,100.0,10.842315989783845,-0.03243726000184493,3.9216644636469086e-15
382.6,3906.109298783623,4.784965668202892,100.0,10.759486532105608,-0.03166392984272166,3.1355855342927445e-15
382.70000000000005,3907.1811020744562,4.781842045669437,100.0,10.676565488633148,-0.030793340856626595,2.3688171959940423e-15
382.8,3908.2446094153515,4.778809831379111,100.0,10.593570452199415,-0.029837789353807386,1.620873102287446e-15
382.90000000000003,3909.2998142799347,4.775876919427031,100.0,10.510518852138897,-0.028809261136672475,8.912831199423924e-16
383.0,3910.3467118756757,4.7730500236197075,100.0,10.427427932481834,-0.027719365854907148,1.795923827920502e-16
383.1,3911.3852991243125,4.770334718062666,100.0,10.344314731163507,-0.02657927879739152,-5.146395965987929e-16
383.20000000000005,3912.415574640247,4.767735483197498,100.0,10.26119606036815,-0.025399690103061368,-1.1918397589137315e-15
383.3,3913.4375387070395,4.765255756550137,100.0,10.178088488105226,-0.02419076130628857,-1.8524222753062084e-15
383.40000000000003,3914.451193252123,4.762897987463683,100.0,10.095008321094785,-0.02296208907183643,-2.4967892715652963e-15
383.5,3915.456541819877,4.760663695106346,100.0,10.011971589019025,-0.021722675920141807,-3.125331501031914e-15
383.6,3916.453589543193,4.758553529067483,100.0,9.9289940301792,-0.02048090769531511,-3.738428968170222e-15
383.70000000000005,3917.4423431136793,4.756567331881613,100.0,9.846091078580226,-0.019244537486302647,-4.336451504787495e-15
383.8,3918.4228107506456,4.754704202851099,100.0,9.763277852450102,-0.018020675675262877,-4.919759300977232e-15
383.90000000000003,3919.395002169011,4.752962562572373,100.0,9.680569144187432,-0.016815785757021563,-5.488703392929043e-15
384.0,3920.3589285462776,4.7513402176074475,100.0,9.597979411718006,-0.015635685548612905,-6.043626109806631e-15
384.1,3921.3146024887074,4.7498344247815885,100.0,9.515522771230327,-0.014485553388549097,-6.584861481940504e-15
384.20000000000005,3922.262037996842,4.748441954628808,100.0,9.43321299125045,-0.013369938911228776,-7.112735612613331e-15
384.3,3923.201250430495,4.747159153548796,100.0,9.351063488008188,-0.012292777972548935,-7.627567015733683e-15
384.40000000000003,3924.13225647334,4.745982004281606,100.0,9.269087322039647,-0.011257411297770683,-8.129666921699234e-15
384.5,3925.0550740972244,4.7449061843493405,100.0,9.187297195965325,-0.010266606422153093,-8.619339553740454e-15
384.6,3925.96972252631,4.743927122156923,100.0,9.105705453378265,-0.009322582498164651,-9.096882377013306e-15
384.70000000000005,3926.876222201159,4.743040050486339,100.0,9.024324078773294,-0.008427037549747867,-9.562586322674438e-15
384.8,3927.7745947428634,4.742240057160206,100.0,8.943164698445557,-0.007581177764306994,-1.0016735989124885e-14
384.90000000000003,3928.664862917304,4.741522132690841,100.0,8.862238582285057,-0.0067857484259414074,-1.0459609822549458e-14
385.0,3929.547050599638,4.740881214769892,100.0,8.781556646392975,-0.006041066108890373,-1.0891480278810199e-14
385.1,3930.4211827390795,4.740312229490835,100.0,8.70112945644547,-0.005347051767894255,-1.1312613968673959e-14
385.20000000000005,3931.287285324055,4.739810129231989,100.0,8.620967231731369,-0.004703264381741206,-1.1723271788267132e-14
385.3,3932.145385347792,4.739369927161068,100.0,8.54107984979125,-0.004108934827321738,-1.2123709036558116e-14
385.40000000000003,3932.9955107743967,4.738986728353398,100.0,8.461476851587292,-0.0035629996840193788,-1.2514175521567581e-14
385.5,3933.837690505477,4.738655757544817,100.0,8.38216744713549,-0.0030641346914959105,-1.289491565690362e-14
385.6,3934.6719543473446,4.738372383566766,100.0,8.30316052153437,-0.002610787608073008,-1.3266168550110868e-14
385.70000000000005,3935.4983329788383,4.738132140535131,100.0,8.224464641327508,-0.002201210241291234,-1.362816808421298e-14
385.8,3936.3168579198,4.737930745886012,100.0,8.146088061140258,-0.001833489446858865,-1.398114299371704e-14
385.90000000000003,3937.127561500223,4.737764115370748,100.0,8.06803873053455,-0.001505576916768021,-1.4325316936237573e-14
386.0,3937.9304768300944,4.737628375139227,100.0,7.990324301029405,-0.0012153176016594695,-1.4660908560786515e-14
386.1,3938.72563776995,4.737519871054813,100.0,7.912952133238418,-0.0009604766361940881,-1.4988131573668138e-14
386.20000000000005,3939.513078902141,4.737435175396177,100.0,7.835929304079263,-0.0007387646594647343,-1.5307194802810936e-14
386.3,3940.2928355028266,4.737371091110996,100.0,7.759262614014228,-0.0005478614447437722,-1.5618302261265734e-14
386.40000000000003,3941.0649435146925,4.737324653793973,100.0,7.682958594284514,-0.00038543777423928296,-1.5921653210500182e-14
386.5,3941.829439520386,4.737293131567053,100.0,7.607023514104781,-0.0002491755148918489,-1.6217442224025572e-14
386.6,3942.5863607166734,4.73727402304311,100.0,7.531463387788257,-0.0001367858702841091,-1.6505859251801348e-14
386.70000000000005,3943.3357448892993,4.737265053556003,100.0,7.456283981776093,-4.602580174516305e-05,-1.6787089685779145e-14
386.8,3944.077630388548,4.737264169839725,100.0,7.381490821548403,2.5287371795155607e-05,-1.7061314426867995e-14
386.90000000000003,3944.8120561054866,4.737269533337657,100.0,7.30708919839742,7.92631704249402e-05,-1.7328709953530314e-14
387.0,3945.539061448878,4.737279512319753,100.0,7.233084176046601,0.00011792690781394982,-1.75894483921503e-14
387.1,3946.2586863227484,4.737292672980998,100.0,7.159480597102342,0.00014321035271623977,-1.784369758925481e-14
387.20000000000005,3946.970971104592,4.737307769688837,100.0,7.086283089327802,0.00015694403559804142,-1.809162118561186e-14
387.3,3947.6759566241913,4.737323734540567,100.0,7.0134960717308745,0.0001608511289402424,-1.833337869218225e-14
387.40000000000003,3948.3736841430377,4.737339666384173,100.0,6.941123760460847,0.0001565428216722878,-1.8569125567855656e-14
387.5,3949.064195334334,4.737354819447728,100.0,6.869170174510307,0.00014551510137828088,-1.8799013298865315e-14
387.6,3949.7475322635532,4.737368591713599,100.0,6.797639141220974,0.00012914685247326468,-1.9023189479742097e-14
387.70000000000005,3950.4237373695437,4.737380513164282,100.0,6.7265343015938,0.00010869917431689314,-1.924179789564233e-14
387.8,3951.09285344615,4.737390234016928,100.0,6.655859115405327,8.531582025164298e-05,-1.9454978605860948e-14
387.90000000000003,3951.7549236243385,4.737397513053618,100.0,6.585616866133671,6.0024656628016046e-05,-1.966286802832395e-14
388.0,3952.409991354808,4.7374022061443,100.0,6.515810665698648,3.374004013013577e-05,-1.986559902484179e-14
388.1,3953.058100391061,4.7374042550491415,100.0,6.446443459021572,7.266011879246499e-06,-2.0063300986895907e-14
388.20000000000005,3953.699294772927,4.737403676576937,100.0,6.37751802841115,-1.8699792154948833e-05,-2.025609992172558e-14
388.3,3954.3336188105104,4.737400552166259,100.0,6.309036997782504,-4.356161293792611e-05,-2.044411853848111e-14
388.40000000000003,3954.961117068559,4.737395017946311,100.0,6.241002836716951,-6.682051819599101e-05,-2.062747633421067e-14
388.5,3955.5818343512237,4.737387255325021,100.0,6.173417864370397,-8.806892289720848e-05,-2.0806289679452828e-14
388.6,3956.1958156872092,4.737377482142847,100.0,6.106284253238679,-0.00010698476896267627,-2.0980671903213612e-14
388.70000000000005,3956.803106315287,4.7373659444221214,100.0,6.03960403278803,-0.00012332544847479292,-2.115073337711696e-14
388.8,3957.4037516701705,4.73735290873356,100.0,5.97337909295916,-0.0001369215498886182,-2.131658159852717e-14
388.90000000000003,3957.9977973687332,4.737338655193885,100.0,5.9076111875531385,-0.00014767050150446133,-2.1478321272456094e-14
389.0,3958.585289196558,4.737323471101348,100.0,5.8423019375071155,-0.00015553018112910775,-2.1636054392081515e-14
389.1,3959.166273094811,4.737307645209306,100.0,5.777452834067907,-0.00016051255521423607,-2.1789880317717558e-14
389.20000000000005,3959.7407951474274,4.737291462631996,100.0,5.713065241870792,-0.0001626774050961862,-2.193989585409493e-14
389.3,3960.3089015686,4.73727520037114,100.0,5.649140401930862,-0.00016212619214590863,-2.2086195325824363e-14
389.40000000000003,3960.8706386905637,4.737259123447151,100.0,5.585679434553634,-0.00015899610783636254,-2.2228870650934018e-14
389.5,3961.4260529516673,4.7372434816143825,100.0,5.522683342171249,-0.00015345434907197743,-2.2368011412387958e-14
389.6,3961.9751908847247,4.737228506636113,100.0,5.460153012110221,-0.00014569265347536762,-2.2503704927509474e-14
389.70000000000005,3962.5180991056395,4.737214410091763,100.0,5.3980892192960654,-0.00013592212381834215,-2.2636036315249977e-14
389.8,3963.054824302299,4.737201381686199,100.0,5.336492628899811,-0.00012436836555871234,-2.276508856125934e-14
389.90000000000003,3963.5854132237278,4.737189588028812,100.0,5.275363798930721,-0.0001112669563255839,-2.2890942580729988e-14
390.0,3964.1099126694994,4.737179171848461,100.0,5.214703182779263,-9.685926136365753e-05,-2.3013677279000868e-14
390.1,3964.6283694794,4.737170251609142,100.0,5.1545111317137255,-8.138860451083489e-05,-2.3133369609921605e-14
390.20000000000005,3965.1408305233385,4.737162921490564,100.0,5.094787897333581,-6.509679988967411e-05,-2.3250094631990346e-14
390.3,3965.6473426915013,4.737157251697442,100.0,5.0355336339820775,-4.822104564417018e-05,-2.3363925562290844e-14
390.40000000000003,3966.147952884745,4.737153289061393,100.0,4.976748401120287,-3.099117746789012e-05,-2.3474933828264746e-14
390.5,3966.642708005226,4.737151057899718,100.0,4.918432165664373,-1.3627276250892025e-05,-2.358318911736611e-14
390.6,3967.1316549472613,4.737150561096051,100.0,4.86058480428742,3.662378603397534e-06,-2.3688759424653188e-14
390.70000000000005,3967.6148405884173,4.737151781368853,100.0,4.803206105687052,2.0683021386119138e-05,-2.3791711098380346e-14
390.8,3968.0923117808247,4.737154682694949,100.0,4.746295772819452,3.7254791264858966e-05,-2.389210888366079e-14
390.90000000000003,3968.564115342715,4.7371592118567705,100.0,4.6898534251004556,5.321381780469217e-05,-2.399001596427482e-14
391.0,3969.030298050174,4.737165300083572,100.0,4.633878600573836,6.841301790524605e-05,-2.408549400270458e-14
391.1,3969.4909066291134,4.737172864758671,100.0,4.578370758047091,8.272262251746668e-05,-2.4178603178478256e-14
391.20000000000005,3969.9459877474505,4.737181811166653,100.0,4.5233292791944555,9.603045255548244e-05,-2.426940222491066e-14
391.3,3970.395588007501,4.737192034256471,100.0,4.468753470626981,0.00010824196424960092,-2.435794846432838e-14
391.40000000000003,3970.839753938572,4.737203420398416,100.0,4.414642565929415,0.000119280084593276,-2.4444297841867925e-14
391.5,3971.2785319897625,4.737215849114999,100.0,4.36099572766344,0.00012908485785408498,-2.452850495793598e-14
391.6,3971.7119685229586,4.737229194767924,100.0,4.307812049336746,0.0001376129241781059,-2.4610623099420162e-14
391.70000000000005,3972.1401098060246,4.737243328185392,100.0,4.255090557337609,0.00014483685107337453,-2.4690704269736616e-14
391.8,3972.5630020061876,4.737258118216047,100.0,4.202830212834329,0.00015074433825017924,-2.476879921779929e-14
391.90000000000003,3972.9806911836085,4.737273433197915,100.0,4.151029913639154,0.0001553373157264246,-2.4844957465992817e-14
392.0,3973.393223285137,4.737289142332612,100.0,4.099688496036211,0.00015863095447854364,-2.491922733722802e-14
392.1,3973.8006441382504,4.737305116957028,100.0,4.0488047365731035,0.00016065260802882434,-2.4991655981155168e-14
392.20000000000005,3974.2029994451673,4.73732123170644,100.0,3.998377353815801,0.00016144070250116835,-2.5062289399606662e-14
392.3,3974.600334777135,4.737337365564752,100.0,3.948405010066531,0.00016104359163546662,-2.5131172471336597e-14
392.40000000000003,3974.9926955688875,4.737353402799125,100.0,3.8988863130446596,0.00015951839214972487,-2.5198348976119704e-14
392.5,3975.380127113272,4.737369233777769,100.0,3.84981981753031,0.00015692981371108453,-2.526386161826858e-14
392.6,3975.7626745560324,4.737384755670998,100.0,3.80120402697081,0.00015334899655371142,-2.532775204962264e-14
392.70000000000005,3976.140382890757,4.737399873036941,100.0,3.7530373950501335,0.00014885236859706004,-2.539006089205766e-14
392.8,3976.5132969539773,4.737414498294376,100.0,3.7053183272214647,0.00014352053265333247,-2.545082775956057e-14
392.90000000000003,3976.8814614204225,4.737428552086191,100.0,3.658045182203299,0.00013743719311061202,-2.5510091279908775e-14
393.0,3977.244920798417,4.737441963537832,100.0,3.6112162734393594,0.00013068813021631178,-2.5567889115989384e-14
393.1,3977.603719425425,4.7374546704158496,100.0,3.5648298705230066,0.00012336022898329815,-2.5624257986788624e-14
393.20000000000005,3977.9579014637366,4.737466619192316,100.0,3.5188842005866108,0.00011554056840418239,-2.5679233688077667e-14
393.3,3978.307510896288,4.73747776502138,100.0,3.473377449656618,0.00010731557576804446,-2.5732851112817424e-14
393.40000000000003,3978.652591522618,4.737488071634662,100.0,3.428307763975068,9.877024960242019e-05,-2.578514427130007e-14
393.5,3978.9931869549546,4.7374975111624815,100.0,3.3836732512884167,8.998745383399625e-05,-2.583614631104195e-14
393.6,3979.3293406144276,4.737506063888143,100.0,3.3394719821045236,8.104728483788533e-05,-2.5885889536439122e-14
393.70000000000005,3979.661095727407,4.737513717942598,100.0,3.295701990918763,7.202651210212169e-05,-2.5934405428193395e-14
393.8,3979.988495321962,4.737520468946852,100.0,3.2523612774102997,6.29980924006237e-05,-2.5981724662513644e-14
393.90000000000003,3980.3115822244376,4.737526319609445,100.0,3.209447807609469,5.4030756664568834e-05,-2.6027877130095155e-14
394.0,3980.630399056147,4.737531279286177,100.0,3.1669595150374326,4.51886680774624e-05,-2.607289195487683e-14
394.1,3980.944988230176,4.737535363509137,100.0,3.124894301819085,3.653114924783708e-05,-2.6116797512574347e-14
394.20000000000005,3981.2553919482993,4.737538593491775,100.0,3.0832500397704212,2.811247578770147e-05,-2.6159621448985083e-14
394.3,3981.5616521980014,4.73754099561654,100.0,3.0420245714613374,1.9981733261134985e-05,-2.6201390698059986e-14
394.40000000000003,3981.8638107496054,4.737542600911233,100.0,3.001215711255075,1.2182733937432821e-05,-2.6242131499735257e-14
394.5,3982.1619091535026,4.737543444519862,100.0,2.9608212463252452,4.753989606690457e-06,-2.628186941751683e-14
394.6,3982.455988737484,4.737543565173421,100.0,2.9208389376516446,-2.271263704420044e-06,-2.632062935580852e-14
394.70000000000005,3982.7460906041692,4.7375430046655485,100.0,2.8812665209957813,-8.864993302616044e-06,-2.635843557697556e-14
394.8,3983.032255628533,4.737541807337645,100.0,2.8421017078571436,-1.5004254150854527e-05,-2.6395311718133888e-14
394.90000000000003,3983.314524455527,4.737540019577521,100.0,2.8033421864112147,-2.0671034388236534e-05,-2.6431280807655845e-14
395.0,3983.592937497792,4.737537689335252,100.0,2.7649856224300207,-2.5852066559187194e-05,-2.6466365281383373e-14
395.1,3983.867534933463,4.737534865659436,100.0,2.727029660186262,-3.0538609071029e-05,-2.6500586998538906e-14
395.20000000000005,3984.1383567040652,4.737531598256613,100.0,2.6894719233416837,-3.4726202227429944e-05,-2.6533967257326153e-14
395.3,3984.405442512496,4.737527937076163,100.0,2.652310015820582,-3.841440329078035e-05,-2.656652681021153e-14
395.40000000000003,3984.668831821093,4.737523931922581,100.0,2.615541522669018,-4.160650459978562e-05,-2.6598285878879806e-14
395.5,3984.9285638497913,4.737519632096614,100.0,2.579164010900528,-4.430923887654675e-05,-2.662926416885625e-14
395.6,3985.1846775743597,4.737515086066345,100.0,2.543175030328819,-4.65324755048338e-05,-2.665948088378968e-14
395.70000000000005,3985.4372117247226,4.737510341168961,100.0,2.5075721143880187,-4.8288911348574666e-05,-2.668895473939145e-14
395.8,3985.6862047833624,4.737505443343556,100.0,2.4723527809409958,-4.95937595186858e-05,-2.6717703977025662e-14
395.90000000000003,3985.9316949838035,4.737500436895041,100.0,2.4375145330761168,-5.046443920737789e-05,-2.6745746376947836e-14
396.0,3986.1737203091716,4.73749536428889,100.0,2.4030548598927655,-5.092026941441098e-05,-2.6773099271189824e-14
396.1,3986.4123184908367,4.737490265976211,100.0,2.3689712372760754,-5.098216917504531e-05,-2.6799779556089394e-14
396.20000000000005,3986.6475270071273,4.737485180248376,100.0,2.3352611286609317,-5.067236662525433e-05,-2.6825803704464747e-14
396.3,3986.879383082125,4.737480143120208,100.0,2.301921985785628,-5.0014118912841616e-05,-2.6851187777434383e-14
396.40000000000003,3987.107923684531,4.737475188240567,100.0,2.268951249435184,-4.90314447729046e-05,-2.687594743588443e-14
396.5,3987.333185526609,4.737470346828977,100.0,2.2363463501745087,-4.7748871241010195e-05,-2.690009795158602e-14
396.6,3987.555205063197,4.737465647636823,100.0,2.2041047090714727,-4.619119578450701e-05,-2.6923654217966268e-14
396.70000000000005,3987.774018490795,4.737461116931518,100.0,2.172223738409893,-4.4383264825201724e-05,-2.6946630760537604e-14
396.8,3987.9896617467216,4.737456778501976,100.0,2.1407008423924276,-4.234976946310348e-05,-2.6969041746990418e-14
396.90000000000003,3988.202170508341,4.737452653683611,100.0,2.1095334178333336,-4.011505890319918e-05,-2.699090099695531e-14
397.0,3988.411580192358,4.7374487614011125,100.0,2.0787188548410804,-3.770297189230283e-05,-2.7012221991441617e-14
397.1,3988.61792595418,4.7374451182271615,100.0,2.0482545374905907,-3.513668630291834e-05,-2.7033017881959864e-14
397.20000000000005,3988.8212426873483,4.737441738455281,100.0,2.0181378444851386,-3.2438586840139075e-05,-2.705330149933548e-14
397.3,3989.0215650230334,4.737438634185027,100.0,1.9883661498077427,-2.963015056438203e-05,-2.7073085362222586e-14
397.40000000000003,3989.218927329595,4.737435815417743,100.0,1.9589368233617928,-2.6731849890534812e-05,-2.7092381685326955e-14
397.5,3989.413363712204,4.737433290161166,100.0,1.9298472316009225,-2.376307253905893e-05,-2.7111202387346657e-14
397.6,3989.604908012532,4.737431064541222,100.0,1.901094738147881,-2.0742057770144417e-05,-2.7129559098640513e-14
397.70000000000005,3989.793593808496,4.737429142919399,100.0,1.8726767044022399,-1.7685848217954138e-05,-2.7147463168633485e-14
397.8,3989.979454414066,4.737427528014208,100.0,1.8445904901367582,-1.4610256371709636e-05,-2.7164925672969594e-14
397.90000000000003,3990.1625228791327,4.737426221025294,100.0,1.8168334540823534,-1.1529844916438952e-05,-2.7181957420421383e-14
398.0,3990.342831989432,4.7374252217588575,100.0,1.7894029545013275,-8.457919898637279e-06,-2.719856895956682e-14
398.1,3990.520414266526,4.737424528753162,100.0,1.7622963497489035,-5.4065357351053035e-06,-2.7214770585242698e-14
398.20000000000005,3990.6953019678404,4.7374241394029974,100.0,1.7355109988227684,-2.3865109855846817e-06,-2.7230572344785286e-14
398.3,3990.867527086754,4.73742405008206,100.0,1.7090442619006319,5.925461047632591e-07,-2.7245984044067087e-14
398.40000000000003,3991.0371213527446,4.737424256262349,100.0,1.68289350086553,3.5222034439558735e-06,-2.7261015253340265e-14
398.5,3991.2041162315863,4.737424752629747,100.0,1.6570560798189613,6.3951632849850955e-06,-2.7275675312894974e-14
398.6,3991.368542925594,4.737425533195088,100.0,1.6315293655815768,9.20521388106889e-06,-2.7289973338542767e-14
398.70000000000005,3991.530432373921,4.737426591400107,100.0,1.6063107281815199,1.1947175591262692e-05,-2.730391822693317e-14
398.8,3991.6898152529043,4.737427920217758,100.0,1.5813975413302461,1.46168424342154e-05,-2.7317518660712274e-14
398.90000000000003,3991.8467219764552,4.73742951224651,100.0,1.556787182885901,1.721092005144103e-05,-2.7330783113531438e-14
399.0,3992.001182696497,4.7374313597982844,100.0,1.532477035304134,1.9726960966632803e-05,-2.7343719854914068e-14
399.1,3992.153227303447,4.737433454979833,100.0,1.508464486076441,2.2163298001553922e-05,-2.7356336954987697e-14
399.20000000000005,3992.3028854267404,4.737435789767387,100.0,1.4847469281559993,2.4518976663804126e-05,-2.7368642289088753e-14
399.3,3992.4501864353992,4.737438356074532,100.0,1.4613217603711148,2.6793687223053785e-05,-2.7380643542246313e-14
399.40000000000003,3992.595159438638,4.737441145813301,100.0,1.4381863878262748,2.8987697175550152e-05,-2.7392348213551602e-14
399.5,3992.7378332865123,4.737444150948559,100.0,1.4153382222909483,3.110178473237019e-05,-2.7403763620418777e-14
399.6,3992.8782365706033,4.737447363545815,100.0,1.3927746825761256,3.313717384725302e-05,-2.7414896902742887e-14
399.70000000000005,3993.016397624741,4.737450775812628,100.0,1.370493194898912,3.509547132337501e-05,-2.7425755026959615e-14
399.8,3993.1523445257612,4.737454380133851,100.0,1.3484911932351045,3.69786063967894e-05,-2.743634479001206e-14
399.90000000000003,3993.286105094301,4.737458169100972,100.0,1.326766119660056,3.878877317691445e-05,-2.7446672823228447e-14
400.0,3993.4177068956224,4.737462135535852,100.0,1.305315424677843,4.05283762956171e-05,-2.7456745596115538e-14
400.1,3993.547177240473,4.737466272509205,100.0,1.2841365675391063,4.219997992758757e-05,-2.7466569420070282e-14
400.20000000000005,3993.674543185976,4.737470573354152,100.0,1.263227016547552,4.380626048422362e-05,-2.7476150452014265e-14
400.3,3993.7998315365494,4.737475031675234,100.0,1.2425842493554629,4.534996302521662e-05,-2.7485494697952917e-14
400.40000000000003,3993.923068844856,4.737479641353261,100.0,1.2222057532483612,4.683386156258264e-05,-2.7494608016462904e-14
400.5,3994.0442814127805,4.737484396546383,100.0,1.2020890254190917,4.826072326037579e-05,-2.7503496122109832e-14
400.6,3994.163495292433,4.737489291687779,100.0,1.1822315732314927,4.963327652111221e-05,-2.7512164588798357e-14
400.70000000000005,3994.2807362871786,4.737494321480347,100.0,1.1626309144739086,5.095418298096478e-05,-2.7520618853057063e-14
400.8,3994.396029952694,4.7374994808887845,100.0,1.143284577602864,5.222601326754975e-05,-2.7528864217259093e-14
400.90000000000003,3994.5094015980435,4.737504765129432,100.0,1.1241901019770104,5.345122649084826e-05,-2.7536905852780875e-14
401.0,3994.6208762867823,4.737510169658244,100.0,1.1053450380816716,5.463215326964199e-05,-2.7544748803099657e-14
401.1,3994.7304788380798,4.737515690157234,100.0,1.08674694774428,5.577098217891246e-05,-2.7552397986831072e-14
401.20000000000005,3994.8382338278634,4.737521322519725,100.0,1.068393404340857,5.68697494148258e-05,-2.7559858200707938e-14
401.3,3994.9441655899836,4.737527062834729,100.0,1.0502819929937954,5.793033150571816e-05,-2.7567134122501312e-14
401.40000000000003,3995.048298217399,4.737532907370727,100.0,1.0324103107613718,5.895444083612484e-05,-2.7574230313883786e-14
401.5,3995.150655563378,4.737538852559144,100.0,1.0147759668189318,5.994362378084315e-05,-2.7581151223236787e-14
401.6,3995.2512612427204,4.737544894977755,100.0,0.9973765826322718,6.0899261201406466e-05,-2.7587901188401525e-14
401.70000000000005,3995.3501386329926,4.737551031334246,100.0,0.9802097921233197,6.18225711039075e-05,-2.7594484439374717e-14
401.8,3995.447310875784,4.737557258450146,100.0,0.96327324182838,6.271461320007424e-05,-2.7600905100949203e-14
401.90000000000003,3995.542800877973,4.737563573245292,100.0,0.9465645910491821,6.357629511462065e-05,-2.7607167195300018e-14
402.0,3995.636631313015,4.737569972722993,100.0,0.9300815119969864,6.440838009816613e-05,-2.7613274644516458e-14
402.1,3995.7288246222356,4.737576453956034,100.0,0.9138216899298803,6.521149589760759e-05,-2.7619231273080295e-14
402.20000000000005,3995.819403016145,4.737583014073606,100.0,0.8977828232836412,6.598614465896742e-05,-2.762504081029058e-14
402.3,3995.9083884757606,4.7375896502492765,100.0,0.8819626237962112,6.673271362108212e-05,-2.7630706892635602e-14
402.40000000000003,3995.995802753944,4.737596359690062,100.0,0.8663588166260772,6.745148638555583e-05,-2.7636233066112207e-14
402.5,3996.0816673767486,4.737603139626641,100.0,0.8509691404648013,6.814265459990435e-05,-2.7641622788492846e-14
402.6,3996.166003644777,4.737609987304755,100.0,0.8357913476437537,6.880632985515096e-05,-2.7646879431541014e-14
402.70000000000005,3996.2488326345524,4.7376168999778026,100.0,0.8208232042353266,6.944255566586791e-05,-2.7652006283175483e-14
402.8,3996.330175199896,4.737623874900623,100.0,0.8060624901488394,7.005131933867231e-05,-2.765700654958355e-14
402.90000000000003,3996.410051973315,4.737630909324466,100.0,0.791506999221163,7.06325636404451e-05,-2.7661883357284413e-14
403.0,3996.4884833674014,4.7376380004931,100.0,0.7771545393024192,7.118619809027646e-05,-2.766663975514239e-14
403.1,3996.565489576235,4.737645145640041,100.0,0.7630029323367343,7.171210982613004e-05,-2.7671278716331393e-14
403.20000000000005,3996.6410905767984,4.737652341986831,100.0,0.7490500144383037,7.221017392205491e-05,-2.7675803140250956e-14
403.3,3996.715306130397,4.737659586742321,100.0,0.7352936359628705,7.26802630642617e-05,-2.768021585439431e-14
403.40000000000003,3996.7881557840874,4.737666877102891,100.0,0.7217316615747518,7.31222565303382e-05,-2.768451961616951e-14
403.5,3996.85965887211,4.737674210253524,100.0,0.7083619703095158,7.353604846306662e-05,-2.768871711467445e-14
403.6,3996.929834517329,4.7376815833696755,100.0,0.6951824556325473,7.392155531067673e-05,-2.7692810972425877e-14
403.70000000000005,3996.9987016326804,4.737688993619842,100.0,0.6821910254934405,7.427872249478935e-05,-2.7696803747044243e-14
403.8,3997.066278922621,4.737696438168756,100.0,0.6693856023764436,7.460753023968418e-05,-2.7700697932894492e-14
403.90000000000003,3997.132584884585,4.737703914181124,100.0,0.6567641233470687,7.490799853299637e-05,-2.770449596268363e-14
404.0,3997.1976378104428,4.737711418825818,100.0,0.6443245400949427,7.518019130120533e-05,-2.7708200209016407e-14
404.1,3997.2614557879674,4.737718949280438,100.0,0.6320648189729344,7.54242197454868e-05,-2.771181298590993e-14
404.20000000000005,3997.324056702302,4.737726502736182,100.0,0.6199829410327315,7.564024487356727e-05,-2.771533655026781e-14
404.3,3997.3854582374315,4.73773407640291,100.0,0.6080769020569009,7.582847926998445e-05,-2.7718773103315195e-14
404.40000000000003,3997.445677877656,4.737741667514371,100.0,0.5963447125875804,7.598918812110053e-05,-2.772212479199525e-14
404.5,3997.5047329090694,4.737749273333474,100.0,0.5847843979517567,7.61226895670552e-05,-2.7725393710328706e-14
404.6,3997.562640421038,4.737756891157583,100.0,0.5733939982833913,7.62293543433712e-05,-2.772858190073633e-14
404.70000000000005,3997.619417307683,4.737764518323727,100.0,0.5621715685422515,7.630960488378643e-05,-2.7731691355326615e-14
404.8,3997.6750802693628,4.737772152213703,100.0,0.551115178529692,7.6363913807726e-05,-2.773472401714862e-14
404.90000000000003,3997.72964581416,4.737779790258998,100.0,0.5402229129013405,7.639280194498408e-05,-2.7737681781411583e-14
405.0,3997.783130259365,4.737787429945495,100.0,0.529492871176789,7.639683589303759e-05,-2.774056649667191e-14
405.1,3997.8355497329635,4.737795068817906,100.0,0.5189231677463779,7.637662518586158e-05,-2.7743379965988635e-14
405.20000000000005,3997.8869201751245,4.737802704483914,100.0,0.508511931875101,7.633281911916184e-05,-2.774612394804821e-14
405.3,3997.937257339687,4.737810334617976,100.0,0.49825730770369364,7.626610328656453e-05,-2.77488001582596e-14
405.40000000000003,3997.986576795648,4.737817956964768,100.0,0.4881574542469621,7.617719589302158e-05,-2.7751410269820605e-14
405.5,3998.0348939286487,4.7378255693422595,100.0,0.47821054538944546,7.606684389305216e-05,-2.7753955914756245e-14
405.6,3998.082223942463,4.737833169644387,100.0,0.46841476987838526,7.5935818989485e-05,-2.775643868493013e-14
405.70000000000005,3998.1285818604815,4.7378407558433215,100.0,0.4587683313141059,7.578491355698319e-05,-2.7758860133029717e-14
405.8,3998.1739825271975,4.7378483259913375,100.0,0.44926944813787495,7.561493653075395e-05,-2.776122177352603e-14
405.90000000000003,3998.21844060969,4.737855878222258,100.0,0.43991635361726805,7.542670930168693e-05,-2.7763525083608918e-14
406.0,3998.261970599104,4.7378634107524995,100.0,0.4307072958290835,7.522106166283908e-05,-2.7765771504098472e-14
406.1,3998.3045868121344,4.7378709218817106,100.0,0.42164053763989584,7.499882783442151e-05,-2.776796244033332e-14
406.20000000000005,3998.346303392499,4.737878409993024,100.0,0.4127143566842091,7.476084261483515e-05,-2.777009926303686e-14
406.3,3998.3871343124174,4.737885873552923,100.0,0.4039270453404008,7.450793764806814e-05,-2.7772183309161394e-14
406.40000000000003,3998.427093374083,4.737893311110751,100.0,0.39527691070436627,7.424093792114407e-05,-2.777421588271176e-14
406.5,3998.466194211134,4.737900721297879,100.0,0.38676227456098494,7.396065841275727e-05,-2.7776198255548422e-14
406.6,3998.504450290119,4.737908102826542,100.0,0.3783814733534962,7.36679009577161e-05,-2.777813166817065e-14
406.70000000000005,3998.541874911964,4.73791545448838,100.0,0.37013285815067887,7.33634513599167e-05,-2.7780017330481042e-14
406.8,3998.5784812134307,4.737922775152701,100.0,0.36201479461211833,7.304807673508283e-05,-2.778185642253092e-14
406.90000000000003,3998.6142821685753,4.737930063764489,100.0,0.3540256629513502,7.272252311298247e-05,-2.7783650095248207e-14
407.0,3998.649290590201,4.737937319342186,100.0,0.34616385789712056,7.238751331864932e-05,-2.7785399471147692e-14
407.1,3998.683519131308,4.737944540975276,100.0,0.33842778865279216,7.204374504759925e-05,-2.7787105645023808e-14
407.20000000000005,3998.7169802865396,4.737951727821688,100.0,0.3308158788538005,7.169188928025847e-05,-2.7788769684627478e-14
407.3,3998.7496863936212,4.737958879105059,100.0,0.32332656652337116,7.133258893803591e-05,-2.7790392631326647e-14
407.40000000000003,3998.781649634799,4.737965994111863,100.0,0.31595830402648584,7.096645774670195e-05,-2.77919755007509e-14
407.5,3998.8128820382703,4.7379730721884545,100.0,0.3087095580221054,7.059407942032333e-05,-2.779351928342118e-14
407.6,3998.8433954796105,4.737980112738031,100.0,0.3015788094137726,7.021600704755496e-05,-2.7795024945364414e-14
407.70000000000005,3998.873201683197,4.7379871152175514,100.0,0.29456455329858583,6.983276272391745e-05,-2.7796493428713656e-14
407.8,3998.902312223622,4.737994079134628,100.0,0.2876652989145688,6.944483739344221e-05,-2.7797925652294202e-14
407.90000000000003,3998.930738527109,4.738001004044412,100.0,0.2808795695865984,6.905269092724707e-05,-2.7799322512195787e-14
408.0,3998.9584918729142,4.738007889546495,100.0,0.2742059026708009,6.865675234680215e-05,-2.7800684882331203e-14
408.1,3998.985583394729,4.738014735281849,100.0,0.2676428494975473,6.825742029933283e-05,-2.7802013614982008e-14
408.20000000000005,3999.0120240820747,4.738021540929816,100.0,0.2611889753130645,6.785506363446785e-05,-2.7803309541331067e-14
408.3,3999.03782478169,4.7380283062051625,100.0,0.25484285921967487,6.745002217105246e-05,-2.780457347198282e-14
408.40000000000003,3999.0629961989134,4.738035030855223,100.0,0.24860309411481277,6.70426075842848e-05,-2.7805806197470938e-14
408.5,3999.087548899062,4.738041714657134,100.0,0.24246828662873882,6.663310442126852e-05,-2.780700848875413e-14
408.6,3999.1114933087983,4.738048357415176,100.0,0.23643705706107446,6.622177119747837e-05,-2.7808181097700016e-14
408.70000000000005,3999.134839717497,4.738054958958229,100.0,0.23050803931614944,6.580884161964707e-05,-2.7809324757557704e-14
408.8,3999.1575982785994,4.738061519137357,100.0,0.22467988083725365,6.539452585263523e-05,-2.7810440183418882e-14
408.90000000000003,3999.1797790109663,4.738068037823519,100.0,0.21895124253978995,6.497901185176741e-05,-2.7811528072667945e-14
409.0,3999.2013918002203,4.7380745149054135,100.0,0.21332079874341736,6.456246673797467e-05,-2.7812589105421208e-14
409.1,3999.2224464000833,4.738080950287471,100.0,0.20778723710316624,6.414503820105254e-05,-2.781362394495567e-14
409.20000000000005,3999.2429524337067,4.738087343887978,100.0,0.20234925853961785,6.372685594091287e-05,-2.7814633238127335e-14
409.3,3999.2629193949942,4.7380936956373505,100.0,0.19700557716815412,6.330803308564342e-05,-2.7815617615779388e-14
409.40000000000003,3999.2823566499183,4.738100005476548,100.0,0.19175492022733878,6.288866760909951e-05,-2.7816577693140327e-14
409.5,3999.3012734378276,4.738106273355629,100.0,0.1865960280064173,6.246884373857003e-05,-2.7817514070212566e-14
409.6,3999.3196788727496,4.738112499232445,100.0,0.18152765377206306,6.204863334826629e-05,-2.781842733215135e-14
409.70000000000005,3999.3375819446846,4.738118683071471,100.0,0.176548563694315,6.162809728094534e-05,-2.7819318049634382e-14
409.8,3999.3549915208914,4.7381248248427745,100.0,0.17165753677178458,6.12072866657736e-05,-2.782018677922239e-14
409.90000000000003,3999.3719163471674,4.738130924521097,100.0,0.16685336475618098,6.078624416570523e-05,-2.7821034063710652e-14
410.0,3999.388365049119,4.738136982085076,100.0,0.16213485207613407,6.0365005175768324e-05,-2.7821860432471958e-14
410.1,3999.4043461334263,4.738142997516573,100.0,0.15750081576040786,5.9943598951231926e-05,-2.7822666401790813e-14
410.20000000000005,3999.4198679891,4.738148970800111,100.0,0.15295008536053498,5.9522049682661865e-05,-2.7823452475189383e-14
410.3,3999.4349388887276,4.738154901922422,100.0,0.148481502872783,5.910037749154697e-05,-2.782421914374542e-14
410.40000000000003,3999.449566989716,4.738160790872086,100.0,0.14409392265971163,5.867859937321877e-05,-2.7824966886401973e-14
410.5,3999.463760335523,4.738166637639261,100.0,0.13978621137110242,5.82567300494677e-05,-2.7825696170269535e-14
410.6,3999.477526856883,4.7381724422155,100.0,0.13555724786446816,5.783478277073263e-05,-2.7826407450920482e-14
410.70000000000005,3999.4908743730216,4.738178204593634,100.0,0.1314059231251194,5.741277000481854e-05,-2.7827101172675882e-14
410.8,3999.503810592868,4.738183924767729,100.0,0.1273311401857619,5.699070410007647e-05,-2.7827777768885422e-14
410.90000000000003,3999.5163431162523,4.738189602733106,100.0,0.12333181404569518,5.656859784433738e-05,-2.7828437662200086e-14
411.0,3999.5284794351,4.738195238486408,100.0,0.11940687158970038,5.6146464975907896e-05,-2.7829081264837807e-14
411.1,3999.5402269346164,4.738200832025713,100.0,0.11555525150651887,5.572432058623213e-05,-2.7829708978842462e-14
411.20000000000005,3999.5515928944615,4.738206383350697,100.0,0.1117759042070187,5.530218151885838e-05,-2.7830321196336526e-14
411.3,3999.56258448992,4.738211892462817,100.0,0.10806779174209599,5.488006665137163e-05,-2.783091829976696e-14
411.40000000000003,3999.5732087930596,4.738217359365533,100.0,0.10442988772025882,5.4457997143976205e-05,-2.7831500662145154e-14
411.5,3999.5834727738834,4.738222784064539,100.0,0.10086117722502053,5.4035996625408516e-05,-2.7832068647280555e-14
411.6,3999.5933833014733,4.738228166568025,100.0,0.09736065673201705,5.361409132280712e-05,-2.783262261000853e-14
411.70000000000005,3999.6029471451247,4.738233506886934,100.0,0.09392733402591587,5.319231015356455e-05,-2.7833162896412508e-14
411.8,3999.612170975474,4.738238805035239,100.0,0.09056022811719788,5.277068473706755e-05,-2.7833689844040178e-14
411.90000000000003,3999.621061365616,4.73824406103021,100.0,0.08725836915871485,5.234924941779395e-05,-2.7834203782114646e-14
412.0,3999.6296247922137,4.738249274892686,100.0,0.08402079836212867,5.192804121768451e-05,-2.7834705031740066e-14
412.1,3999.6378676366026,4.738254446647337,100.0,0.08084656791426156,5.150709974094318e-05,-2.783519390610187e-14
412.20000000000005,3999.6457961858805,4.738259576322922,100.0,0.0777347408932675,5.108646709676882e-05,-2.78356707106625e-14
412.3,3999.6534166339948,4.738264663952528,100.0,0.07468439118482426,5.066618775430645e-05,-2.78361357433516e-14
412.40000000000003,3999.6607350828185,4.7382697095738004,100.0,0.07169460339816404,5.0246308389025525e-05,-2.7836589294751907e-14
412.5,3999.6677575432177,4.738274713229157,100.0,0.06876447278210358,4.982687771295785e-05,-2.7837031648280262e-14
412.6,3999.674489936112,4.7382796749659795,100.0,0.06589310514108972,4.940794627599009e-05,-2.7837463080363956e-14
412.70000000000005,3999.6809380935256,4.738284594836789,100.0,0.06307961675111855,4.898956627722645e-05,-2.7837883860613103e-14
412.8,3999.6871077596306,4.7382894728994,100.0,0.06032313427579407,4.8571791349308314e-05,-2.7838294251988236e-14
412.90000000000003,3999.6930045917816,4.7382943092170535,100.0,0.05762279468229571,4.8154676365994855e-05,-2.783869451096423e-14
413.0,3999.698634161541,4.73829910385853,100.0,0.05497774515746018,4.7738277191342466e-05,-2.783908488768962e-14
413.1,3999.704001955698,4.738303856898239,100.0,0.052387143023879604,4.7322650479931406e-05,-2.783946562614237e-14
413.20000000000005,3999.709113377277,4.738308568416282,100.0,0.049850155656082626,4.6907853467256764e-05,-2.7839836964281655e-14
413.3,3999.7139737465386,4.738313238498508,100.0,0.04736596039677538,4.6493943751103284e-05,-2.7840199134195962e-14
413.40000000000003,3999.7185883019733,4.738317867236533,100.0,0.044933744473246134,4.608097906719406e-05,-2.7840552362247247e-14
413.5,3999.722962201285,4.738322454727745,100.0,0.04255270491379603,4.566901710905413e-05,-2.784089686921198e-14
413.6,3999.7271005223665,4.738327001075295,100.0,0.04022204846434879,4.525811534215189e-05,-2.7841232870418496e-14
413.70000000000005,3999.7310082642675,4.7383315063880564,100.0,0.03794099150520422,4.484833079418792e-05,-2.7841560575880847e-14
413.8,3999.734690348155,4.738335970780578,100.0,0.03570875996791319,4.443971990561802e-05,-2.7841880190429653e-14
413.90000000000003,3999.7381516182622,4.738340394373018,100.0,0.033524589252325515,4.403233837338e-05,-2.7842191913839628e-14
414.0,3999.741396842833,4.73834477729106,100.0,0.03138772414382415,4.362624098691844e-05,-2.7842495940953947e-14
414.1,3999.7444307150554,4.738349119665815,100.0,0.029297418730760506,4.3221481508138833e-05,-2.7842792461805573e-14
414.20000000000005,3999.7472578539873,4.7383534216337155,100.0,0.027252936322074182,4.2818112542663234e-05,-2.784308166173565e-14
414.3,3999.7498828054763,4.73835768333639,100.0,0.025253549365128344,4.241618543817905e-05,-2.784336372150906e-14
414.40000000000003,3999.752310043067,4.738361904920535,100.0,0.023298539363746748,4.201575017406916e-05,-2.784363881742708e-14
414.5,3999.754543968905,4.738366086537775,100.0,0.02138719679652909,4.161685530577695e-05,-2.7843907121437394e-14
414.6,3999.7565889146285,4.738370228344515,100.0,0.01951882103538137,4.1219547864356325e-05,-2.7844168801241246e-14
414.70000000000005,3999.758449142254,4.738374330501783,100.0,0.017692720264297378,4.0823873329837876e-05,-2.7844424020398258e-14
414.8,3999.760128845054,4.738378393175077,100.0,0.015908211398434173,4.042987556030039e-05,-2.7844672938428336e-14
414.90000000000003,3999.7616321484256,4.738382416534199,100.0,0.01416462000341489,4.0037596772038276e-05,-2.784491571091146e-14
415.0,3999.7629631107516,4.738386400753087,100.0,0.012461280214981264,3.964707750436788e-05,-2.7845152489584686e-14
415.1,3999.764125724253,4.738390346009651,100.0,0.010797534658860256,3.925835662712467e-05,-2.7845383422437155e-14
415.20000000000005,3999.765123915836,4.738394252485603,100.0,0.009172734370990083,3.8871471315914066e-05,-2.7845608653802448e-14
415.3,3999.7659615479256,4.738398120366288,100.0,0.0075862387180250105,3.848645707225585e-05,-2.7845828324448954e-14
415.40000000000003,3999.7666424192985,4.738401949840519,100.0,0.006037415318178014,3.810334773497675e-05,-2.784604257166785e-14
415.5,3999.7671702659013,4.73840574110041,100.0,0.00452563996236421,3.7722175497884084e-05,-2.7846251529359016e-14
415.6,3999.767548761666,4.738409494341212,100.0,0.0030502965357159,3.7342970935466164e-05,-2.784645532811476e-14
415.70000000000005,3999.767781519314,4.738413209761157,100.0,0.0016107769393810174,3.696576304508574e-05,-2.78466540953017e-14
415.8,3999.7678720911545,4.738416887561296,100.0,0.00020648101272558155,3.659057926276997e-05,-2.784684795514029e-14
415.90000000000003,3999.767823969874,4.738420527945349,100.0,-0.0011631835441403878,3.6217445529376123e-05,-2.7847037028782745e-14
416.0,3999.7676405893194,4.738424131119557,100.0,-0.002498801247469759,3.584638633468206e-05,-2.7847221434388884e-14
416.1,3999.7673253252715,4.73842769729254,100.0,-0.003800948906632789,3.547742475593508e-05,-2.7847401287200183e-14
416.20000000000005,3999.7668814962126,4.738431226675156,100.0,-0.005070195700460513,3.511058251306339e-05,-2.784757669961184e-14
416.3,3999.7663123640855,4.738434719480371,100.0,-0.0063071032532383536,3.474588002412346e-05,-2.7847747781243246e-14
416.40000000000003,3999.7656211350445,4.738438175923129,100.0,-0.007512225710319665,3.438333645978261e-05,-2.7847914639006697e-14
416.5,3999.7648109602014,4.7384415962202295,100.0,-0.008686109813317876,3.402296978603882e-05,-2.7848077377174207e-14
416.6,3999.76388493636,4.738444980590213,100.0,-0.00982929497494983,3.366479683531088e-05,-2.7848236097443038e-14
416.70000000000005,3999.7628461067457,4.738448329253249,100.0,-0.010942313353435977,3.330883335847232e-05,-2.7848390898999335e-14
416.8,3999.7616974617295,4.738451642431027,100.0,-0.012025689926519962,3.295509407201701e-05,-2.7848541878580214e-14
416.90000000000003,3999.760441939539,4.738454920346663,100.0,-0.013079942565069424,3.260359270914059e-05,-2.7848689130534416e-14
417.0,3999.759082426967,4.738458163224596,100.0,-0.014105582106252705,3.225434208325894e-05,-2.7848832746881364e-14
417.1,3999.757621760072,4.738461371290504,100.0,-0.015103112426290437,3.190735411893296e-05,-2.7848972817368677e-14
417.20000000000005,3999.7560627248704,4.738464544771214,100.0,-0.016073030512846972,3.15626399066298e-05,-2.784910942952855e-14
417.3,3999.7544080580196,4.738467683894624,100.0,-0.017015826536925484,3.122020975095143e-05,-2.7849242668732438e-14
417.40000000000003,3999.752660447499,4.738470788889622,100.0,-0.01793198392434735,3.088007321663993e-05,-2.7849372618244565e-14
417.5,3999.750822533279,4.738473859986018,100.0,-0.018821979426815183,3.054223915278626e-05,-2.7849499359273927e-14
417.6,3999.7488969079864,4.7384768974144755,100.0,-0.01968628319253818,3.0206715740042418e-05,-2.7849622971025178e-14
417.70000000000005,3999.74688611756,4.738479901406442,100.0,-0.02052535883641181,2.9873510536453523e-05,-2.7849743530748253e-14
417.8,3999.7447926619,4.73848287219409,100.0,-0.02133966350973882,2.954263048517295e-05,-2.7849861113786486e-14
417.90000000000003,3999.742618995514,4.738485810010258,100.0,-0.02212964796951962,2.921408196486521e-05,-2.7849975793623862e-14
418.0,3999.7403675281485,4.738488715088397,100.0,-0.022895756647329336,2.8887870816527455e-05,-2.7850087641931052e-14
418.1,3999.738040625421,4.738491587662512,100.0,-0.023638427717654197,2.8564002349492813e-05,-2.7850196728609948e-14
418.20000000000005,3999.735640609442,4.738494427967118,100.0,-0.024358093165863372,2.824248137815756e-05,-2.7850303121837502e-14
418.3,3999.7331697594295,4.738497236237184,100.0,-0.025055178855680288,2.7923312241832904e-05,-2.7850406888108334e-14
418.40000000000003,3999.730630312319,4.7385000127080925,100.0,-0.025730104596221368,2.760649883106411e-05,-2.7850508092276325e-14
418.5,3999.728024463365,4.73850275761559,100.0,-0.02638328420854248,2.729204458084063e-05,-2.785060679759494e-14
418.6,3999.7253543667352,4.738505471195748,100.0,-0.027015125591749956,2.6979952498944508e-05,-2.785070306575686e-14
418.70000000000005,3999.722622136103,4.738508153684916,100.0,-0.02762603078864092,2.6670225164937423e-05,-2.7850796956932395e-14
418.8,3999.719829845226,4.73851080531968,100.0,-0.02821639605088131,2.6362864762941654e-05,-2.7850888529807154e-14
418.90000000000003,3999.716979528524,4.7385134263368265,100.0,-0.028786611903730962,2.6057873072185154e-05,-2.7850977841618648e-14
419.0,3999.714073181648,4.738516016973299,100.0,-0.029337063210277108,2.5755251481065583e-05,-2.7851064948191983e-14
419.1,3999.711112762043,4.73851857746616,100.0,-0.029868129235209026,2.545500099257777e-05,-2.7851149903974698e-14
419.20000000000005,3999.7081001895044,4.738521108052556,100.0,-0.030380183708125234,2.5157122225014062e-05,-2.7851232762070698e-14
419.3,3999.7050373467296,4.738523608969672,100.0,-0.030873594886372722,2.486161541619758e-05,-2.7851313574273374e-14
419.40000000000003,3999.7019260798606,4.738526080454701,100.0,-0.03134872561742067,2.4568480436096657e-05,-2.7851392391098002e-14
419.5,3999.698768199023,4.738528522744804,100.0,-0.03180593340075954,2.4277716781929954e-05,-2.785146926181319e-14
419.6,3999.695565478857,4.7385309360770735,100.0,-0.032245570449307565,2.3989323578849818e-05,-2.785154423447155e-14
419.70000000000005,3999.6923196590437,4.738533320688495,100.0,-0.032667983750397624,2.3703299592120274e-05,-2.785161735593984e-14
419.8,3999.6890324448236,4.738535676815913,100.0,-0.03307351512621245,2.3419643218027422e-05,-2.7851688671927973e-14
419.90000000000003,3999.685705507511,4.738538004695994,100.0,-0.03346250129382233,2.3138352485379973e-05,-2.785175822701766e-14
420.0,3999.682340485002,4.738540304565189,100.0,-0.03383527392471053,2.285942506653883e-05,-2.7851826064690203e-14
420.1,3999.6789389822743,4.738542576659696,100.0,-0.034192159703841395,2.2582858266300137e-05,-2.785189222735358e-14
420.20000000000005,3999.6755025718844,4.738544821215428,100.0,-0.03453348038825068,2.2308649035660273e-05,-2.7851956756368984e-14
420.3,3999.6720327944568,4.738547038467976,100.0,-0.03485955286513488,2.2036793966798767e-05,-2.7852019692076484e-14
420.40000000000003,3999.668531159169,4.738549228652569,100.0,-0.035170689209502656,2.1767289291613302e-05,-2.785208107382021e-14
420.5,3999.664999144229,4.7385513920040445,100.0,-0.035467196741366724,2.1500130894872287e-05,-2.7852140939973036e-14
420.6,3999.6614381973477,4.738553528756809,100.0,-0.03574937808242415,2.1235314299187475e-05,-2.785219932796036e-14
420.70000000000005,3999.657849736207,4.7385556391448045,100.0,-0.03601753121227547,2.0972834689235134e-05,-2.7852256274283567e-14
420.8,3999.65423514892,4.738557723401475,100.0,-0.03627194952419753,2.0712686896048112e-05,-2.7852311814542755e-14
420.90000000000003,3999.6505957944883,4.7385597817597285,100.0,-0.03651292188041238,2.045486542185167e-05,-2.7852365983458987e-14
421.0,3999.6469330032505,4.738561814451909,100.0,-0.03674073266689959,2.0199364424617867e-05,-2.7852418814895896e-14
421.1,3999.643248077329,4.738563821709758,100.0,-0.03695566184775957,1.9946177731891516e-05,-2.7852470341880925e-14
421.20000000000005,3999.639542291069,4.738565803764383,100.0,-0.03715798501908507,1.9695298850330113e-05,-2.785252059662593e-14
421.3,3999.635816891471,4.738567760846228,100.0,-0.03734797346236302,1.9446720953288388e-05,-2.7852569610547197e-14
421.40000000000003,3999.6320730986217,4.7385696931850365,100.0,-0.03752589419742038,1.9200436907604648e-05,-2.7852617414285184e-14
421.5,3999.6283121061165,4.738571601009824,100.0,-0.03769201003491174,1.895643927263424e-05,-2.7852664037723618e-14
421.6,3999.624535081478,4.738573484548848,100.0,-0.03784657962831712,1.871472030427356e-05,-2.7852709510008153e-14
421.70000000000005,3999.6207431665694,4.738575344029574,100.0,-0.03798985752551847,1.8475271958300323e-05,-2.7852753859564582e-14
421.8,3999.616937478002,4.738577179678651,100.0,-0.03812209421987236,1.8238085919499265e-05,-2.7852797114116723e-14
421.90000000000003,3999.6131191075383,4.738578991721882,100.0,-0.03824353620083892,1.8003153585521417e-05,-2.785283930070354e-14
422.0,3999.6092891224903,4.738580780384196,100.0,-0.03835442600415236,1.777046607830706e-05,-2.7852880445696148e-14
422.1,3999.6054485661116,4.738582545889622,100.0,-0.038455002261538355,1.7540014263128823e-05,-2.7852920574814338e-14
422.20000000000005,3999.6015984579863,4.73858428846126,100.0,-0.03854549974997143,1.731178874977971e-05,-2.785295971314262e-14
422.3,3999.597739794411,4.738586008321262,100.0,-0.03862614944047872,1.708577990683143e-05,-2.785299788514593e-14
422.40000000000003,3999.593873548774,4.738587705690803,100.0,-0.03869717854648464,1.6861977870463985e-05,-2.785303511468496e-14
422.5,3999.5900006719276,4.738589380790059,100.0,-0.03875881057169359,1.6640372528610034e-05,-2.7853071425030877e-14
422.6,3999.5861220925576,4.738591033838188,100.0,-0.038811265357575876,1.642095356436255e-05,-2.7853106838880204e-14
422.70000000000005,3999.5822387175467,4.738592665053301,100.0,-0.038854759130329604,1.620371045290995e-05,-2.7853141378368814e-14
422.8,3999.578351432334,4.73859427465245,100.0,-0.03888950454746258,1.5988632470023728e-05,-2.7853175065085867e-14
422.90000000000003,3999.5744611012683,4.738595862851603,100.0,-0.0389157107438819,1.5775708699491948e-05,-2.7853207920087298e-14
423.0,3999.570568567961,4.738597429865627,100.0,-0.0389335833775511,1.5564928042314094e-05,-2.7853239963908913e-14
423.1,3999.566674655628,4.738598975908273,100.0,-0.03894332467475283,1.535627922287998e-05,-2.785327121657936e-14
423.20000000000005,3999.562780167433,4.738600501192153,100.0,-0.03894513347484858,1.514975080095738e-05,-2.785330169763262e-14
423.3,3999.5588858868236,4.738602005928727,100.0,-0.0389392052746239,1.4945331182066832e-05,-2.7853331426120193e-14
423.40000000000003,3999.5549925778623,4.738603490328291,100.0,-0.03892573227221731,1.4743008621960914e-05,-2.7853360420623058e-14
423.5,3999.5511009855554,4.738604954599958,100.0,-0.038904903410606005,1.4542771242117908e-05,-2.7853388699263363e-14
423.6,3999.5472118361754,4.738606398951645,100.0,-0.03887690442063821,1.434460701903426e-05,-2.7853416279715612e-14
423.70000000000005,3999.543325837581,4.738607823590063,100.0,-0.03884191786367951,1.4148503816972031e-05,-2.7853443179217905e-14
423.8,3999.539443679532,4.738609228720701,100.0,-0.0388001231737881,1.3954449381179496e-05,-2.7853469414582592e-14
423.90000000000003,3999.5355660339974,4.738610614547819,100.0,-0.03875169669952377,1.3762431345948094e-05,-2.7853495002206944e-14
424.0,3999.531693555466,4.738611981274435,100.0,-0.038696811745246106,1.3572437239561912e-05,-2.7853519958083188e-14
424.1,3999.527826881246,4.738613329102313,100.0,-0.038635638612091024,1.3384454500446113e-05,-2.785354429780875e-14
424.20000000000005,3999.5239666317634,4.73861465823196,100.0,-0.038568344638452004,1.319847047586818e-05,-2.7853568036595848e-14
424.3,3999.5201134108574,4.738615968862608,100.0,-0.03849509424010178,1.3014472421051695e-05,-2.7853591189281052e-14
424.40000000000003,3999.51626780607,4.738617261192216,100.0,-0.03841604894985631,1.2832447528668006e-05,-2.785361377033464e-14
424.5,3999.512430388933,4.738618535417456,100.0,-0.03833136745687171,1.2652382911898246e-05,-2.785363579386957e-14
424.6,3999.5086017152485,4.73861979173371,100.0,-0.038241205645512096,1.2474265624913757e-05,-2.7853657273650415e-14
424.70000000000005,3999.5047823253694,4.738621030335058,100.0,-0.03814571663379503,1.2298082649429474e-05,-2.7853678223101804e-14
424.8,3999.5009727444744,4.738622251414281,100.0,-0.038045050811441355,1.212382091074419e-05,-2.7853698655316895e-14
424.90000000000003,3999.497173482837,4.738623455162845,100.0,-0.03793935587756897,1.1951467292835648e-05,-2.7853718583065667e-14
425.0,3999.493385036094,4.738624641770905,100.0,-0.03782877687791232,1.1781008628469373e-05,-2.7853738018802773e-14
425.1,3999.489607885509,4.738625811427296,100.0,-0.0377134562417232,1.1612431715578313e-05,-2.785375697467545e-14
425.20000000000005,3999.4858424982317,4.738626964319531,100.0,-0.0375935338181988,1.1445723299884103e-05,-2.7853775462530923e-14
425.3,3999.4820893275546,4.738628100633797,100.0,-0.037469146912595175,1.1280870105785776e-05,-2.785379349392404e-14
425.40000000000003,3999.478348813165,4.73862922055495,100.0,-0.03734043032189698,1.1117858822223297e-05,-2.7853811080124326e-14
425.5,3999.4746213813955,4.738630324266514,100.0,-0.03720751637013174,1.0956676106765463e-05,-2.785382823212307e-14
425.6,3999.470907445467,4.738631411950678,100.0,-0.03707053494329773,1.0797308595800488e-05,-2.7853844960640282e-14
425.70000000000005,3999.4672074057335,4.738632483788294,100.0,-0.03692961352388457,1.0639742902155657e-05,-2.7853861276131257e-14
425.8,3999.4635216499187,4.738633539958873,100.0,-0.03678487722504684,1.0483965631777543e-05,-2.785387718879324e-14
425.90000000000003,3999.459850553352,4.738634580640587,100.0,-0.036636448824407475,1.0329963362472605e-05,-2.7853892708571724e-14
426.0,3999.4561944792017,4.7386356060102655,100.0,-0.036484448797456014,1.0177722669367808e-05,-2.7853907845166732e-14
426.1,3999.4525537787003,4.738636616243393,100.0,-0.03632899535056257,1.0027230107904533e-05,-2.7853922608038682e-14
426.20000000000005,3999.4489287913734,4.73863761151411,100.0,-0.03617020445371611,9.878472239742449e-06,-2.7853937006414588e-14
426.3,3999.4453198452593,4.738638591995215,100.0,-0.03600818987278898,9.731435609027293e-06,-2.785395104929361e-14
426.40000000000003,3999.441727257129,4.738639557858159,100.0,-0.03584306320151222,9.586106767686546e-06,-2.7853964745452804e-14
426.5,3999.438151332701,4.738640509273047,100.0,-0.0356749338930459,9.442472258372205e-06,-2.7853978103452496e-14
426.6,3999.4345923668548,4.73864144640864,100.0,-0.03550390929123217,9.300518635054391e-06,-2.785399113164178e-14
426.70000000000005,3999.4310506438383,4.738642369432355,100.0,-0.03533009466143855,9.160232453145678e-06,-2.7854003838163542e-14
426.8,3999.427526437477,4.738643278510264,100.0,-0.03515359322110653,9.021600267132066e-06,-2.7854016230959656e-14
426.90000000000003,3999.4240200113754,4.738644173807095,100.0,-0.03497450616992448,8.884608648986178e-06,-2.7854028317775945e-14
427.0,3999.4205316191174,4.7386450554862325,100.0,-0.03479293271965409,8.749244177294068e-06,-2.7854040106167016e-14
427.1,3999.417061504464,4.738645923709722,100.0,-0.03460897012362574,8.6154934458701e-06,-2.7854051603500982e-14
427.20000000000005,3999.413609901548,4.738646778638267,100.0,-0.03442271370587035,8.483343053924135e-06,-2.7854062816964012e-14
427.3,3999.4101770350644,4.738647620431232,100.0,-0.034234256889938364,8.35277962189169e-06,-2.7854073753564912e-14
427.40000000000003,3999.40676312046,4.738648449246645,100.0,-0.034043691227357654,8.223789790229489e-06,-2.7854084420139445e-14
427.5,3999.4033683641183,4.7386492652411984,100.0,-0.03385110642577271,8.096360212415433e-06,-2.785409482335455e-14
427.6,3999.3999929635443,4.738650068570252,100.0,-0.033656590376756265,7.970477573763569e-06,-2.7854104969712643e-14
427.70000000000005,3999.3966371075426,4.7386508593878345,100.0,-0.03346022918329731,7.84612857473463e-06,-2.785411486555561e-14
427.8,3999.393300976396,4.738651637846646,100.0,-0.0332621071869309,7.72329994232871e-06,-2.7854124517068714e-14
427.90000000000003,3999.3899847420403,4.73865240409806,100.0,-0.033062306994584026,7.6019784270795135e-06,-2.7854133930284512e-14
428.0,3999.3866885682355,4.738653158292128,100.0,-0.0328609095051035,7.482150815178428e-06,-2.7854143111086687e-14
428.1,3999.383412610737,4.738653900577581,100.0,-0.03265799393540633,7.3638039200307375e-06,-2.7854152065213597e-14
428.20000000000005,3999.3801570174614,4.738654631101831,100.0,-0.032453637846396745,7.246924583327363e-06,-2.7854160798261948e-14
428.3,3999.37692192865,4.738655350010978,100.0,-0.032247917168514745,7.131499683451486e-06,-2.7854169315690225e-14
428.40000000000003,3999.3737074770324,4.738656057449812,100.0,-0.032040906227009794,7.017516130175577e-06,-2.7854177622822173e-14
428.5,3999.3705137879842,4.738656753561814,100.0,-0.03183267776688602,6.904960872618517e-06,-2.7854185724850128e-14
428.6,3999.3673409796857,4.738657438489162,100.0,-0.031623302977513694,6.793820895431497e-06,-2.7854193626838078e-14
428.70000000000005,3999.3641891632737,4.738658112372736,100.0,-0.03141285151705492,6.684083224878466e-06,-2.785420133372514e-14
428.8,3999.3610584429957,4.738658775352119,100.0,-0.03120139153645399,6.575734931388877e-06,-2.785420885032843e-14
428.90000000000003,3999.3579489163576,4.738659427565605,100.0,-0.03098898970318817,6.468763124331677e-06,-2.7854216181346072e-14
429.0,3999.3548606742725,4.738660069150199,100.0,-0.03077571122475951,6.363154956733634e-06,-2.785422333136029e-14
429.1,3999.3517938012046,4.738660700241624,100.0,-0.030561619871833808,6.258897626161794e-06,-2.7854230304840073e-14
429.20000000000005,3999.3487483753115,4.738661320974327,100.0,-0.03034677800113169,6.155978387509337e-06,-2.785423710614415e-14
429.3,3999.3457244685856,4.738661931481481,100.0,-0.03013124657801751,6.054384531384501e-06,-2.7854243739523552e-14
429.40000000000003,3999.3427221469906,4.738662531894991,100.0,-0.029915085198824146,5.9541034108717966e-06,-2.7854250209124427e-14
429.5,3999.3397414705987,4.738663122345501,100.0,-0.029698352112862925,5.855122420134096e-06,-2.7854256518990488e-14
429.6,3999.3367824937236,4.738663702962394,100.0,-0.029481104244187033,5.757429001904973e-06,-2.785426267306557e-14
429.70000000000005,3999.333845265052,4.738664273873804,100.0,-0.029263397213065576,5.661010664787319e-06,-2.78542686751962e-14
429.8,3999.330929827772,4.738664835206615,100.0,-0.029045285357214234,5.565854967819844e-06,-2.7854274529133952e-14
429.90000000000003,3999.328036219702,4.738665387086472,100.0,-0.02882682175267171,5.471949529540671e-06,-2.785428023853771e-14
430.0,3999.325164473415,4.738665929637785,100.0,-0.028608058234516457,5.379282014500377e-06,-2.7854285806975992e-14
430.1,3999.322314616362,4.738666462983731,100.0,-0.02838904541724837,5.28784015843291e-06,-2.7854291237929256e-14
430.20000000000005,3999.3194866709914,4.7386669872462654,100.0,-0.02816983271494498,5.19761176090154e-06,-2.785429653479209e-14
430.3,3999.3166806548707,4.738667502546126,100.0,-0.02795046836110932,5.108584662640178e-06,-2.7854301700875122e-14
430.40000000000003,3999.313896580802,4.738668009002838,100.0,-0.02773099942830991,5.020746782891117e-06,-2.7854306739407326e-14
430.5,3999.311134456937,4.738668506734722,100.0,-0.027511471847555084,4.934086098594082e-06,-2.785431165353794e-14
430.6,3999.3083942868907,4.738668995858899,100.0,-0.02729193042739085,4.848590652842762e-06,-2.7854316446338455e-14
430.70000000000005,3999.305676069853,4.738669476491298,100.0,-0.027072418872762516,4.764248550572388e-06,-2.7854321120804475e-14
430.8,3999.302979800697,4.73866994874666,100.0,-0.026852979803644667,4.681047962498411e-06,-2.785432567985767e-14
430.90000000000003,3999.300305470088,4.738670412738548,100.0,-0.026633654773403456,4.598977124524631e-06,-2.7854330126347562e-14
431.0,3999.297653064588,4.738670868579353,100.0,-0.026414484286929912,4.518024348693993e-06,-2.7854334463053376e-14
431.1,3999.2950225667605,4.738671316380299,100.0,-0.026195507818495566,4.4381780012841205e-06,-2.7854338692685597e-14
431.20000000000005,3999.2924139552724,4.738671756251449,100.0,-0.025976763829464483,4.359426524933658e-06,-2.785434281788792e-14
431.3,3999.289827204994,4.738672188301717,100.0,-0.02575828978564114,4.281758431481784e-06,-2.7854346841238688e-14
431.40000000000003,3999.287262287098,4.738672612638868,100.0,-0.025540122174475103,4.205162301947326e-06,-2.78543507652526e-14
431.5,3999.2847191691576,4.738673029369531,100.0,-0.025322296522025126,4.129626787031778e-06,-2.785435459238227e-14
431.6,3999.2821978152397,4.7386734385992035,100.0,-0.025104847409651868,4.055140611079097e-06,-2.785435832501975e-14
431.70000000000005,3999.279698186,4.7386738404322575,100.0,-0.02488780849053624,3.981692567794134e-06,-2.7854361965498045e-14
431.8,3999.2772202387746,4.73867423497195,100.0,-0.024671212505948482,3.909271526642074e-06,-2.7854365516092613e-14
431.90000000000003,3999.2747639276704,4.738674622320428,100.0,-0.024455091301259523,3.837866429139593e-06,-2.7854368979022625e-14
432.0,3999.272329203654,4.738675002578734,100.0,-0.02423947584181887,3.7674662830884397e-06,-2.7854372356452535e-14
432.1,3999.269916014638,4.738675375846819,100.0,-0.02402439622854337,3.698060179069501e-06,-2.7854375650493346e-14
432.20000000000005,3999.267524305569,4.738675742223544,100.0,-0.023809881713303078,3.6296372742508453e-06,-2.7854378863203917e-14
432.3,3999.2651540185093,4.738676101806688,100.0,-0.02359596071413292,3.562186803041366e-06,-2.7854381996592294e-14
432.40000000000003,3999.26280509272,4.738676454692962,100.0,-0.023382660830192123,3.4956980723808417e-06,-2.7854385052616945e-14
432.5,3999.260477464744,4.738676800978007,100.0,-0.023170008856525804,3.430160465524824e-06,-2.785438803318796e-14
432.6,3999.2581710684826,4.738677140756408,100.0,-0.022958030798642694,3.365563440400018e-06,-2.7854390940168303e-14
432.70000000000005,3999.2558858352772,4.738677474121699,100.0,-0.02274675188685417,3.3018965286593976e-06,-2.7854393775374925e-14
432.8,3999.253621693983,4.7386778011663715,100.0,-0.022536196590459915,3.2391493355359863e-06,-2.7854396540579945e-14
432.90000000000003,3999.2513785710457,4.73867812198188,100.0,-0.022326388631657926,3.1773115460022495e-06,-2.7854399237511692e-14
433.0,3999.249156390577,4.7386784366586525,100.0,-0.022117350999341947,3.1163729187926646e-06,-2.7854401867855826e-14
433.1,3999.246955074424,4.738678745286097,100.0,-0.02190910596265802,3.0563232927551537e-06,-2.7854404433256437e-14
433.20000000000005,3999.2447745422437,4.738679047952608,100.0,-0.02170167508436741,2.9971525782912773e-06,-2.7854406935316985e-14
433.3,3999.242614711571,4.738679344745576,100.0,-0.02149507923403461,2.938850761294793e-06,-2.7854409375601347e-14
433.40000000000003,3999.240475497888,4.738679635751393,100.0,-0.02128933860103717,2.881407904298653e-06,-2.785441175563481e-14
433.5,3999.238356814691,4.738679921055461,100.0,-0.021084472707326544,2.8248141422771076e-06,-2.785441407690493e-14
433.6,3999.2362585735577,4.738680200742198,100.0,-0.02088050042010011,2.769059691426091e-06,-2.7854416340862603e-14
433.70000000000005,3999.234180684211,4.738680474895052,100.0,-0.020677439964196097,2.7141348367315406e-06,-2.7854418548922824e-14
433.8,3999.232123054582,4.738680743596498,100.0,-0.020475308934417614,2.6600299561067217e-06,-2.785442070246582e-14
433.90000000000003,3999.230085590875,4.738681006928056,100.0,-0.02027412430752869,2.606735485899632e-06,-2.7854422802837553e-14
