t_s,x_m,y_m,z_m,vx_ms,vy_ms,vz_ms
0.0,-10.0,-8.0,100.0,15.0,0.0,0.0
0.1,-8.47000227479219,-8.000369434896326,100.0,14.999998320587256,-0.007098054626944439,0.0
0.2,-6.940004684830097,-8.00144601072436,100.0,14.99999358641065,-0.013871108080825607,0.0
0.30000000000000004,-5.41000753420902,-8.00319709405171,100.0,14.999986224206248,-0.020329132366022785,0.0
0.4,-3.8800110844830877,-8.005591056551243,100.0,14.999976623672072,-0.026481867218438315,0.0
0.5,-2.350015558364265,-8.008597251493363,100.0,14.999965139975759,-0.032338823602660535,0.0
0.6000000000000001,-0.8200211431705269,-8.012185990595853,100.0,14.99995209612156,-0.0379092872314774,0.0
0.7000000000000001,0.7099720059627315,-8.016328521233223,100.0,14.999937785183144,-0.04320232210124371,0.0
0.8,2.239963763094587,-8.020997004006938,100.0,14.999922472408516,-0.048226774037399195,0.0
0.9,3.7699540287009823,-8.026164490677308,100.0,14.99990639720308,-0.05299127424513291,0.0
1.0,5.2999427270954085,-8.031804902457372,100.0,14.999889774996783,-0.05750424286080004,0.0
1.1,6.829929804036272,-8.037893008668668,100.0,14.999872799000844,-0.0617738925002267,0.0
1.2000000000000002,8.359915224509885,-8.044404405758415,100.0,14.9998556418596,-0.06580823180049716,0.0
1.3,9.889898970678578,-8.051315496677308,100.0,14.999838457202623,-0.06961506895221178,0.0
1.4000000000000001,11.419881039983943,-8.058603470616825,100.0,14.999821381102104,-0.07320201521954114,0.0
1.5,12.949861443395736,-8.066246283104702,100.0,14.999804533440338,-0.07657648844569093,0.0
1.6,14.479840203797426,-8.074222636456978,100.0,14.999788019191913,-0.07974571654163652,0.0
1.7000000000000002,16.009817354499855,-8.082511960584842,100.0,14.999771929624982,-0.08271674095619479,0.0
1.8,17.539792937874914,-8.091094394154256,100.0,14.999756343425906,-0.08549642012567686,0.0
1.9000000000000001,19.069767004101564,-8.09995076609625,100.0,14.999741327751266,-0.0880914329015155,0.0
2.0,20.599739610016936,-8.109062577465535,100.0,14.999726939211182,-0.09050828195438737,0.0
2.1,22.12971081806563,-8.118411983644998,100.0,14.99971322478757,-0.09275329715345834,0.0
2.2,23.65968069534071,-8.127981776893472,100.0,14.99970022269097,-0.0948326389194731,0.0
2.3000000000000003,25.189649312710262,-8.13775536923406,100.0,14.999687963159257,-0.09675230155048906,0.0
2.4000000000000004,26.719616744023647,-8.147716775680182,100.0,14.999676469201512,-0.09851811651912473,0.0
2.5,28.249583065392052,-8.157850597796369,100.0,14.999665757290138,-0.10013575574025396,0.0
2.6,29.779548354538097,-8.168142007590768,100.0,14.999655838004143,-0.10161073480813201,0.0
2.7,31.30951269020962,-8.178576731736173,100.0,14.999646716626412,-0.10294841620199029,0.0
2.8000000000000003,32.83947615165308,-8.189141036116336,100.0,14.99963839369765,-0.10415401245918321,0.0
2.9000000000000004,34.36943881814219,-8.199821710694193,100.0,14.999630865529527,-0.10523258931501481,0.0
3.0,35.89940076855778,-8.210606054698598,100.0,14.999624124679444,-0.10618906880841601,0.0
3.1,37.42936208101494,-8.221481862126,100.0,14.999618160389266,-0.10702823235268531,0.0
3.2,38.95932283253397,-8.232437407553498,100.0,14.999612958990145,-0.10775472377054693,0.0
3.3000000000000003,40.48928309875164,-8.243461432259586,100.0,14.999608504275594,-0.10837305229282328,0.0
3.4000000000000004,42.019242953669675,-8.25454313064885,100.0,14.999604777844711,-0.10888759552005936,0.0
3.5,43.549202469437404,-8.265672136976798,100.0,14.99960175941749,-0.10930260234648083,0.0
3.6,45.07916171616586,-8.276838512370965,100.0,14.99959942712398,-0.10962219584570966,0.0
3.7,46.60912076177066,-8.288032732144359,100.0,14.999597757768932,-0.10985037611770607,0.0
3.8000000000000003,48.139079671841245,-8.299245673397271,100.0,14.999596727073637,-0.10999102309645027,0.0
3.9000000000000004,49.66903850953419,-8.31046860290342,100.0,14.999596309896333,-0.11004789931792176,0.0
4.0,51.19899733548847,-8.321693165276361,100.0,14.999596480432722,-0.11002465264798145,0.0
4.1000000000000005,52.72895620776068,-8.33291137141207,100.0,14.999597212397887,-0.10992481896980631,0.0
4.2,54.25891518177832,-8.344115587203522,100.0,14.999598479190913,-0.10975182483057386,0.0
4.3,55.78887431030948,-8.35529852252314,100.0,14.9996002540434,-0.10950899004713893,0.0
4.4,57.318833643447284,-8.366453220468891,100.0,14.999602510153018,-0.10919953027049235,0.0
4.5,58.84879322860759,-8.377573046869818,100.0,14.999605220803163,-0.10882655950883578,0.0
4.6000000000000005,60.37875311053859,-8.388651680046808,100.0,14.999608359469745,-0.10839309260915263,0.0
4.7,61.908713331341005,-8.39968310082431,100.0,14.999611899916037,-0.10790204769719895,0.0
4.800000000000001,63.4386739304977,-8.410661582788814,100.0,14.999615816276485,-0.10735624857588173,0.0
4.9,64.96863494491159,-8.421581682789803,100.0,14.999620083130338,-0.10675842708203358,0.0
5.0,66.49859640895083,-8.432438231678965,100.0,14.999624675565846,-0.10611122540163405,0.0
5.1000000000000005,68.02855835450043,-8.443226325283415,100.0,14.999629569235815,-0.10541719834356737,0.0
5.2,69.5585208110193,-8.45394131560871,100.0,14.999634740405195,-0.10467881557204331,0.0
5.300000000000001,71.08848380560201,-8.464578802267447,100.0,14.99964016599133,-0.10389846379784473,0.0
5.4,72.61844736304448,-8.475134624129264,100.0,14.999645823597518,-0.10307844892859938,0.0
5.5,74.1484115059131,-8.485604851188059,100.0,14.999651691540421,-0.10222099817830577,0.0
5.6000000000000005,75.6783762546164,-8.495985776642291,100.0,14.999657748871886,-0.1013282621363737,0.0
5.7,77.2083416274789,-8.506273909184255,100.0,14.999663975395645,-0.10040231679646842,0.0
5.800000000000001,78.73830764081669,-8.516465965494243,100.0,14.999670351679388,-0.09944516554547377,0.0
5.9,80.26827430901395,-8.52655886293553,100.0,14.999676859062614,-0.09845874111291475,0.0
6.0,81.79824164460045,-8.536549712446192,100.0,14.999683479660694,-0.09744490748120205,0.0
6.1000000000000005,83.32820965832931,-8.546435811623747,100.0,14.999690196365504,-0.09640546175708177,0.0
6.2,84.85817835925477,-8.55621463799873,100.0,14.999696992842956,-0.09534213600469252,0.0
6.300000000000001,86.38814775480971,-8.565883842493255,100.0,14.999703853527818,-0.09425659904064893,0.0
6.4,87.91811785088264,-8.575441243060743,100.0,14.999710763616033,-0.09315045819158517,0.0
6.5,89.44808865189388,-8.584884818503014,100.0,14.9997177090549,-0.09202526101460598,0.0
6.6000000000000005,90.97806016087071,-8.594212702460963,100.0,14.999724676531315,-0.09088249698110401,0.0
6.7,92.50803237952134,-8.603423177575117,100.0,14.999731653458342,-0.08972359912441216,0.0
6.800000000000001,94.0380053083075,-8.612514669812414,100.0,14.999738627960323,-0.0885499456517686,0.0
6.9,95.56797894651558,-8.621485742955587,100.0,14.999745588856728,-0.08736286152107858,0.0
7.0,97.09795329232601,-8.630335093251565,100.0,14.99975252564493,-0.0861636199829636,0.0
7.1000000000000005,98.62792834288105,-8.639061544215426,100.0,14.999759428482093,-0.08495344408859272,0.0
7.2,100.15790409435063,-8.647664041586376,100.0,14.999766288166311,-0.08373350816379403,0.0
7.300000000000001,101.68788054199635,-8.656141648432387,100.0,14.999773096117133,-0.08250493924994722,0.0
7.4,103.21785768023351,-8.664493540400112,100.0,14.999779844355638,-0.08126881851215881,0.0
7.5,104.74783550269113,-8.672719001106769,100.0,14.999786525484156,-0.08002618261522323,0.0
7.6000000000000005,106.27781400226995,-8.680817417670728,100.0,14.999793132665744,-0.07877802506787156,0.0
7.7,107.80779317119828,-8.688788276377606,100.0,14.999799659603523,-0.07752529753580968,0.0
7.800000000000001,109.33777300108594,-8.6966311584787,100.0,14.999806100519965,-0.0762689111240458,0.0
7.9,110.86775348297593,-8.704345736118654,100.0,14.999812450136197,-0.07500973762900492,0.0
8.0,112.3977346073942,-8.711931768389308,100.0,14.999818703651416,-0.07374861076092619,0.0
8.1,113.92771636439721,-8.719389097506715,100.0,14.999824856722467,-0.0724863273370349,0.0
8.200000000000001,115.45769874361754,-8.726717645108385,100.0,14.999830905443636,-0.07122364844597874,0.0
8.3,116.98768173430742,-8.73391740866783,100.0,14.999836846326716,-0.0699613005840138,0.0
8.4,118.51766532538025,-8.74098845802357,100.0,14.999842676281398,-0.06869997676342211,0.0
8.5,120.04764950545028,-8.747930932019786,100.0,14.999848392596014,-0.06744033759363854,0.0
8.6,121.57763426287018,-8.754745035255853,100.0,14.999853992918672,-0.06618301233556088,0.0
8.700000000000001,123.10761958576683,-8.761431034942062,100.0,14.9998594752388,-0.06492859992951248,0.0
8.8,124.63760546207527,-8.767989257858844,100.0,14.999864837869163,-0.06367766999732265,0.0
8.9,126.16759187957081,-8.774420087416901,100.0,14.99987007942832,-0.06243076381898557,0.0
9.0,127.69757882589936,-8.780723960815656,100.0,14.999875198823574,-0.061188395284354165,0.0
9.1,129.22756628860614,-8.786901366297514,100.0,14.999880195234415,-0.05995105182032073,0.0
9.200000000000001,130.75755425516272,-8.79295284049544,100.0,14.99988506809649,-0.05871919529393214,0.0
9.3,132.2875427129923,-8.798878965871449,100.0,14.999889817086059,-0.05749326289188233,0.0
9.4,133.81753164949367,-8.804680368243588,100.0,14.999894442105,-0.05627366797682133,0.0
9.5,135.34752105206357,-8.810357714399096,100.0,14.999898943266315,-0.055060800920914844,0.0
9.600000000000001,136.8775109081175,-8.815911709791425,100.0,14.999903320880193,-0.053855029917084754,0.0
9.700000000000001,138.40750120510936,-8.821343096318877,100.0,14.999907575440552,-0.05265670176835619,0.0
9.8,139.9374919305495,-8.826652650182641,100.0,14.999911707612153,-0.05146614265573308,0.0
9.9,141.46748307202168,-8.831841179822073,100.0,14.999915718218189,-0.05028365888501916,0.0
10.0,142.9974746171987,-8.836909523925064,100.0,14.999919608228419,-0.04910953761299812,0.0
10.100000000000001,144.52746655385684,-8.841858549511453,100.0,14.99992337874778,-0.047944047553381844,0.0
10.200000000000001,146.05745886988925,-8.846689150087409,100.0,14.999927031005509,-0.0467874396629317,0.0
10.3,147.5874515533181,-8.851402243868785,100.0,14.99993056634477,-0.045639947808154155,0.0
10.4,149.11744459230584,-8.855998772071505,100.0,14.999933986212707,-0.04450178941296714,0.0
10.5,150.64743797516542,-8.860479697267042,100.0,14.99993729215104,-0.04337316608773065,0.0
10.600000000000001,152.17743169036956,-8.864846001801105,100.0,14.999940485787054,-0.0422542642400297,0.0
10.700000000000001,153.70742572655914,-8.869098686273711,100.0,14.999943568825053,-0.041145255667595075,0.0
10.8,155.2374200725507,-8.873238768078824,100.0,14.999946543038272,-0.04004629813374218,0.0
10.9,156.76741471734317,-8.87726728000181,100.0,14.999949410261177,-0.03895753592570472,0.0
11.0,158.2974096501239,-8.881185268872962,100.0,14.999952172382189,-0.037879100396235925,0.0
11.100000000000001,159.82740486027382,-8.884993794275433,100.0,14.999954831336812,-0.03681111048884573,0.0
11.200000000000001,161.35740033737196,-8.888693927305916,100.0,14.999957389101123,-0.03575367324703813,0.0
11.3,162.88739607119948,-8.89228674938644,100.0,14.999959847685647,-0.03470688430790914,0.0
11.4,164.41739205174284,-8.89577335112574,100.0,14.999962209129603,-0.03367082838046118,0.0
11.5,165.9473882691966,-8.899154831228634,100.0,14.999964475495448,-0.03264557970898547,0.0
11.600000000000001,167.47738471396562,-8.902432295451902,100.0,14.999966648863824,-0.03163120252186034,0.0
11.700000000000001,169.0073813766666,-8.905606855605221,100.0,14.999968731328746,-0.030627751466108064,0.0
11.8,170.53737824812944,-8.908679628595689,100.0,14.999970724993158,-0.029635272028049338,0.0
11.9,172.06737531939794,-8.91165173551456,100.0,14.999972631964756,-0.028653800940389624,0.0
12.0,173.59737258173016,-8.914524300764821,100.0,14.999974454352081,-0.027683366576067146,0.0
12.100000000000001,175.12737002659833,-8.917298451228257,100.0,14.99997619426092,-0.026723989329188097,0.0
12.200000000000001,176.6573676456885,-8.919975315470737,100.0,14.999977853790927,-0.025775681983369665,0.0
12.3,178.1873654308999,-8.922556022984418,100.0,14.999979435032511,-0.024838450067807202,0.0
12.4,179.71736337434362,-8.925041703465666,100.0,14.999980940063947,-0.023912292201377056,0.0
12.5,181.24736146834167,-8.927433486127452,100.0,14.999982370948729,-0.022997200425081837,0.0
12.600000000000001,182.77735970542506,-8.929732499045082,100.0,14.999983729733113,-0.022093160523140518,0.0
12.700000000000001,184.30735807833216,-8.931939868534103,100.0,14.999985018443887,-0.021200152333020354,0.0
12.8,185.83735658000663,-8.934056718559269,100.0,14.999986239086313,-0.020318150044703512,0.0
12.9,187.36735520359508,-8.936084170173492,100.0,14.999987393642266,-0.019447122489475988,0.0
13.0,188.89735394244477,-8.938023340985728,100.0,14.999988484068536,-0.018587033418521658,0.0
13.100000000000001,190.42735279010085,-8.93987534465675,100.0,14.99998951229531,-0.017737841771599587,0.0
13.200000000000001,191.95735174030378,-8.941641290421844,100.0,14.99999048022479,-0.0168995019360775,0.0
13.3,193.48735078698633,-8.943322282639421,100.0,14.999991389729972,-0.016071963996589694,0.0
13.4,195.01734992427063,-8.944919420364643,100.0,14.99999224265356,-0.015255173975582615,0.0
13.5,196.54734914646502,-8.946433796947105,100.0,14.99999304080701,-0.014449074065006225,0.0
13.600000000000001,198.0773484480609,-8.947866499651717,100.0,14.999993785969687,-0.013653602849404674,0.0
13.700000000000001,199.60734782372936,-8.949218609301907,100.0,14.99999447988817,-0.01286869552065454,0.0
13.8,201.13734726831794,-8.950491199944299,100.0,14.999995124275623,-0.012094284084594042,0.0
13.9,202.66734677684715,-8.951685338534066,100.0,14.999995720811297,-0.011330297559781767,0.0
14.0,204.19734634450703,-8.952802084640156,100.0,14.999996271140116,-0.010576662168618522,0.0
14.100000000000001,205.7273459666536,-8.953842490169636,100.0,14.99999677687236,-0.009833301521060768,0.0
14.200000000000001,207.25734563880542,-8.954807599110389,100.0,14.999997239583426,-0.009100136791149606,0.0
14.3,208.78734535664003,-8.955698447291466,100.0,14.99999766081366,-0.00837708688657404,0.0
14.4,210.3173451159903,-8.956516062160382,100.0,14.999998042068281,-0.007664068611482642,0.0
14.5,211.84734491284092,-8.957261462576676,100.0,14.999998384817355,-0.006960996822752782,0.0
14.600000000000001,213.37734474332487,-8.957935658621082,100.0,14.999998690495824,-0.006267784579921979,0.0
14.700000000000001,214.90734460371976,-8.958539651419676,100.0,14.999998960503632,-0.005584343288980941,0.0
14.8,216.4373444904444,-8.959074432982382,100.0,14.99999919620585,-0.004910582840223438,0.0
14.9,217.96734440005508,-8.959540986055242,100.0,14.9999993989329,-0.004246411740343301,0.0
15.0,219.49734432924228,-8.95994028398586,100.0,14.999999569980782,-0.0035917372389643056,0.0
15.100000000000001,221.02734427482702,-8.960273290601494,100.0,14.999999710611375,-0.0029464654497841163,0.0
15.200000000000001,222.55734423375748,-8.960540960099205,100.0,14.999999822052764,-0.0023105014665090323,0.0
15.3,224.08734420310554,-8.960744236947601,100.0,14.99999990549959,-0.0016837494737517499,0.0
15.4,225.6173441800634,-8.960884055799616,100.0,14.999999962113446,-0.0010661128530599204,0.0
15.5,227.1473441619403,-8.96096134141587,100.0,14.9999999930233,-0.00045749428423906514,0.0
15.600000000000001,228.67734414615913,-8.960977008598134,100.0,14.999999999325933,0.00014220415787089612,0.0
15.700000000000001,230.20734413025318,-8.960931962132413,100.0,14.999999982086413,0.0007330809110105737,0.0
15.8,231.73734411186302,-8.960827096741273,100.0,14.999999942338578,0.0013152348373565396,0.0
15.9,233.26734408873327,-8.960663297044906,100.0,14.999999881085541,0.001888765139470545,0.0
16.0,234.7973440587095,-8.960441437530585,100.0,14.999999799300216,0.0024537712801997098,0.0
16.1,236.32734401973522,-8.960162382530092,100.0,14.999999697925842,0.003010352906388859,0.0
16.2,237.85734396984884,-8.959826986204721,100.0,14.999999577876542,0.003558609776270152,0.0
16.3,239.38734390718076,-8.959436092537521,100.0,14.999999440037866,0.00409864169039871,0.0
16.400000000000002,240.91734382995045,-8.958990535332395,100.0,14.999999285267357,0.00463054842600702,0.0
16.5,242.44734373646367,-8.958491138219726,100.0,14.999999114395132,0.005154429674654275,0.0
16.6,243.97734362510963,-8.957938714668199,100.0,14.999998928224434,0.005670384983050547,0.0
16.7,245.50734349435837,-8.9573340680025,100.0,14.99999872753223,0.006178513696939211,0.0
16.8,247.03734334275805,-8.95667799142659,100.0,14.999998513069782,0.006678914907924434,0.0
16.900000000000002,248.56734316893235,-8.95597126805224,100.0,14.999998285563228,0.00717168740313397,0.0
17.0,250.097342971578,-8.95521467093258,100.0,14.999998045714166,0.007656929617610808,0.0
17.1,251.6273427494622,-8.954408963100356,100.0,14.999997794200231,0.008134739589330338,0.0
17.2,253.15734250142035,-8.953554897610639,100.0,14.999997531675671,0.00860521491674316,0.0
17.3,254.6873422263535,-8.952653217587754,100.0,14.999997258771923,0.009068452718746322,0.0
17.400000000000002,256.2173419232263,-8.951704656276151,100.0,14.999996976098195,0.009524549596989259,0.0
17.5,257.7473415910644,-8.950709937095025,100.0,14.999996684242005,0.009973601600423222,0.0
17.6,259.2773412289527,-8.949669773696424,100.0,14.99999638376977,0.010415704192006202,0.0
17.7,260.80734083603295,-8.94858487002665,100.0,14.999996075227353,0.010850952217477977,0.0
17.8,262.3373404115016,-8.947455920390746,100.0,14.999995759140603,0.01127943987612265,0.0
17.900000000000002,263.8673399546081,-8.946283609519861,100.0,14.999995436015912,0.011701260693438919,0.0
18.0,265.39733946465265,-8.945068612641311,100.0,14.999995106340739,0.012116507495640595,0.0
18.1,266.92733894098444,-8.943811595551148,100.0,14.999994770584143,0.012525272385912714,0.0
18.2,268.45733838299975,-8.94251321468906,100.0,14.999994429197306,0.012927646722350932,0.0
18.3,269.9873377901402,-8.941174117215445,100.0,14.999994082614037,0.013323721097514242,0.0
18.400000000000002,271.51733716189085,-8.939794941090483,100.0,14.99999373125128,0.013713585319523608,0.0
18.5,273.04733649777876,-8.938376315155065,100.0,14.999993375509607,0.01409732839464109,0.0
18.6,274.57733579737106,-8.936918859213417,100.0,14.99999301577371,0.014475038511266485,0.0
18.7,276.1073350602735,-8.9354231841173,100.0,14.999992652412864,0.014846803025290648,0.0
18.8,277.637334286129,-8.933889891851615,100.0,14.999992285781408,0.015212708446746591,0.0
18.900000000000002,279.1673334746159,-8.93231957562133,100.0,14.999991916219189,0.015572840427701577,0.0
19.0,280.6973326254467,-8.930712819939556,100.0,14.999991544052026,0.01592728375133561,0.0
19.1,282.22733173836656,-8.9290702007167,100.0,14.999991169592139,0.016276122322153256,0.0
19.200000000000003,283.75733081315195,-8.927392285350543,100.0,14.999990793138577,0.01661943915727793,0.0
19.3,285.28732984960936,-8.925679632817163,100.0,14.999990414977646,0.0169573163787794,0.0
19.400000000000002,286.817328847574,-8.923932793762583,100.0,14.999990035383307,0.01728983520698712,0.0
19.5,288.3473278069084,-8.922152310595056,100.0,14.999989654617593,0.01761707595474366,0.0
19.6,289.87732672750155,-8.920338717577886,100.0,14.999989272930984,0.017939118022554202,0.0
19.700000000000003,291.4073256092674,-8.918492540922703,100.0,14.999988890562797,0.018256039894589612,0.0
19.8,292.93732445214397,-8.916614298883102,100.0,14.999988507741564,0.018567919135502202,0.0
19.900000000000002,294.46732325609213,-8.914704501848567,100.0,14.999988124685377,0.01887483238801474,0.0
20.0,295.9973220210946,-8.912763652438596,100.0,14.99998774160226,0.019176855371244944,0.0
20.1,297.5273207471549,-8.910792245596973,100.0,14.999987358690506,0.019474062879728738,0.0
20.200000000000003,299.05731943429646,-8.908790768686098,100.0,14.999986976139008,0.019766528783107227,0.0
20.3,300.58731808256164,-8.906759701581311,100.0,14.999986594127597,0.02005432602644361,0.0
20.400000000000002,302.1173166920107,-8.904699516765165,100.0,14.999986212827347,0.02033752663113744,0.0
20.5,303.6473152627212,-8.902610679421564,100.0,14.999985832400895,0.02061620169640499,0.0
20.6,305.1773137947867,-8.900493647529728,100.0,14.999985453002735,0.020890421401295614,0.0
20.700000000000003,306.7073122883165,-8.898348871957932,100.0,14.999985074779508,0.02116025500721521,0.0
20.8,308.2373107434343,-8.896176796556945,100.0,14.999984697870296,0.02142577086092902,0.0
20.900000000000002,309.767309160278,-8.893977858253159,100.0,14.999984322406881,0.02168703639801696,0.0
21.0,311.2973075389984,-8.891752487141327,100.0,14.999983948514036,0.02194411814675608,0.0
21.1,312.8273058797589,-8.889501106576898,100.0,14.999983576309761,0.022197081732405203,0.0
21.200000000000003,314.3573041827347,-8.887224133267885,100.0,14.999983205905547,0.022445991881868393,0.0
21.3,315.8873024481121,-8.884921977366245,100.0,14.99998283740662,0.02269091242871438,0.0
21.400000000000002,317.4173006760879,-8.882595042558721,100.0,14.999982470912176,0.022931906318530322,0.0
21.5,318.94729886686883,-8.880243726157135,100.0,14.999982106515617,0.02316903561458886,0.0
21.6,320.4772970206709,-8.87786841918807,100.0,14.99998174430476,0.023402361503808585,0.0
21.700000000000003,322.00729513771887,-8.875469506481952,100.0,14.999981384362066,0.02363194430298863,0.0
21.8,323.53729321824574,-8.87304736676146,100.0,14.99998102676484,0.023857843465299088,0.0
21.900000000000002,325.06729126249223,-8.870602372729278,100.0,14.999980671585446,0.02408011758700953,0.0
22.0,326.59728927070626,-8.86813489115514,100.0,14.99998031889149,0.024298824414438782,0.0
22.1,328.12728724314246,-8.86564528296216,100.0,14.999979968746013,0.02451402085110982,0.0
22.200000000000003,329.65728518006176,-8.863133903312418,100.0,14.999979621207684,0.02472576296509435,0.0
22.3,331.18728308173087,-8.860601101691797,100.0,14.999979276330954,0.024934105996532147,0.0
22.400000000000002,332.71728094842194,-8.85804722199403,100.0,14.999978934166265,0.025139104365311166,0.0
22.5,334.2472787804121,-8.855472602603966,100.0,14.999978594760176,0.025340811678894716,0.0
22.6,335.7772765779832,-8.852877576480033,100.0,14.999978258155553,0.025539280740282933,0.0
22.700000000000003,337.30727434142113,-8.850262471235872,100.0,14.999977924391708,0.02573456355609604,0.0
22.8,338.8372720710159,-8.847627609221153,100.0,14.99997759350456,0.025926711344767695,0.0
22.900000000000002,340.3672697670609,-8.844973307601537,100.0,14.999977265526768,0.026115774544837145,0.0
23.0,341.8972674298529,-8.842299878437796,100.0,14.999976940487883,0.02630180282332937,0.0
23.1,343.42726505969136,-8.839607628764078,100.0,14.999976618414472,0.02648484508421304,0.0
23.200000000000003,344.9572626568786,-8.836896860665293,100.0,14.999976299330255,0.02666494947692649,0.0
23.3,346.48726022171905,-8.834167871353635,100.0,14.999975983256231,0.02684216340496235,0.0
23.400000000000002,348.01725775451933,-8.83142095324423,100.0,14.999975670210794,0.02701653353450201,0.0
23.5,349.5472552555878,-8.828656394029887,100.0,14.999975360209858,0.027188105803091476,0.0
23.6,351.07725272523436,-8.825874476754974,100.0,14.99997505326696,0.027356925428350533,0.0
23.700000000000003,352.6072501637703,-8.8230754798884,100.0,14.999974749393376,0.02752303691670761,0.0
23.8,354.1372475715078,-8.820259677395708,100.0,14.999974448598227,0.02768648407215306,0.0
23.900000000000002,355.6672449487602,-8.817427338810266,100.0,14.999974150888576,0.02784731000500403,0.0
24.0,357.1972422958412,-8.814578729303578,100.0,14.999973856269525,0.02800555714067422,0.0
24.1,358.7272396130651,-8.811714109754687,100.0,14.999973564744309,0.028161267228442515,0.0
24.200000000000003,360.2572369007464,-8.80883373681869,100.0,14.99997327631439,0.028314481350214464,0.0
24.3,361.7872341591999,-8.805937862994359,100.0,14.999972990979542,0.028465239929271035,0.0
24.400000000000002,363.3172313887401,-8.803026736690871,100.0,14.999972708737936,0.02861358273899949,0.0
24.5,364.8472285896813,-8.800100602293648,100.0,14.999972429586208,0.02875954891160119,0.0
24.6,366.37722576233756,-8.797159700229313,100.0,14.999972153519563,0.02890317694677189,0.0
24.700000000000003,367.90722290702223,-8.794204267029755,100.0,14.999971880531827,0.029044504720349775,0.0
24.8,369.4372200240481,-8.791234535395322,100.0,14.999971610615523,0.029183569492927244,0.0
24.900000000000002,370.96721711372714,-8.78825073425713,100.0,14.999971343761944,0.02932040791842243,0.0
25.0,372.49721417637045,-8.785253088838507,100.0,14.999971079961218,0.02945505605260672,0.0
25.1,374.02721121228797,-8.78224182071557,100.0,14.999970819202375,0.029587549361584774,0.0
25.200000000000003,375.5572082217886,-8.779217147876924,100.0,14.9999705614734,0.029717922730223834,0.0
25.3,377.0872052051799,-8.776179284782533,100.0,14.999970306761295,0.02984621047052914,0.0
25.400000000000002,378.6172021627682,-8.773128442421704,100.0,14.999970055052144,0.029972446329962682,0.0
25.5,380.1471990948583,-8.770064828370264,100.0,14.999969806331151,0.030096663499702445,0.0
25.6,381.6771960017535,-8.76698864684686,100.0,14.999969560582707,0.030218894622839897,0.0
25.700000000000003,383.20719288375545,-8.763900098768454,100.0,14.999969317790432,0.030339171802513065,0.0
25.8,384.7371897411642,-8.760799381804981,100.0,14.999969077937221,0.030457526609973282,0.0
25.900000000000002,386.2671865742779,-8.757686690433186,100.0,14.999968841005298,0.0305739900925835,0.0
26.0,387.7971833833931,-8.754562215989653,100.0,14.999968606976251,0.030688592781746238,0.0
26.1,389.3271801688042,-8.751426146723025,100.0,14.999968375831083,0.030801364700759615,0.0
26.200000000000003,390.85717693080386,-8.748278667845435,100.0,14.999968147550241,0.030912335372599724,0.0
26.3,392.3871736696826,-8.745119961583132,100.0,14.999967922113667,0.03102153382762802,0.0
26.400000000000002,393.917170385729,-8.74195020722634,100.0,14.999967699500825,0.03112898861122234,0.0
26.5,395.4471670792294,-8.738769581178337,100.0,14.999967479690742,0.031234727791330394,0.0
26.6,396.97716375046815,-8.73557825700376,100.0,14.99996726266204,0.031338778965944614,0.0
26.700000000000003,398.5071603997273,-8.732376405476167,100.0,14.99996704839297,0.03144116927049741,0.0
26.8,400.03715702728675,-8.729164194624833,100.0,14.999966836861441,0.03154192538517597,0.0
26.900000000000002,401.56715363342414,-8.725941789780817,100.0,14.999966628045048,0.03164107354215586,0.0
27.0,403.09715021841475,-8.722709353622289,100.0,14.999966421921105,0.03173863953275264,0.0
27.1,404.62714678253167,-8.719467046219126,100.0,14.999966218466668,0.03183464871449112,0.0
27.200000000000003,406.1571433260455,-8.716215025076806,100.0,14.999966017658563,0.03192912601809149,0.0
27.3,407.68713984922465,-8.712953445179584,100.0,14.999965819473411,0.03202209595437224,0.0
27.400000000000002,409.217136352335,-8.709682459032967,100.0,14.999965623887652,0.03211358262106922,0.0
27.5,410.74713283564006,-8.706402216705499,100.0,14.999965430877554,0.03220360970957076,0.0
27.6,412.277129299401,-8.703112865869869,100.0,14.999965240419264,0.03229220051156871,0.0
27.700000000000003,413.8071257438765,-8.69981455184334,100.0,14.999965052488793,0.03237937792562504,0.0
27.8,415.3371221693228,-8.696507417627513,100.0,14.999964867062069,0.032465164463654266,0.0
27.900000000000002,416.8671185759938,-8.693191603947433,100.0,14.999964684114921,0.032549582257321366,0.0
28.0,418.39711496414077,-8.689867249290048,100.0,14.999964503623133,0.03263265306435559,0.0
28.1,419.9271113340126,-8.68653448994203,100.0,14.999964325562429,0.03271439827477996,0.0
28.200000000000003,421.4571076858557,-8.683193460026967,100.0,14.999964149908505,0.03279483891705688,0.0
28.3,422.98710401991406,-8.67984429154192,100.0,14.999963976637048,0.032873995664149884,0.0
28.400000000000002,424.5171003364291,-8.676487114393383,100.0,14.99996380572373,0.03295188883950192,0.0
28.5,426.0470966356399,-8.673122056432627,100.0,14.999963637144248,0.03302853842293038,0.0
28.6,427.5770929177829,-8.669749243490447,100.0,14.999963470874311,0.0331039640564393,0.0
28.700000000000003,429.1070891830923,-8.666368799411325,100.0,14.99996330688968,0.03317818504994901,0.0
28.8,430.63708543179956,-8.662980846087013,100.0,14.999963145166149,0.03325122038694377,0.0
28.900000000000002,432.16708166413395,-8.659585503489538,100.0,14.99996298567958,0.033323088730037746,0.0
29.0,433.6970778803221,-8.656182889703647,100.0,14.999962828405902,0.03339380842645994,0.0
29.1,435.2270740805883,-8.6527731209587,100.0,14.999962673321118,0.03346339751345832,0.0
29.200000000000003,436.7570702651543,-8.649356311660013,100.0,14.999962520401331,0.03353187372362416,0.0
29.3,438.2870664342396,-8.645932574419655,100.0,14.999962369622722,0.03359925449013656,0.0
29.400000000000002,439.8170625880611,-8.642502020086733,100.0,14.999962220961596,0.03366555695192834,0.0
29.5,441.3470587268334,-8.639064757777131,100.0,14.999962074394357,0.03373079795877345,0.0
29.6,442.8770548507686,-8.635620894902752,100.0,14.999961929897534,0.03379499407629683,0.0
29.700000000000003,444.4070509600766,-8.632170537200242,100.0,14.999961787447784,0.033858161590907244,0.0
29.8,445.9370470549648,-8.628713788759223,100.0,14.999961647021886,0.03392031651465374,0.0
29.900000000000002,447.4670431356382,-8.625250752050027,100.0,14.99996150859677,0.03398147459000662,0.0
30.0,448.9970392022996,-8.62178152795095,100.0,14.999961372149501,0.034041651294563324,0.0
30.1,450.5270352551494,-8.618306215775036,100.0,14.999961237657297,0.03410086184568026,0.0
30.200000000000003,452.0570312943857,-8.614824913296374,100.0,14.999961105097524,0.034159121205031076,0.0
30.3,453.58702732020424,-8.611337716775958,100.0,14.999960974447712,0.034216444083092296,0.0
30.400000000000002,455.11702333279857,-8.607844720987071,100.0,14.999960845685548,0.0342728449435569,0.0
30.5,456.64701933235995,-8.60434601924024,100.0,14.999960718788886,0.034328338007676824,0.0
30.6,458.1770153190774,-8.600841703407738,100.0,14.999960593735754,0.034382937258534946,0.0
30.700000000000003,459.7070112931376,-8.597331863947668,100.0,14.999960470504345,0.034436656445247536,0.0
30.8,461.23700725472526,-8.593816589927602,100.0,14.999960349073024,0.03448950908709776,0.0
30.900000000000002,462.76700320402267,-8.590295969047826,100.0,14.999960229420347,0.03454150847760125,0.0
31.0,464.2969991412101,-8.586770087664153,100.0,14.999960111525036,0.03459266768850431,0.0
31.1,465.82699506646554,-8.583239030810343,100.0,14.999959995366005,0.0346429995737158,0.0
31.200000000000003,467.3569909799649,-8.579702882220127,100.0,14.999959880922347,0.034692516773173275,0.0
31.3,468.886986881882,-8.576161724348825,100.0,14.99995976817334,0.034741231716644415,0.0
31.400000000000002,470.4169827723885,-8.572615638394602,100.0,14.999959657098453,0.03478915662746433,0.0
31.5,471.94697865165404,-8.569064704319326,100.0,14.999959547677344,0.03483630352620978,0.0
31.6,473.4769745198461,-8.565509000869064,100.0,14.99995943988985,0.0348826842343109,0.0
31.700000000000003,475.00697037713024,-8.561948605594212,100.0,14.999959333716014,0.034928310377601496,0.0
31.8,476.53696622366994,-8.558383594869271,100.0,14.999959229136062,0.03497319338980842,0.0
31.900000000000002,478.06696205962663,-8.554814043912254,100.0,14.999959126130413,0.03501734451598118,0.0
32.0,479.59695788515984,-8.551240026803763,100.0,14.999959024679677,0.03506077481586231,0.0
32.1,481.12695370042707,-8.54766161650572,100.0,14.999958924764663,0.03510349516719946,0.0
32.2,482.6569495055839,-8.544078884879761,100.0,14.999958826366365,0.035145516268999984,0.0
32.300000000000004,484.186945300784,-8.540491902705298,100.0,14.999958729465973,0.03518684864472881,0.0
32.4,485.7169410861791,-8.536900739697268,100.0,14.999958634044873,0.03522750264545042,0.0
32.5,487.24693686191904,-8.533305464523556,100.0,14.999958540084643,0.03526748845291573,0.0
32.6,488.7769326281519,-8.529706144822105,100.0,14.999958447567051,0.03530681608259465,0.0
32.7,490.30692838502375,-8.526102847217729,100.0,14.999958356474055,0.03534549538665511,0.0
32.800000000000004,491.8369241326789,-8.522495637338611,100.0,14.999958266787814,0.035383536056889396,0.0
32.9,493.36691987125994,-8.51888457983252,100.0,14.99995817849067,0.03542094762758852,0.0
33.0,494.8969156009075,-8.515269738382722,100.0,14.999958091565158,0.035457739478365356,0.0
33.1,496.4269113217606,-8.511651175723623,100.0,14.999958005994005,0.035493920836927456,0.0
33.2,497.95690703395644,-8.508028953656115,100.0,14.99995792176012,0.035529500781800165,0.0
33.300000000000004,499.48690273763043,-8.504403133062661,100.0,14.99995783884661,0.03556448824500087,0.0
33.4,501.0168984329164,-8.500773773922093,100.0,14.999957757236762,0.03559889201466515,0.0
33.5,502.54689411994633,-8.497140935324165,100.0,14.999957676914052,0.03563272073762543,0.0
33.6,504.0768897988507,-8.493504675483829,100.0,14.999957597862144,0.03566598292194316,0.0
33.7,505.6068854697582,-8.489865051755261,100.0,14.999957520064877,0.0356986869393949,0.0
33.800000000000004,507.13688113279596,-8.486222120645644,100.0,14.999957443506279,0.035730841027913386,0.0
33.9,508.66687678808944,-8.482575937828683,100.0,14.999957368170564,0.03576245329398401,0.0
34.0,510.1968724357625,-8.478926558157898,100.0,14.999957294042119,0.035793531714997585,0.0
34.1,511.72686807593743,-8.475274035679675,100.0,14.999957221105513,0.03582408414156011,0.0
34.2,513.2568637087351,-8.471618423646076,100.0,14.999957149345493,0.03585411829976011,0.0
34.300000000000004,514.7868593342745,-8.467959774527424,100.0,14.999957078746979,0.035883641793394344,0.0
34.4,516.3168549526733,-8.464298140024669,100.0,14.999957009295075,0.0359126621061526,0.0
34.5,517.8468505640478,-8.460633571081525,100.0,14.999956940975048,0.03594118660376206,0.0
34.6,519.3768461685127,-8.456966117896389,100.0,14.999956873772343,0.03596922253609221,0.0
34.7,520.906841766181,-8.453295829934062,100.0,14.999956807672573,0.03599677703922059,0.0
34.800000000000004,522.4368373571644,-8.44962275593724,100.0,14.999956742661524,0.036023857137460404,0.0
34.9,523.9668329415734,-8.445946943937816,100.0,14.999956678725146,0.03605046974535032,0.0
35.0,525.4968285195168,-8.442268441267979,100.0,14.999956615849557,0.03607662166960731,0.0
35.1,527.0268240911021,-8.438587294571107,100.0,14.999956554021038,0.03610231961104311,0.0
35.2,528.5568196564352,-8.434903549812475,100.0,14.999956493226033,0.03612757016644484,0.0
35.300000000000004,530.086815215621,-8.431217252289768,100.0,14.999956433451153,0.036152379830420495,0.0
35.4,531.6168107687625,-8.427528446643414,100.0,14.999956374683157,0.036176754997209806,0.0
35.5,533.1468063159621,-8.423837176866726,100.0,14.999956316908975,0.03620070196246131,0.0
35.6,534.6768018573202,-8.420143486315869,100.0,14.999956260115685,0.036224226924975844,0.0
35.7,536.2067973929363,-8.416447417719647,100.0,14.999956204290523,0.036247335988417395,0.0
35.800000000000004,537.7367929229084,-8.412749013189126,100.0,14.999956149420878,0.036270035162991654,0.0
35.9,539.2667884473334,-8.409048314227077,100.0,14.999956095494296,0.036292330367093034,0.0
36.0,540.7967839663067,-8.40534536173726,100.0,14.999956042498466,0.036314227428920445,0.0
36.1,542.3267794799227,-8.40164019603354,100.0,14.999955990421226,0.03633573208806266,0.0
36.2,543.8567749882744,-8.397932856848847,100.0,14.999955939250563,0.03635684999705367,0.0
36.300000000000004,545.3867704914536,-8.394223383343972,100.0,14.999955888974615,0.036377586722898606,0.0
36.4,546.916765989551,-8.390511814116218,100.0,14.99995583958165,0.036397947748570594,0.0
36.5,548.4467614826559,-8.386798187207896,100.0,14.999955791060096,0.03641793847447943,0.0
36.6,549.9767569708567,-8.383082540114666,100.0,14.999955743398502,0.036437564219912205,0.0
36.7,551.5067524542405,-8.379364909793745,100.0,14.999955696585573,0.03645683022444658,0.0
36.800000000000004,553.0367479328934,-8.375645332671963,100.0,14.999955650610142,0.036475741649337236,0.0
36.9,554.5667434069,-8.37192384465368,100.0,14.999955605461182,0.03649430357887587,0.0
37.0,556.096738876344,-8.368200481128566,100.0,14.999955561127793,0.03651252102172526,0.0
37.1,557.6267343413083,-8.364475276979258,100.0,14.999955517599222,0.036530398912228,0.0
37.2,559.1567298018741,-8.360748266588859,100.0,14.999955474864832,0.03654794211169014,0.0
37.300000000000004,560.6867252581221,-8.357019483848333,100.0,14.99995543291412,0.03656515540964047,0.0
37.4,562.2167207101315,-8.35328896216376,100.0,14.999955391736721,0.03658204352506558,0.0
37.5,563.7467161579808,-8.349556734463466,100.0,14.999955351322383,0.03659861110762148,0.0
37.6,565.2767116017471,-8.345822833205037,100.0,14.999955311660985,0.036614862738821946,0.0
37.7,566.8067070415069,-8.342087290382207,100.0,14.99995527274253,0.03663080293320423,0.0
37.800000000000004,568.3367024773353,-8.338350137531629,100.0,14.999955234557145,0.03664643613947241,0.0
37.9,569.8666979093066,-8.334611405739537,100.0,14.99995519709507,0.03666176674161883,0.0
38.0,571.3966933374941,-8.330871125648285,100.0,14.999955160346671,0.03667679906002417,0.0
38.1,572.9266887619699,-8.32712932746278,100.0,14.99995512430243,0.0366915373525364,0.0
38.2,574.4566841828056,-8.323386040956809,100.0,14.999955088952944,0.03670598581552903,0.0
38.300000000000004,575.9866796000714,-8.31964129547925,100.0,14.999955054288927,0.036720148584939154,0.0
38.400000000000006,577.5166750138368,-8.315895119960192,100.0,14.999955020301202,0.03673402973728559,0.0
38.5,579.0466704241702,-8.312147542916938,100.0,14.999954986980711,0.036747633290667506,0.0
38.6,580.5766658311393,-8.308398592459909,100.0,14.999954954318502,0.036760963205743964,0.0
38.7,582.1066612348108,-8.304648296298467,100.0,14.999954922305731,0.03677402338669459,0.0
38.800000000000004,583.6366566352503,-8.300896681746613,100.0,14.999954890933665,0.03678681768216198,0.0
38.900000000000006,585.166652032523,-8.297143775728612,100.0,14.999954860193677,0.03679934988617597,0.0
39.0,586.6966474266926,-8.293389604784513,100.0,14.999954830077247,0.03681162373906025,0.0
39.1,588.2266428178224,-8.289634195075584,100.0,14.99995480057595,0.03682364292832159,0.0
39.2,589.7566382059747,-8.28587757238965,100.0,14.999954771681475,0.03683541108952207,0.0
39.300000000000004,591.286633591211,-8.282119762146353,100.0,14.999954743385606,0.036846931807134636,0.0
39.400000000000006,592.8166289735918,-8.278360789402313,100.0,14.999954715680234,0.036858208615382276,0.0
39.5,594.346624353177,-8.274600678856219,100.0,14.999954688557336,0.03686924499906115,0.0
39.6,595.8766197300257,-8.270839454853817,100.0,14.999954662008996,0.036880044394348,0.0
39.7,597.4066151041959,-8.267077141392843,100.0,14.999954636027399,0.036890610189592186,0.0
39.800000000000004,598.9366104757452,-8.263313762127847,100.0,14.999954610604812,0.0369009457260925,0.0
39.900000000000006,600.46660584473,-8.259549340374964,100.0,14.999954585733603,0.036911054298859276,0.0
40.0,601.9966012112063,-8.255783899116588,100.0,14.999954561406236,0.0369209391573619,0.0
40.1,603.5265965752292,-8.252017461005988,100.0,14.999954537615261,0.03693060350626213,0.0
40.2,605.0565919368529,-8.24825004837183,100.0,14.999954514353323,0.03694005050613341,0.0
40.300000000000004,606.586587296131,-8.244481683222649,100.0,14.99995449161315,0.03694928327416655,0.0
40.400000000000006,608.1165826531164,-8.24071238725123,100.0,14.999954469387566,0.03695830488486198,0.0
40.5,609.6465780078612,-8.236942181838934,100.0,14.999954447669479,0.03696711837070887,0.0
40.6,611.1765733604168,-8.233171088059942,100.0,14.999954426451879,0.0369757267228513,0.0
40.7,612.7065687108338,-8.229399126685442,100.0,14.999954405727847,0.03698413289174198,0.0
40.800000000000004,614.2365640591623,-8.225626318187745,100.0,14.999954385490545,0.0369923397877834,0.0
40.900000000000006,615.7665594054516,-8.221852682744341,100.0,14.999954365733219,0.037000350281956994,0.0
41.0,617.2965547497503,-8.218078240241885,100.0,14.999954346449194,0.03700816720644035,0.0
41.1,618.8265500921062,-8.21430301028012,100.0,14.999954327631876,0.03701579335521286,0.0
41.2,620.3565454325667,-8.210527012175755,100.0,14.999954309274758,0.03702323148464986,0.0
41.300000000000004,621.8865407711784,-8.206750264966251,100.0,14.999954291371406,0.03703048431410569,0.0
41.400000000000006,623.4165361079871,-8.202972787413586,100.0,14.99995427391546,0.037037554526485716,0.0
41.5,624.9465314430382,-8.199194598007935,100.0,14.999954256900644,0.03704444476880771,0.0
41.6,626.4765267763765,-8.195415714971304,100.0,14.999954240320756,0.03705115765275263,0.0
41.7,628.0065221080459,-8.191636156261103,100.0,14.999954224169663,0.037057695755205185,0.0
41.800000000000004,629.5365174380898,-8.187855939573673,100.0,14.999954208441315,0.037064061618784234,0.0
41.900000000000006,631.0665127665511,-8.184075082347752,100.0,14.99995419312973,0.03707025775236336,0.0
42.0,632.5965080934719,-8.180293601767888,100.0,14.999954178228998,0.03707628663158168,0.0
42.1,634.126503418894,-8.176511514767807,100.0,14.999954163733285,0.03708215069934527,0.0
42.2,635.6564987428582,-8.172728838033725,100.0,14.999954149636821,0.03708785236631916,0.0
42.300000000000004,637.186494065405,-8.168945588007611,100.0,14.999954135933907,0.037093394011410395,0.0
42.400000000000006,638.7164893865743,-8.165161780890402,100.0,14.999954122618917,0.037098777982242,0.0
42.5,640.2464847064052,-8.16137743264517,100.0,14.99995410968629,0.03710400659561834,0.0
42.6,641.7764800249366,-8.157592559000241,100.0,14.999954097130527,0.037109082137981794,0.0
42.7,643.3064753422066,-8.15380717545227,100.0,14.999954084946205,0.03711400686586121,0.0
42.800000000000004,644.8364706582528,-8.150021297269271,100.0,14.999954073127961,0.037118783006311946,0.0
42.900000000000006,646.3664659731122,-8.146234939493596,100.0,14.999954061670499,0.03712341275734806,0.0
43.0,647.8964612868215,-8.142448116944879,100.0,14.999954050568578,0.037127898288366455,0.0
43.1,649.4264565994165,-8.138660844222933,100.0,14.999954039817034,0.03713224174056341,0.0
43.2,650.9564519109327,-8.134873135710608,100.0,14.999954029410754,0.03713644522734352,0.0
43.300000000000004,652.4864472214052,-8.131085005576596,100.0,14.999954019344692,0.037140510834721224,0.0
43.400000000000006,654.0164425308684,-8.127296467778214,100.0,14.999954009613859,0.03714444062171506,0.0
43.5,655.5464378393561,-8.123507536064135,100.0,14.999954000213334,0.037148236620734874,0.0
43.6,657.0764331469019,-8.11971822397708,100.0,14.999953991138245,0.037151900837962,0.0
43.7,658.6064284535386,-8.115928544856471,100.0,14.999953982383783,0.037155435253722675,0.0
43.800000000000004,660.1364237592987,-8.112138511841062,100.0,14.9999539739452,0.03715884182285477,0.0
43.900000000000006,661.6664190642143,-8.108348137871506,100.0,14.9999539658178,0.037162122475067935,0.0
44.0,663.1964143683168,-8.104557435692907,100.0,14.999953957996947,0.037165279115297434,0.0
44.1,664.7264096716373,-8.10076641785733,100.0,14.999953950478059,0.037168313624051624,0.0
44.2,666.2564049742061,-8.096975096726267,100.0,14.99995394325661,0.03717122785775332,0.0
44.300000000000004,667.7864002760537,-8.093183484473085,100.0,14.999953936328128,0.03717402364907516,0.0
44.400000000000006,669.3163955772094,-8.08939159308543,100.0,14.999953929688198,0.03717670280726906,0.0
44.5,670.8463908777026,-8.085599434367596,100.0,14.999953923332448,0.03717926711848989,0.0
44.6,672.376386177562,-8.081807019942866,100.0,14.999953917256573,0.03718171834611355,0.0
44.7,673.906381476816,-8.07801436125582,100.0,14.99995391145631,0.03718405823104943,0.0
44.800000000000004,675.4363767754925,-8.074221469574606,100.0,14.99995390592745,0.03718628849204751,0.0
44.900000000000006,676.9663720736188,-8.070428355993196,100.0,14.999953900665837,0.037188410826000134,0.0
45.0,678.496367371222,-8.066635031433586,100.0,14.99995389566736,0.03719042690823857,0.0
45.1,680.0263626683289,-8.062841506647992,100.0,14.99995389092796,0.03719233839282452,0.0
45.2,681.5563579649656,-8.059047792220994,100.0,14.999953886443631,0.037194146912836595,0.0
45.300000000000004,683.0863532611579,-8.055253898571673,100.0,14.999953882210411,0.0371958540806519,0.0
45.400000000000006,684.6163485569313,-8.0514598359557,100.0,14.999953878224389,0.03719746148822289,0.0
45.5,686.1463438523106,-8.047665614467409,100.0,14.999953874481692,0.03719897070734946,0.0
45.6,687.6763391473206,-8.043871244041835,100.0,14.999953870978507,0.037200383289946556,0.0
45.7,689.2063344419855,-8.040076734456735,100.0,14.999953867711058,0.037201700768307165,0.0
45.800000000000004,690.7363297363291,-8.036282095334569,100.0,14.999953864675621,0.03720292465536099,0.0
45.900000000000006,692.266325030375,-8.032487336144467,100.0,14.99995386186851,0.03720405644492877,0.0
46.0,693.7963203241462,-8.028692466204161,100.0,14.99995385928609,0.037205097611972375,0.0
46.1,695.3263156176655,-8.024897494681904,100.0,14.999953856924767,0.03720604961284081,0.0
46.2,696.8563109109551,-8.021102430598344,100.0,14.999953854780992,0.03720691388551211,0.0
46.300000000000004,698.3863062040372,-8.017307282828394,100.0,14.999953852851256,0.03720769184983128,0.0
46.400000000000006,699.9163014969333,-8.013512060103071,100.0,14.999953851132096,0.03720838490774437,0.0
46.5,701.4462967896649,-8.0097167710113,100.0,14.999953849620088,0.037208994443528695,0.0
46.6,702.9762920822527,-8.005921424001714,100.0,14.999953848311856,0.03720952182401937,0.0
46.7,704.5062873747175,-8.002126027384419,100.0,14.999953847204056,0.037209968398832144,0.0
46.800000000000004,706.0362826670796,-7.998330589332736,100.0,14.999953846293392,0.03721033550058272,0.0
46.900000000000006,707.5662779593588,-7.994535117884927,100.0,14.999953845576606,0.037210624445102466,0.0
47.0,709.0962732515748,-7.990739620945895,100.0,14.999953845050479,0.0372108365316508,0.0
47.1,710.6262685437467,-7.986944106288865,100.0,14.999953844711829,0.03721097304312408,0.0
47.2,712.1562638358937,-7.983148581557039,100.0,14.99995384455752,0.03721103524626136,0.0
47.300000000000004,713.6862591280344,-7.979353054265237,100.0,14.999953844584446,0.037211024391846724,0.0
47.400000000000006,715.216254420187,-7.975557531801512,100.0,14.999953844789546,0.0372109417149086,0.0
47.5,716.7462497123697,-7.971762021428749,100.0,14.999953845169793,0.03721078843491592,0.0
47.6,718.2762450046,-7.967966530286239,100.0,14.999953845722198,0.03721056575597119,0.0
47.7,719.8062402968955,-7.9641710653912385,100.0,14.999953846443805,0.03721027486700067,0.0
47.800000000000004,721.3362355892731,-7.96037563364051,100.0,14.999953847331705,0.037209916941941576,0.0
47.900000000000006,722.8662308817497,-7.956580241811836,100.0,14.99995384838301,0.0372094931399264,0.0
48.0,724.396226174342,-7.952784896565525,100.0,14.99995384959488,0.03720900460546453,0.0
48.1,725.9262214670661,-7.94898960444589,100.0,14.999953850964504,0.03720845246862096,0.0
48.2,727.4562167599378,-7.945194371882715,100.0,14.999953852489108,0.03720783784519243,0.0
48.300000000000004,728.986212052973,-7.9413992051927,100.0,14.999953854165954,0.03720716183688092,0.0
48.400000000000006,730.5162073461869,-7.937604110580891,100.0,14.999953855992329,0.03720642553146447,0.0
48.5,732.0462026395948,-7.9338090941420925,100.0,14.999953857965567,0.03720563000296556,0.0
48.6,733.5761979332113,-7.930014161862257,100.0,14.999953860083023,0.03720477631181692,0.0
48.7,735.1061932270512,-7.926219319619869,100.0,14.999953862342092,0.03720386550502497,0.0
48.800000000000004,736.6361885211287,-7.922424573187303,100.0,14.999953864740204,0.03720289861633084,0.0
48.900000000000006,738.1661838154579,-7.918629928232169,100.0,14.99995386727481,0.03720187666636901,0.0
49.0,739.6961791100525,-7.914835390318639,100.0,14.9999538699434,0.037200800662823726,0.0
49.1,741.2261744049263,-7.911040964908763,100.0,14.999953872743504,0.037199671600583135,0.0
49.2,742.7561697000923,-7.9072466573637685,100.0,14.999953875672663,0.03719849046189114,0.0
49.300000000000004,744.2861649955636,-7.903452472945334,100.0,14.999953878728467,0.037197258216497206,0.0
49.400000000000006,745.8161602913531,-7.899658416816866,100.0,14.999953881908526,0.03719597582180396,0.0
49.5,747.3461555874732,-7.895864494044742,100.0,14.999953885210484,0.03719464422301273,0.0
49.6,748.8761508839364,-7.8920707095995555,100.0,14.999953888632016,0.03719326435326706,0.0
49.7,750.4061461807546,-7.888277068357331,100.0,14.999953892170822,0.037191837133794155,0.0
49.800000000000004,751.9361414779397,-7.884483575100738,100.0,14.999953895824635,0.037190363474044454,0.0
49.900000000000006,753.4661367755034,-7.880690234520284,100.0,14.999953899591215,0.037188844271829204,0.0
50.0,754.996132073457,-7.876897051215491,100.0,14.999953903468352,0.03718728041345617,0.0
50.1,756.5261273718118,-7.873104029696068,100.0,14.999953907453863,0.037185672773863455,0.0
50.2,758.0561226705785,-7.869311174383059,100.0,14.999953911545589,0.03718402221675156,0.0
50.300000000000004,759.5861179697679,-7.865518489609983,100.0,14.999953915741406,0.03718232959471356,0.0
50.400000000000006,761.1161132693906,-7.861725979623962,100.0,14.99995392003921,0.037180595749363686,0.0
50.5,762.6461085694568,-7.857933648586837,100.0,14.999953924436937,0.03717882151146396,0.0
50.6,764.1761038699767,-7.85414150057626,100.0,14.999953928932529,0.03717700770104934,0.0
50.7,765.7060991709601,-7.85034953958679,100.0,14.999953933523972,0.03717515512755114,0.0
50.800000000000004,767.2360944724168,-7.846557769530965,100.0,14.999953938209268,0.037173264589918716,0.0
50.900000000000006,768.766089774356,-7.842766194240365,100.0,14.999953942986451,0.03717133687673978,0.0
51.0,770.2960850767872,-7.838974817466664,100.0,14.999953947853578,0.037169372766358906,0.0
51.1,771.8260803797194,-7.835183642882665,100.0,14.99995395280873,0.037167373026994646,0.0
51.2,773.3560756831615,-7.831392674083333,100.0,14.999953957850018,0.03716533841685509,0.0
51.300000000000004,774.8860709871223,-7.827601914586805,100.0,14.999953962975566,0.03716326968425191,0.0
51.400000000000006,776.41606629161,-7.823811367835394,100.0,14.999953968183537,0.03716116756771302,0.0
51.5,777.9460615966333,-7.820021037196586,100.0,14.999953973472106,0.03715903279609368,0.0
51.6,779.4760569022001,-7.816230925964016,100.0,14.999953978839482,0.037156866088686374,0.0
51.7,781.0060522083182,-7.812441037358438,100.0,14.999953984283893,0.037154668155329106,0.0
51.800000000000004,782.5360475149956,-7.8086513745286865,100.0,14.999953989803588,0.037152439696512454,0.0
51.900000000000006,784.0660428222399,-7.804861940552624,100.0,14.999953995396844,0.03715018140348529,0.0
52.0,785.5960381300583,-7.801072738438076,100.0,14.999954001061953,0.03714789395835913,0.0
52.1,787.1260334384583,-7.797283771123759,100.0,14.999954006797237,0.03714557803421125,0.0
52.2,788.6560287474468,-7.793495041480199,100.0,14.99995401260104,0.037143234295186504,0.0
52.300000000000004,790.1860240570309,-7.789706552310633,100.0,14.99995401847173,0.03714086339659791,0.0
52.400000000000006,791.7160193672171,-7.785918306351908,100.0,14.999954024407684,0.03713846598502599,0.0
52.5,793.2460146780121,-7.7821303062753655,100.0,14.999954030407315,0.03713604269841694,0.0
52.6,794.7760099894223,-7.778342554687717,100.0,14.999954036469056,0.037133594166179625,0.0
52.7,796.3060053014539,-7.774555054131912,100.0,14.999954042591352,0.03713112100928132,0.0
52.800000000000004,797.836000614113,-7.770767807087989,100.0,14.999954048772674,0.03712862384034244,0.0
52.900000000000006,799.3659959274056,-7.766980815973928,100.0,14.999954055011516,0.037126103263730045,0.0
53.0,800.8959912413376,-7.763194083146484,100.0,14.999954061306394,0.03712355987565029,0.0
53.1,802.4259865559144,-7.7594076109020165,100.0,14.999954067655835,0.03712099426423973,0.0
53.2,803.9559818711416,-7.755621401477307,100.0,14.999954074058396,0.03711840700965567,0.0
53.300000000000004,805.4859771870246,-7.751835457050367,100.0,14.999954080512648,0.03711579868416533,0.0
53.400000000000006,807.0159725035685,-7.748049779741241,100.0,14.999954087017182,0.037113169852234014,0.0
53.5,808.5459678207784,-7.744264371612796,100.0,14.999954093570617,0.03711052107061236,0.0
53.6,810.0759631386593,-7.740479234671504,100.0,14.999954100171573,0.03710785288842236,0.0
53.7,811.6059584572158,-7.736694370868217,100.0,14.99995410681871,0.03710516584724271,0.0
53.800000000000004,813.1359537764528,-7.73290978209893,100.0,14.99995411351069,0.03710246048119286,0.0
53.900000000000006,814.6659490963746,-7.729125470205539,100.0,14.999954120246203,0.03709973731701635,0.0
54.0,816.1959444169855,-7.72534143697659,100.0,14.999954127023953,0.03709699687416308,0.0
54.1,817.72593973829,-7.721557684148016,100.0,14.999954133842667,0.037094239664870694,0.0
54.2,819.255935060292,-7.717774213403872,100.0,14.999954140701082,0.03709146619424501,0.0
54.300000000000004,820.7859303829956,-7.7139910263770535,100.0,14.999954147597965,0.03708867696033966,0.0
54.400000000000006,822.3159257064046,-7.710208124650017,100.0,14.999954154532084,0.03708587245423468,0.0
54.5,823.8459210305228,-7.706425509755484,100.0,14.999954161502238,0.03708305316011436,0.0
54.6,825.3759163553539,-7.702643183177142,100.0,14.99995416850724,0.03708021955534419,0.0
54.7,826.9059116809011,-7.698861146350334,100.0,14.999954175545916,0.037077372110546944,0.0
54.800000000000004,828.435907007168,-7.6950794006627445,100.0,14.999954182617115,0.03707451128967793,0.0
54.900000000000006,829.9659023341578,-7.691297947455076,100.0,14.999954189719691,0.03707163755009946,0.0
55.0,831.4958976618736,-7.687516788021716,100.0,14.999954196852533,0.03706875134265446,0.0
55.1,833.0258929903185,-7.6837359236113985,100.0,14.999954204014527,0.037065853111739294,0.0
55.2,834.5558883194955,-7.679955355427858,100.0,14.999954211204589,0.037062943295375836,0.0
55.300000000000004,836.0858836494072,-7.676175084630479,100.0,14.999954218421642,0.037060022325282715,0.0
55.400000000000006,837.6158789800563,-7.672395112334929,100.0,14.999954225664633,0.03705709062694583,0.0
55.5,839.1458743114456,-7.668615439613795,100.0,14.999954232932517,0.03705414861968805,0.0
55.6,840.6758696435775,-7.66483606749721,100.0,14.999954240224264,0.0370511967167383,0.0
55.7,842.2058649764543,-7.661056996973467,100.0,14.999954247538868,0.037048235325299765,0.0
55.800000000000004,843.7358603100784,-7.6572782289896315,100.0,14.999954254875329,0.037045264846617444,0.0
55.900000000000006,845.2658556444518,-7.653499764452148,100.0,14.999954262232663,0.037042285676045006,0.0
56.0,846.7958509795767,-7.649721604227434,100.0,14.999954269609912,0.03703929820311091,0.0
56.1,848.3258463154551,-7.645943749142473,100.0,14.999954277006115,0.03703630281158378,0.0
56.2,849.8558416520889,-7.6421661999854,100.0,14.999954284420337,0.037033299879537254,0.0
56.300000000000004,851.3858369894798,-7.638388957506075,100.0,14.999954291851653,0.03703028977941397,0.0
56.400000000000006,852.9158323276296,-7.634612022416658,100.0,14.999954299299157,0.03702727287808899,0.0
56.5,854.4458276665398,-7.63083539539217,100.0,14.999954306761945,0.03702424953693253,0.0
56.6,855.9758230062121,-7.627059077071056,100.0,14.999954314239142,0.0370212201118721,0.0
56.7,857.5058183466477,-7.623283068055732,100.0,14.999954321729875,0.0370181849534539,0.0
56.800000000000004,859.0358136878481,-7.619507368913135,100.0,14.99995432923329,0.037015144406903656,0.0
56.900000000000006,860.5658090298144,-7.615731980175259,100.0,14.999954336748546,0.0370120988121868,0.0
57.0,862.095804372548,-7.611956902339691,100.0,14.999954344274812,0.03700904850406803,0.0
57.1,863.6257997160496,-7.608182135870138,100.0,14.999954351811274,0.03700599381217032,0.0
57.2,865.1557950603205,-7.604407681196946,100.0,14.999954359357126,0.03700293506103319,0.0
57.300000000000004,866.6857904053616,-7.60063353871762,100.0,14.999954366911581,0.03699987257017057,0.0
57.400000000000006,868.2157857511736,-7.5968597087973295,100.0,14.999954374473857,0.03699680665412785,0.0
57.5,869.7457810977573,-7.593086191769415,100.0,14.99995438204319,0.036993737622538596,0.0
57.6,871.2757764451135,-7.589312987935885,100.0,14.999954389618827,0.03699066578018047,0.0
57.7,872.8057717932427,-7.585540097567908,100.0,14.999954397200026,0.03698759142703074,0.0
57.800000000000004,874.3357671421454,-7.581767520906301,100.0,14.999954404786058,0.036984514858321126,0.0
57.900000000000006,875.8657624918222,-7.57799525816201,100.0,14.999954412376207,0.03698143636459217,0.0
58.0,877.3957578422734,-7.574223309516582,100.0,14.999954419969763,0.03697835623174697,0.0
58.1,878.9257531934992,-7.5704516751226425,100.0,14.999954427566031,0.036975274741104486,0.0
58.2,880.4557485455,-7.566680355104355,100.0,14.999954435164335,0.0369721921694522,0.0
58.300000000000004,881.9857438982759,-7.562909349557882,100.0,14.999954442763997,0.03696910878909832,0.0
58.400000000000006,883.5157392518271,-7.55913865855184,100.0,14.999954450364358,0.03696602486792344,0.0
58.5,885.0457346061535,-7.555368282127747,100.0,14.999954457964767,0.036962940669431656,0.0
58.6,886.5757299612551,-7.551598220300467,100.0,14.999954465564587,0.03695985645280123,0.0
58.7,888.1057253171318,-7.547828473058649,100.0,14.999954473163191,0.03695677247293468,0.0
58.800000000000004,889.6357206737836,-7.544059040365161,100.0,14.999954480759959,0.03695368898050841,0.0
58.900000000000006,891.1657160312101,-7.540289922157515,100.0,14.999954488354284,0.03695060622202184,0.0
59.0,892.695711389411,-7.536521118348297,100.0,14.999954495945572,0.03694752443984607,0.0
59.1,894.2257067483862,-7.5327526288255795,100.0,14.999954503533235,0.036944443872271984,0.0
59.2,895.7557021081351,-7.528984453453338,100.0,14.999954511116696,0.036941364753557956,0.0
59.300000000000004,897.2856974686573,-7.525216592071861,100.0,14.999954518695391,0.03693828731397707,0.0
59.400000000000006,898.8156928299522,-7.5214490444981505,100.0,14.999954526268764,0.0369352117798638,0.0
59.5,900.3456881920193,-7.517681810526324,100.0,14.999954533836265,0.03693213837366034,0.0
59.6,901.875683554858,-7.513914889928009,100.0,14.99995454139736,0.03692906731396238,0.0
59.7,903.4056789184676,-7.510148282452733,100.0,14.999954548951521,0.036925998815564465,0.0
59.800000000000004,904.9356742828473,-7.506381987828308,100.0,14.999954556498233,0.0369229330895049,0.0
59.900000000000006,906.4656696479965,-7.502616005761213,100.0,14.999954564036983,0.036919870343110235,0.0
60.0,907.9956650139142,-7.498850335936966,100.0,14.99995457156727,0.03691681078003926,0.0
60.1,909.5256603805994,-7.495084978020503,100.0,14.999954579088609,0.036913754600326615,0.0
60.2,911.0556557480514,-7.491319931656538,100.0,14.999954586600515,0.03691070200042594,0.0
60.300000000000004,912.5856511162692,-7.487555196469932,100.0,14.999954594102519,0.0369076531732526,0.0
60.400000000000006,914.1156464852517,-7.483790772066048,100.0,14.999954601594153,0.03690460830822597,0.0
60.5,915.6456418549977,-7.480026658031108,100.0,14.999954609074967,0.036901567591311385,0.0
60.6,917.1756372255063,-7.47626285393254,100.0,14.999954616544509,0.036898531205061535,0.0
60.7,918.7056325967761,-7.472499359319326,100.0,14.999954624002344,0.03689549932865759,0.0
60.800000000000004,920.235627968806,-7.468736173722346,100.0,14.999954631448041,0.03689247213794984,0.0
60.900000000000006,921.7656233415948,-7.46497329665471,100.0,14.999954638881182,0.03688944980549794,0.0
61.0,923.2956187151411,-7.461210727612098,100.0,14.999954646301347,0.03688643250061075,0.0
61.1,924.8256140894435,-7.457448466073084,100.0,14.999954653708137,0.03688342038938587,0.0
61.2,926.3556094645008,-7.453686511499465,100.0,14.99995466110115,0.03688041363474863,0.0
61.300000000000004,927.8856048403114,-7.449924863336582,100.0,14.999954668480001,0.036877412396490825,0.0
61.400000000000006,929.4156002168739,-7.446163521013635,100.0,14.999954675844302,0.03687441683130899,0.0
61.5,930.9455955941869,-7.442402483944002,100.0,14.999954683193684,0.03687142709284234,0.0
61.6,932.4755909722487,-7.438641751525544,100.0,14.999954690527778,0.03686844333171033,0.0
61.7,934.0055863510578,-7.434881323140912,100.0,14.999954697846224,0.03686546569554977,0.0
61.800000000000004,935.5355817306125,-7.431121198157853,100.0,14.999954705148673,0.03686249432905173,0.0
61.900000000000006,937.0655771109114,-7.427361375929504,100.0,14.99995471243478,0.036859529373997876,0.0
62.0,938.5955724919525,-7.423601855794688,100.0,14.999954719704203,0.0368565709692966,0.0
62.1,940.1255678737342,-7.419842637078209,100.0,14.999954726956613,0.036853619251018745,0.0
62.2,941.6555632562548,-7.416083719091133,100.0,14.999954734191693,0.03685067435243298,0.0
62.300000000000004,943.1855586395126,-7.412325101131078,100.0,14.999954741409118,0.036847736404040744,0.0
62.400000000000006,944.7155540235055,-7.408566782482491,100.0,14.999954748608584,0.03684480553361099,0.0
62.5,946.2455494082319,-7.404808762416926,100.0,14.999954755789783,0.03684188186621446,0.0
62.6,947.7755447936898,-7.401051040193319,100.0,14.999954762952424,0.03683896552425767,0.0
62.7,949.3055401798774,-7.3972936150582544,100.0,14.999954770096213,0.03683605662751654,0.0
62.800000000000004,950.8355355667927,-7.3935364862462345,100.0,14.999954777220868,0.036833155293169696,0.0
62.900000000000006,952.3655309544337,-7.389779652979942,100.0,14.999954784326114,0.036830261635831446,0.0
63.0,953.8955263427983,-7.3860231144705,100.0,14.999954791411676,0.036827375767584394,0.0
63.1,955.4255217318848,-7.3822668699177285,100.0,14.999954798477292,0.03682449779801178,0.0
63.2,956.955517121691,-7.378510918510396,100.0,14.999954805522703,0.03682162783422943,0.0
63.300000000000004,958.4855125122147,-7.374755259426473,100.0,14.999954812547658,0.03681876598091744,0.0
63.400000000000006,960.0155079034538,-7.3709998918333755,100.0,14.99995481955191,0.036815912340351524,0.0
63.5,961.5455032954063,-7.3672448148882115,100.0,14.999954826535214,0.036813067012434024,0.0
63.6,963.0754986880701,-7.363490027738019,100.0,14.999954833497345,0.036810230094724644,0.0
63.7,964.6054940814429,-7.3597355295200035,100.0,14.999954840438066,0.03680740168247082,0.0
63.800000000000004,966.1354894755226,-7.355981319361775,100.0,14.999954847357156,0.036804581868637866,0.0
63.900000000000006,967.665484870307,-7.352227396381577,100.0,14.999954854254401,0.036801770743938755,0.0
64.0,969.1954802657937,-7.348473759688516,100.0,14.99995486112958,0.03679896839686354,0.0
64.10000000000001,970.7254756619805,-7.344720408382783,100.0,14.999954867982494,0.036796174913708686,0.0
64.2,972.2554710588652,-7.340967341555881,100.0,14.999954874812937,0.03679339037860583,0.0
64.3,973.7854664564454,-7.337214558290842,100.0,14.99995488162072,0.036790614873550447,0.0
64.4,975.3154618547189,-7.333462057662444,100.0,14.999954888405641,0.03678784847843015,0.0
64.5,976.8454572536833,-7.32970983873742,100.0,14.999954895167525,0.03678509127105271,0.0
64.60000000000001,978.3754526533362,-7.325957900574679,100.0,14.999954901906184,0.036782343327173755,0.0
64.7,979.9054480536753,-7.322206242225501,100.0,14.999954908621445,0.0367796047205243,0.0
64.8,981.4354434546981,-7.318454862733756,100.0,14.999954915313138,0.03677687552283783,0.0
64.9,982.9654388564022,-7.314703761136091,100.0,14.999954921981097,0.03677415580387724,0.0
65.0,984.4954342587853,-7.310952936462144,100.0,14.999954928625158,0.03677144563146141,0.0
65.10000000000001,986.0254296618448,-7.307202387734732,100.0,14.999954935245169,0.036768745071491596,0.0
65.2,987.5554250655783,-7.303452113970047,100.0,14.999954941840974,0.036766054187977425,0.0
65.3,989.0854204699834,-7.299702114177851,100.0,14.999954948412428,0.03676337304306277,0.0
65.4,990.6154158750576,-7.295952387361661,100.0,14.99995495495939,0.03676070169705122,0.0
65.5,992.1454112807982,-7.292202932518936,100.0,14.999954961481718,0.03675804020843135,0.0
65.60000000000001,993.6754066872028,-7.288453748641265,100.0,14.999954967979283,0.036755388633901764,0.0
65.7,995.205402094269,-7.284704834714541,100.0,14.999954974451953,0.036752747028395795,0.0
65.8,996.735397501994,-7.280956189719145,100.0,14.999954980899602,0.036750115445105994,0.0
65.9,998.2653929103755,-7.277207812630123,100.0,14.999954987322111,0.03674749393550839,0.0
66.0,999.7953883194107,-7.273459702417357,100.0,14.999954993719363,0.036744882549386425,0.0
66.10000000000001,1001.3253837290971,-7.269711858045736,100.0,14.999955000091244,0.03674228133485469,0.0
66.2,1002.8553791394322,-7.2659642784753276,100.0,14.999955006437647,0.0367396903383824,0.0
66.3,1004.3853745504133,-7.262216962661544,100.0,14.999955012758468,0.036737109604816624,0.0
66.4,1005.9153699620379,-7.258469909555305,100.0,14.999955019053605,0.036734539177405275,0.0
66.5,1007.4453653743032,-7.2547231181031995,100.0,14.999955025322961,0.036731979097819834,0.0
66.60000000000001,1008.9753607872067,-7.250976587247649,100.0,14.999955031566444,0.03672942940617783,0.0
66.7,1010.5053562007457,-7.24723031592706,100.0,14.999955037783966,0.03672689014106516,0.0
66.8,1012.0353516149175,-7.243484303075982,100.0,14.999955043975438,0.03672436133955802,0.0
66.9,1013.5653470297195,-7.239738547625259,100.0,14.999955050140782,0.03672184303724478,0.0
67.0,1015.0953424451491,-7.235993048502182,100.0,14.999955056279918,0.036719335268247506,0.0
67.10000000000001,1016.6253378612034,-7.232247804630637,100.0,14.99995506239277,0.036716838065243264,0.0
67.2,1018.15533327788,-7.228502814931248,100.0,14.999955068479268,0.03671435145948526,0.0
67.3,1019.685328695176,-7.224758078321525,100.0,14.999955074539347,0.03671187548082369,0.0
67.4,1021.2153241130889,-7.221013593716005,100.0,14.999955080572938,0.036709410157726365,0.0
67.5,1022.7453195316158,-7.217269360026393,100.0,14.99995508657998,0.03670695551729916,0.0
67.60000000000001,1024.2753149507541,-7.213525376161695,100.0,14.999955092560421,0.03670451158530622,0.0
67.7,1025.805310370501,-7.2097816410283615,100.0,14.9999550985142,0.03670207838618992,0.0
67.8,1027.335305790854,-7.206038153530415,100.0,14.999955104441266,0.03669965594309065,0.0
67.9,1028.86530121181,-7.2022949125695845,100.0,14.99995511034158,0.0366972442778664,0.0
68.0,1030.3952966333666,-7.198551917045434,100.0,14.999955116215082,0.03669484341111199,0.0
68.10000000000001,1031.9252920555207,-7.194809165855494,100.0,14.999955122061742,0.036692453362178336,0.0
68.2,1033.4552874782698,-7.191066657895381,100.0,14.999955127881515,0.03669007414919128,0.0
68.3,1034.9852829016113,-7.187324392058927,100.0,14.999955133674366,0.03668770578907034,0.0
68.4,1036.515278325542,-7.183582367238299,100.0,14.99995513944026,0.03668534829754719,0.0
68.5,1038.0452737500598,-7.179840582324121,100.0,14.99995514517917,0.03668300168918397,0.0
68.60000000000001,1039.5752691751613,-7.17609903620559,100.0,14.999955150891067,0.03668066597739141,0.0
68.7,1041.1052646008443,-7.172357727770595,100.0,14.999955156575925,0.03667834117444671,0.0
68.8,1042.6352600271057,-7.168616655905828,100.0,14.999955162233723,0.03667602729151122,0.0
68.9,1044.1652554539428,-7.1648758194969036,100.0,14.99995516786444,0.03667372433864798,0.0
69.0,1045.6952508813529,-7.161135217428462,100.0,14.999955173468061,0.03667143232483904,0.0
69.10000000000001,1047.225246309333,-7.157394848584283,100.0,14.999955179044571,0.036669151258002526,0.0
69.2,1048.7552417378806,-7.153654711847395,100.0,14.999955184593956,0.03666688114500959,0.0
69.3,1050.2852371669928,-7.149914806100177,100.0,14.999955190116209,0.03666462199170117,0.0
69.4,1051.8152325966669,-7.146175130224465,100.0,14.999955195611324,0.03666237380290449,0.0
69.5,1053.3452280269,-7.142435683101656,100.0,14.999955201079294,0.03666013658244947,0.0
69.60000000000001,1054.8752234576896,-7.138696463612804,100.0,14.99995520652012,0.036657910333184864,0.0
69.7,1056.4052188890328,-7.1349574706387235,100.0,14.999955211933797,0.03665569505699425,0.0
69.8,1057.9352143209267,-7.131218703060089,100.0,14.999955217320332,0.036653490754811884,0.0
69.9,1059.4652097533688,-7.127480159757524,100.0,14.999955222679732,0.036651297426638293,0.0
70.0,1060.995205186356,-7.123741839611701,100.0,14.999955228011999,0.03664911507155573,0.0
70.10000000000001,1062.525200619886,-7.120003741503433,100.0,14.999955233317143,0.03664694368774347,0.0
70.2,1064.0551960539553,-7.116265864313766,100.0,14.999955238595179,0.036644783272492897,0.0
70.3,1065.5851914885618,-7.112528206924064,100.0,14.999955243846115,0.03664263382222243,0.0
70.4,1067.1151869237024,-7.108790768216104,100.0,14.999955249069972,0.036640495332492286,0.0
70.5,1068.6451823593745,-7.105053547072159,100.0,14.999955254266762,0.03663836779801906,0.0
70.60000000000001,1070.1751777955753,-7.101316542375082,100.0,14.999955259436511,0.03663625121269016,0.0
70.7,1071.705173232302,-7.097579753008394,100.0,14.999955264579237,0.036634145569578,0.0
70.8,1073.235168669552,-7.093843177856362,100.0,14.999955269694963,0.03663205086095418,0.0
70.9,1074.7651641073223,-7.090106815804085,100.0,14.999955274783717,0.036629967078303315,0.0
71.0,1076.2951595456104,-7.086370665737568,100.0,14.999955279845523,0.03662789421233682,0.0
71.10000000000001,1077.8251549844133,-7.0826347265438026,100.0,14.999955284880409,0.036625832253006536,0.0
71.2,1079.3551504237284,-7.078898997110845,100.0,14.999955289888414,0.03662378118951813,0.0
71.3,1080.885145863553,-7.075163476327892,100.0,14.999955294869562,0.036621741010344384,0.0
71.4,1082.4151413038842,-7.07142816308535,100.0,14.999955299823888,0.03661971170323831,0.0
71.5,1083.9451367447193,-7.067693056274913,100.0,14.999955304751433,0.03661769325524613,0.0
71.60000000000001,1085.4751321860558,-7.063958154789633,100.0,14.999955309652233,0.03661568565272008,0.0
71.7,1087.0051276278907,-7.060223457523989,100.0,14.999955314526323,0.03661368888133105,0.0
71.8,1088.5351230702215,-7.056488963373956,100.0,14.999955319373749,0.036611702926081124,0.0
71.9,1090.0651185130453,-7.052754671237071,100.0,14.999955324194554,0.03660972777131592,0.0
72.0,1091.5951139563595,-7.049020580012503,100.0,14.999955328988777,0.036607763400736806,0.0
72.10000000000001,1093.1251094001614,-7.045286688601118,100.0,14.999955333756466,0.03660580979741294,0.0
72.2,1094.6551048444483,-7.041552995905538,100.0,14.999955338497672,0.03660386694379324,0.0
72.3,1096.1851002892174,-7.037819500830207,100.0,14.999955343212436,0.036601934821718085,0.0
72.4,1097.715095734466,-7.034086202281455,100.0,14.999955347900812,0.03660001341243102,0.0
72.5,1099.2450911801916,-7.030353099167552,100.0,14.999955352562854,0.0365981026965902,0.0
72.60000000000001,1100.7750866263912,-7.0266201903987735,100.0,14.999955357198612,0.03659620265427974,0.0
72.7,1102.3050820730623,-7.022887474887453,100.0,14.999955361808135,0.03659431326502092,0.0
72.8,1103.8350775202023,-7.019154951548043,100.0,14.999955366391488,0.0365924345077833,0.0
72.9,1105.3650729678084,-7.01542261929717,100.0,14.99995537094872,0.03659056636099562,0.0
73.0,1106.895068415878,-7.011690477053686,100.0,14.999955375479894,0.036588708802556595,0.0
73.10000000000001,1108.4250638644087,-7.0079585237387265,100.0,14.999955379985066,0.03658686180984562,0.0
73.2,1109.9550593133974,-7.004226758275759,100.0,14.999955384464297,0.036585025359733264,0.0
73.3,1111.4850547628416,-7.0004951795906365,100.0,14.999955388917648,0.036583199428591714,0.0
73.4,1113.0150502127387,-6.996763786611648,100.0,14.99995539334518,0.036581383992305004,0.0
73.5,1114.5450456630863,-6.993032578269568,100.0,14.999955397746962,0.03657957902627922,0.0
73.60000000000001,1116.0750411138813,-6.9893015534977,100.0,14.999955402123057,0.03657778450545248,0.0
73.7,1117.6050365651215,-6.985570711231932,100.0,14.999955406473529,0.03657600040430482,0.0
73.8,1119.1350320168042,-6.981840050410776,100.0,14.999955410798446,0.03657422669686799,0.0
73.9,1120.6650274689266,-6.978109569975415,100.0,14.999955415097872,0.036572463356735065,0.0
74.0,1122.1950229214863,-6.97437926886975,100.0,14.999955419371885,0.03657071035707003,0.0
74.10000000000001,1123.7250183744807,-6.97064914604044,100.0,14.999955423620548,0.036568967670617125,0.0
74.2,1125.255013827907,-6.966919200436944,100.0,14.999955427843934,0.03656723526971014,0.0
74.3,1126.785009281763,-6.963189431011567,100.0,14.999955432042118,0.03656551312628157,0.0
74.4,1128.3150047360457,-6.959459836719493,100.0,14.999955436215167,0.03656380121187169,0.0
74.5,1129.845000190753,-6.955730416518832,100.0,14.999955440363157,0.036562099497637446,0.0
74.60000000000001,1131.3749956458819,-6.952001169370655,100.0,14.999955444486169,0.03656040795436131,0.0
74.7,1132.9049911014301,-6.948272094239032,100.0,14.999955448584268,0.03655872655245993,0.0
74.8,1134.4349865573952,-6.944543190091068,100.0,14.999955452657536,0.03655705526199276,0.0
74.9,1135.9649820137743,-6.94081445589694,100.0,14.99995545670605,0.03655539405267051,0.0
75.0,1137.4949774705651,-6.937085890629935,100.0,14.999955460729891,0.03655374289386352,0.0
75.10000000000001,1139.0249729277652,-6.933357493266478,100.0,14.999955464729132,0.03655210175460999,0.0
75.2,1140.554968385372,-6.929629262786172,100.0,14.999955468703854,0.036550470603624166,0.0
75.3,1142.0849638433829,-6.925901198171824,100.0,14.999955472654138,0.03654884940930435,0.0
75.4,1143.6149593017954,-6.922173298409485,100.0,14.999955476580068,0.03654723813974085,0.0
75.5,1145.144954760607,-6.918445562488472,100.0,14.99995548048172,0.03654563676272375,0.0
75.60000000000001,1146.6749502198156,-6.914717989401405,100.0,14.99995548435918,0.036544045245750716,0.0
75.7,1148.2049456794184,-6.910990578144233,100.0,14.999955488212532,0.036542463556034556,0.0
75.8,1149.734941139413,-6.907263327716265,100.0,14.999955492041856,0.03654089166051075,0.0
75.9,1151.2649365997968,-6.903536237120196,100.0,14.999955495847239,0.03653932952584486,0.0
76.0,1152.7949320605676,-6.899809305362134,100.0,14.999955499628765,0.03653777711843987,0.0
76.10000000000001,1154.3249275217229,-6.896082531451628,100.0,14.99995550338652,0.03653623440444337,0.0
76.2,1155.8549229832604,-6.892355914401693,100.0,14.999955507120589,0.03653470134975468,0.0
76.3,1157.3849184451774,-6.888629453228835,100.0,14.999955510831057,0.0365331779200319,0.0
76.4,1158.9149139074718,-6.884903146953073,100.0,14.99995551451802,0.0365316640806988,0.0
76.5,1160.444909370141,-6.881176994597968,100.0,14.999955518181553,0.03653015979695165,0.0
76.60000000000001,1161.9749048331826,-6.877450995190641,100.0,14.999955521821752,0.03652866503376598,0.0
76.7,1163.5049002965943,-6.873725147761794,100.0,14.999955525438702,0.036527179755903194,0.0
76.80000000000001,1165.0348957603737,-6.869999451345739,100.0,14.999955529032496,0.03652570392791716,0.0
76.9,1166.5648912245185,-6.866273904980411,100.0,14.99995553260322,0.03652423751416063,0.0
77.0,1168.0948866890265,-6.862548507707392,100.0,14.99995553615097,0.03652278047879162,0.0
77.10000000000001,1169.624882153895,-6.858823258571928,100.0,14.999955539675828,0.03652133278577968,0.0
77.2,1171.154877619122,-6.855098156622954,100.0,14.999955543177888,0.03651989439891213,0.0
77.30000000000001,1172.684873084705,-6.851373200913102,100.0,14.999955546657246,0.03651846528180011,0.0
77.4,1174.2148685506418,-6.847648390498729,100.0,14.999955550113986,0.036517045397884605,0.0
77.5,1175.74486401693,-6.843923724439928,100.0,14.999955553548208,0.03651563471044242,0.0
77.60000000000001,1177.2748594835673,-6.840199201800546,100.0,14.999955556959998,0.03651423318259196,0.0
77.7,1178.8048549505515,-6.836474821648201,100.0,14.999955560349449,0.03651284077729906,0.0
77.80000000000001,1180.3348504178803,-6.8327505830542945,100.0,14.999955563716657,0.036511457457382636,0.0
77.9,1181.8648458855514,-6.829026485094029,100.0,14.999955567061717,0.03651008318552025,0.0
78.0,1183.3948413535625,-6.82530252684642,100.0,14.999955570384717,0.036508717924253684,0.0
78.10000000000001,1184.9248368219114,-6.821578707394312,100.0,14.999955573685757,0.03650736163599435,0.0
78.2,1186.454832290596,-6.817855025824389,100.0,14.999955576964926,0.036506014283028645,0.0
78.30000000000001,1187.9848277596138,-6.814131481227188,100.0,14.99995558022232,0.03650467582752324,0.0
78.4,1189.514823228963,-6.810408072697112,100.0,14.999955583458036,0.036503346231530266,0.0
78.5,1191.044818698641,-6.80668479933244,100.0,14.999955586672165,0.03650202545699245,0.0
78.60000000000001,1192.5748141686456,-6.802961660235338,100.0,14.999955589864808,0.03650071346574819,0.0
78.7,1194.104809638975,-6.79923865451187,100.0,14.999955593036056,0.03649941021953645,0.0
78.80000000000001,1195.6348051096265,-6.795515781272008,100.0,14.999955596186004,0.03649811568000174,0.0
78.9,1197.1648005805985,-6.791793039629639,100.0,14.99995559931475,0.03649682980869892,0.0
79.0,1198.6947960518885,-6.788070428702579,100.0,14.99995560242239,0.03649555256709792,0.0
79.10000000000001,1200.2247915234943,-6.7843479476125745,100.0,14.999955605509019,0.03649428391658846,0.0
79.2,1201.754786995414,-6.7806255954853185,100.0,14.999955608574732,0.03649302381848463,0.0
79.30000000000001,1203.284782467645,-6.776903371450452,100.0,14.99995561161963,0.03649177223402945,0.0
79.4,1204.8147779401859,-6.773181274641571,100.0,14.999955614643806,0.03649052912439934,0.0
79.5,1206.344773413034,-6.7694593041962365,100.0,14.999955617647357,0.0364892944507085,0.0
79.60000000000001,1207.8747688861874,-6.765737459255979,100.0,14.99995562063038,0.036488068174013254,0.0
79.7,1209.404764359644,-6.762015738966303,100.0,14.999955623592973,0.036486850255316325,0.0
79.80000000000001,1210.9347598334018,-6.758294142476696,100.0,14.99995562653523,0.036485640655571035,0.0
79.9,1212.4647553074587,-6.754572668940627,100.0,14.999955629457254,0.03648443933568542,0.0
80.0,1213.9947507818126,-6.750851317515558,100.0,14.999955632359136,0.03648324625652629,0.0
80.10000000000001,1215.5247462564614,-6.747130087362941,100.0,14.999955635240978,0.03648206137892329,0.0
80.2,1217.0547417314033,-6.7434089776482296,100.0,14.999955638102872,0.03648088466367276,0.0
80.30000000000001,1218.584737206636,-6.739687987540874,100.0,14.99995564094492,0.03647971607154169,0.0
80.4,1220.1147326821574,-6.735967116214329,100.0,14.999955643767219,0.036478555563271474,0.0
80.5,1221.6447281579658,-6.732246362846056,100.0,14.999955646569862,0.036477403099581675,0.0
80.60000000000001,1223.174723634059,-6.728525726617522,100.0,14.999955649352952,0.03647625864117376,0.0
80.7,1224.7047191104352,-6.724805206714205,100.0,14.999955652116583,0.036475122148734676,0.0
80.80000000000001,1226.2347145870922,-6.721084802325592,100.0,14.999955654860853,0.03647399358294048,0.0
80.9,1227.7647100640281,-6.717364512645183,100.0,14.999955657585861,0.036472872904459795,0.0
81.0,1229.294705541241,-6.71364433687049,100.0,14.999955660291704,0.03647176007395732,0.0
81.10000000000001,1230.824701018729,-6.709924274203036,100.0,14.999955662978476,0.03647065505209718,0.0
81.2,1232.35469649649,-6.7062043238483575,100.0,14.99995566564628,0.03646955779954632,0.0
81.30000000000001,1233.8846919745222,-6.702484485016003,100.0,14.999955668295208,0.036468468276977736,0.0
81.4,1235.4146874528235,-6.698764756919529,100.0,14.99995567092536,0.036467386445073774,0.0
81.5,1236.9446829313922,-6.695045138776507,100.0,14.999955673536833,0.03646631226452923,0.0
81.60000000000001,1238.4746784102263,-6.691325629808512,100.0,14.999955676129723,0.036465245696054534,0.0
81.7,1240.0046738893238,-6.687606229241128,100.0,14.99995567870413,0.036464186700378785,0.0
81.80000000000001,1241.5346693686831,-6.683886936303944,100.0,14.999955681260149,0.03646313523825279,0.0
81.9,1243.0646648483023,-6.68016775023055,100.0,14.999955683797875,0.03646209127045199,0.0
82.0,1244.5946603281793,-6.6764486702585355,100.0,14.999955686317408,0.03646105475777942,0.0
82.10000000000001,1246.1246558083124,-6.672729695629488,100.0,14.999955688818844,0.03646002566106854,0.0
82.2,1247.6546512886996,-6.669010825588987,100.0,14.99995569130228,0.036459003941186056,0.0
82.30000000000001,1249.1846467693392,-6.665292059386602,100.0,14.99995569376781,0.03645798955903467,0.0
82.4,1250.7146422502294,-6.66157339627589,100.0,14.999955696215531,0.03645698247555581,0.0
82.5,1252.2446377313684,-6.657854835514389,100.0,14.999955698645543,0.03645598265173227,0.0
82.60000000000001,1253.7746332127542,-6.6541363763636125,100.0,14.999955701057937,0.03645499004859086,0.0
82.7,1255.3046286943854,-6.65041801808905,100.0,14.999955703452814,0.03645400462720493,0.0
82.80000000000001,1256.83462417626,-6.646699759960159,100.0,14.999955705830269,0.036453026348696946,0.0
82.9,1258.3646196583761,-6.642981601250356,100.0,14.999955708190395,0.0364520551742409,0.0
83.0,1259.894615140732,-6.639263541237019,100.0,14.999955710533287,0.03645109106506478,0.0
83.10000000000001,1261.424610623326,-6.635545579201478,100.0,14.999955712859045,0.03645013398245294,0.0
83.2,1262.9546061061565,-6.631827714429007,100.0,14.99995571516776,0.03644918388774846,0.0
83.30000000000001,1264.4846015892215,-6.62810994620882,100.0,14.999955717459528,0.036448240742355406,0.0
83.4,1266.0145970725193,-6.624392273834066,100.0,14.999955719734444,0.03644730450774111,0.0
83.5,1267.5445925560484,-6.62067469660182,100.0,14.999955721992608,0.03644637514543837,0.0
83.60000000000001,1269.074588039807,-6.616957213813078,100.0,14.999955724234106,0.03644545261704759,0.0
83.7,1270.6045835237933,-6.613239824772748,100.0,14.999955726459039,0.03644453688423896,0.0
83.80000000000001,1272.1345790080056,-6.609522528789646,100.0,14.999955728667494,0.036443627908754474,0.0
83.9,1273.6645744924424,-6.605805325176485,100.0,14.999955730859575,0.036442725652410045,0.0
84.0,1275.194569977102,-6.602088213249869,100.0,14.999955733035371,0.03644183007709743,0.0
84.10000000000001,1276.7245654619828,-6.598371192330285,100.0,14.999955735194971,0.03644094114478621,0.0
84.2,1278.254560947083,-6.594654261742097,100.0,14.999955737338475,0.036440058817525774,0.0
84.30000000000001,1279.7845564324011,-6.590937420813533,100.0,14.999955739465971,0.03643918305744711,0.0
84.4,1281.3145519179352,-6.5872206688766815,100.0,14.999955741577555,0.03643831382676472,0.0
84.5,1282.844547403684,-6.583504005267479,100.0,14.99995574367332,0.03643745108777839,0.0
84.60000000000001,1284.3745428896457,-6.579787429325706,100.0,14.999955745753358,0.03643659480287497,0.0
84.7,1285.9045383758187,-6.576070940394971,100.0,14.99995574781776,0.03643574493453009,0.0
84.80000000000001,1287.4345338622015,-6.572354537822709,100.0,14.99995574986662,0.03643490144530989,0.0
84.9,1288.9645293487924,-6.568638220960166,100.0,14.999955751900027,0.03643406429787263,0.0
85.0,1290.49452483559,-6.564921989162393,100.0,14.999955753918076,0.03643323345497037,0.0
85.10000000000001,1292.0245203225927,-6.561205841788237,100.0,14.999955755920855,0.036432408879450505,0.0
85.2,1293.5545158097989,-6.557489778200326,100.0,14.999955757908458,0.03643159053425737,0.0
85.30000000000001,1295.084511297207,-6.553773797765066,100.0,14.999955759880976,0.0364307783824337,0.0
85.4,1296.6145067848156,-6.550057899852627,100.0,14.999955761838496,0.03642997238712216,0.0
85.5,1298.1445022726232,-6.546342083836932,100.0,14.99995576378111,0.036429172511566785,0.0
85.60000000000001,1299.6744977606281,-6.542626349095649,100.0,14.99995576570891,0.03642837871911441,0.0
85.7,1301.2044932488288,-6.538910695010178,100.0,14.99995576762198,0.03642759097321602,0.0
85.80000000000001,1302.734488737224,-6.535195120965643,100.0,14.999955769520415,0.03642680923742814,0.0
85.9,1304.2644842258119,-6.531479626350879,100.0,14.999955771404304,0.036426033475414156,0.0
86.0,1305.7944797145913,-6.527764210558423,100.0,14.999955773273731,0.036425263650945575,0.0
86.10000000000001,1307.3244752035607,-6.524048872984499,100.0,14.999955775128791,0.03642449972790334,0.0
86.2,1308.8544706927187,-6.520333613029014,100.0,14.99995577696957,0.036423741670279,0.0
86.30000000000001,1310.3844661820635,-6.516618430095537,100.0,14.999955778796153,0.036422989442175945,0.0
86.4,1311.914461671594,-6.5129033235912965,100.0,14.99995578060863,0.03642224300781058,0.0
86.5,1313.4444571613085,-6.509188292927163,100.0,14.99995578240709,0.03642150233151344,0.0
86.60000000000001,1314.9744526512059,-6.505473337517642,100.0,14.999955784191618,0.03642076737773035,0.0
86.7,1316.5044481412845,-6.501758456780855,100.0,14.999955785962303,0.03642003811102342,0.0
86.80000000000001,1318.0344436315431,-6.498043650138536,100.0,14.99995578771923,0.03641931449607222,0.0
86.9,1319.5644391219803,-6.4943289170160154,100.0,14.999955789462486,0.03641859649767471,0.0
87.0,1321.0944346125946,-6.490614256842207,100.0,14.999955791192157,0.03641788408074829,0.0
87.10000000000001,1322.6244301033844,-6.486899669049596,100.0,14.999955792908326,0.03641717721033075,0.0
87.2,1324.1544255943486,-6.48318515307423,100.0,14.999955794611083,0.03641647585158125,0.0
87.30000000000001,1325.6844210854858,-6.479470708355702,100.0,14.999955796300506,0.03641577996978118,0.0
87.4,1327.2144165767947,-6.475756334337142,100.0,14.99995579797669,0.03641508953033515,0.0
87.5,1328.744412068274,-6.472042030465199,100.0,14.99995579963971,0.03641440449877176,0.0
87.60000000000001,1330.274407559922,-6.468327796190036,100.0,14.999955801289657,0.03641372484074451,0.0
87.7,1331.8044030517378,-6.464613630965309,100.0,14.99995580292661,0.036413050522032586,0.0
87.80000000000001,1333.33439854372,-6.460899534248162,100.0,14.999955804550655,0.03641238150854168,0.0
87.9,1334.864394035867,-6.457185505499205,100.0,14.999955806161873,0.03641171776630474,0.0
88.0,1336.3943895281777,-6.453471544182512,100.0,14.99995580776035,0.036411059261482734,0.0
88.10000000000001,1337.9243850206508,-6.449757649765598,100.0,14.999955809346167,0.036410405960365363,0.0
88.2,1339.454380513285,-6.44604382171941,100.0,14.999955810919404,0.03640975782937176,0.0
88.30000000000001,1340.9843760060792,-6.442330059518316,100.0,14.999955812480147,0.03640911483505119,0.0
88.4,1342.5143714990318,-6.438616362640086,100.0,14.999955814028473,0.03640847694408366,0.0
88.5,1344.0443669921417,-6.434902730565884,100.0,14.999955815564467,0.03640784412328061,0.0
88.60000000000001,1345.5743624854076,-6.431189162780254,100.0,14.999955817088209,0.036407216339585484,0.0
88.7,1347.1043579788284,-6.427475658771101,100.0,14.999955818599778,0.036406593560074335,0.0
88.80000000000001,1348.6343534724026,-6.423762218029685,100.0,14.999955820099254,0.036405975751956386,0.0
88.9,1350.1643489661292,-6.420048840050601,100.0,14.99995582158672,0.03640536288257458,0.0
89.0,1351.694344460007,-6.41633552433177,100.0,14.999955823062253,0.036404754919406125,0.0
89.10000000000001,1353.2243399540346,-6.412622270374424,100.0,14.999955824525935,0.03640415183006297,0.0
89.2,1354.754335448211,-6.40890907768309,100.0,14.999955825977842,0.03640355358229232,0.0
89.30000000000001,1356.2843309425348,-6.405195945765577,100.0,14.999955827418052,0.036402960143977064,0.0
89.4,1357.8143264370049,-6.401482874132966,100.0,14.999955828846643,0.036402371483136284,0.0
89.5,1359.3443219316202,-6.39776986229959,100.0,14.999955830263698,0.03640178756792565,0.0
89.60000000000001,1360.8743174263795,-6.394056909783027,100.0,14.999955831669288,0.0364012083666378,0.0
89.7,1362.4043129212816,-6.390344016104077,100.0,14.999955833063492,0.036400633847702785,0.0
89.80000000000001,1363.9343084163254,-6.3866311807867575,100.0,14.99995583444639,0.03640006397968842,0.0
89.9,1365.4643039115094,-6.382918403358283,100.0,14.999955835818055,0.03639949873130062,0.0
90.0,1366.9942994068329,-6.379205683349052,100.0,14.999955837178565,0.03639893807138376,0.0
90.10000000000001,1368.5242949022945,-6.375493020292636,100.0,14.999955838527994,0.036398381968921,0.0
90.2,1370.0542903978933,-6.371780413725761,100.0,14.999955839866418,0.03639783039303457,0.0
90.30000000000001,1371.584285893628,-6.3680678631882985,100.0,14.999955841193914,0.03639728331298606,0.0
90.4,1373.1142813894976,-6.364355368223244,100.0,14.999955842510555,0.03639674069817671,0.0
90.5,1374.6442768855009,-6.360642928376709,100.0,14.999955843816418,0.036396202518147604,0.0
90.60000000000001,1376.1742723816367,-6.3569305431979055,100.0,14.99995584511157,0.03639566874257998,0.0
90.7,1377.7042678779042,-6.353218212239129,100.0,14.999955846396093,0.03639513934129543,0.0
90.80000000000001,1379.2342633743021,-6.349505935055748,100.0,14.999955847670055,0.03639461428425604,0.0
90.9,1380.7642588708295,-6.345793711206186,100.0,14.999955848933531,0.03639409354156468,0.0
91.0,1382.2942543674853,-6.342081540251909,100.0,14.999955850186595,0.0363935770834651,0.0
91.10000000000001,1383.8242498642683,-6.338369421757412,100.0,14.999955851429316,0.03639306488034213,0.0
91.2,1385.3542453611774,-6.334657355290202,100.0,14.99995585266177,0.03639255690272182,0.0
91.30000000000001,1386.8842408582118,-6.330945340420786,100.0,14.999955853884025,0.03639205312127155,0.0
91.4,1388.4142363553703,-6.3272333767226545,100.0,14.999955855096152,0.03639155350680016,0.0
91.5,1389.9442318526521,-6.323521463772271,100.0,14.999955856298225,0.03639105803025805,0.0
91.60000000000001,1391.474227350056,-6.3198096011490525,100.0,14.999955857490315,0.036390566662737274,0.0
91.7,1393.0042228475809,-6.316097788435358,100.0,14.999955858672484,0.03639007937547159,0.0
91.80000000000001,1394.5342183452258,-6.3123860252164725,100.0,14.999955859844814,0.03638959613983658,0.0
91.9,1396.0642138429898,-6.308674311080595,100.0,14.999955861007365,0.03638911692734962,0.0
92.0,1397.5942093408719,-6.304962645618821,100.0,14.999955862160212,0.03638864170966996,0.0
92.10000000000001,1399.124204838871,-6.30125102842513,100.0,14.99995586330342,0.03638817045859874,0.0
92.2,1400.6542003369864,-6.297539459096371,100.0,14.99995586443706,0.036387703146079,0.0
92.30000000000001,1402.1841958352168,-6.293827937232248,100.0,14.9999558655612,0.03638723974419568,0.0
92.4,1403.7141913335613,-6.290116462435302,100.0,14.999955866675904,0.03638678022517557,0.0
92.5,1405.244186832019,-6.286405034310904,100.0,14.999955867781242,0.03638632456138736,0.0
92.60000000000001,1406.7741823305892,-6.282693652467232,100.0,14.999955868877285,0.03638587272534153,0.0
92.7,1408.3041778292707,-6.278982316515264,100.0,14.99995586996409,0.03638542468969032,0.0
92.80000000000001,1409.8341733280624,-6.275271026068758,100.0,14.999955871041731,0.03638498042722769,0.0
92.9,1411.3641688269638,-6.271559780744241,100.0,14.999955872110274,0.036384539910889226,0.0
93.0,1412.8941643259736,-6.267848580160992,100.0,14.999955873169782,0.03638410311375207,0.0
93.10000000000001,1414.424159825091,-6.264137423941031,100.0,14.99995587422032,0.03638367000903481,0.0
93.2,1415.954155324315,-6.260426311709099,100.0,14.999955875261954,0.0363832405700974,0.0
93.30000000000001,1417.484150823645,-6.256715243092652,100.0,14.99995587629475,0.036382814770441016,0.0
93.4,1419.0141463230798,-6.253004217721837,100.0,14.99995587731877,0.03638239258370796,0.0
93.5,1420.5441418226185,-6.249293235229484,100.0,14.999955878334077,0.03638197398368151,0.0
93.60000000000001,1422.0741373222604,-6.24558229525109,100.0,14.999955879340739,0.036381558944285776,0.0
93.7,1423.6041328220047,-6.241871397424806,100.0,14.999955880338815,0.03638114743958555,0.0
93.80000000000001,1425.13412832185,-6.238160541391418,100.0,14.99995588132837,0.03638073944378614,0.0
93.9,1426.664123821796,-6.234449726794337,100.0,14.999955882309465,0.0363803349312332,0.0
94.0,1428.1941193218418,-6.230738953279586,100.0,14.999955883282162,0.03637993387641253,0.0
94.10000000000001,1429.7241148219862,-6.22702822049578,100.0,14.999955884246527,0.03637953625394992,0.0
94.2,1431.2541103222286,-6.223317528094116,100.0,14.999955885202613,0.03637914203861093,0.0
94.30000000000001,1432.784105822568,-6.219606875728358,100.0,14.99995588615049,0.036378751205300694,0.0
94.4,1434.3141013230038,-6.215896263054824,100.0,14.999955887090215,0.03637836372906366,0.0
94.5,1435.844096823535,-6.212185689732368,100.0,14.999955888021848,0.036377979585083424,0.0
94.60000000000001,1437.3740923241608,-6.208475155422368,100.0,14.999955888945449,0.03637759874868247,0.0
94.7,1438.9040878248804,-6.204764659788715,100.0,14.99995588986108,0.03637722119532192,0.0
94.80000000000001,1440.4340833256929,-6.201054202497793,100.0,14.999955890768797,0.036376846900601306,0.0
94.9,1441.9640788265976,-6.197343783218468,100.0,14.999955891668664,0.036376475840258306,0.0
95.0,1443.4940743275938,-6.193633401622074,100.0,14.999955892560733,0.036376107990168466,0.0
95.10000000000001,1445.0240698286805,-6.1899230573824005,100.0,14.999955893445069,0.03637574332634495,0.0
95.2,1446.554065329857,-6.186212750175674,100.0,14.999955894321726,0.036375381824938255,0.0
95.30000000000001,1448.0840608311225,-6.182502479680547,100.0,14.999955895190762,0.0363750234622359,0.0
95.4,1449.6140563324764,-6.178792245578086,100.0,14.999955896052237,0.03637466821466219,0.0
95.5,1451.1440518339177,-6.1750820475517525,100.0,14.999955896906206,0.036374316058777854,0.0
95.60000000000001,1452.6740473354457,-6.171371885287393,100.0,14.999955897752725,0.03637396697127978,0.0
95.7,1454.2040428370597,-6.167661758473224,100.0,14.999955898591852,0.0363736209290007,0.0
95.80000000000001,1455.7340383387589,-6.163951666799817,100.0,14.999955899423643,0.036373277908908846,0.0
95.9,1457.2640338405424,-6.160241609960088,100.0,14.999955900248153,0.03637293788810765,0.0
96.0,1458.7940293424099,-6.156531587649279,100.0,14.999955901065437,0.03637260084383541,0.0
96.10000000000001,1460.3240248443603,-6.152821599564948,100.0,14.999955901875552,0.03637226675346494,0.0
96.2,1461.8540203463929,-6.149111645406955,100.0,14.99995590267855,0.036371935594503225,0.0
96.30000000000001,1463.384015848507,-6.145401724877446,100.0,14.999955903474488,0.036371607344591106,0.0
96.4,1464.9140113507021,-6.14169183768084,100.0,14.99995590426342,0.03637128198150287,0.0
96.5,1466.4440068529773,-6.137981983523819,100.0,14.999955905045395,0.03637095948314595,0.0
96.60000000000001,1467.9740023553318,-6.134272162115309,100.0,14.999955905820473,0.03637063982756051,0.0
96.7,1469.503997857765,-6.130562373166471,100.0,14.999955906588704,0.03637032299291912,0.0
96.80000000000001,1471.033993360276,-6.126852616390685,100.0,14.999955907350142,0.03637000895752633,0.0
96.9,1472.5639888628646,-6.1231428915035355,100.0,14.999955908104837,0.03636969769981834,0.0
97.0,1474.0939843655299,-6.1194331982228025,100.0,14.999955908852842,0.03636938919836258,0.0
97.10000000000001,1475.6239798682711,-6.115723536268444,100.0,14.999955909594211,0.036369083431857345,0.0
97.2,1477.1539753710877,-6.112013905362583,100.0,14.999955910328993,0.03636878037913136,0.0
97.30000000000001,1478.6839708739788,-6.108304305229498,100.0,14.999955911057242,0.03636848001914344,0.0
97.4,1480.2139663769437,-6.1045947355956045,100.0,14.999955911779006,0.03636818233098203,0.0
97.5,1481.743961879982,-6.100885196189446,100.0,14.999955912494336,0.036367887293864844,0.0
97.60000000000001,1483.273957383093,-6.097175686741678,100.0,14.999955913203282,0.03636759488713841,0.0
97.7,1484.8039528862757,-6.093466206985056,100.0,14.999955913905895,0.03636730509027768,0.0
97.80000000000001,1486.33394838953,-6.089756756654424,100.0,14.999955914602227,0.03636701788288561,0.0
97.9,1487.8639438928549,-6.086047335486699,100.0,14.999955915292322,0.03636673324469275,0.0
98.0,1489.3939393962498,-6.082337943220858,100.0,14.999955915976232,0.036366451155556756,0.0
98.10000000000001,1490.9239348997144,-6.078628579597928,100.0,14.999955916654004,0.036366171595462016,0.0
98.2,1492.4539304032476,-6.07491924436097,100.0,14.999955917325691,0.03636589454451921,0.0
98.30000000000001,1493.983925906849,-6.071209937255067,100.0,14.999955917991334,0.03636561998296485,0.0
98.4,1495.5139214105182,-6.067500658027311,100.0,14.999955918650986,0.036365347891160846,0.0
98.5,1497.0439169142542,-6.063791406426792,100.0,14.999955919304691,0.03636507824959406,0.0
98.60000000000001,1498.5739124180566,-6.060082182204583,100.0,14.999955919952502,0.036364811038875886,0.0
98.7,1500.1039079219247,-6.05637298511373,100.0,14.999955920594457,0.03636454623974172,0.0
98.80000000000001,1501.633903425858,-6.052663814909234,100.0,14.99995592123061,0.0363642838330506,0.0
98.9,1503.163898929856,-6.048954671348046,100.0,14.999955921861005,0.0363640237997847,0.0
99.0,1504.693894433918,-6.045245554189048,100.0,14.99995592248569,0.036363766121048864,0.0
99.10000000000001,1506.2238899380436,-6.041536463193044,100.0,14.999955923104705,0.03636351077807016,0.0
99.2,1507.7538854422319,-6.037827398122746,100.0,14.999955923718097,0.0363632577521974,0.0
99.30000000000001,1509.2838809464824,-6.034118358742764,100.0,14.999955924325914,0.036363007024900695,0.0
99.4,1510.8138764507946,-6.030409344819589,100.0,14.9999559249282,0.036362758577770965,0.0
99.5,1512.343871955168,-6.026700356121585,100.0,14.999955925524999,0.03636251239251946,0.0
99.60000000000001,1513.873867459602,-6.022991392418976,100.0,14.999955926116353,0.0363622684509773,0.0
99.7,1515.403862964096,-6.019282453483831,100.0,14.99995592670231,0.03636202673509499,0.0
99.80000000000001,1516.9338584686495,-6.015573539090058,100.0,14.99995592728291,0.03636178722694194,0.0
99.9,1518.463853973262,-6.011864649013382,100.0,14.999955927858196,0.03636154990870598,0.0
100.0,1519.993849477933,-6.008155783031343,100.0,14.999955928428216,0.0363613147626929,0.0
100.10000000000001,1521.5238449826618,-6.0044469409232795,100.0,14.999955928993007,0.036361081771325916,0.0
100.2,1523.0538404874478,-6.000738122470315,100.0,14.999955929552614,0.036360850917145214,0.0
100.30000000000001,1524.5838359922907,-5.9970293274553494,100.0,14.999955930107078,0.036360622182807466,0.0
100.4,1526.11383149719,-5.993320555663045,100.0,14.999955930656443,0.03636039555108533,0.0
100.5,1527.643827002145,-5.989611806879815,100.0,14.99995593120075,0.03636017100486694,0.0
100.60000000000001,1529.1738225071551,-5.985903080893814,100.0,14.999955931740036,0.0363599485271554,0.0
100.7,1530.7038180122202,-5.982194377494922,100.0,14.999955932274348,0.03635972810106838,0.0
100.80000000000001,1532.2338135173393,-5.978485696474737,100.0,14.999955932803726,0.03635950970983749,0.0
100.9,1533.7638090225123,-5.974777037626558,100.0,14.999955933328208,0.03635929333680788,0.0
101.0,1535.2938045277385,-5.971068400745383,100.0,14.999955933847833,0.03635907896543766,0.0
101.10000000000001,1536.8238000330175,-5.967359785627886,100.0,14.999955934362644,0.03635886657929749,0.0
101.2,1538.3537955383488,-5.9636511920724145,100.0,14.999955934872679,0.036358656162069965,0.0
101.30000000000001,1539.883791043732,-5.959942619878973,100.0,14.999955935377978,0.03635844769754922,0.0
101.4,1541.4137865491662,-5.956234068849213,100.0,14.99995593587858,0.036358241169640364,0.0
101.5,1542.9437820546514,-5.952525538786423,100.0,14.999955936374526,0.036358036562358975,0.0
101.60000000000001,1544.4737775601868,-5.948817029495516,100.0,14.99995593686585,0.0363578338598306,0.0
101.7,1546.0037730657723,-5.945108540783019,100.0,14.999955937352594,0.03635763304629027,0.0
101.80000000000001,1547.533768571407,-5.941400072457059,100.0,14.999955937834791,0.03635743410608196,0.0
101.9,1549.0637640770908,-5.937691624327358,100.0,14.999955938312487,0.03635723702365808,0.0
102.0,1550.593759582823,-5.933983196205215,100.0,14.999955938785714,0.03635704178357901,0.0
102.10000000000001,1552.1237550886033,-5.930274787903501,100.0,14.999955939254509,0.0363568483705125,0.0
102.2,1553.6537505944311,-5.926566399236645,100.0,14.99995593971891,0.03635665676923326,0.0
102.30000000000001,1555.183746100306,-5.922858030020621,100.0,14.999955940178953,0.03635646696462237,0.0
102.4,1556.7137416062278,-5.919149680072943,100.0,14.999955940634678,0.036356278941666834,0.0
102.5,1558.2437371121957,-5.915441349212648,100.0,14.999955941086116,0.03635609268545899,0.0
102.60000000000001,1559.7737326182096,-5.911733037260289,100.0,14.999955941533306,0.03635590818119605,0.0
102.7,1561.3037281242687,-5.908024744037926,100.0,14.999955941976284,0.03635572541417959,0.0
102.80000000000001,1562.8337236303728,-5.904316469369109,100.0,14.999955942415083,0.03635554436981499,0.0
102.9,1564.3637191365215,-5.900608213078874,100.0,14.999955942849743,0.03635536503361097,0.0
103.0,1565.8937146427143,-5.89689997499373,100.0,14.999955943280293,0.03635518739117904,0.0
103.10000000000001,1567.4237101489507,-5.893191754941646,100.0,14.99995594370677,0.036355011428233004,0.0
103.2,1568.9537056552306,-5.889483552752045,100.0,14.99995594412921,0.03635483713058846,0.0
103.30000000000001,1570.4837011615532,-5.885775368255792,100.0,14.999955944547645,0.036354664484162226,0.0
103.4,1572.0136966679183,-5.882067201285182,100.0,14.99995594496211,0.03635449347497189,0.0
103.5,1573.5436921743255,-5.87835905167393,100.0,14.99995594537264,0.03635432408913527,0.0
103.60000000000001,1575.0736876807746,-5.874650919257164,100.0,14.999955945779268,0.03635415631286989,0.0
103.7,1576.6036831872648,-5.8709428038714115,100.0,14.999955946182023,0.03635399013249246,0.0
103.80000000000001,1578.133678693796,-5.867234705354592,100.0,14.999955946580943,0.036353825534418405,0.0
103.9,1579.6636742003675,-5.863526623546005,100.0,14.99995594697606,0.036353662505161304,0.0
104.0,1581.193669706979,-5.859818558286319,100.0,14.999955947367404,0.036353501031332384,0.0
104.10000000000001,1582.7236652136305,-5.856110509417565,100.0,14.99995594775501,0.036353341099640044,0.0
104.2,1584.2536607203212,-5.852402476783124,100.0,14.999955948138908,0.03635318269688928,0.0
104.30000000000001,1585.783656227051,-5.848694460227717,100.0,14.99995594851913,0.03635302580998121,0.0
104.4,1587.3136517338194,-5.8449864595974,100.0,14.99995594889571,0.03635287042591258,0.0
104.5,1588.8436472406258,-5.841278474739545,100.0,14.999955949268676,0.0363527165317752,0.0
104.60000000000001,1590.3736427474703,-5.837570505502841,100.0,14.999955949638062,0.03635256411475548,0.0
104.7,1591.9036382543522,-5.833862551737274,100.0,14.999955950003896,0.03635241316213387,0.0
104.80000000000001,1593.4336337612713,-5.830154613294128,100.0,14.999955950366212,0.03635226366128441,0.0
104.9,1594.9636292682271,-5.826446690025964,100.0,14.999955950725036,0.03635211559967417,0.0
105.0,1596.4936247752194,-5.822738781786622,100.0,14.999955951080404,0.03635196896486276,0.0
105.10000000000001,1598.0236202822477,-5.819030888431205,100.0,14.999955951432339,0.03635182374450181,0.0
105.2,1599.5536157893118,-5.815323009816067,100.0,14.999955951780876,0.0363516799263345,0.0
105.30000000000001,1601.0836112964112,-5.811615145798813,100.0,14.999955952126044,0.03635153749819499,0.0
105.4,1602.6136068035457,-5.80790729623828,100.0,14.99995595246787,0.03635139644800795,0.0
105.5,1604.1436023107149,-5.8041994609945355,100.0,14.999955952806385,0.03635125676378808,0.0
105.60000000000001,1605.6735978179183,-5.800491639928861,100.0,14.999955953141617,0.03635111843363955,0.0
105.7,1607.203593325156,-5.796783832903751,100.0,14.999955953473595,0.03635098144575552,0.0
105.80000000000001,1608.7335888324271,-5.793076039782896,100.0,14.999955953802347,0.03635084578841764,0.0
105.9,1610.2635843397318,-5.789368260431179,100.0,14.999955954127902,0.03635071144999557,0.0
106.0,1611.7935798470694,-5.785660494714667,100.0,14.999955954450288,0.036350578418946414,0.0
106.10000000000001,1613.3235753544398,-5.781952742500594,100.0,14.999955954769531,0.036350446683814285,0.0
106.2,1614.8535708618426,-5.778245003657364,100.0,14.99995595508566,0.03635031623322976,0.0
106.30000000000001,1616.3835663692776,-5.774537278054534,100.0,14.999955955398702,0.03635018705590943,0.0
106.4,1617.913561876744,-5.770829565562806,100.0,14.999955955708685,0.03635005914065534,0.0
106.5,1619.4435573842422,-5.767121866054023,100.0,14.999955956015636,0.03634993247635455,0.0
106.60000000000001,1620.9735528917715,-5.7634141794011535,100.0,14.999955956319582,0.0363498070519786,0.0
106.7,1622.5035483993315,-5.75970650547829,100.0,14.999955956620548,0.03634968285658303,0.0
106.80000000000001,1624.0335439069222,-5.755998844160636,100.0,14.99995595691856,0.0363495598793069,0.0
106.9,1625.5635394145431,-5.752291195324496,100.0,14.999955957213645,0.03634943810937228,0.0
107.0,1627.093534922194,-5.748583558847273,100.0,14.999955957505831,0.03634931753608375,0.0
107.10000000000001,1628.6235304298746,-5.744875934607456,100.0,14.999955957795141,0.03634919814882795,0.0
107.2,1630.1535259375844,-5.741168322484611,100.0,14.999955958081602,0.03634907993707304,0.0
107.30000000000001,1631.6835214453233,-5.7374607223593745,100.0,14.999955958365238,0.03634896289036824,0.0
107.4,1633.2135169530911,-5.733753134113446,100.0,14.999955958646076,0.03634884699834338,0.0
107.5,1634.7435124608874,-5.730045557629577,100.0,14.999955958924138,0.036348732250708324,0.0
107.60000000000001,1636.2735079687118,-5.726337992791565,100.0,14.999955959199452,0.036348618637252576,0.0
107.7,1637.8035034765642,-5.722630439484247,100.0,14.999955959472043,0.03634850614784475,0.0
107.80000000000001,1639.3334989844443,-5.718922897593487,100.0,14.99995595974193,0.036348394772432104,0.0
107.9,1640.8634944923517,-5.715215367006169,100.0,14.999955960009144,0.036348284501040065,0.0
108.0,1642.3934900002862,-5.711507847610195,100.0,14.999955960273706,0.03634817532377173,0.0
108.10000000000001,1643.9234855082475,-5.707800339294468,100.0,14.999955960535639,0.0363480672308074,0.0
108.2,1645.4534810162354,-5.704092841948891,100.0,14.999955960794965,0.03634796021240413,0.0
108.30000000000001,1646.9834765242497,-5.700385355464357,100.0,14.999955961051713,0.03634785425889522,0.0
108.4,1648.51347203229,-5.69667787973274,100.0,14.9999559613059,0.036347749360689754,0.0
108.5,1650.0434675403562,-5.692970414646889,100.0,14.999955961557554,0.03634764550827215,0.0
108.60000000000001,1651.573463048448,-5.68926296010062,100.0,14.999955961806696,0.036347542692201654,0.0
108.7,1653.103458556565,-5.685555515988707,100.0,14.999955962053349,0.036347440903111886,0.0
108.80000000000001,1654.6334540647072,-5.681848082206876,100.0,14.999955962297534,0.03634734013171039,0.0
108.9,1656.163449572874,-5.678140658651799,100.0,14.999955962539277,0.036347240368778164,0.0
109.0,1657.6934450810654,-5.674433245221081,100.0,14.999955962778596,0.036347141605169164,0.0
109.10000000000001,1659.223440589281,-5.67072584181326,100.0,14.999955963015516,0.036347043831809894,0.0
109.2,1660.7534360975205,-5.667018448327792,100.0,14.999955963250056,0.03634694703969891,0.0
109.30000000000001,1662.283431605784,-5.663311064665051,100.0,14.99995596348224,0.036346851219906356,0.0
109.4,1663.8134271140711,-5.659603690726316,100.0,14.999955963712088,0.036346756363573554,0.0
109.5,1665.3434226223815,-5.655896326413766,100.0,14.999955963939625,0.0363466624619125,0.0
109.60000000000001,1666.873418130715,-5.652188971630473,100.0,14.999955964164867,0.03634656950620543,0.0
109.7,1668.4034136390712,-5.648481626280396,100.0,14.999955964387837,0.036346477487804355,0.0
109.80000000000001,1669.9334091474502,-5.644774290268371,100.0,14.999955964608558,0.036346386398130634,0.0
109.9,1671.4634046558515,-5.641066963500106,100.0,14.999955964827047,0.03634629622867451,0.0
110.0,1672.993400164275,-5.637359645882173,100.0,14.999955965043323,0.03634620697099466,0.0
110.10000000000001,1674.5233956727204,-5.633652337322001,100.0,14.999955965257415,0.036346118616717764,0.0
110.2,1676.0533911811876,-5.629945037727873,100.0,14.999955965469336,0.03634603115753804,0.0
110.30000000000001,1677.5833866896762,-5.62623774700891,100.0,14.999955965679106,0.03634594458521682,0.0
110.4,1679.1133821981862,-5.6225304650750765,100.0,14.999955965886748,0.03634585889158211,0.0
110.5,1680.6433777067173,-5.618823191837161,100.0,14.99995596609228,0.03634577406852812,0.0
110.60000000000001,1682.173373215269,-5.61511592720678,100.0,14.99995596629572,0.03634569010801488,0.0
110.7,1683.7033687238415,-5.611408671096364,100.0,14.999955966497092,0.03634560700206777,0.0
110.80000000000001,1685.2333642324345,-5.6077014234191545,100.0,14.999955966696408,0.0363455247427771,0.0
110.9,1686.7633597410477,-5.6039941840891965,100.0,14.999955966893694,0.03634544332229765,0.0
111.0,1688.2933552496809,-5.600286953021332,100.0,14.999955967088965,0.03634536273284829,0.0
111.10000000000001,1689.8233507583338,-5.596579730131193,100.0,14.99995596728224,0.036345282966711474,0.0
111.2,1691.3533462670066,-5.592872515335197,100.0,14.99995596747354,0.03634520401623293,0.0
111.30000000000001,1692.8833417756987,-5.589165308550535,100.0,14.999955967662878,0.036345125873821126,0.0
111.4,1694.4133372844099,-5.585458109695174,100.0,14.99995596785028,0.03634504853194691,0.0
111.5,1695.9433327931401,-5.581750918687843,100.0,14.999955968035758,0.036344971983143036,0.0
111.60000000000001,1697.4733283018893,-5.57804373544803,100.0,14.999955968219332,0.036344896220003815,0.0
111.7,1699.003323810657,-5.574336559895975,100.0,14.999955968401022,0.036344821235184656,0.0
111.80000000000001,1700.5333193194433,-5.570629391952664,100.0,14.99995596858084,0.03634474702140163,0.0
111.9,1702.0633148282477,-5.5669222315398255,100.0,14.999955968758808,0.036344673571431105,0.0
112.0,1703.59331033707,-5.563215078579917,100.0,14.999955968934943,0.036344600878109305,0.0
112.10000000000001,1705.1233058459104,-5.559507932996127,100.0,14.999955969109262,0.0363445289343319,0.0
112.2,1706.6533013547685,-5.555800794712365,100.0,14.99995596928178,0.036344457733053594,0.0
112.30000000000001,1708.183296863644,-5.552093663653255,100.0,14.999955969452516,0.03634438726728774,0.0
112.4,1709.713292372537,-5.548386539744132,100.0,14.999955969621487,0.036344317530105925,0.0
112.5,1711.2432878814468,-5.544679422911034,100.0,14.99995596978871,0.036344248514637564,0.0
112.60000000000001,1712.7732833903738,-5.5409723130806965,100.0,14.999955969954197,0.03634418021406948,0.0
112.7,1714.3032788993175,-5.537265210180548,100.0,14.999955970117972,0.03634411262164556,0.0
112.80000000000001,1715.833274408278,-5.533558114138703,100.0,14.999955970280043,0.03634404573066629,0.0
112.9,1717.3632699172547,-5.529851024883956,100.0,14.999955970440432,0.03634397953448841,0.0
113.0,1718.8932654262478,-5.526143942345777,100.0,14.999955970599155,0.0363439140265245,0.0
113.10000000000001,1720.423260935257,-5.522436866454303,100.0,14.999955970756224,0.03634384920024259,0.0
113.2,1721.9532564442823,-5.518729797140337,100.0,14.999955970911659,0.03634378504916578,0.0
113.30000000000001,1723.4832519533231,-5.515022734335339,100.0,14.999955971065472,0.03634372156687182,0.0
113.4,1725.0132474623797,-5.51131567797142,100.0,14.999955971217677,0.03634365874699277,0.0
113.5,1726.5432429714517,-5.507608627981339,100.0,14.999955971368296,0.03634359658321459,0.0
113.60000000000001,1728.073238480539,-5.503901584298497,100.0,14.99995597151734,0.03634353506927675,0.0
113.7,1729.6032339896412,-5.500194546856928,100.0,14.999955971664823,0.036343474198971874,0.0
113.80000000000001,1731.1332294987585,-5.4964875155913,100.0,14.99995597181076,0.036343413966145335,0.0
113.9,1732.6632250078906,-5.492780490436904,100.0,14.99995597195517,0.0363433543646949,0.0
114.0,1734.1932205170374,-5.489073471329651,100.0,14.999955972098062,0.03634329538857035,0.0
114.10000000000001,1735.7232160261988,-5.485366458206067,100.0,14.999955972239455,0.0363432370317731,0.0
114.2,1737.2532115353745,-5.481659451003286,100.0,14.999955972379361,0.03634317928835582,0.0
114.30000000000001,1738.7832070445643,-5.477952449659047,100.0,14.999955972517792,0.0363431221524221,0.0
114.4,1740.3132025537682,-5.4742454541116885,100.0,14.999955972654769,0.03634306561812606,0.0
114.5,1741.843198062986,-5.470538464300141,100.0,14.999955972790302,0.03634300967967195,0.0
114.60000000000001,1743.3731935722174,-5.466831480163925,100.0,14.999955972924402,0.03634295433131386,0.0
114.7,1744.9031890814624,-5.463124501643144,100.0,14.999955973057089,0.03634289956735531,0.0
114.80000000000001,1746.433184590721,-5.459417528678479,100.0,14.999955973188372,0.036342845382148894,0.0
114.9,1747.963180099993,-5.455710561211188,100.0,14.999955973318267,0.03634279177009594,0.0
115.0,1749.493175609278,-5.452003599183092,100.0,14.999955973446786,0.036342738725646126,0.0
115.10000000000001,1751.023171118576,-5.448296642536581,100.0,14.999955973573943,0.036342686243297145,0.0
115.2,1752.553166627887,-5.444589691214601,100.0,14.999955973699752,0.03634263431759437,0.0
115.30000000000001,1754.0831621372108,-5.440882745160652,100.0,14.999955973824225,0.03634258294313047,0.0
115.4,1755.6131576465473,-5.437175804318784,100.0,14.999955973947374,0.03634253211454506,0.0
115.5,1757.1431531558962,-5.433468868633591,100.0,14.999955974069213,0.0363424818265244,0.0
115.60000000000001,1758.6731486652575,-5.429761938050207,100.0,14.999955974189756,0.03634243207380101,0.0
115.7,1760.203144174631,-5.426055012514301,100.0,14.999955974309016,0.03634238285115333,0.0
115.80000000000001,1761.7331396840166,-5.4223480919720695,100.0,14.999955974427001,0.03634233415340538,0.0
115.9,1763.2631351934142,-5.418641176370239,100.0,14.999955974543727,0.036342285975426464,0.0
116.0,1764.7931307028236,-5.414934265656054,100.0,14.999955974659208,0.03634223831213075,0.0
116.10000000000001,1766.3231262122447,-5.4112273597772775,100.0,14.999955974773453,0.036342191158477005,0.0
116.2,1767.8531217216773,-5.407520458682182,100.0,14.999955974886475,0.03634214450946824,0.0
116.30000000000001,1769.3831172311216,-5.40381356231955,100.0,14.999955974998286,0.036342098360151356,0.0
116.4,1770.9131127405772,-5.400106670638664,100.0,14.9999559751089,0.036342052705616856,0.0
116.5,1772.443108250044,-5.396399783589308,100.0,14.999955975218324,0.03634200754099848,0.0
116.60000000000001,1773.9731037595218,-5.392692901121759,100.0,14.999955975326573,0.036341962861472905,0.0
116.7,1775.5030992690106,-5.388986023186783,100.0,14.99995597543366,0.03634191866225942,0.0
116.80000000000001,1777.0330947785103,-5.3852791497356325,100.0,14.999955975539592,0.036341874938619546,0.0
116.9,1778.5630902880207,-5.381572280720041,100.0,14.999955975644387,0.036341831685856814,0.0
117.0,1780.0930857975418,-5.377865416092219,100.0,14.999955975748048,0.036341788899316364,0.0
117.10000000000001,1781.6230813070733,-5.374158555804849,100.0,14.999955975850593,0.03634174657438469,0.0
117.2,1783.1530768166153,-5.370451699811082,100.0,14.99995597595203,0.036341704706489245,0.0
117.30000000000001,1784.6830723261676,-5.366744848064534,100.0,14.999955976052371,0.036341663291098225,0.0
117.4,1786.21306783573,-5.36303800051928,100.0,14.999955976151627,0.03634162232372019,0.0
117.5,1787.7430633453025,-5.359331157129853,100.0,14.999955976249808,0.03634158179990375,0.0
117.60000000000001,1789.273058854885,-5.3556243178512375,100.0,14.999955976346923,0.036341541715237326,0.0
117.7,1790.8030543644772,-5.351917482638864,100.0,14.999955976442985,0.03634150206534876,0.0
117.80000000000001,1792.3330498740793,-5.348210651448609,100.0,14.999955976538004,0.03634146284590508,0.0
117.9,1793.863045383691,-5.344503824236788,100.0,14.999955976631993,0.036341424052612155,0.0
118.0,1795.3930408933124,-5.340797000960152,100.0,14.999955976724957,0.0363413856812144,0.0
118.10000000000001,1796.9230364029431,-5.337090181575886,100.0,14.999955976816912,0.03634134772749449,0.0
118.2,1798.4530319125831,-5.333383366041601,100.0,14.999955976907861,0.03634131018727305,0.0
118.30000000000001,1799.9830274222325,-5.329676554315334,100.0,14.999955976997821,0.03634127305640839,0.0
118.4,1801.5130229318909,-5.325969746355542,100.0,14.999955977086797,0.03634123633079615,0.0
118.5,1803.0430184415582,-5.3222629421211,100.0,14.999955977174803,0.03634120000636908,0.0
118.60000000000001,1804.5730139512345,-5.3185561415712925,100.0,14.999955977261846,0.0363411640790967,0.0
118.7,1806.1030094609198,-5.3148493446658165,100.0,14.999955977347936,0.03634112854498503,0.0
118.80000000000001,1807.6330049706137,-5.311142551364773,100.0,14.999955977433084,0.03634109340007632,0.0
118.9,1809.1630004803162,-5.307435761628665,100.0,14.999955977517299,0.03634105864044872,0.0
119.0,1810.6929959900272,-5.3037289754183945,100.0,14.999955977600587,0.03634102426221603,0.0
119.10000000000001,1812.2229914997467,-5.300022192695258,100.0,14.999955977682962,0.036340990261527435,0.0
119.2,1813.7529870094745,-5.296315413420942,100.0,14.999955977764433,0.0363409566345672,0.0
119.30000000000001,1815.2829825192107,-5.29260863755752,100.0,14.999955977845003,0.03634092337755437,0.0
119.4,1816.812978028955,-5.2889018650674515,100.0,14.99995597792469,0.03634089048674254,0.0
119.5,1818.3429735387074,-5.285195095913575,100.0,14.999955978003497,0.03634085795841958,0.0
119.60000000000001,1819.8729690484677,-5.281488330059106,100.0,14.999955978081434,0.03634082578890731,0.0
119.7,1821.402964558236,-5.277781567467633,100.0,14.999955978158512,0.036340793974561275,0.0
119.80000000000001,1822.932960068012,-5.274074808103116,100.0,14.999955978234738,0.036340762511770486,0.0
119.9,1824.462955577796,-5.2703680519298794,100.0,14.99995597831012,0.0363407313969571,0.0
120.0,1825.9929510875875,-5.266661298912613,100.0,14.99995597838467,0.03634070062657621,0.0
120.10000000000001,1827.5229465973864,-5.2629545490163645,100.0,14.999955978458392,0.03634067019711554,0.0
120.2,1829.0529421071928,-5.25924780220654,100.0,14.999955978531295,0.036340640105095204,0.0
120.30000000000001,1830.5829376170068,-5.255541058448897,100.0,14.999955978603392,0.03634061034706745,0.0
120.4,1832.112933126828,-5.251834317709546,100.0,14.999955978674684,0.036340580919616366,0.0
120.5,1833.6429286366565,-5.248127579954942,100.0,14.999955978745186,0.036340551819357685,0.0
120.60000000000001,1835.172924146492,-5.2444208451518834,100.0,14.999955978814903,0.03634052304293847,0.0
120.7,1836.7029196563346,-5.24071411326751,100.0,14.999955978883845,0.0363404945870369,0.0
120.80000000000001,1838.2329151661843,-5.237007384269298,100.0,14.999955978952016,0.03634046644836197,0.0
120.9,1839.762910676041,-5.233300658125059,100.0,14.999955979019427,0.036340438623653305,0.0
121.0,1841.2929061859045,-5.229593934802934,100.0,14.999955979086087,0.03634041110968087,0.0
121.10000000000001,1842.8229016957746,-5.225887214271394,100.0,14.999955979151997,0.03634038390324472,0.0
121.2,1844.3528972056515,-5.222180496499232,100.0,14.999955979217175,0.03634035700117478,0.0
121.30000000000001,1845.882892715535,-5.218473781455565,100.0,14.99995597928162,0.03634033040033056,0.0
121.4,1847.4128882254251,-5.214767069109828,100.0,14.999955979345344,0.03634030409760096,0.0
121.5,1848.9428837353216,-5.211060359431773,100.0,14.999955979408352,0.036340278089904005,0.0
121.60000000000001,1850.4728792452245,-5.207353652391463,100.0,14.999955979470654,0.0363402523741866,0.0
121.7,1852.0028747551337,-5.203646947959271,100.0,14.999955979532254,0.036340226947424316,0.0
121.80000000000001,1853.532870265049,-5.1999402461058795,100.0,14.999955979593162,0.03634020180662112,0.0
121.9,1855.0628657749708,-5.196233546802272,100.0,14.999955979653384,0.03634017694880916,0.0
122.0,1856.5928612848984,-5.192526850019736,100.0,14.99995597971293,0.03634015237104854,0.0
122.10000000000001,1858.1228567948322,-5.188820155729856,100.0,14.999955979771803,0.036340128070427066,0.0
122.2,1859.6528523047718,-5.185113463904512,100.0,14.99995597983001,0.03634010404406005,0.0
122.30000000000001,1861.1828478147174,-5.181406774515878,100.0,14.999955979887561,0.036340080289090054,0.0
122.4,1862.712843324669,-5.177700087536417,100.0,14.999955979944462,0.036340056802686656,0.0
122.5,1864.2428388346261,-5.173993402938879,100.0,14.999955980000717,0.036340033582046266,0.0
122.60000000000001,1865.772834344589,-5.1702867206963,100.0,14.999955980056335,0.03634001062439187,0.0
122.7,1867.3028298545576,-5.166580040781996,100.0,14.999955980111324,0.0363399879269728,0.0
122.80000000000001,1868.8328253645318,-5.162873363169564,100.0,14.999955980165689,0.03633996548706453,0.0
122.9,1870.3628208745115,-5.159166687832877,100.0,14.999955980219436,0.03633994330196846,0.0
123.0,1871.8928163844967,-5.155460014746081,100.0,14.999955980272572,0.03633992136901169,0.0
123.10000000000001,1873.4228118944873,-5.151753343883596,100.0,14.999955980325103,0.03633989968554682,0.0
123.2,1874.952807404483,-5.148046675220106,100.0,14.999955980377038,0.03633987824895171,0.0
123.30000000000001,1876.4828029144842,-5.144340008730567,100.0,14.99995598042838,0.036339857056629274,0.0
123.4,1878.0127984244905,-5.140633344390194,100.0,14.999955980479136,0.03633983610600728,0.0
123.5,1879.542793934502,-5.136926682174464,100.0,14.999955980529313,0.03633981539453815,0.0
123.60000000000001,1881.0727894445185,-5.133220022059116,100.0,14.999955980578916,0.036339794919698715,0.0
123.7,1882.60278495454,-5.1295133640201405,100.0,14.999955980627954,0.036339774678990036,0.0
123.80000000000001,1884.1327804645666,-5.1258067080337835,100.0,14.999955980676427,0.03633975466993718,0.0
123.9,1885.6627759745982,-5.122100054076543,100.0,14.999955980724348,0.03633973489008905,0.0
124.0,1887.1927714846345,-5.118393402125165,100.0,14.999955980771718,0.03633971533701814,0.0
124.10000000000001,1888.7227669946756,-5.114686752156643,100.0,14.999955980818545,0.03633969600832035,0.0
124.2,1890.2527625047214,-5.1109801041482115,100.0,14.999955980864835,0.036339676901614805,0.0
124.30000000000001,1891.782758014772,-5.1072734580773504,100.0,14.99995598091059,0.03633965801454363,0.0
124.4,1893.3127535248273,-5.103566813921776,100.0,14.999955980955821,0.03633963934477176,0.0
124.5,1894.842749034887,-5.099860171659444,100.0,14.99995598100053,0.03633962088998675,0.0
124.60000000000001,1896.3727445449513,-5.096153531268543,100.0,14.999955981044724,0.036339602647898574,0.0
124.7,1897.90274005502,-5.092446892727495,100.0,14.999955981088409,0.03633958461623945,0.0
124.80000000000001,1899.4327355650933,-5.088740256014952,100.0,14.999955981131588,0.03633956679276363,0.0
124.9,1900.962731075171,-5.085033621109794,100.0,14.99995598117427,0.0363395491752472,0.0
125.0,1902.492726585253,-5.081326987991126,100.0,14.999955981216457,0.036339531761487916,0.0
125.10000000000001,1904.0227220953393,-5.077620356638278,100.0,14.999955981258156,0.03633951454930501,0.0
125.2,1905.5527176054297,-5.073913727030799,100.0,14.999955981299372,0.036339497536539,0.0
125.30000000000001,1907.0827131155243,-5.07020709914846,100.0,14.99995598134011,0.036339480721051504,0.0
125.4,1908.612708625623,-5.066500472971247,100.0,14.999955981380376,0.036339464100725055,0.0
125.5,1910.142704135726,-5.062793848479361,100.0,14.999955981420174,0.03633944767346292,0.0
125.60000000000001,1911.6726996458328,-5.059087225653217,100.0,14.999955981459507,0.03633943143718892,0.0
125.7,1913.2026951559437,-5.055380604473441,100.0,14.999955981498383,0.03633941538984728,0.0
125.80000000000001,1914.7326906660585,-5.051673984920865,100.0,14.999955981536807,0.036339399529402384,0.0
125.9,1916.262686176177,-5.047967366976531,100.0,14.999955981574784,0.03633938385383867,0.0
126.0,1917.7926816862996,-5.0442607506216826,100.0,14.999955981612317,0.03633936836116041,0.0
126.10000000000001,1919.322677196426,-5.040554135837768,100.0,14.999955981649412,0.03633935304939154,0.0
126.2,1920.8526727065562,-5.036847522606434,100.0,14.999955981686073,0.036339337916575495,0.0
126.30000000000001,1922.38266821669,-5.0331409109095295,100.0,14.999955981722305,0.03633932296077507,0.0
126.4,1923.9126637268275,-5.029434300729096,100.0,14.999955981758113,0.03633930818007219,0.0
126.5,1925.4426592369687,-5.025727692047371,100.0,14.999955981793502,0.03633929357256776,0.0
126.60000000000001,1926.9726547471134,-5.022021084846787,100.0,14.999955981828474,0.03633927913638153,0.0
126.7,1928.5026502572616,-5.018314479109963,100.0,14.999955981863039,0.03633926486965191,0.0
126.80000000000001,1930.0326457674134,-5.014607874819712,100.0,14.999955981897195,0.03633925077053575,0.0
126.9,1931.5626412775687,-5.010901271959029,100.0,14.99995598193095,0.036339236837208286,0.0
127.0,1933.0926367877273,-5.007194670511098,100.0,14.999955981964309,0.03633922306786289,0.0
127.10000000000001,1934.6226322978894,-5.003488070459285,100.0,14.999955981997273,0.03633920946071094,0.0
127.2,1936.1526278080548,-4.999781471787136,100.0,14.99995598202985,0.036339196013981646,0.0
127.30000000000001,1937.6826233182235,-4.99607487447838,100.0,14.999955982062042,0.03633918272592192,0.0
127.4,1939.2126188283955,-4.9923682785169206,100.0,14.999955982093853,0.03633916959479616,0.0
127.5,1940.7426143385708,-4.98866168388684,100.0,14.99995598212529,0.03633915661888618,0.0
127.60000000000001,1942.2726098487492,-4.984955090572394,100.0,14.999955982156353,0.03633914379649098,0.0
127.7,1943.8026053589308,-4.981248498558011,100.0,14.999955982187048,0.03633913112592663,0.0
127.80000000000001,1945.3326008691154,-4.9775419078282885,100.0,14.999955982217381,0.036339118605526084,0.0
127.9,1946.862596379303,-4.973835318367996,100.0,14.999955982247352,0.03633910623363906,0.0
128.0,1948.3925918894938,-4.970128730162069,100.0,14.999955982276969,0.0363390940086319,0.0
128.1,1949.9225873996875,-4.96642214319561,100.0,14.999955982306233,0.03633908192888737,0.0
128.20000000000002,1951.452582909884,-4.962715557453883,100.0,14.99995598233515,0.036339069992804555,0.0
128.3,1952.9825784200837,-4.959008972922318,100.0,14.999955982363723,0.036339058198798686,0.0
128.4,1954.5125739302862,-4.955302389586502,100.0,14.999955982391954,0.03633904654530102,0.0
128.5,1956.0425694404917,-4.951595807432184,100.0,14.99995598241985,0.03633903503075867,0.0
128.6,1957.5725649506999,-4.9478892264452705,100.0,14.999955982447412,0.03633902365363448,0.0
128.70000000000002,1959.1025604609108,-4.944182646611822,100.0,14.999955982474646,0.036339012412406856,0.0
128.8,1960.6325559711247,-4.9404760679180555,100.0,14.999955982501554,0.036339001305569656,0.0
128.9,1962.1625514813413,-4.936769490350339,100.0,14.999955982528137,0.03633899033163203,0.0
129.0,1963.6925469915604,-4.933062913895194,100.0,14.999955982554406,0.03633897948911831,0.0
129.1,1965.2225425017823,-4.929356338539289,100.0,14.999955982580358,0.036338968776567795,0.0
129.20000000000002,1966.7525380120069,-4.925649764269444,100.0,14.999955982605998,0.036338958192534715,0.0
129.3,1968.282533522234,-4.921943191072622,100.0,14.999955982631333,0.03633894773558803,0.0
129.4,1969.8125290324635,-4.918236618935935,100.0,14.99995598265636,0.0363389374043113,0.0
129.5,1971.3425245426959,-4.914530047846636,100.0,14.999955982681088,0.03633892719730259,0.0
129.6,1972.8725200529307,-4.910823477792121,100.0,14.999955982705517,0.036338917113174274,0.0
129.70000000000002,1974.402515563168,-4.907116908759927,100.0,14.999955982729654,0.03633890715055296,0.0
129.8,1975.9325110734076,-4.9034103407377305,100.0,14.999955982753498,0.036338897308079335,0.0
129.9,1977.4625065836497,-4.8997037737133455,100.0,14.999955982777053,0.03633888758440803,0.0
130.0,1978.992502093894,-4.895997207674723,100.0,14.999955982800326,0.036338877978207514,0.0
130.1,1980.5224976041409,-4.892290642609949,100.0,14.999955982823318,0.036338868488159926,0.0
130.20000000000002,1982.05249311439,-4.888584078507243,100.0,14.999955982846028,0.03633885911296099,0.0
130.3,1983.5824886246414,-4.884877515354957,100.0,14.999955982868467,0.03633884985131989,0.0
130.4,1985.112484134895,-4.881170953141574,100.0,14.999955982890633,0.036338840701959085,0.0
130.5,1986.642479645151,-4.877464391855705,100.0,14.999955982912528,0.03633883166361426,0.0
130.6,1988.1724751554093,-4.873757831486093,100.0,14.999955982934159,0.03633882273503418,0.0
130.70000000000002,1989.7024706656696,-4.8700512720216045,100.0,14.999955982955525,0.03633881391498052,0.0
130.8,1991.2324661759321,-4.866344713451233,100.0,14.999955982976632,0.03633880520222781,0.0
130.9,1992.7624616861967,-4.862638155764097,100.0,14.999955982997484,0.0363387965955633,0.0
131.0,1994.2924571964636,-4.858931598949437,100.0,14.99995598301808,0.036338788093786795,0.0
131.1,1995.8224527067325,-4.855225042996615,100.0,14.999955983038426,0.03633877969571061,0.0
131.20000000000002,1997.3524482170035,-4.851518487895115,100.0,14.999955983058522,0.03633877140015939,0.0
131.3,1998.8824437272765,-4.847811933634539,100.0,14.999955983078372,0.03633876320597004,0.0
131.4,2000.4124392375516,-4.844105380204606,100.0,14.999955983097982,0.036338755111991576,0.0
131.5,2001.9424347478287,-4.840398827595156,100.0,14.999955983117351,0.03633874711708501,0.0
131.6,2003.4724302581076,-4.83669227579614,100.0,14.99995598313648,0.036338739220123296,0.0
131.70000000000002,2005.0024257683885,-4.832985724797625,100.0,14.999955983155376,0.036338731419991124,0.0
131.8,2006.5324212786713,-4.829279174589792,100.0,14.999955983174042,0.03633872371558491,0.0
131.9,2008.062416788956,-4.825572625162932,100.0,14.999955983192478,0.036338716105812574,0.0
132.0,2009.5924122992426,-4.821866076507449,100.0,14.999955983210686,0.03633870858959353,0.0
132.1,2011.122407809531,-4.818159528613855,100.0,14.99995598322867,0.036338701165858536,0.0
132.20000000000002,2012.6524033198214,-4.814452981472773,100.0,14.999955983246434,0.03633869383354958,0.0
132.3,2014.1823988301135,-4.810746435074929,100.0,14.999955983263979,0.0363386865916198,0.0
132.4,2015.7123943404074,-4.807039889411159,100.0,14.999955983281307,0.03633867943903332,0.0
132.5,2017.242389850703,-4.803333344472402,100.0,14.999955983298419,0.03633867237476522,0.0
132.6,2018.7723853610003,-4.799626800249702,100.0,14.999955983315322,0.03633866539780138,0.0
132.70000000000002,2020.3023808712992,-4.795920256734206,100.0,14.999955983332015,0.036338658507138404,0.0
132.8,2021.8323763816,-4.792213713917163,100.0,14.9999559833485,0.0363386517017835,0.0
132.9,2023.3623718919023,-4.788507171789921,100.0,14.999955983364783,0.0363386449807544,0.0
133.0,2024.8923674022062,-4.78480063034393,100.0,14.999955983380865,0.03633863834307921,0.0
133.1,2026.422362912512,-4.781094089570736,100.0,14.999955983396745,0.03633863178779638,0.0
133.20000000000002,2027.9523584228193,-4.777387549461985,100.0,14.999955983412429,0.03633862531395456,0.0
133.3,2029.4823539331283,-4.773681010009419,100.0,14.999955983427915,0.03633861892061251,0.0
133.4,2031.0123494434388,-4.769974471204874,100.0,14.999955983443213,0.03633861260683902,0.0
133.5,2032.5423449537507,-4.766267933040281,100.0,14.99995598345832,0.036338606371712774,0.0
133.6,2034.0723404640642,-4.7625613955076656,100.0,14.999955983473233,0.03633860021432227,0.0
133.70000000000002,2035.6023359743792,-4.758854858599146,100.0,14.999955983487965,0.03633859413376577,0.0
133.8,2037.1323314846957,-4.75514832230693,100.0,14.99995598350251,0.03633858812915115,0.0
133.9,2038.6623269950137,-4.751441786623317,100.0,14.999955983516877,0.03633858219959584,0.0
134.0,2040.192322505333,-4.747735251540697,100.0,14.999955983531061,0.036338576344226686,0.0
134.1,2041.722318015654,-4.744028717051546,100.0,14.999955983545068,0.03633857056217993,0.0
134.20000000000002,2043.2523135259764,-4.740322183148431,100.0,14.9999559835589,0.03633856485260105,0.0
134.3,2044.7823090363001,-4.736615649824001,100.0,14.999955983572558,0.03633855921464471,0.0
134.4,2046.3123045466252,-4.732909117070997,100.0,14.999955983586045,0.036338553647474674,0.0
134.5,2047.8423000569517,-4.7292025848822385,100.0,14.999955983599364,0.036338548150263675,0.0
134.6,2049.3722955672797,-4.725496053250634,100.0,14.999955983612512,0.036338542722193376,0.0
134.70000000000002,2050.902291077609,-4.721789522169171,100.0,14.999955983625497,0.03633853736245427,0.0
134.8,2052.4322865879394,-4.718082991630923,100.0,14.999955983638317,0.036338532070245566,0.0
134.9,2053.9622820982713,-4.714376461629041,100.0,14.999955983650977,0.036338526844775135,0.0
135.0,2055.4922776086046,-4.710669932156759,100.0,14.999955983663478,0.0363385216852594,0.0
135.1,2057.0222731189388,-4.706963403207389,100.0,14.999955983675818,0.03633851659092329,0.0
135.20000000000002,2058.5166615783023,-4.732793539610606,99.99934209486798,14.887474997416396,-0.5528767426841927,-0.013154832664102412
135.3,2059.9996965212936,-4.817524972973825,99.99737007281203,14.772846859391052,-1.1416786758555086,-0.026278483132202872
135.4,2061.471151719845,-4.96111372584619,99.99408821378142,14.655842665150914,-1.7300141910349836,-0.03934766902601175
135.5,2062.9307784834245,-5.163510454808816,99.98950313965507,14.536242285992278,-2.317829080449856,-0.05233884073281629
135.6,2064.3783066009714,-5.424660345706666,99.98362383892727,14.41383565067882,-2.9050681660363713,-0.06522822272937279
135.70000000000002,2065.8134454091874,-5.744503026246869,99.9764616870889,14.288423989119764,-3.4916755016114007,-0.07799185835453032
135.8,2067.2358849828365,-6.1229725017271495,99.96803046235969,14.159821026918777,-4.077594633481501,-0.0906056580009004
135.9,2068.6452974415442,-6.559997119763619,99.95834635643587,14.027854118686399,-4.66276891971334,-0.10304545058067667
136.0,2070.041338366328,-7.055499569821425,99.94742797993817,13.89236530717128,-5.247141906505939,-0.11528703799878498
136.1,2071.4236483177697,-7.6093969231020235,99.93529636227788,13.753212294679386,-5.830657758214743,-0.1273062522421538
136.20000000000002,2072.7918544463696,-8.22160071789872,99.92197494570416,13.568461456218133,-6.393561557638769,-0.1386517933769668
136.3,2074.1414367019893,-8.890058419101782,99.90753202159334,13.309336932163708,-6.916601851128926,-0.14889344882497205
136.4,2075.4650374831162,-9.610803105812147,99.89207858761536,13.032737075887532,-7.4244613025940565,-0.1585518119413996
136.5,2076.760938704235,-10.382324012400867,99.87567378693075,12.740082545432442,-7.915946614388101,-0.167588584710446
136.6,2078.027566014285,-11.202991592230157,99.85838053312003,12.432919949114206,-8.389966395373099,-0.1759699503555893
136.70000000000002,2079.2635009808496,-12.071067503976126,99.84026506051804,12.112910411631873,-8.845545081603117,-0.18366700603826486
136.8,2080.46749212078,-12.984715972264821,99.82139643150398,11.78181496081319,-9.281836373286685,-0.1906561530367439
136.9,2081.6384489896977,-13.942012648358801,99.80184611058688,11.4413841786865,-9.698244694765638,-0.1969210911822595
137.0,2082.775372218614,-14.94095279762236,99.78168772769709,11.092835532816647,-10.094949716375304,-0.20246003490722317
137.1,2083.8774534671943,-15.979566937609073,99.76099452960986,10.737723047511126,-10.471787966694007,-0.2072692344535211
137.20000000000002,2084.94403924454,-17.055869095157824,99.73984007138075,10.377559361682323,-10.828739208859224,-0.21135004441555164
137.3,2085.9746268054473,-18.167871138762823,99.71829770350773,10.01380114150695,-11.165916304361915,-0.21470859866069475
137.4,2086.968858599557,-19.31359610060452,99.69644009221312,9.647836807140045,-11.483553524836394,-0.21735543474107122
137.5,2087.926515502634,-20.491090332315615,99.674338777897,9.280976675013282,-11.781993771801545,-0.21930508222331577
137.6,2088.8475090690877,-21.698434384505177,99.65206377535696,8.914445516105204,-12.061675154484373,-0.22057562894894234
137.70000000000002,2089.731873044716,-22.933752545074654,99.62968321795599,8.549377441185252,-12.323117345612607,-0.22118827820304926
137.8,2090.5797543697727,-24.19522101338513,99.60726304661367,8.18681295045569,-12.566908088823672,-0.2211669082596517
137.9,2091.391403886297,-25.481074724768046,99.58486674334259,7.827697929547763,-12.79369017411922,-0.2205376439499452
138.0,2092.1671669420966,-26.78961287160569,99.5625551080836,7.472884337073017,-13.004149134666946,-0.2193284479261464
138.1,2092.9074740586057,-28.119203192642942,99.54038607682496,7.1231323100101065,-13.199001853876448,-0.21756873731352452
138.20000000000002,2093.612831802849,-29.46828512119568,99.51841457842106,6.779113410104596,-13.37898620997436,-0.21528902957628906
138.3,2094.2838139764685,-30.835371895754292,99.4966924271455,6.44141474441229,-13.544851829261402,-0.2125206197571941
138.4,2094.9210532084826,-32.21905174370345,99.47526824779902,6.110543713003045,-13.697351970841996,-0.20929528984146514
138.5,2095.52523301414,-33.617988251253266,99.45418743011999,5.7869331635210495,-13.837236525925437,-0.20564504986802548
138.6,2096.097080360547,-35.03092003106929,99.43349210928491,5.470946762867439,-13.965246084044859,-0.20160190956450774
138.70000000000002,2096.6373587610533,-36.456659794393126,99.41322116941053,5.162884428245615,-14.082106996330321,-0.19719767869724658
138.8,2097.1468619048724,-37.89409292751434,99.39341026715127,4.8629876912074455,-14.188527351461651,-0.19246379397038396
138.9,2097.6264078159265,-39.342175664059916,99.37409187270359,4.571444897703435,-14.285193772004686,-0.18743117013930297
139.0,2098.0768335253533,-40.79993293536758,99.35529532576338,4.288396173510075,-14.372768936274603,-0.18213007298068246
139.1,2098.498990235121,-42.266455971743035,99.33704690421872,4.0139381072488876,-14.451889732449944,-0.1765900118440878
139.20000000000002,2098.8937389454427,-43.74089971808214,99.31936990358926,3.748128122335177,-14.523165956246027,-0.1708396496620249
139.3,2099.261946515827,-45.2224801184704,99.30228472543672,3.4909885246731287,-14.58717947005179,-0.16490672848643437
139.4,2099.6044821282335,-46.710471316155505,99.28580897316579,3.242510224997912,-14.644483749209346,-0.15881800882569408
139.5,2099.9222141206583,-48.20420280784335,99.26995755380906,3.0026561438176342,-14.695603749409726,-0.15259922125959166
139.6,2100.2160071601784,-49.703056584647584,99.25474278454446,2.7713643133462345,-14.7410360374908,-0.14627502899841913
139.70000000000002,2100.486719725867,-51.206464286229384,99.24017450282918,2.5485506950734966,-14.781249135895724,-0.1398690002191876
139.8,2100.7352018737556,-52.713904389665984,99.2262601791543,2.334111734106557,-14.816684038444869,-0.1334035891537672
139.9,2100.9622932580573,-54.22489945032547,99.21300503152972,2.127926672520333,-14.847754861750863,-0.1269001250203143
140.0,2101.1688213849966,-55.73901340843191,99.20041214090311,1.9298596440099998,-14.874849602500536,-0.1203788079825516
140.1,2101.355600077748,-57.25584897200032,99.18848256680177,1.7397615714351604,-14.8983309759314,-0.1138587113945012
140.20000000000002,2101.5234281330618,-58.77504508432804,99.17721546256351,1.5574718876232319,-14.918537315174897,-0.10735778964504017
140.3,2101.6730881521253,-60.29627448217154,99.16660818959453,1.3828200982528778,-14.935783514781585,-0.10089289096116802
140.4,2101.8053455300214,-61.819241349046756,99.15665643015885,1.215627203918715,-14.950362004757308,-0.09447977456498906
140.5,2101.920947589805,-63.3436790667033,99.14735429826729,1.055706996703109,-14.96254374390346,-0.08813313161047248
140.6,2102.020622848697,-64.86934806668454,99.138694448293,0.9028672448333748,-14.972579223249406,-0.08186660935481237
140.70000000000002,2102.1050804052015,-66.39603378294878,99.13066818099713,0.7569107773421149,-14.980699471967641,-0.07569283804773493
140.8,2102.175009437128,-67.92354470575388,99.12326554670096,0.6176364791138005,-14.987117059444031,-0.06962346005179741
140.9,2102.2310788014756,-69.45171053636453,99.1164754453905,0.4848402053108315,-14.992027088198748,-0.06366916073837545
141.0,2102.273936728038,-70.98038044160424,99.11028572358578,0.35831562293862396,-14.995608173174459,-0.05783970073792526
141.1,2102.3042105993277,-72.50942140682102,99.10468326784903,0.237854986228811,-14.998023403571958,-0.05214394915906334
141.20000000000002,2102.3225068100746,-74.03871668545105,99.09965409484516,0.12324985158601869,-14.999421283958858,-0.04658991742859176
141.3,2102.329410700111,-75.5681643430371,99.0951834379017,0.014291737045164035,-14.999936651834277,-0.04118479344316068
141.4,2102.3254865549507,-77.09767589327754,99.09125583004631,-0.08922726949086726,-14.999691569225556,-0.03593497576204223
141.5,2102.31127766878,-78.6271750234426,99.08785518352671,-0.18751394953424166,-14.998796186240263,-0.030846107608730737
141.6,2102.2873064649552,-80.15659640629012,99.08496486583977,-0.2807734375962374,-14.99734957481098,-0.025923110486057537
141.70000000000002,2102.2540746694126,-81.68588459544203,99.08256777231604,-0.3692087462538441,-14.99544053116118,-0.021170217244568253
141.8,2102.21206353269,-83.21499300104072,99.08064639532108,-0.45302033021688415,-14.993148345793843,-0.016591004476545324
141.9,2102.161734096497,-84.74388294239044,99.07918289014694,-0.5324056871956693,-14.990543540064142,-0.012188424137866019
142.0,2102.10352750101,-86.27252277420125,99.07815913767655,-0.6075589936066478,-14.987688568645329,-0.007964834326618103
142.1,2102.037865329251,-87.80088708298975,99.07755680391016,-0.678670773354298,-14.984638487433784,-0.003922029170903096
142.20000000000002,2101.96514998511,-89.32895595015152,99.07735739644711,-0.745927598097255,-14.981441586664586,-6.126779853033103e-05
142.3,2101.8857651017206,-90.85671427820324,99.07754231801881,-0.8095118175518448,-14.978139989222369,0.0036166976216002442
142.4,2101.8000759770534,-92.38415117669584,99.07809291716892,-0.8696013185092569,-14.974770214332738,0.007111594762549487
142.5,2101.7084300337424,-93.91125940432421,99.07899053617645,-0.9263693113474725,-14.971363707005915,0.010423604931693054
142.6,2101.6111573002704,-95.43803486380014,99.08021655631552,-0.9799841429083687,-14.967947333775731,0.013553337748567438
142.70000000000002,2101.5085709107752,-96.96447614611378,99.08175244054274,-1.0306091346847976,-14.964543845432798,0.01650180667801948
142.8,2101.4009676208457,-98.49058412088227,99.08357977370012,-1.078402445324745,-14.961172307589868,0.019270405384129122
142.9,2101.288628336781,-100.01636156957085,99.08568030031783,-1.123516956510243,-14.95784850003993,0.021860884867775248
143.0,2101.1718186558987,-101.54181285847032,99.08803596009714,-1.1661001813082779,-14.954585285973016,0.024275331349590708
143.1,2101.050789415562,-103.06694364842353,99.09062892115,-1.206294194121649,-14.951392952206499,0.02651614486015742
143.20000000000002,2100.9257772487044,-104.59176063840995,99.09344161106779,-1.2442355813887727,-14.948279521655742,0.028586018500371155
143.3,2100.797005143716,-106.11627134022181,99.09645674588808,-1.2800554121949306,-14.945251039328378,0.030487918336762124
143.4,2100.6646830066493,-107.6404838815939,99.09965735702454,-1.3138792279640747,-14.942311833166286,0.0322250638989821
143.5,2100.529008223793,-109.16440683528178,99.10302681622194,-1.3458270504000438,-14.939464751086145,0.03380090924950367
143.6,2100.3901662227536,-110.6880490717188,99.10654885859496,-1.376013406841024,-14.93671137558252,0.03521912459867458
143.70000000000002,2100.2483310302755,-112.21141963301773,99.11020760380698,-1.4045473721816362,-14.934052217258442,0.03648357844149928
143.8,2100.10366582512,-113.73452762621983,99.11398757544272,-1.431532626503769,-14.931486888638174,0.03759832019578338
143.9,2099.956323484421,-115.25738213382814,99.11787371862611,-1.4570675275419418,-14.929014259596713,0.038567563324481954
144.0,2099.8064471220214,-116.7799921397955,99.12185141593368,-1.4812451970920961,-14.926632595711643,0.03939566892817938
144.1,2099.6541706174025,-118.30236646926683,99.1259065016516,-1.5041536204547654,-14.924339680806568,0.040087129796530875
144.20000000000002,2099.499619133898,-119.82451374050216,99.13002527442414,-1.5258757579865672,-14.922132924912674,0.04064655491018397
144.3,2099.342909624996,-121.34644232752804,99.13419450833976,-1.546489667817338,-14.920009458827026,0.04107865438713523
144.4,2099.1841513276304,-122.86816033218281,99.13840146250087,-1.5660686387757585,-14.917966216394419,0.04138822486964717
144.5,2099.0234462414537,-124.38967556433265,99.14263388912273,-1.584681332554524,-14.916000005584525,0.0415801353497392
144.6,2098.860889593195,-125.91099552914237,99.14688004020682,-1.6023919341370962,-14.914107569379292,0.04165931343287724
144.70000000000002,2098.6965702853076,-127.43212742038554,99.15112867283374,-1.6192603095026876,-14.91228563742725,0.04163073204081182
144.8,2098.5305713282,-128.95307811887403,99.1553690531211,-1.6353421696253394,-14.910530969362917,0.04149939655557141
144.9,2098.362970255465,-130.47385419517624,99.1595909588919,-1.6506892397857051,-14.90884039063128,0.04127033240741134
145.0,2098.1938395216075,-131.99446191587745,99.16378468109889,-1.6653494332222787,-14.907210821599943,0.04094857311006844
145.1,2098.023246881874,-133.5149072527133,99.16794102405126,-1.6793670281614352,-14.9056393006856,0.04053914874698962
145.20000000000002,2097.85125575389,-135.03519589398041,99.17205130448981,-1.6927828472828528,-14.904123002167417,0.04004707491231548
145.3,2097.677925560902,-136.5553332576951,99.17610734955745,-1.705634438699551,-14.90265924930789,0.03947734211031967
145.4,2097.5033120565126,-138.07532450603347,99.18010149371202,-1.7179562575584189,-14.90124552335212,0.03883490561675789
145.5,2097.327467630893,-139.59517456064307,99.18402657462879,-1.729779847398776,-14.899879468929532,0.038124675805189676
145.6,2097.15044159854,-141.11488811846905,99.1878759281404,-1.7411340204422014,-14.898558896337546,0.037351508940812225
145.70000000000002,2096.972280467726,-142.6344696677857,99.19164338226186,-1.7520450360266464,-14.897281781145177,0.03652019844372579
145.8,2096.7930282048887,-144.15392350594183,99.1953232503856,-1.7625341154567016,-14.896046576353365,0.03563547337174081
145.9,2096.61272789421,-145.6732539444777,99.1989103270751,-1.7726003745422396,-14.894854268555058,0.034702027028808924
146.0,2096.431421806994,-147.19246527087233,99.20239987768552,-1.7822623488996774,-14.893703487876287,0.033724396455760516
146.1,2096.2491501964287,-148.7115616132995,99.20578762502903,-1.7915387832353633,-14.892592757438944,0.03270702127464072
146.20000000000002,2096.0659515116545,-150.2305469618956,99.20906973982058,-1.8004463976005465,-14.891520767812832,0.031654244049371914
146.3,2095.881862583305,-151.74942518319494,99.21224283043648,-1.8090002567703583,-14.890486342880997,0.030570303878669658
146.4,2095.6969187828563,-153.26820003261557,99.2153039320726,-1.8172139444414563,-14.889488427341936,0.029459330916507907
146.5,2095.5111541662573,-154.7868751659277,99.21825049537009,-1.8250997071204471,-14.888526076617008,0.0283253413788466
146.6,2095.32460160322,-156.30545414971914,99.22108037455455,-1.832668591358005,-14.887598446492444,0.02717223299011701
146.70000000000002,2095.1372928928645,-157.82394047083457,99.22379181513338,-1.8399305740481446,-14.886704782659717,0.02600378086348524
146.8,2094.9492588664366,-159.34233754478225,99.22638344119498,-1.8468946855671908,-14.88584441029894,0.024823633808151304
146.9,2094.7605294778377,-160.86064872311522,99.22885424235314,-1.8535691255807545,-14.885016723832226,0.023635311056240657
147.0,2094.5711338827255,-162.37887729980702,99.23120356037887,-1.8599613713994487,-14.884221176957427,0.022442199401163092
147.1,2094.3811005069438,-163.89702651665291,99.23343107556137,-1.8660782788151753,-14.883457273057285,0.021247550738700344
147.20000000000002,2094.1904571050554,-165.41509956773643,99.23553679283845,-1.8719261753978997,-14.882724556064728,0.020054480001497264
147.3,2093.999230809744,-166.9330996030092,99.23752102773629,-1.877510946279777,-14.882022601851595,0.018865963477109376
147.4,2093.807448172846,-168.45102973103823,99.23938439215704,-1.8828381124971327,-14.881351010195642,0.017684837499272386
147.5,2093.6151351987714,-169.96889302098032,99.2411277800516,-1.8879129020018208,-14.880709397369037,0.016513797501628073
147.6,2093.422317371052,-171.4866925038466,99.24275235301428,-1.8927403134919605,-14.880097389380634,0.015355397422751863
147.70000000000002,2093.2290196727345,-173.00443117312412,99.2442595258343,-1.8973251732469285,-14.879514615894362,0.01421204945098434
147.8,2093.035266601333,-174.5221119848223,99.24565095203832,-1.9016721851838125,-14.878960704836597,0.013086024097265024
147.9,2092.84108217901,-176.03973785701365,99.24692850945686,-1.905785974381265,-14.878435277696893,0.011979450583911868
148.0,2092.646489958641,-177.5573116689384,99.24809428584607,-1.909671124342181,-14.877937945518495,0.010894317537062603
148.1,2092.4515130263917,-179.0748362597413,99.24915056459524,-1.9133322082891542,-14.877468305567954,0.009832473970313737
148.20000000000002,2092.2561740013934,-180.5923144269082,99.25009981054923,-1.916773814805768,-14.877025938666579,0.008795630546939767
148.3,2092.060495033081,-182.10974892446825,99.25094465597331,-1.920000568152313,-14.876610407160875,0.007785361107956564
148.4,2091.864497796718,-183.62714246102385,99.25168788668714,-1.9230171435977874,-14.876221253503823,0.00680310445320486
148.5,2091.668203487597,-185.14449769766887,99.25233242839279,-1.92582827811906,-14.875857999414706,0.005850166362569098
148.6,2091.471632814379,-186.66181724585132,99.25288133322088,-1.9284387768252442,-14.875520145581268,0.004927721844412419
148.70000000000002,2091.2748059919736,-188.17910366523336,99.25333776651712,-1.9308535154689006,-14.875207171865037,0.004036817598297891
148.8,2091.0777427343546,-189.69635946159704,99.2537049938905,-1.9330774394065968,-14.874918537968256,0.003178374679081121
148.9,2090.8804622476478,-191.2135870848406,99.25398636854315,-1.9351155593700033,-14.874653684518996,0.0023531913494945224
149.0,2090.682983223799,-192.7307889271048,99.2541853189003,-1.9369729444045474,-14.87441203452994,0.0015619461083970188
149.1,2090.4853238350943,-194.24796732106518,99.2543053365575,-1.9386547123264728,-14.874192995185519,0.000805200881940445
149.20000000000002,2090.287501729766,-195.76512453842085,99.25434996456136,-1.9401660180404314,-14.873995959912214,8.340436499698122e-05
149.3,2090.089534028887,-197.28226278860657,99.25432278603823,-1.941512040049851,-14.873820310687043,-0.0006031044996964722
149.4,2089.8914373247226,-198.7993842177494,99.25422741318432,-1.9426979654794203,-14.873665420540194,-0.0012540929170918353
149.5,2089.693227680669,-200.31649090788812,99.25406747662943,-1.9437289739163481,-14.873530656208956,-0.0018694305223511097
149.6,2089.494920632896,-201.83358487646808,99.25384661518513,-1.9446102203607551,-14.873415380901873,-0.002449085562443777
149.70000000000002,2089.296531193755,-203.35066807612117,99.25356846598713,-1.945346817560239,-14.873318957133778,-0.002993120988751228
149.8,2089.0980738570165,-204.8677423947359,99.25323665504031,-1.9459438179856268,-14.873240749594803,-0.003501690472417621
149.9,2088.899562604952,-206.3848096558195,99.25285478817362,-1.9464061956870078,-14.873180128018792,-0.00397503435397772
150.0,2088.7010109172616,-207.90187161915037,99.25242644241101,-1.9467388282504028,-14.873136470019224,-0.004413475538573775
150.1,2088.5024317818334,-209.41892998171616,99.25195515776345,-1.9469464790557411,-14.873109163863546,-0.004817415347834154
150.20000000000002,2088.3038377072844,-210.93598637892984,99.25144442944574,-1.9470337800173956,-14.87309761115974,-0.005187329339241794
150.3,2088.1052407372335,-212.45304238611388,99.25089770052104,-1.9470052149687898,-14.873101229431793,-0.005523763103552611
150.4,2087.9066524662294,-213.9700995202401,99.25031835497467,-1.9468651038325264,-14.873119454563893,-0.005827328050553731
150.5,2087.7080840572457,-215.48715924191103,99.24970971121797,-1.946617587698114,-14.87315174309591,-0.006098697193160366
150.6,2087.509546260651,-217.00422295756715,99.24907501602192,-1.9462666149097638,-14.873197574355887,-0.006338600939549323
150.70000000000002,2087.311049434539,-218.52129202190247,99.24841743887896,-1.9458159282480259,-14.873256452417927,-0.0065478229027220525
150.8,2087.1126035663087,-220.03836774047073,99.2477400667911,-1.9452690532706243,-14.87332790787674,-0.006727195736560516
150.9,2086.9142182953706,-221.55545137246295,99.24704589948095,-1.9446292878597469,-14.87341149943272,-0.006877597007111192
151.0,2086.7159029368577,-223.07254413363697,99.24633784502173,-1.9438996930066248,-14.873506815283921,-0.0069999451074934825
151.1,2086.517666506211,-224.58964719937924,99.24561871588125,-1.9430830848477019,-14.873613474323697,-0.007095195224472247
151.20000000000002,2086.3195177445127,-226.1067617078792,99.24489122537446,-1.9421820279513238,-14.873731127144987,-0.007164335364380284
151.3,2086.1214651444416,-227.6238887633965,99.24415798451783,-1.9411988298402225,-14.873859456854143,-0.007208382445711922
151.4,2085.9235169767217,-229.14102943960214,99.24342149927863,-1.9401355367209503,-14.87399817969927,-0.007228378465333895
151.5,2085.72568131695,-230.65818478297476,99.24268416821114,-1.938993930379784,-14.874147045519509,-0.0072253867448846334
151.6,2085.5279660726806,-232.17535581623426,99.24194828047136,-1.9377755261935192,-14.874305838023304,-0.00720048826355111
151.70000000000002,2085.3303790106556,-233.69254354179577,99.24121601420097,-1.9364815721932693,-14.874474374905034,-0.0071547780830283295
151.8,2085.1329277840846,-235.2097489452281,99.24048943527107,-1.9351130491106263,-14.874652507810394,-0.007089361870074221
151.9,2084.9356199598674,-236.72697299870157,99.23977049637527,-1.9336706713279346,-14.87484012216206,-0.007005352521688467
152.0,2084.7384630456795,-238.24421666441168,99.23906103646158,-1.9321548886474353,-14.875037136857765,-0.006903866897549281
152.1,2084.5414645168385,-239.76148089796638,99.23836278049185,-1.9305658887887767,-14.875243503853698,-0.006786022663952462
152.20000000000002,2084.3446318428814,-241.2787666517256,99.23767733951719,-1.9289036005195734,-14.875459207646502,-0.006652935253110327
152.3,2084.1479725137947,-242.79607487808354,99.23700621105746,-1.927167697320207,-14.87568426466758,-0.00650571494127209
152.4,2083.9514940658473,-244.31340653268538,99.23635077977254,-1.9253576014816267,-14.875918722603418,-0.006345464048756231
152.5,2083.755204106988,-245.83076257757148,99.23571231841272,-1.9234724885330348,-14.87616265965593,-0.006173274264589208
152.6,2083.559110341778,-247.3481439842438,99.23509198903558,-1.921511291895731,-14.876416183756506,-0.005990224098078282
152.70000000000002,2083.3632205958415,-248.8655517366502,99.23449084447601,-1.9194727076590588,-14.87667943174747,-0.005797376459271422
152.8,2083.1675428398294,-250.3829868340841,99.23390983005646,-1.9173551993754319,-14.876952568544231,-0.005595776369890914
152.9,2082.972085212892,-251.9004502939982,99.23334978552379,-1.9151570027725933,-14.877235786291093,-0.00538644880597152
153.0,2082.7768560456866,-253.417943154732,99.23281144719937,-1.912876130282905,-14.87752930352322,-0.005170396673078319
153.1,2082.58186388293,-254.9354664781545,99.23229545032885,-1.9105103752924915,-14.877833364346724,-0.004948598914641958
153.20000000000002,2082.3871175055415,-256.4530213522243,99.23180233161803,-1.908057316015163,-14.878148237648203,-0.004722008753606688
153.3,2082.1926259524103,-257.97060889347097,99.23133253194115,-1.9055143188997277,-14.878474216344502,-0.004491552067272862
153.4,2081.9983985418444,-259.4882302494014,99.23088639920815,-1.902878541482436,-14.878811616682617,-0.0042581258948861354
153.5,2081.8044448927612,-261.0058866008379,99.2304641913773,-1.9001469345999547,-14.879160777599088,-0.004022597077231856
153.60000000000002,2081.6107749456883,-262.5235791641933,99.23006607959988,-1.8973162438818905,-14.87952206014738,-0.0037858010271910082
153.70000000000002,2081.417398983653,-264.0413091936908,99.22969215148353,-1.894383010445509,-14.879895847000904,-0.003548540629934872
153.8,2081.224327653044,-265.55907798353707,99.22934241446119,-1.8913435707191961,-14.880282542038715,-0.003311585271158495
153.9,2081.0315719845394,-267.0768868700563,99.22901679925256,-1.8881940553239724,-14.880682570019875,-0.003075669991498236
154.0,2080.8391434142027,-268.5947372337949,99.22871516340554,-1.8849303869463958,-14.881096376351898,-0.002841494765021188
154.10000000000002,2080.6470538048457,-270.11263050160665,99.22843729490482,-1.8815482771386793,-14.881524426957665,-0.0026097238994458186
154.20000000000002,2080.4553154677806,-271.63056814872823,99.22818291583559,-1.8780432219841083,-14.88196720824459,-0.0023809855555227914
154.3,2080.263941185072,-273.1485517008557,99.22795168609017,-1.8744104965685615,-14.882425227178944,-0.002155871382793414
154.4,2080.0729442324177,-274.66658273623244,99.22774320710596,-1.8706451482000876,-14.882899011467394,-0.0019349362687451936
154.5,2079.8823384027896,-276.1846628877594,99.22755702562334,-1.8667419883194056,-14.88338910984732,-0.0017186981981947614
154.60000000000002,2079.6921380309673,-277.7027938451388,99.2273926374522,-1.8626955830448944,-14.883896092486403,-0.0015076382195551808
154.70000000000002,2079.502358019111,-279.2209773570621,99.2272494912367,-1.8585002422947172,-14.884420551491559,-0.001302200514479546
154.8,2079.313013863519,-280.739215233453,99.22712699220774,-1.8541500074279276,-14.884963101526438,-0.0011027925672288568
154.9,2079.1241216827234,-282.2575093477762,99.2270245059131,-1.8496386373441616,-14.885524380536081,-0.0009097854299699118
155.0,2078.93569824709,-283.7758616394224,99.22694136191583,-1.844959592978459,-14.886105050576665,-0.0007235140800888357
155.10000000000002,2078.7477610100805,-285.2942741161802,99.22687685745156,-1.840106020123872,-14.8867057987476,-0.0005442778654925557
155.20000000000002,2078.5603281413596,-286.81274885680443,99.22683026103608,-1.8350707305094927,-14.887327338222581,-0.0003723410337724504
155.3,2078.373418561925,-288.33128801368986,99.2268008160148,-1.8298461810551956,-14.887970409375532,-0.00020793334101693582
155.4,2078.1870519814497,-289.8498938156603,99.22678774404616,-1.8244244512169767,-14.888635780996694,-5.125073598684446e-05
155.5,2078.0012489380406,-291.36856857088077,99.22679024851162,-1.8187972183281038,-14.889324251593393,9.754388469541976e-05
155.60000000000002,2077.816030840617,-292.88731466990015,99.22680751784503,-1.8129557308312536,-14.890036650769192,0.00023831985474218599
155.70000000000002,2077.6314200141355,-294.40613458883234,99.22683872877514,-1.8068907792847932,-14.890773840674333,0.00037097785422122884
155.8,2077.4474397478944,-295.9250308926808,99.22688304947468,-1.8005926650135786,-14.891536717519438,0.0004954489678626441
155.9,2077.2641143471583,-297.4440062388122,99.22693964261087,-1.794051166259563,-14.892326213143248,0.0006116936901342753
156.0,2077.0814691883784,-298.9630633805831,99.2270076682917,-1.7872555016703253,-14.893143296624114,0.0007197008815668129
156.10000000000002,2076.899530778276,-300.4822051711222,99.22708628690353,-1.7801942909454729,-14.893988975923365,0.0008194866808087498
156.20000000000002,2076.718326817101,-302.0014345672696,99.22717466183556,-1.772855512439256,-14.894864299547097,0.0009110933768697434
156.3,2076.5378862663774,-303.5207546336726,99.22727196208758,-1.7652264574947263,-14.89577035821091,0.0009945882459865885
156.4,2076.3582394214905,-305.0401685470356,99.22737736475726,-1.7572936812588278,-14.896708286489815,0.001070062357502167
156.5,2076.179417989481,-306.55967960052004,99.22749005740428,-1.7490429496991091,-14.897679264432677,0.0011376293531098487
156.60000000000002,2076.0014551724566,-308.07929120828703,99.22760924028888,-1.7404591825107172,-14.898684519117431,0.0011974242037515281
156.70000000000002,2075.8243857570533,-309.5990069101728,99.22773412848247,-1.7315263915677206,-14.89972532611925,0.0012496019483931198
156.8,2075.6482462104195,-311.11883037648374,99.22786395384897,-1.7222276145337578,-14.9008030108592,0.0012943364188298253
156.9,2075.473074783245,-312.63876541289335,99.22799796689549,-1.712544843204094,-14.901918949795471,0.0013318189545846039
157.0,2075.2989116203867,-314.1588159654195,99.22813543849162,-1.702458946104276,-14.903074571412608,0.001362257111880267
157.10000000000002,2075.125798879713,-315.67898612545406,99.22827566145686,-1.6919495848181538,-14.904271356956322,0.0013858733705571465
157.20000000000002,2074.95378085983,-317.1992801348112,99.22841795201624,-1.6809951234607865,-14.90551084085218,0.0014029038427151401
157.3,2074.7829041374252,-318.71970239075245,99.22856165112452,-1.6695725306484952,-14.906794610735318,0.0014135969867338897
157.4,2074.6132177150253,-320.24025745093826,99.22870612565956,-1.6576572732480808,-14.908124307005275,0.0014182123302138071
157.5,2074.4447731800547,-321.7609500382448,99.22885076948609,-1.645223201110816,-14.90950162180424,0.0014170192052550589
157.60000000000002,2074.2776248761534,-323.2817850453725,99.2289950043913,-1.632242421912051,-14.910928297298506,0.0014102954993622321
157.70000000000002,2074.111830087813,-324.8027675391576,99.2291382808939,-1.6186851651238172,-14.912406123120821,0.001398326425121575
157.8,2073.9474492394947,-326.32390276448206,99.2292800789289,-1.6045196340461778,-14.913936932805008,0.0013814033116674193
157.9,2073.78454611051,-327.8451961476532,99.22941990841014,-1.5897118447103937,-14.915522599013098,0.0013598224208030104
158.0,2073.623188067063,-329.36665329910534,99.22955730967377,-1.5742254503447142,-14.917165027318061,0.0013338837905006442
158.10000000000002,2073.463446313008,-330.88828001524035,99.22969185380506,-1.5580215499596441,-14.918866148261131,0.0013038901083476993
158.20000000000002,2073.3053961610135,-332.4100822791958,99.2298231428521,-1.5410584794642002,-14.920627907350333,0.0012701456173584767
158.3,2073.1491173260115,-333.93206626028393,99.2299508099295,-1.523291583567189,-14.922452252604302,0.0012329550564139258
158.4,2072.994694242981,-335.45423831179966,99.23007451921615,-1.5046729665488132,-14.92434111917134,0.0011926226374328762
158.5,2072.8422164113294,-336.97660496683676,99.23019396585035,-1.485151219807609,-14.926296410465199,0.0011494510612186707
158.60000000000002,2072.6917787683574,-338.49917293168426,99.23030887572692,-1.4646711238968408,-14.928319975153919,0.0011037405737682423
158.70000000000002,2072.543482094529,-340.021949076294,99.23041900520002,-1.4431733225677417,-14.930413579212745,0.0010557880646605013
158.8,2072.3974334535383,-341.54494042121473,99.2305241406963,-1.4205939661340345,-14.932578872102988,0.0010058862089884215
158.9,2072.2537466704475,-343.0681541202743,99.23062409824294,-1.3968643212723824,-14.93481734596123,0.0009543226541263327
159.0,2072.112542851468,-344.5915974381558,99.23071872291497,-1.3719103441822704,-14.937130286472069,0.0009013792524619124
159.10000000000002,2071.9739509492833,-346.1152777218541,99.2308078882069,-1.345652213859801,-14.939518713846299,0.000847331341056956
159.20000000000002,2071.8381083781487,-347.6392023648072,99.23089149533325,-1.3180038221077017,-14.941983312028464,0.000792447069027858
159.3,2071.705161683342,-349.16337876227186,99.23096947246309,-1.288872216832233,-14.944524343903637,0.0007369867732715574
159.4,2071.5752672699,-350.6878142562437,99.23104177389331,-1.2581569951973355,-14.947141549854917,0.0006812024029780571
159.5,2071.4485921959013,-352.21251606790537,99.23110837916593,-1.2257496433598976,-14.949834026528748,0.0006253369932000418
159.60000000000002,2071.3253150358787,-353.73749121520984,99.23116929213417,-1.1915328198522164,-14.952600082084162,0.0005696241875455478
159.70000000000002,2071.2056268202027,-355.2627464127638,99.23122453998242,-1.1553795802881162,-14.95543706352179,0.0005142878098743979
159.8,2071.0897320564595,-356.7882879506538,99.23127417220516,-1.1171525420439843,-14.958341150897258,0.0004595414846501104
159.9,2070.977849838904,-358.3141215482483,99.23131825954967,-1.0767476581369855,-14.961303897593552,0.0004056457371065559
160.0,2070.8702107102986,-359.840251856669,99.23135689851321,-1.0340286544533717,-14.96431704480001,0.0003528133180696186
160.10000000000002,2070.767058235429,-361.3665122233491,99.23139021791346,-0.9890683730395603,-14.967355934250858,0.0003014937450000268
160.20000000000002,2070.6686289410577,-362.8928671319015,99.23141838205143,-0.941734449216309,-14.970408683924713,0.000251854765746827
160.3,2070.57517190122,-364.4192285852685,99.23144157497305,-0.8919035390387823,-14.973460122343393,0.00020406433892707716
160.4,2070.4869499847514,-365.9455911299046,99.2314599914021,-0.8393774044151203,-14.976496437682888,0.00015820569727911343
160.5,2070.404246698199,-367.4719477436655,99.23147383395309,-0.7839452093934955,-14.97950032195976,0.00011435219665511571
160.60000000000002,2070.327367509578,-368.99828832839967,99.23148331212093,-0.7253852121257888,-14.982450276532306,7.256895533218749e-05
160.70000000000002,2070.2566405984153,-370.52460164195776,99.2314886415768,-0.6634653034640354,-14.98531994286462,3.291212865275536e-05
160.8,2070.192418212113,-372.0508727876061,99.2314900430382,-0.5979402396157627,-14.988077510802622,-4.573087657372532e-06
160.9,2070.1350779923314,-373.57708432577164,99.23148774111746,-0.5285499875942868,-14.99068493795483,-3.9853051843967886e-05
161.0,2070.085024531711,-375.1032151412868,99.23148196315238,-0.45501879096585074,-14.993097008108524,-7.290524248733821e-05
161.10000000000002,2070.042690974447,-376.62923959973205,99.23147293810186,-0.37705485462806354,-14.99526023868356,-0.00010371753022397175
161.20000000000002,2070.008540623064,-378.1551267909975,99.23146089551683,-0.29435043371794106,-14.997111648736569,-0.0001322874464575072
161.3,2069.983068513619,-379.68083966827623,99.23144606458581,-0.20658244139595056,-14.998577388197392,-0.0001586214528611152
161.4,2069.9668028996903,-381.2063340723881,99.23142867325484,-0.11341375362609223,-14.99957123677529,-0.0001827342143251313
161.5,2069.9603065658143,-382.73155763269716,99.23140894742129,-0.014495433120240436,-14.999992994682962,-0.0002046478784363948
161.60000000000002,2069.9641778666123,-384.25644853858194,99.23138711020064,0.09052985477556302,-14.999726807346955,-0.00022439136527110327
161.70000000000002,2069.9790513581206,-385.7809341799961,99.23136338126507,0.20202290572651954,-14.998639494534094,-0.00024199967229996812
161.8,2070.005597852347,-387.30492966284135,99.23133797625206,0.32034113343789195,-14.996578992954182,-0.0002575132006118802
161.9,2070.0445236848473,-388.82833621552857,99.23131110624094,0.4458293805065094,-14.993373072462667,-0.0002709771105251489
162.0,2070.096568938917,-390.3510395182599,99.231282977294,0.5788079044430039,-14.988828550956928,-0.0002824407169998995
162.10000000000002,2070.1625043207596,-391.8729080073194,99.2312537900584,0.7195570509597392,-14.982731311919574,-0.0002919569380495529
162.20000000000002,2070.2431263315375,-393.3937912340548,99.23122373942331,0.8682981693966998,-14.974847518398079,-0.00029958181242193543
162.3,2070.3392503407736,-394.91351839296595,99.23119301422551,1.025170449411683,-14.96492651022382,-0.00030537410582677255
162.4,2070.4517011407497,-396.43189717532846,99.23116179699447,1.1902035994674613,-14.952705952304735,-0.00030939502732132816
162.5,2070.581300566593,-397.9487131526089,99.23113026372631,1.363286684022115,-14.937919845815415,-0.00031170807814776035
162.60000000000002,2070.728851818782,-399.46372994389907,99.23109858367347,1.5441340187888266,-14.920309984529089,-0.00031237905307157247
162.70000000000002,2070.8951202435237,-400.97669046690055,99.23106691913524,1.7322498013303897,-14.899641288593944,-0.0003114762074601168
162.8,2071.080810531319,-402.4873196019403,99.23103542523302,1.9268940938929853,-14.875721127239368,-0.00030907059043082635
162.9,2071.2865405989755,-403.9953285983852,99.23100424965416,2.127053775796335,-14.84842221051453,-0.00030523652436729163
163.0,2071.5128128261454,-405.50042150504714,99.23097353235038,2.3314229571747522,-14.81770788295974,-0.0003000521843905713
163.10000000000002,2071.759983802607,-407.0023037933766,99.23094340518085,2.53839782373296,-14.783657747738436,-0.00029360020063551155
163.20000000000002,2072.0282342552778,-408.5006931527979,99.23091399149831,2.7460906480771174,-14.74649063576706,-0.0002859681771453847
163.3,2072.317541280102,-409.9953321729832,99.2308854056861,2.952366484545964,-14.706581250041175,-0.0002772490021556631
163.4,2072.627655295101,-411.4860023102232,99.23085775266682,3.154903757601042,-14.66446665271863,-0.0002675408248111936
163.5,2072.9580841463676,-412.97253821073383,99.23083112741513,3.3512767475313745,-14.620839377253072,-0.0002569466000314179
163.60000000000002,2073.3080864594112,-414.454841199687,99.23080561451646,3.5390544064887446,-14.57652543810103,-0.0002455731572930777
163.70000000000002,2073.6766756215534,-415.9328906146873,99.23078128781823,3.715906804169946,-14.532447714276742,-0.00023352982281407827
163.8,2074.0626347835864,-417.40675172471884,99.23075821021655,3.879708647974489,-14.48957765975335,-0.00022092670202500478
163.9,2074.464542140564,-418.8765792502128,99.2307364336112,4.028629329079213,-14.448880430181145,-0.00020787279049684358
164.0,2074.8808046986837,-420.3426159545042,99.23071599904537,4.16120089452585,-14.41125973250004,-0.00019447411008034266
164.10000000000002,2075.3096979525467,-421.8051863306202,99.23069693702712,4.276358762699329,-14.377508675009883,-0.00018083205581465449
164.20000000000002,2075.7494085120834,-423.2646859524788,99.23067926801173,4.373454027299758,-14.348271667458507,-0.0001670420931430193
164.3,2076.1980766122633,-424.72156727368696,99.23066300300718,4.452238538411665,-14.32402080330847,-0.0001531929931905722
164.4,2076.6538361820894,-426.1763238252085,99.23064814425376,4.512830249484221,-14.305046770979716,-0.00013936636900502763
164.5,2077.1148507196103,-427.62947384674317,99.23063468595741,4.555667287031435,-14.291462330849392,-0.00012563638256448203
164.60000000000002,2077.579343529068,-429.08154348993384,99.23062261504779,4.581453057811265,-14.283216999909794,-0.00011206997605660793
164.70000000000002,2078.045622089853,-430.5330517815229,99.23061191190705,4.591098635033541,-14.280119513283006,-9.872729829709855e-05
164.8,2078.5120964430266,-431.9844976388522,99.2306025510549,4.58566764675885,-14.281864452029053,-8.566223238768357e-05
164.9,2078.977292040297,-433.4363493100747,99.23059450178002,4.566326513004593,-14.288060126249244,-7.292294734658614e-05
165.0,2079.4398577326997,-434.88903635554584,99.2305877287153,4.534301507161804,-14.298255482347614,-6.0552418758163296e-05
165.10000000000002,2079.8985696728305,-436.3429440902357,99.23058219236013,4.490843043649044,-14.311964531640935,-4.85888855161541e-05
165.20000000000002,2080.352331901452,-437.79841027362727,99.23057784955569,4.437196859658874,-14.328687449562835,-3.7066228328779665e-05
165.3,2080.8001743232817,-439.25572375670697,99.23057465392141,4.374581336236017,-14.347928008321578,-2.6014269468859578e-05
165.4,2081.241248569331,-440.7151245098783,99.23057255625584,4.304169462758543,-14.36920753679958,-1.5459093665953675e-05
165.5,2081.6748224639614,-442.17680541104244,99.23057150490793,4.227075560594597,-14.392075326546706,-5.423213044130577e-06
165.60000000000002,2082.100273491207,-443.6409152320095,99.2305714461385,4.144346464156942,-14.416115717661718,4.074436868555701e-06
165.70000000000002,2082.5170813422596,-445.10756166270517,99.23057232447523,4.056954998776442,-14.440952743421514,1.3018391721436602e-05
165.8,2082.92482004515,-446.57681510566607,99.23057408305579,3.9657953054311665,-14.466252714333534,2.1396564222573546e-05
165.9,2083.3231497656857,-448.0487127531532,99.230576663961,3.871679976219522,-14.491725023643259,2.9200151548023115e-05
166.0,2083.7118084405924,-449.5232627755167,99.23058000853851,3.7753387306953217,-14.517121528291522,3.642353679863356e-05
166.10000000000002,2084.0906033798183,-451.0004484803817,99.23058405771644,3.6774184427335666,-14.542234821209169,4.3064179513622574e-05
166.20000000000002,2084.4594029583504,-452.48023233056995,99.23058875230613,3.5784843761358016,-14.566895673661529,4.912249245533307e-05
166.3,2084.8181285056,-453.96255973440486,99.23059403329262,3.479022510362541,-14.590969891320091,5.4601703732381763e-05
166.4,2085.16674648988,-455.4473625452092,99.23059984211149,3.3794428427152896,-14.614354794833716,5.9507704751615327e-05
166.5,2085.505261085107,-456.9345622274116,99.23060612091061,3.2800835471399066,-14.636975504512721,6.384888554095089e-05
166.60000000000002,2085.83370719555,-458.4240726647146,99.23061281279553,3.1812158588332657,-14.65878117903849,6.763595965555106e-05
166.70000000000002,2086.152144001975,-459.91580260120594,99.23061986205748,3.0830495428509237,-14.67974132984987,7.088178124885889e-05
166.8,2086.460649078888,-461.4096577191146,99.23062721438302,2.985738797214591,-14.699842306276297,7.360115700286491e-05
166.9,2086.7593131182043,-462.9055423671613,99.23063481704493,2.8893884384249304,-14.71908402198143,7.581065554271581e-05
167.0,2087.0482352801323,-464.4033609612581,99.23064261907398,2.794060220394127,-14.737476971272947,7.752841674668708e-05
167.10000000000002,2087.327519177859,-465.90301908485,99.23065057141146,2.6997791463197607,-14.755039564667104,7.877396307996059e-05
167.20000000000002,2087.5972694893685,-467.40442431971803,99.23065862704277,2.606539646037415,-14.771795796967412,7.956801475493967e-05
167.3,2087.8575891777987,-468.9074868398654,99.23066674111234,2.5143115077215596,-14.78777324805022,7.993231018605428e-05
167.4,2088.108577291463,-470.4121198014847,99.23067487102044,2.423045471183075,-14.80300140641069,7.988943288298204e-05
167.5,2088.350327306225,-471.9182395612671,99.23068297650246,2.33267840924134,-14.817510298047543,7.946264564561344e-05
167.60000000000002,2088.5829259663556,-473.4257657537325,99.23069101969158,2.24313804270777,-14.831329398107483,7.867573266852565e-05
167.70000000000002,2088.806452575305,-474.93462125609625,99.23069896516532,2.154347152603207,-14.844486799484041,7.755284994421092e-05
167.8,2089.020978684889,-476.4447320666414,99.23070677997714,2.066227269764818,-14.857008610884167,7.61183841914681e-05
167.9,2089.226568130004,-477.95602711981644,99.23071443367384,1.9787018366100892,-14.868918556379983,7.43968203888924e-05
168.0,2089.4232773560175,-479.46843805845566,99.23072189829952,1.891698848332658,-14.880237748839004,7.241261788654836e-05
168.10000000000002,2089.6111559871756,-480.981898980721,99.23072914838728,1.80515299115696,-14.890984610615593,7.01900950007494e-05
168.20000000000002,2089.7902475865208,-482.4963461766636,99.23073616093927,1.7190073035451825,-14.901174916286562,6.775332192282352e-05
168.3,2089.9605905607245,-484.01171786674615,99.23074291539606,1.6332143925669897,-14.910821933873084,6.512602175310921e-05
168.4,2090.122219166708,-485.5279539522798,99.23074939359627,1.5477372421945197,-14.919936642802437,6.233147943623497e-05
168.5,2090.2751645807984,-487.0449957855394,99.23075557972709,1.462549653285887,-14.928528008753773,5.939245836686962e-05
168.60000000000002,2090.4194559952703,-488.5627859653209,99.23076146026665,1.3776363566814716,-14.936603297456093,5.633112443329762e-05
168.70000000000002,2090.5551217113507,-490.0812681619151,99.23076702391896,1.2929928413754566,-14.944168411434772,5.316897726932816e-05
168.8,2090.6821902020056,-491.60038697387597,99.23077226154213,1.2086249393344555,-14.951228235617503,4.992678848968319e-05
168.9,2090.8006911219786,-493.1200878175701,99.23077716607065,1.1245482073990014,-14.957786979599016,4.662454669926118e-05
169.0,2090.9106562465695,-494.64031684928807,99.23078173243239,1.0407871449786805,-14.9638485062157,4.328140906973256e-05
169.10000000000002,2091.0121203244535,-496.16102091868754,99.23078595746101,0.9573742840778666,-14.969416637885164,3.99156592958184e-05
169.20000000000002,2091.105121833415,-497.6821475515021,99.23078983980452,0.8743491856832342,-14.974495433908935,3.654467173633775e-05
169.3,2091.189703631179,-499.2036449587898,99.23079337983037,0.7917573738054885,-14.979089433604546,3.318488156181694e-05
169.4,2091.2659134965356,-500.7254620694994,99.23079657952809,0.7096492355791097,-14.983203861709645,2.985176072750978e-05
169.5,2091.3338045586843,-502.247548582788,99.23079944240955,0.6280789128538893,-14.986844793969237,2.655979958172275e-05
169.60000000000002,2091.3934356151267,-503.76985503632585,99.23080197340794,0.5471032077166553,-14.990019282161121,2.3322493925554558e-05
169.70000000000002,2091.444871340566,-505.29233288674965,99.23080417877561,0.46678052140752335,-14.992735439019405,2.0152337316572995e-05
169.8,2091.4881823910728,-506.8149345984736,99.23080606598157,0.38716984318199926,-14.995002484569294,1.7060818408549036e-05
169.9,2091.523445409311,-508.337613737209,99.23080764360886,0.30832980284851286,-14.996830756279067,1.4058423099476114e-05
170.0,2091.5507429378595,-509.86032506477426,99.23080892125263,0.23031779801022373,-14.998231686162049,1.1154641248761022e-05
170.10000000000002,2091.5701632486416,-511.383024632074,99.23080990941908,0.15318920447989653,-14.999217748521453,8.35797770451858e-06
170.20000000000002,2091.5818000972154,-512.9056698674766,99.23081061942575,0.07699667593880408,-14.999802382426981,5.6759673738897595e-06
170.3,2091.5857524111625,-514.4282196582064,99.23081106330369,0.0017895366877505121,-14.999999893251623,3.115194050228954e-06
170.4,2091.582123922105,-515.9506344227772,99.23081125370167,-0.0723867306946821,-14.9998253376904,6.813127040598362e-07
170.5,2091.571022750961,-517.4728761729093,99.23081120379297,-0.14549090280714683,-14.999294396644054,-1.6209250683457443e-06
170.60000000000002,2091.552560955968,-518.9949085637886,99.23081092718483,-0.2174863396460767,-14.99842324019605,-3.787642747561471e-06
170.70000000000002,2091.5268540527586,-520.5166969319228,99.23081043783107,-0.2883412186673492,-14.997228388658472,-5.81580805814508e-06
170.8,2091.4940205153994,-522.0382083202244,99.23080974994788,-0.35802868298229,-14.995726573330904,-7.70319991139304e-06
170.9,2091.4541812668203,-523.559411490295,99.23080887793319,-0.42652690899181706,-14.993934600224739,-9.448373435575543e-06
171.0,2091.407459166477,-525.0802769221892,99.23080783628963,-0.4938190995754686,-14.991869219572735,-1.1050623392000875e-05
171.10000000000002,2091.3539785024395,-526.6007768022018,99.2308066395514,-0.5598934095721978,-14.989547003487502,-1.2509946271847148e-05
171.20000000000002,2091.2938644944,-528.1208849994455,99.23080530221502,-0.6247428107294452,-14.98698423366925,-1.3827001354906692e-05
171.3,2091.2272428133433,-529.6405770321621,99.23080383867403,-0.6883649035680518,-14.984196800606652,-1.5003070995934155e-05
171.4,2091.1542391228663,-531.1598300248482,99.23080226315795,-0.7507616837258391,-14.981200115277542,-1.6040020390970656e-05
171.5,2091.0749786463703,-532.6786226573669,99.2308005896752,-0.8119392703191264,-14.97800903394796,-1.6940257057035692e-05
171.60000000000002,2090.9895857635815,-534.1969351072757,99.23079883196023,-0.8719076037139408,-14.974637796296518,-1.7706690245512368e-05
171.70000000000002,2090.898183639134,-535.7147489866209,99.23079700342484,-0.9306801198434421,-14.97109997676162,-1.8342690486312517e-05
171.8,2090.800893885225,-537.2320472744343,99.23079511711352,-0.9882734078634243,-14.967408448724669,-1.885204944519776e-05
171.9,2090.6978362597006,-538.7488142461382,99.23079318566286,-1.0447068575175456,-14.963575360905082,-1.9238940260623807e-05
172.0,2090.589128400295,-540.2650354009962,99.23079122126508,-1.1000023021058642,-14.95961212515155,-1.950787850310097e-05
172.10000000000002,2090.4748855951802,-541.7806973886778,99.23078923563538,-1.154183662428109,-14.955529414667922,-1.9663683894221437e-05
172.20000000000002,2090.355220589467,-543.295787935907,99.23078723998323,-1.2072765965214416,-14.951337171607864,-1.9711442899909877e-05
172.3,2090.230243426836,-544.8102957740681,99.23078524498733,-1.259308159443265,-14.947044622907006,-1.9656472296520045e-05
172.4,2090.1000613250726,-546.3242105685326,99.23078326077436,-1.3103064767752794,-14.942660303190339,-1.9504283804396323e-05
172.5,2089.9647785839466,-547.8375228503622,99.2307812969011,-1.360300434954565,-14.938192083592025,-1.926054986394432e-05
172.60000000000002,2089.824496523572,-549.3502239509311,99.23077936234012,-1.4093193909806725,-14.933647205349653,-1.8931070615932226e-05
172.70000000000002,2089.679313451177,-550.862305939905,99.23077746546868,-1.4573929035110258,-14.929032317081125,-1.852174215162561e-05
172.8,2089.5293246540123,-552.3737615669114,99.23077561406079,-1.5045504868479755,-14.924353514715474,-1.8038526071555644e-05
172.9,2089.3746224160127,-553.8845842071358,99.23077381528235,-1.5508213888426818,-14.919616383124676,-1.7487420396739278e-05
173.0,2089.21529605575,-555.3947678109929,99.23077207568907,-1.5962343932989884,-14.914826038588739,-1.6874431861919047e-05
173.10000000000002,2089.0514319831586,-556.9043068579359,99.23077040122726,-1.6408176470567408,-14.909987171317235,-1.6205549618785215e-05
173.20000000000002,2088.8831137725424,-558.4131963143983,99.23076879723706,-1.68459851157022,-14.905104087344563,-1.5486720364345188e-05
173.3,2088.710422249386,-559.9214315957956,99.23076726845824,-1.7276034384751637,-14.900180749210795,-1.4723824913025217e-05
173.4,2088.5334355885734,-561.4290085324611,99.23076581903824,-1.7698578683563817,-14.895220814933332,-1.392265621614796e-05
173.5,2088.35222942171,-562.9359233393425,99.23076445254237,-1.8113861516879328,-14.890227674864542,-1.3088898838732821e-05
173.60000000000002,2088.166876951348,-564.442172589251,99.23076317196599,-1.8522114907178417,-14.885204486116518,-1.222810988801176e-05
173.70000000000002,2087.9774490700675,-565.9477531894235,99.23076197974856,-1.892355900906723,-14.880154204314376,-1.1345701391427814e-05
173.8,2087.7840144824986,-567.452662361136,99.23076087778941,-1.9318401904055431,-14.875079612513836,-1.0446924117026091e-05
173.9,2087.5866398285393,-568.9568976220953,99.230759867465,-1.9706839559661073,-14.8699833471866,-9.536852822488422e-06
174.0,2087.385389806184,-570.4604567713229,99.2307589496477,-2.0089055936194082,-14.864867921237993,-8.62037291915098e-06
174.10000000000002,2087.180327292553,-571.9633378762481,99.23075812472568,-2.0465223224277422,-14.859735744075184,-7.702168530262657e-06
174.20000000000002,2086.9715134618896,-573.4655392617248,99.23075739262411,-2.0835502196134064,-14.854589138791518,-6.786711921766397e-06
174.3,2086.759007899447,-574.9670595006959,99.23075675282723,-2.1200042653884648,-14.849430356572611,-5.8782542809347105e-06
174.4,2086.5428687103827,-576.467897406242,99.23075620440126,-2.1558983958516253,-14.844261588463723,-4.980817817148685e-06
174.5,2086.3231526229106,-577.9680520247595,99.23075574601812,-2.1912455623794584,-14.839084974665234,-4.098189146526032e-06
174.60000000000002,2086.099915085146,-579.4675226300357,99.23075537597968,-2.2260577960145165,-14.833902611544696,-3.233913933906143e-06
174.70000000000002,2085.873210355202,-580.966308718002,99.23075509224249,-2.260346275441999,-14.828716556569882,-2.3912927511633744e-06
174.8,2085.6430915842466,-582.4644100019702,99.23075489244285,-2.2941213972452137,-14.823528831378145,-1.5733781134332283e-06
174.9,2085.409610892361,-583.9618264081739,99.23075477392211,-2.3273928472370677,-14.818341423203515,-7.829726537891536e-07
175.0,2085.172819437141,-585.4585580714609,99.23075473375211,-2.360169671776748,-14.813156284884908,-2.2628390298012566e-08
175.10000000000002,2084.9327674751034,-586.9546053310032,99.23075476876055,-2.3924603480965607,-14.807975333676957,7.053529607102923e-07
175.20000000000002,2084.6895044160424,-588.4499687259131,99.23075487555639,-2.424272852780585,-14.802800449079529,1.3989186686532956e-06
175.3,2084.443078870564,-589.9446489906708,99.2307550505549,-2.455614727653457,-14.797633469894002,2.056262723012494e-06
175.4,2084.1935386911005,-591.4386470502958,99.23075529000262,-2.4864931424523307,-14.792476190703514,2.6758226660187145e-06
175.5,2083.940931006757,-592.9319640152056,99.23075559000168,-2.516914953766534,-14.787330357961702,3.256275575501576e-06
175.60000000000002,2083.6853022523946,-594.4246011757273,99.2307559465339,-2.546886759835722,-14.782197665860075,3.7965332519530014e-06
175.70000000000002,2083.4266981923847,-595.9165599962427,99.23075635548427,-2.5764149508994563,-14.777079752128405,4.295736660016582e-06
175.8,2083.165163939504,-597.4078421089615,99.23075681266374,-2.6055057548851663,-14.77197819390611,4.753249680505171e-06
175.9,2082.9007439694483,-598.898449307331,99.23075731383146,-2.63416527831041,-14.766894503805366,5.1686522257089394e-06
176.0,2082.6334821314517,-600.3883835391001,99.23075785471622,-2.6623995423549927,-14.76183012626948,5.541732771941431e-06
176.10000000000002,2082.363421655506,-601.8776468990688,99.23075843103707,-2.6902145141317293,-14.756786434312875,5.872480361773725e-06
176.20000000000002,2082.090605156658,-603.3662416215584,99.2307590385232,-2.717616133248808,-14.75176472671212,6.161076134375006e-06
176.3,2081.815074636859,-604.8541700726463,99.23075967293279,-2.7446103338139887,-14.746766225701158,6.407884429555947e-06
176.4,2081.5368714848164,-606.3414347422141,99.23076033007105,-2.771203062078785,-14.741792075208544,6.613443524626796e-06
176.5,2081.256036474276,-607.82803823586,99.23076100580725,-2.7974002899616734,-14.736843339659835,6.778456050762394e-06
176.60000000000002,2080.972609761144,-609.3139832667298,99.23076169609078,-2.8232080247229963,-14.731921003354993,6.903779141632277e-06
176.70000000000002,2080.686630879818,-610.79927264732,99.23076239696617,-2.848632315089568,-14.727025970418419,6.990414362928684e-06
176.8,2080.398138739068,-612.2839092813089,99.2307631045871,-2.8736792541461584,-14.722159065308336,7.039497468812502e-06
176.9,2080.1071716177876,-613.767896155466,99.23076381522934,-2.8983549793237575,-14.717321033862769,7.0522880372851764e-06
177.0,2079.813767160878,-615.2512363316922,99.23076452530266,-2.9226656698213813,-14.712512544851004,7.030159023258102e-06
177.10000000000002,2079.5179623755184,-616.7339329392368,99.2307652313617,-2.946617541799139,-14.70773419199276,6.9745862770369545e-06
177.20000000000002,2079.219793628024,-618.2159891671349,99.23076593011568,-2.9702168416767583,-14.702986496401753,6.887138066129112e-06
177.3,2078.9192966414644,-619.6974082569062,99.23076661843716,-2.993469837864528,-14.698269909405987,6.769464646105085e-06
177.4,2078.6165064941906,-621.178193495547,99.2307672933697,-3.016382811241003,-14.693584815694432,6.623287913595667e-06
177.5,2078.3114576193752,-622.6583482088483,99.23076795213447,-3.038962044678035,-14.68893153673761,6.450391179161029e-06
177.60000000000002,2078.004183805647,-624.137875755063,99.23076859213589,-3.0612138118953096,-14.684310334429135,6.252609096230991e-06
177.70000000000002,2077.6947181988767,-625.6167795189418,99.23076921096614,-3.0831443659077213,-14.679721414895281,6.031817775979514e-06
177.8,2077.3830933051395,-627.0950629061548,99.23076980640884,-3.104759927307024,-14.675164932420861,5.789925121430599e-06
177.9,2077.0693409948562,-628.5727293381053,99.23077037644164,-3.126066672596911,-14.670640993441571,5.528861408355464e-06
178.0,2076.753492508103,-630.0497822471433,99.23077091923794,-3.1470707227773356,-14.666149660555432,5.2505701377190875e-06
178.10000000000002,2076.435578461048,-631.526225072178,99.2307714331677,-3.167778132350466,-14.661690956508995,4.956999186417484e-06
178.20000000000002,2076.1156288534667,-633.0020612546865,99.23077191679735,-3.1881948788965437,-14.657264868117661,4.650092277076292e-06
178.3,2075.7936730772726,-634.4772942351099,99.23077236888886,-3.208326853344686,-14.652871350083183,4.331780789397567e-06
178.4,2075.4697399259844,-635.9519274496271,99.23077278839803,-3.2281798510411828,-14.648510328675597,4.0039759310670835e-06
178.5,2075.143857605044,-637.4259643272916,99.23077317447198,-3.247759563695608,-14.644181705251073,3.668561283313e-06
178.60000000000002,2074.8160537428967,-638.8994082875145,99.23077352644593,-3.2670715722641868,-14.639885359581616,3.327385735735748e-06
178.70000000000002,2074.4863554027297,-640.3722627378751,99.23077384383932,-3.28612134081044,-14.635621152976777,2.98225682717811e-06
178.8,2074.1547890947777,-641.844531072238,99.23077412635119,-3.3049142113647254,-14.631388931181911,2.634934495855546e-06
178.9,2073.821380789083,-643.3162166691546,99.2307743738551,-3.3234553997877017,-14.627188527041579,2.2871252543263313e-06
179.0,2073.48615592862,-644.7873228905256,99.2307745863933,-3.341749992627262,-14.623019762920787,1.94047679436996e-06
179.10000000000002,2073.149139442676,-646.2578530805014,99.23077476417059,-3.359802944945524,-14.618882452880344,1.596573025013968e-06
179.20000000000002,2072.810355760397,-647.7278105645951,99.23077490754754,-3.3776190790798957,-14.614776404606191,1.2569295471960952e-06
179.3,2072.469828824405,-649.1971986489852,99.23077501703337,-3.395203084292495,-14.610701421095767,9.229895721188288e-07
179.4,2072.127582104399,-650.6660206199836,99.23077509327841,-3.4125595172536753,-14.60665730210718,5.961202767341092e-07
179.5,2071.783638610663,-652.1342797436449,99.23077513706625,-3.4296928032978165,-14.602643845379749,2.776095966048702e-07
179.60000000000002,2071.438020907396,-653.601979265498,99.23077514930554,-3.4466072383847117,-14.598660847636475,-3.1336542840045975e-08
179.70000000000002,2071.090751125813,-655.0691224103743,99.23077513102163,-3.4633069916954793,-14.594708105380974,-3.295965668076373e-07
179.8,2070.74185097694,-656.535712382317,99.23077508334788,-3.4797961087893765,-14.59078541550296,-6.161351654441233e-07
179.9,2070.391341764064,-658.001752364549,99.23077500751691,-3.4960785152468534,-14.58689257570743,-8.900047912128527e-07
180.0,2070.0392443947826,-659.4672455194864,99.23077490485167,-3.5121580207230214,-14.583029384783863,-1.1503467466042203e-06
180.10000000000002,2069.685579392626,-660.9321949887781,99.23077477675643,-3.528038323337854,-14.579195642732058,-1.3963918716210784e-06
180.20000000000002,2069.3303669082125,-662.3966038933611,99.23077462470775,-3.543723014330405,-14.575391150761696,-1.627460844646062e-06
180.3,2068.973626729918,-663.8604753335178,99.23077445024539,-3.559215582907051,-14.571615711182758,-1.8429641043580431e-06
180.4,2068.615378294049,-665.3238123889242,99.23077425496335,-3.5745194212172553,-14.567869127203762,-2.0424014093139715e-06
180.5,2068.2556406945005,-666.7866181186821,99.23077404050088,-3.5896378293946762,-14.564151202654198,-2.225361046530908e-06
180.60000000000002,2067.8944326919022,-668.2488955613258,99.2307738085336,-3.6045740206050976,-14.560461741647243,-2.391518706117421e-06
180.70000000000002,2067.531772722255,-669.7106477347995,99.23077356076483,-3.619331126048196,-14.556800548197817,-2.5406360333903213e-06
180.8,2067.1676789050603,-671.171877636401,99.23077329891703,-3.6339121998651933,-14.553167425810225,-2.6725588786784744e-06
180.9,2066.802169050961,-672.6325882426862,99.2307730247234,-3.6483202239091432,-14.549562177048758,-2.7872152590956132e-06
181.0,2066.435260668906,-674.0927825093371,99.23077273991979,-3.662558112341285,-14.545984603103179,-2.884613050997046e-06
181.10000000000002,2066.0669709728577,-675.552463370989,99.23077244623676,-3.676628716020894,-14.54243450336022,-2.9648374260045477e-06
181.20000000000002,2065.6973168880686,-677.0116337410201,99.23077214539202,-3.690534826662532,-14.538911674990732,-3.0280480569965134e-06
181.3,2065.3263150569455,-678.4702965113032,99.2307718390831,-3.704279180739261,-14.535415912561023,-3.0744761036463566e-06
181.4,2064.9539818445355,-679.9284545519236,99.23077152898034,-3.7178644631158955,-14.531947007675548,-3.1044210025231903e-06
181.5,2064.5803333436556,-681.3861107108639,99.23077121672019,-3.7312933104006776,-14.528504748657015,-3.1182470767922313e-06
181.60000000000002,2064.2053853796997,-682.8432678136625,99.23077090389893,-3.7445683140088906,-14.525088920268642,-3.1163799825969964e-06
181.70000000000002,2063.829153515147,-684.2999286630463,99.23077059206673,-3.7576920229358453,-14.521699303482176,-3.0993030180565385e-06
181.8,2063.4516530538067,-685.7560960385449,99.23077028272206,-3.7706669462404623,-14.518335675294196,-3.0675533041653655e-06
181.9,2063.072899044825,-687.2117726960887,99.23076997730652,-3.7834955552446283,-14.514997808592154,-3.0217178632928903e-06
182.0,2062.692906286482,-688.6669613675975,99.23076967720007,-3.796180285456327,-14.511685472070567,-2.9624296106633994e-06
182.10000000000002,2062.311689329809,-690.121664760563,99.23076938371662,-3.8087235382273343,-14.508398430197067,-2.8903632782973737e-06
182.20000000000002,2061.9292624820487,-691.5758855576303,99.23076909810014,-3.8211276821588918,-14.50513644322697,-2.806231284519822e-06
182.3,2061.545639809987,-693.0296264161833,99.23076882152105,-3.833395054270521,-14.50189926726451,-2.710779575965513e-06
182.4,2061.160835143174,-694.4828899679384,99.23076855507318,-3.845527960948764,-14.498686654368196,-2.604783448617017e-06
182.5,2060.774862077063,-695.9356788185496,99.230768299771,-3.8575286786942744,-14.495498352697124,-2.4890433732776984e-06
182.60000000000002,2060.3877339760766,-697.387995547231,99.23076805654738,-3.8693994546858077,-14.492334106694878,-2.364380834924288e-06
182.70000000000002,2059.999463976629,-698.8398427063973,99.23076782625171,-3.88114250718127,-14.48919365730701,-2.231634207355342e-06
182.8,2059.6100649901105,-700.2912228213287,99.23076760964845,-3.8927600257752215,-14.486076742228109,-2.09165467346752e-06
182.9,2059.2195497058524,-701.7421383898595,99.23076740741612,-3.9042541715328523,-14.482983096174094,-1.9453022080770552e-06
183.0,2058.8279305940814,-703.192591882096,99.2307672201466,-3.9156270770201673,-14.479912451175363,-1.793441637772873e-06
183.10000000000002,2058.435219908876,-704.6425857401631,99.23076704834492,-3.9268808462489977,-14.476864536886435,-1.636938788710031e-06
183.20000000000002,2058.041429691129,-706.0921223779823,99.23076689242932,-3.938017554555601,-14.473839080907656,-1.4766567377280814e-06
183.3,2057.646571771522,-707.5412041810816,99.23076675273184,-3.94903924843,-14.47083580911475,-1.3134521741697697e-06
183.4,2057.2506577735203,-708.9898335064395,99.2307666294991,-3.959947945312509,-14.467854445992117,-1.1481718898525724e-06
183.5,2056.853699116386,-710.4380126823596,99.23076652289353,-3.97074563337265,-14.464894714965993,-9.816494010243962e-07
183.60000000000002,2056.4557070182123,-711.8857440083809,99.2307664329949,-3.9814342712844035,-14.461956338733753,-8.14701716626868e-07
183.70000000000002,2056.0566924989776,-713.3330297552187,99.2307663598021,-3.9920157880102694,-14.459039039586148,-6.481262591846208e-07
183.8,2055.656666383619,-714.779872164738,99.2307663032354,-4.002492082605533,-14.456142539719224,-4.826979453438993e-07
183.9,2055.2556393051236,-716.226273449957,99.23076626313875,-4.012865024052184,-14.453266561533367,-3.191664376055187e-07
184.0,2054.8536217076316,-717.6722357950811,99.23076623928254,-4.023136451131243,-14.450410827916938,-1.5825356681949683e-07
184.10000000000002,2054.450623849548,-719.117761355563,99.23076623136656,-4.033308172340008,-14.447575062512577,-6.509388519343265e-10
184.20000000000002,2054.046655806658,-720.56285225819,99.23076623902307,-4.043381965860184,-14.444758989964374,1.5298227620202449e-07
184.3,2053.641727475244,-722.0075106011952,99.23076626182025,-4.053359579580778,-14.44196233614465,3.020213657795142e-07
184.4,2053.235848575191,-723.4517384543905,99.23076629926575,-4.063242731179048,-14.439184828359267,4.45877905226404e-07
184.5,2052.829028653084,-724.8955378593195,99.23076635081043,-4.072995908650555,-14.436294345527408,5.83996057757986e-07
184.60000000000002,2052.4212810353356,-726.3388968922342,99.23076641585165,-4.081799812672781,-14.430390796254795,7.157186003232975e-07
184.70000000000002,2052.012699700849,-727.7815182425951,99.23076649372354,-4.089673390492766,-14.42155384219913,8.40526926459427e-07
184.8,2051.603376740313,-729.2231124884975,99.23076658371075,-4.09663545865196,-14.409861600253407,9.5795069647057e-07
184.9,2051.193402369459,-730.6633979439255,99.23076668505335,-4.102704698896101,-14.395390676902707,1.0675690653274622e-06
185.0,2050.782864942816,-732.1021005093683,99.23076679695188,-4.1078996525185065,-14.37821620114018,1.1690116248215635e-06
185.10000000000002,2050.3718509680903,-733.5389535256606,99.23076691857236,-4.112238713417811,-14.358411856040314,1.2619590635327577e-06
185.20000000000002,2049.960445121296,-734.9736976309173,99.23076704905145,-4.11574012014532,-14.336049909078211,1.3461435470153828e-06
185.3,2049.5487302627193,-736.4060806204392,99.23076718750161,-4.118421947208506,-14.311201241275345,1.4213488264136093e-06
185.4,2049.1367874537805,-737.8358573094799,99.23076733301626,-4.120302095883828,-14.28393537524508,1.4874100773506951e-06
185.5,2048.724695974826,-739.2627893987636,99.23076748467489,-4.1213982847772375,-14.254320502204834,1.544213479428435e-06
185.60000000000002,2048.31253334387,-740.686645342655,99.23076764154811,-4.121728040352699,-14.222423508016206,1.5916955431550746e-06
185.70000000000002,2047.9003753362779,-742.1072002198878,99.23076780270269,-4.121308687629442,-14.188309998309558,1.6298421958077197e-06
185.8,2047.488296005359,-743.5242356067614,99.23076796720638,-4.120157341227899,-14.152044322745203,1.6586876375637932e-06
185.9,2047.0763677038356,-744.9375394527231,99.23076813413275,-4.118290896921973,-14.113689598459684,1.6783129742284428e-06
186.0,2046.6646611061233,-746.3469059582552,99.23076830256572,-4.115726023832854,-14.073307732742329,1.6888446444450387e-06
186.10000000000002,2046.2532452313555,-747.7521354549943,99.2307684716041,-4.112479157377198,-14.030959444984354,1.6904526551778928e-06
186.20000000000002,2045.8421874670717,-749.15303428801,99.23076864036574,-4.10856649305964,-13.986704287940317,1.683348632451281e-06
186.3,2045.4315535934809,-750.5494147001764,99.23076880799168,-4.1040039811779145,-13.940600668339364,1.6677837101639847e-06
186.4,2045.0214078082076,-751.9410947185752,99.23076897364996,-4.098807322487423,-13.892705866881819,1.6440462660850527e-06
186.5,2044.611812751422,-753.327898042868,99.2307691365392,-4.092991964852818,-13.843076057654674,1.612459523145901e-06
186.60000000000002,2044.2028295312532,-754.7096539355827,99.23076929589199,-4.086573100894581,-13.79176632699802,1.5733790311242192e-06
186.70000000000002,2043.794517749393,-756.0861971142602,99.23076945097797,-4.079565666621695,-13.738830691852842,1.5271900434432112e-06
186.8,2043.3869355267827,-757.4573676454119,99.23076960110672,-4.071984341026476,-13.68432211761912,1.4743048073928066e-06
186.9,2042.980139529298,-758.8230108402385,99.23076974563021,-4.063843546602646,-13.628292535551939,1.4151597811013756e-06
187.0,2042.5741849933347,-760.1829771520676,99.23076988394521,-4.055157450736549,-13.570792859721884,1.3502127970643296e-06
187.10000000000002,2042.1691257512175,-761.5371220754657,99.2307700154952,-4.045939967910832,-13.51187300356479,1.2799401831692151e-06
187.20000000000002,2041.7650142563475,-762.8853060469863,99.23077013977208,-4.036204762651665,-13.451581896044695,1.2048338617806681e-06
187.3,2041.3619016080233,-764.2273943475152,99.23077025631763,-4.025965253143662,-13.389967497452604,1.1253984391695385e-06
187.4,2040.9598375758692,-765.5632570061791,99.23077036472458,-4.015234615432221,-13.327076814862531,1.0421483015380672e-06
187.5,2040.558870623817,-766.8927687057832,99.23077046463749,-4.004025788129918,-13.262955917265034,9.556047347170894e-07
187.60000000000002,2040.1590479335975,-768.2158086897466,99.23077055575325,-3.992351477541537,-13.197649950397357,8.662930758833265e-07
187.70000000000002,2039.7604154276999,-769.5322606705066,99.2307706378214,-3.980224163122931,-13.131203151288101,7.747399173490283e-07
187.8,2039.3630177917726,-770.8420127393639,99.23077071064404,-3.967656103189856,-13.063658862533163,6.814703725707331e-07
187.9,2038.9668984964458,-772.1449572777424,99.23077077407564,-3.954659340795543,-12.995059546318606,5.870054160231107e-07
188.0,2038.5720998185582,-773.4409908698393,99.23077082802244,-3.9412457096995603,-12.925446798204925,4.918593114562221e-07
188.10000000000002,2038.178662861788,-774.7300142166426,99.23077087244167,-3.9274268403549555,-12.854861360686105,3.9653713579649066e-07
188.20000000000002,2037.7866275766858,-776.0119320512933,99.23077090734049,-3.913214165846114,-12.78334313653575,3.0153241478246166e-07
188.3,2037.3960327920026,-777.2866530944234,99.23077093277476,-3.898618533345824,-12.71093242852516,2.073248728290555e-07
188.4,2037.0069163057974,-778.554090175737,99.23077094884754,-3.8836497930855214,-12.637670782942152,1.143783110237423e-07
188.5,2036.619315411475,-779.8141619755103,99.23077095570737,-3.868303157830194,-12.563652885984098,2.31386192651623e-08
188.60000000000002,2036.2332685849203,-781.0667992780758,99.23077095354643,-3.8525698282068728,-12.488988283503168,-6.596807222824499e-08
188.70000000000002,2035.8488139531057,-782.311939154438,99.23077094259841,-3.8364612697971068,-12.413709301039287,-1.5253709097850188e-07
188.8,2035.465988439001,-783.5495216389967,99.23077092313639,-3.819989459566548,-12.337845293392737,-2.361867719883656e-07
188.9,2035.084827774253,-784.7794896737341,99.23077089547036,-3.8031662467914695,-12.261425057968145,-3.165598493924362e-07
189.0,2034.7053665120416,-786.001789052649,99.23077085994477,-3.7860033511121554,-12.184476838312536,-3.9332468719429526e-07
189.10000000000002,2034.3276380401876,-787.2163683665672,99.23077081693593,-3.768512359494156,-12.10702832813327,-4.6617635050641983e-07
189.20000000000002,2033.95167459461,-788.423178948377,99.23077076684926,-3.7507047222756262,-12.029106675742316,-5.348375126272654e-07
189.3,2033.5775072732185,-789.6221748187277,99.23077071011649,-3.7325917484784363,-11.950738488876977,-5.990591969422762e-07
189.4,2033.2051660503034,-790.8133126322268,99.23077064719281,-3.714184600557959,-11.871949839850508,-6.586213554302548e-07
189.5,2032.8346797914717,-791.9965516241676,99.23077057855397,-3.6954942887608655,-11.792766270989471,-7.133332851944924e-07
189.60000000000002,2032.4660762691606,-793.1718535578126,99.23077050469328,-3.676531665252276,-11.713212800317839,-7.630338834891894e-07
189.70000000000002,2032.099382178743,-794.3391826722564,99.2307704261187,-3.657307418164276,-11.633313927450985,-8.075917428600557e-07
189.8,2031.7346231552267,-795.4985056308868,99.23077034334983,-3.63783206570613,-11.55309363966571,-8.469050953305622e-07
189.9,2031.3718237905325,-796.6497914704612,99.230770256915,-3.6181159504642575,-11.472575418115353,-8.809016023963159e-07
190.0,2031.011007651331,-797.7930115508093,99.23077016734827,-3.5981692340061944,-11.391782244161833,-9.095379994825206e-07
190.10000000000002,2030.6521972973967,-798.9281395051748,99.23077007518664,-3.578001891888866,-11.310736605799105,-9.327996021294061e-07
190.20000000000002,2030.2954143004388,-800.0551511912029,99.23076998096715,-3.5576237091562932,-11.229460504145177,-9.506996747308711e-07
190.3,2029.9406792633547,-801.1740246425787,99.23076988522415,-3.537044276397553,-11.147975459982142,-9.632786741766164e-07
190.4,2029.5880118398466,-802.284740021323,99.23076978848663,-3.5162729864206868,-11.06630252032612,-9.706033694177712e-07
190.5,2029.2374307543394,-803.3872795707439,99.23076969127561,-3.4953190315840414,-10.984462265011084,-9.727658521468192e-07
190.60000000000002,2028.88895382213,-804.4816275690481,99.23076959410172,-3.4741914018126283,-10.90247481327265,-9.698824363855118e-07
190.70000000000002,2028.5425979697009,-805.56777028361,99.23076949746275,-3.4528988833136816,-10.82035983031983,-9.620924663989911e-07
190.8,2028.198379255127,-806.6456959258966,99.23076940184147,-3.431450057993554,-10.738136533884445,-9.495570307111401e-07
190.9,2027.8563128885062,-807.7153946070458,99.23076930770353,-3.4098533035664396,-10.655823700739608,-9.324575995114947e-07
191.0,2027.5164132523441,-808.7768582940953,99.23076921549546,-3.3881167943351405,-10.573439673180133,-9.109945903839563e-07
191.10000000000002,2027.1786939218305,-809.8300807668566,99.23076912564285,-3.3662485026149933,-10.491002365459062,-8.853858725161967e-07
191.20000000000002,2026.8431676849402,-810.8750575754308,99.23076903854873,-3.3442562007640326,-10.408529270175757,-8.558652156750666e-07
191.3,2026.5098465623048,-811.9117859983606,99.23076895459198,-3.322147463775702,-10.326037464612021,-8.226807007459386e-07
191.4,2026.178741826797,-812.940265001413,99.23076887412606,-3.2999296723847285,-10.24354361701372,-7.860930899604975e-07
191.5,2025.8498640227822,-813.960495196987,99.23076879747777,-3.2776100166328,-10.161063992816143,-7.463741776541311e-07
191.60000000000002,2025.5232229849923,-814.9724788041425,99.23076872494624,-3.2551954998370425,-10.078614460812064,-7.038051219936759e-07
191.70000000000002,2025.1988278569856,-815.976219609241,99.23076865680213,-3.232692942902759,-9.996210499262064,-6.586747710975151e-07
191.8,2024.8766871091595,-816.9717229271957,99.23076859328685,-3.2101089889206444,-9.913867201947106,-6.112779898345193e-07
191.9,2024.556808556293,-817.9589955633245,99.23076853461212,-3.1874501079887096,-9.831599284163794,-5.619139994775575e-07
192.0,2024.2391993745973,-818.938045775798,99.23076848095957,-3.1647226022005084,-9.749421088662983,-5.108847317192869e-07
192.10000000000002,2023.923866118263,-819.9088832386799,99.23076843248059,-3.1419326107425216,-9.667346591532663,-4.584932127191569e-07
192.20000000000002,2023.6108147354923,-820.871519005553,99.23076838929626,-3.119086115046587,-9.585389408026122,-4.0504198255526326e-07
192.3,2023.300050584017,-821.8259654737241,99.2307683514975,-3.0961889439461006,-9.5035627983365,-3.50831552415576e-07
192.4,2022.9915784461023,-822.7722363490052,99.23076831914535,-3.0732467787886786,-9.42187967331882,-2.961589121904586e-07
192.5,2022.6854025430428,-823.7103466110633,99.23076829227138,-3.0502651584618676,-9.340352600160598,-2.4131609329681936e-07
192.60000000000002,2022.3815265491626,-824.6403124793352,99.23076827087826,-3.027249484293224,-9.258993808001971,-1.8658879146527397e-07
192.70000000000002,2022.0799536053328,-825.5621513795016,99.23076825494047,-3.0042050247905543,-9.177815193506257,-1.3225505780916868e-07
192.8,2021.780686332024,-826.4758819105161,99.23076824440513,-2.9811369201932347,-9.096828326381647,-7.858405967958584e-08
192.9,2021.483726841915,-827.3815238121834,99.2307682391929,-2.958050186810256,-9.01604445485463,-2.5834918231929817e-08
193.0,2021.1890767520779,-828.2790979332832,99.23076823919911,-2.934949721125595,-8.935474511095533,2.574437409353996e-08
193.10000000000002,2020.8967371957656,-829.1686262002335,99.23076824429488,-2.911840303656348,-8.855129116596435,7.591795122762475e-08
193.20000000000002,2020.6067088338268,-830.05013158629,99.23076825432838,-2.8887266025536684,-8.775018587501473,1.2446298460238764e-07
193.3,2020.3189918657733,-830.9236380812761,99.23076826912619,-2.8656131769410185,-8.695152939889448,1.711705063993887e-07
193.4,2020.0335860405264,-831.7891706618374,99.23076828849472,-2.8425044799883428,-8.61554189500844,2.1584613870370675e-07
193.5,2019.7504906668698,-832.6467552622196,99.23076831222167,-2.8194048617245637,-8.536194884461969,2.583107317406748e-07
193.60000000000002,2019.4697046236342,-833.4964187455606,99.23076834007766,-2.796318571594523,-8.457121055346159,2.984009080593792e-07
193.70000000000002,2019.1912263696374,-834.3381888756949,99.23076837181775,-2.773249760769227,-8.378329275337173,3.3596951081172404e-07
193.8,2018.9150539534066,-835.1720942894633,99.2307684071831,-2.750202484221258,-8.299828137728124,3.70885959084966e-07
193.9,2018.6411850227032,-835.9981644695251,99.2307684459027,-2.7271807025795893,-8.22162596641457,4.030365089498671e-07
194.0,2018.3696168338738,-836.816429717665,99.23076848769495,-2.704188283779496,-8.143730820827635,4.3232442195599097e-07
194.10000000000002,2018.1003462610443,-837.6269211285908,99.23076853226947,-2.68122900452549,-8.066150500813757,4.5867004176291586e-07
194.20000000000002,2017.8333698051767,-838.4296705642174,99.23076857932875,-2.6583065515856177,-7.988892551460036,4.820107809518683e-07
194.3,2017.5686836030056,-839.2247106284293,99.23076862856989,-2.6354245229366366,-7.911964267864162,5.023010218026746e-07
194.4,2017.3062834358639,-840.0120746423178,99.23076867968626,-2.6125864287798937,-7.835372699847906,5.19511931658786e-07
194.5,2017.0461647384152,-840.7917966198869,99.23076873236919,-2.589795692447677,-7.759124656613195,5.336311947139951e-07
194.60000000000002,2016.7883226072995,-841.5639112442217,99.23076878630954,-2.567055651219619,-7.683226711339851,5.446626690986817e-07
194.70000000000002,2016.5327518096994,-842.3284538441135,99.2307688411994,-2.544369557068246,-7.607685205724129,5.526259678958468e-07
194.8,2016.2794467918372,-843.0854603711359,99.23076889673358,-2.521740577351789,-7.5325062544572665,5.575559683848327e-07
194.9,2016.0284016874023,-843.8349673771656,99.2307689526111,-2.499171795471729,-7.457695749643352,5.595022574768522e-07
195.0,2015.779610325915,-844.5770119923424,99.23076900853665,-2.4766662115109166,-7.38325936515592,5.585285127686916e-07
195.10000000000002,2015.5330662410274,-845.3116319034607,99.230769064222,-2.454226742867091,-7.309202560932786,5.547118292485352e-07
195.20000000000002,2015.288762678759,-846.0388653327889,99.23076911938722,-2.4318562248951903,-7.235530587208728,5.481419902465379e-07
195.3,2015.0466926056683,-846.7587510173076,99.23076917376198,-2.409557411569962,-7.162248488685772,5.389206961025169e-07
195.4,2014.8068487169573,-847.4713281883626,99.23076922708671,-2.3873329761792386,-7.089361108640933,5.271607453695377e-07
195.5,2014.5692234445025,-848.1766365517244,99.23076927911359,-2.3651855120563834,-7.016873092971367,5.12985183344053e-07
195.60000000000002,2014.333808964813,-848.8747162680511,99.23076932960761,-2.3431175333586776,-6.944788894177047,4.965264169779163e-07
195.70000000000002,2014.1005972069065,-849.5656079337441,99.23076937834743,-2.321131475897302,-6.8731127752811405,4.779253040257852e-07
195.8,2013.8695798601002,-850.2493525621944,99.23076942512618,-2.299229698022419,-6.801848813688415,4.5733022180635937e-07
195.9,2013.6407483817102,-850.9259915654112,99.23076946975216,-2.2774144815658817,-6.731000904982068,4.3489611880283695e-07
196.0,2013.414094004654,-851.5955667360265,99.23076951204945,-2.255688032842468,-6.660572766659495,4.1078355832247277e-07
196.10000000000002,2013.1896077449499,-852.2581202296715,99.23076955185842,-2.234052483709475,-6.590567941807586,3.8515775516415054e-07
196.20000000000002,2012.9672804091065,-852.9136945477162,99.23076958903617,-2.2125098926829208,-6.5209898027182245,3.581876132261156e-07
196.3,2012.7471026013995,-853.5623325203686,99.23076962345684,-2.1910622461081117,-6.451841554444741,3.3004476620797326e-07
196.4,2012.529064731028,-854.2040772901262,99.23076965501181,-2.169711459380914,-6.383126238300118,3.009026304403879e-07
196.5,2012.3131570191463,-854.838972295574,99.23076968360986,-2.1484593782156365,-6.314846735297822,2.709354694341176e-07
196.60000000000002,2012.0993695057668,-855.467061255525,99.23076970917721,-2.1273077799546556,-6.247005769536142,2.4031748013933595e-07
196.70000000000002,2011.8876920565306,-856.088388153495,99.23076973165745,-2.1062583749142707,-6.179605911527007,2.0922189874401063e-07
196.8,2011.6781143693408,-856.7029972225084,99.2307697510114,-2.0853128077610426,-6.112649581470222,1.7782013605139222e-07
196.9,2011.4706259808584,-857.3109329302285,99.2307697672169,-2.064472658912579,-6.046139052474117,1.4628094251964207e-07
197.0,2011.265216272856,-857.9122399644069,99.23076978026852,-2.0437394459565734,-5.980076453723588,1.1476960804975429e-07
197.10000000000002,2011.0618744784292,-858.5069632186476,99.23076979017713,-2.023114625081718,-5.914463773596552,8.344719800894379e-08
197.20000000000002,2010.860589688065,-859.0951477784799,99.23076979696948,-2.0025995925145117,-5.849302862729757,5.246983120630527e-08
197.3,2010.6613508555654,-859.6768389077359,99.23076980068764,-1.9821956859557164,-5.784595437034971,2.1988001026412812e-08
197.4,2010.4641468038299,-860.2520820352263,99.23076980138843,-1.9619041860108082,-5.720343080666477,-7.854058369531197e-09
197.5,2010.2689662304924,-860.8209227417111,99.23076979914276,-1.9417263176089916,-5.656547248940809,-3.69189585094683e-08
197.60000000000002,2010.0757977134194,-861.3834067471602,99.23076979403491,-1.9216632514055816,-5.593209271209658,-6.507669152129347e-08
197.70000000000002,2009.8846297160676,-861.9395798982981,99.23076978616176,-1.9017161051631066,-5.530330353686808,-9.22051170705791e-08
197.8,2009.6954505927058,-862.4894881564302,99.23076977563201,-1.881885945107049,-5.46791158222994,-1.1819039273239436e-07
197.9,2009.5082485935018,-863.0331775855439,99.23076976256532,-1.8621737872524236,-5.405953925078133,-1.4292735597912314e-07
198.0,2009.3230118694778,-863.5706943406819,99.23076974709139,-1.8425805986980606,-5.34445823554582,-1.6631984828100726e-07
198.10000000000002,2009.13972847734,-864.1020846565832,99.23076972934909,-1.8231072988858497,-5.283425254673929,-1.882809867651964e-07
198.20000000000002,2008.9583863841817,-864.6273948365856,99.23076970948551,-1.8037547608230973,-5.222855613838918,-2.087333816142463e-07
198.3,2008.7789734720677,-865.1466712417888,99.230769687655,-1.7845238122660314,-5.162749837320349,-2.2760929761966202e-07
198.4,2008.6014775425024,-865.6599602804708,99.23076966401817,-1.7654152368636042,-5.103108344827628,-2.4485076456263284e-07
198.5,2008.4258863207838,-866.1673083977562,99.23076963874097,-1.7464297752610112,-5.043931453986502,-2.6040963388311807e-07
198.60000000000002,2008.2521874602517,-866.6687620655296,99.23076961199364,-1.7275681261625337,-4.985219382785856,-2.7424758284567963e-07
198.70000000000002,2008.0803685464293,-867.1643677725934,99.2307695839498,-1.7088309473542886,-4.926972251985332,-2.8633606809235056e-07
198.8,2007.9104171010665,-867.6541720150635,99.2307695547854,-1.6902188566873164,-4.869190087484268,-2.966562326548156e-07
198.9,2007.7423205860848,-868.1382212869997,99.23076952467783,-1.671732433022177,-4.811872822652412,-3.0519876124537455e-07
199.0,2007.5760664074314,-868.6165620712683,99.23076949380493,-1.653372217136208,-4.755020300622857,-3.1196369361090594e-07
199.10000000000002,2007.4116419188438,-869.0892408306308,99.23076946234407,-1.6351387125952204,-4.698632276547614,-3.169601945127205e-07
199.20000000000002,2007.249034425528,-869.5563039990578,99.23076943047127,-1.6170323865912946,-4.642708419816218,-3.202062793309702e-07
199.3,2007.0882311877558,-870.0177979732617,99.23076939836031,-1.5990536707487304,-4.5872483162377575,-3.217285039885195e-07
199.4,2006.9292194243828,-870.4737691044463,99.2307693661819,-1.5812029619002688,-4.532251470186689,-3.2156161787961165e-07
199.5,2006.7719863162895,-870.9242636902692,99.2307693341029,-1.5634806228357723,-4.477717306712802,-3.1974818293807254e-07
199.60000000000002,2006.616519009749,-871.3693279670132,99.23076930228551,-1.5458869830256243,-4.423645173615687,-3.163381623682009e-07
199.70000000000002,2006.4628046197245,-871.809008101964,99.23076927088661,-1.5284223393212364,-4.370034343484038,-3.113884811554842e-07
199.8,2006.3108302330963,-872.2433501859889,99.23076924005704,-1.511086956634723,-4.316884015700162,-3.0496256279050094e-07
199.9,2006.1605829118232,-872.6724002263156,99.230769209941,-1.49388106860021,-4.264193318409995,-2.971298424378072e-07
200.0,2006.0120496960371,-873.0962041395054,99.23076918067548,-1.476804878218746,-4.211961310458998,-2.87965261962241e-07
200.10000000000002,2005.8652176070752,-873.5148077446182,99.2307691523897,-1.4598585584888684,-4.160186983294267,-2.775487505763299e-07
200.20000000000002,2005.7200736504496,-873.9282567565672,99.23076912520466,-1.4430422530248361,-4.108869262833197,-2.659646901170199e-07
200.3,2005.5766048187545,-874.3365967796569,99.23076909923275,-1.4263560766642447,-4.058007011299054,-2.5330137235617606e-07
200.4,2005.434798094514,-874.7398733013051,99.23076907457731,-1.4098001160666473,-4.007599029023811,-2.3965044913604084e-07
200.5,2005.294640452971,-875.138131685942,99.23076905133243,-1.393374430304606,-3.9576440562186175,-2.2510637868950102e-07
200.60000000000002,2005.1561188648154,-875.5314171690853,99.23076902958259,-1.3770790514486007,-3.908140774712258,-2.0976587241628362e-07
200.70000000000002,2005.019220298857,-875.9197748515879,99.23076900940252,-1.3609139851467253,-3.8590878096579804,-1.9372734188084101e-07
200.8,2004.8839317246366,-876.3032496940542,99.23076899085707,-1.3448792112002386,-3.8104837312090822,-1.770903521816196e-07
200.9,2004.7502401149845,-876.6818865114225,99.23076897400107,-1.3289746841356402,-3.7623270561636377,-1.5995508222460456e-07
201.0,2004.618132448518,-877.0557299677105,99.23076895887932,-1.313200333774054,-3.714616249578753,-1.424217946085971e-07
201.10000000000002,2004.487595712084,-877.4248245709208,99.23076894552665,-1.297556065798035,-3.667349726354772,-1.2459032044773662e-07
201.20000000000002,2004.358616903144,-877.789214668103,99.2307689339679,-1.2820417623163711,-3.6205258527898185,-1.0655955619757238e-07
201.3,2004.2311830321044,-878.1489444405702,99.23076892421813,-1.2666572824268638,-3.5741429481050986,-8.842697938218614e-08
201.4,2004.1052811245888,-878.504057899266,99.23076891628271,-1.2514024627771752,-3.5281992859413696,-7.028818408342804e-08
201.5,2003.9808982236557,-878.8545988802806,99.2307689101576,-1.236277118123467,-3.4826930958270084,-5.2236435469871233e-08
201.60000000000002,2003.8580213919586,-879.2006110405115,99.2307689058295,-1.2212810418868594,-3.437622564618082,-3.436224944934573e-08
201.70000000000002,2003.7366377138528,-879.542137853467,99.2307689032763,-1.206414006707117,-3.39298583791086,-1.6752995288556202e-08
201.8,2003.616734297446,-879.87922260521,99.23076890246726,-1.1916757649933991,-3.348781021427184,5.074752687815388e-10
201.9,2003.4982982765937,-880.2119083904386,99.23076890336348,-1.1770660494715108,-3.305006182373112,1.7339170696896475e-08
202.0,2003.38131681284,-880.5402381087011,99.23076890591827,-1.1625845737271316,-3.261659350771276,3.3666275400067435e-08
202.10000000000002,2003.265777097305,-880.864254460744,99.23076891007753,-1.1482310327445855,-3.2187385207673547,4.941743549784968e-08
202.20000000000002,2003.1516663525188,-881.1839999449872,99.23076891578032,-1.1340051034404677,-3.176241651911089,6.45260167353327e-08
202.3,2003.0389718342003,-881.499516854129,99.23076892295924,-1.119906445191655,-3.1341666704122533,7.893032715512828e-08
202.4,2002.9276808329867,-881.8108472718725,99.23076893154101,-1.1059347003570648,-3.0925114703719845,9.257381428475614e-08
202.5,2002.817780676108,-882.1180330697762,99.23076894144693,-1.0920894947927005,-3.0512739149898818,1.0540522650339955e-07
202.60000000000002,2002.7092587290133,-882.4211159042227,99.23076895259345,-1.078370438359304,-3.01045183774727,1.1737874672922884e-07
202.70000000000002,2002.602102396944,-882.7201372135054,99.23076896489273,-1.064777125422267,-2.9700430435670184,1.2845409286442953e-07
202.8,2002.4962991264592,-883.0151382150294,99.23076897825317,-1.0513091353432364,-2.9300453099503048,1.3859658828787624e-07
202.9,2002.3918364069123,-883.3061599026255,99.23076899257997,-1.037966032962988,-2.890456388090702,1.4777720100388389e-07
203.0,2002.2887017718786,-883.5932430439739,99.23076900777575,-1.0247473690752977,-2.851274003965955,1.5597255355567816e-07
203.10000000000002,2002.1868828005368,-883.8764281781365,99.23076902374103,-1.0116526808913828,-2.8124958594078158,1.6316490286342905e-07
203.20000000000002,2002.0863671190048,-884.1557556131949,99.23076904037487,-0.9986814924946352,-2.774119633150296,1.6934209326805657e-07
203.3,2001.98714240163,-884.4312654239919,99.23076905757537,-0.9858333152854749,-2.736142981856686,1.7449747993624947e-07
203.4,2001.889196372236,-884.7029974499754,99.23076907524025,-0.9731076484162879,-2.6985635411256665,1.786298270689375e-07
203.5,2001.7925168053255,-884.9709912931409,99.23076909326736,-0.9605039792160458,-2.661378926476877,1.8174318163463902e-07
203.60000000000002,2001.697091527242,-885.2352863160721,99.2307691115552,-0.9480217836048441,-2.624586734316239,1.8384672073903393e-07
203.70000000000002,2001.602908417291,-885.4959216400774,99.2307691300035,-0.9356605264982741,-2.5881845428813643,1.8495457928946966e-07
203.8,2001.50995540882,-885.752936143419,99.23076914851355,-0.9234196622015672,-2.552169913167373,1.8508565348350412e-07
203.9,2001.41822049026,-886.0063684596344,99.23076916698884,-0.9112986347937984,-2.516540389833401,1.842633881563117e-07
204.0,2001.3276917061305,-886.256256975947,99.23076918533536,-0.8992968785021894,-2.48129350209012,1.8251554175842334e-07
204.10000000000002,2001.238357158005,-886.5026398317657,99.23076920346213,-0.8874138180666584,-2.446426764568551,1.7987394013476078e-07
204.20000000000002,2001.1502050054435,-886.7455549172685,99.23076922128153,-0.8756488690949528,-2.411937678170457,1.7637421061165335e-07
204.3,2001.063223466886,-886.9850398720721,99.23076923870967,-0.8640014384085251,-2.3778237309006047,1.7205550500203666e-07
204.4,2000.9774008205168,-887.2211320839828,99.23076925566674,-0.8524709243793157,-2.3440823986811674,1.6696021395439828e-07
204.5,2000.8927254050911,-887.4538686878282,99.23076927207734,-0.8410567172580449,-2.3107111461485337,1.6113366684390554e-07
204.60000000000002,2000.809185620732,-887.6832865643678,99.2307692878707,-0.8297581994939708,-2.2777074274328015,1.5462382782737766e-07
204.70000000000002,2000.7267699296947,-887.9094223392808,99.230769302981,-0.8185747460466293,-2.24506868692021,1.474809852837753e-07
204.8,2000.6454668571,-888.1323123822289,99.23076931734754,-0.8075057246898423,-2.212792359998771,1.397574341467673e-07
204.9,2000.5652649916387,-888.3519928059928,99.23076933091492,-0.7965504963082694,-2.1808758737873593,1.315071600626431e-07
205.0,2000.486152986245,-888.5684994656821,99.23076934363326,-0.7857084151869083,-2.1493166478485017,1.2278551907959463e-07
205.10000000000002,2000.4081195587432,-888.7818679580132,99.2307693554582,-0.774978829293763,-2.1181120948851295,1.136489204064799e-07
205.20000000000002,2000.3335187141863,-888.98576120667,99.23076936639823,-0.7171390840708832,-1.9600289843654541,1.051668503372364e-07
205.3,2000.2646674759544,-889.1739400767686,99.23076937649512,-0.6600255433607807,-1.8039306797575283,9.67912770104197e-08
205.4,2000.2014819228916,-889.3466339351108,99.23076938576114,-0.6038607413196703,-1.650425394176332,8.855483391254584e-08
205.5,2000.143856916876,-889.5041301370661,99.23076939421172,-0.548846564296561,-1.5000649077498867,8.048712761156236e-08
205.60000000000002,2000.0916681421334,-889.6467684528772,99.23076940186509,-0.4951647706695558,-1.353345988395499,7.261481199007808e-08
205.70000000000002,2000.0447740895395,-889.7749356443185,99.23076940874199,-0.442977570038653,-1.2107119748247575,6.496167493774604e-08
205.8,2000.003017980332,-889.8890602069577,99.23076941486543,-0.39242825469739273,-1.0725545024328231,5.754873041003041e-08
205.9,1999.966229624345,-889.9896072913702,99.23076942026036,-0.3436418765651753,-0.9392153534374079,5.039431670441254e-08
206.0,1999.9342272085528,-890.0770738148326,99.23076942495344,-0.29672596303595933,-0.8109884133810137,4.351420294234166e-08
206.10000000000002,1999.9068190123435,-890.1519837732671,99.23076942897279,-0.25177126548451184,-0.6881217168902095,3.6921697203040624e-08
206.20000000000002,1999.8838050465602,-890.2148837615437,99.23076943234774,-0.2088525344663506,-0.5708195663920511,3.0627761101768475e-08
206.3,1999.8649786139235,-890.2663387086517,99.2307694351086,-0.16802931594992013,-0.45924470831415964,2.464112703330206e-08
206.4,1999.8501277890048,-890.3069278327545,99.23076943728644,-0.12934676322733132,-0.35352055213633027,1.896841699200948e-08
206.5,1999.8390368164346,-890.3372408197121,99.2307694389129,-0.09283645946143473,-0.253733418512359,1.3614262255235877e-08
206.60000000000002,1999.8314874265238,-890.3578742273286,99.23076944002,-0.05851724613994516,-0.15993480353672176,8.581426300909941e-09
206.70000000000002,1999.8272600679288,-890.3694281163267,99.23076944063993,-0.02639605302076429,-0.07214364708682437,3.870925325886468e-09
206.8,1999.8261350574198,-890.3725029078896,99.2307694408049,0.0035312745355348917,0.00965140597592859,-5.178503523470542e-10
206.9,1999.827893647207,-890.3676964665294,99.23076944054701,0.03127915464093281,0.08548976211815333,-4.587014546112852e-09
207.0,1999.8323190106398,-890.3556014060491,99.23076943989804,0.056871457852740316,0.15543666249772103,-8.34006802935749e-09
207.10000000000002,1999.8391971474332,-890.3368026154479,99.23076943888938,0.08034070923393714,0.2195810020969095,-1.1781780834793527e-08
207.20000000000002,1999.8483177098763,-890.3118750007926,99.23076943755187,0.10172730639758484,0.27803319254193753,-1.4918077324842684e-08
207.3,1999.8594747517543,-890.2813814383214,99.23076943591572,0.12107875614551354,0.3309230757430016,-1.775592401552745e-08
207.4,1999.872467401963,-890.2458709333745,99.23076943401037,0.13844893203342595,0.37839789472870916,-2.030322149161955e-08
207.5,1999.8871004650116,-890.2058769791435,99.23076943186446,0.15389735492521098,0.420620327312856,-2.2568697759139615e-08
207.60000000000002,1999.9031849508092,-890.1619161087042,99.2307694295057,0.1674884983395515,0.4577665875216262,-2.4561807816317964e-08
207.70000000000002,1999.920538536288,-890.1144866333394,99.23076942696083,0.17929112014225262,0.49002459902684675,-2.6292635122888184e-08
207.8,1999.9389859615715,-890.0640675597655,99.23076942425556,0.1893776218986206,0.5175922441775098,-2.7771797341438597e-08
207.9,1999.9583593635057,-890.0111176785496,99.2307694214145,0.19782343697202057,0.5406756915981846,-2.9010356270140926e-08
208.0,1999.9784985494753,-889.9560748157373,99.23076941846112,0.20470644823791068,0.5594878047300976,-3.0019733825173665e-08
208.10000000000002,1999.9992512144995,-889.8993552395021,99.2307694154178,0.21010643607715146,0.5742466331292752,-3.0811629194547694e-08
208.20000000000002,2000.0204731046626,-889.84135321347,99.23076941230565,0.21410455711878504,0.5851739878066029,-3.1397944140647455e-08
208.3,2000.0412244485558,-889.7845452211604,99.23076940873958,0.20097013116229193,0.5511088624216913,-3.985726220487452e-08
208.4,2000.060676617238,-889.7311070341389,99.23076940434798,0.1881203001801239,0.5177759543889383,-4.79031208120627e-08
208.5,2000.078857845324,-889.6809660065888,99.23076939917378,0.1755505758043331,0.4851637690113997,-5.550442649841143e-08
208.60000000000002,2000.095795921369,-889.6340506350808,99.23076939326286,0.16325652513669214,0.45326095304341113,-6.263313520242563e-08
208.70000000000002,2000.111518193392,-889.5902905444891,99.23076938666375,0.15123377025315604,0.4220562934407081,-6.92643215283458e-08
208.8,2000.126051574347,-889.5496164740345,99.23076937942731,0.1394779877102431,0.3915387161136771,-7.537622945649527e-08
208.9,2000.1394225475476,-889.5119602634506,99.23076937160644,0.12798490805320456,0.3616972846839207,-8.095030486725801e-08
209.0,2000.1516571720408,-889.4772548392754,99.2307693632557,0.11675031532622415,0.33252119924428647,-8.597121411483973e-08
209.10000000000002,2000.1627810879324,-889.4454342012651,99.23076935443105,0.1057700465845458,0.3039997951225299,-9.042684073676398e-08
209.20000000000002,2000.1728195216647,-889.4164334089331,99.23076934518949,0.09503999140854093,0.2761225416487675,-9.430826889625267e-08
209.3,2000.1817972912434,-889.3901885682108,99.23076933558873,0.08455609141965358,0.2488790409268774,-9.760975171947624e-08
209.4,2000.1897388114185,-889.3666368182313,99.23076932568695,0.07431433979842116,0.222259026609983,-1.0032865957525154e-07
209.5,2000.1966680988162,-889.3457163182362,99.2307693155424,0.06431078080444962,0.19625236268017113,-1.0246541935182414e-07
209.60000000000002,2000.2026087770225,-889.3273662346029,99.23076930521316,0.05454150929824133,0.17084904223259123,-1.0402343580842003e-07
209.70000000000002,2000.2075840816199,-889.3115267279941,99.2307692947568,0.04500267026517851,0.14603918626405094,-1.0500900025783021e-07
209.8,2000.2116168651753,-889.2981389406281,99.23076928423013,0.03569045834125137,0.12181304246626537,-1.0543118717654539e-07
209.9,2000.2147296021828,-889.2871449836692,99.23076927368895,0.026601117341034562,0.09816098402385443,-1.0530173919410519e-07
210.0,2000.216944393957,-889.278487924739,99.23076926318771,0.017730939787358915,0.07507350841724654,-1.0463494076636447e-07
210.10000000000002,2000.2182829734804,-889.2721117755455,99.23076925277933,0.009076266443222413,0.052541236230572635,-1.0344748274201472e-07
210.20000000000002,2000.218766710205,-889.2679614796326,99.23076924251494,0.0006334858455566608,0.03055490996468863,-1.0175831490735636e-07
210.3,2000.2184166148052,-889.2659829002478,99.23076923244369,-0.007600966159003592,0.009105392855429273,-9.95884955362924e-08
210.4,2000.2172533438866,-889.2661228083269,99.23076922261251,-0.015630606876141415,-0.01181633230281422,-9.696103045470378e-08
210.5,2000.2152972046474,-889.2683288705978,99.23076921306593,-0.023458907224113913,-0.03221916432806005,-9.390070670289313e-08
210.60000000000002,2000.2125681594941,-889.2725496377986,99.23076920384592,-0.03108929219169196,-0.05211188481618151,-9.043392106358862e-08
210.70000000000002,2000.2090858306121,-889.278734533015,99.23076919499177,-0.03852514129409825,-0.071503159300716,-8.658850505017355e-08
210.8,2000.2048695044898,-889.2868338401305,99.23076918653987,-0.04576978902689786,-0.09040153840694778,-8.23935466598299e-08
210.9,2000.1999381363983,-889.2967986923937,99.2307691785237,-0.05282652531764759,-0.1088154590001881,-7.787920975000048e-08
211.0,2000.1943103548253,-889.3085810610996,99.23076917097364,-0.05969859597537688,-0.12675324532816187,-7.307655369028812e-08
211.10000000000002,2000.1880044658656,-889.3221337443842,99.23076916391695,-0.066389203137935,-0.1442231101574161,-6.80173509419783e-08
211.20000000000002,2000.1810384575645,-889.3374103561333,99.23076915737765,-0.07290150571697504,-0.16123315590368728,-6.273390548040492e-08
211.3,2000.1734300042192,-889.3543653150036,99.23076915137655,-0.07923861984080921,-0.1777913757561341,-5.725887595974614e-08
211.4,2000.165196470635,-889.3729538335562,99.23076914593116,-0.08540361929479129,-0.1939056547953867,-5.162509693772362e-08
211.5,2000.1563549163375,-889.3931319075008,99.23076914105573,-0.09139953595946074,-0.20958377110532686,-4.5865408315099544e-08
211.60000000000002,2000.1469220997412,-889.414856305052,99.2307691367612,-0.09722936024625249,-0.2248333968785453,-4.001248541370823e-08
211.70000000000002,2000.136914482275,-889.4380845563949,99.23076913305526,-0.10289604153076676,-0.2396620995154118,-3.4098674826197844e-08
211.8,2000.126348232464,-889.4627749432605,99.23076912994243,-0.10840248858358441,-0.25407734271669874,-2.815583693364022e-08
211.9,2000.1152392299684,-889.4888864886102,99.23076912742403,-0.11375156999859254,-0.2680864875697022,-2.2215195329865666e-08
212.0,2000.1036030695807,-889.5163789464285,99.2307691254983,-0.11894611461878243,-0.2816967936278066,-1.6307190820878677e-08
212.10000000000002,2000.0914550651785,-889.5452127916233,99.2307691241605,-0.1239889119593824,-0.2949154199834506,-1.0461344829450432e-08
212.20000000000002,2000.078810253637,-889.575349210033,99.230769123403,-0.12888271262848694,-0.30774942633443203,-4.706131246956242e-09
212.3,2000.0656833986982,-889.6067500885405,99.23076912321534,-0.13363022874500202,-0.3202057740435173,9.311441205670235e-10
212.4,2000.0520889947998,-889.6393780052917,99.23076912358442,-0.13823413435386947,-0.33229132719131144,6.424455274260126e-09
212.5,2000.038041270861,-889.6731962200207,99.2307691244946,-0.1426970658386555,-0.3440128536223423,1.1749157546056864e-08
212.60000000000002,2000.023554194029,-889.708168664477,99.23076912592785,-0.14702162233136876,-0.3553770259843256,1.688208113040519e-08
212.70000000000002,2000.0086414733832,-889.7442599329581,99.2307691278639,-0.15121036611954697,-0.36639042276057265,2.1801611826366634e-08
212.8,1999.9933165635998,-889.7814352729449,99.23076913028038,-0.15526582305051248,-0.37705952929550957,2.6487765092526792e-08
212.9,1999.9775926685752,-889.8196605758378,99.23076913315305,-0.15919048293287177,-0.3873907388132717,3.092224750449209e-08
213.0,1999.9614827450107,-889.8589023677958,99.23076913645588,-0.16298679993519485,-0.39739035342934587,3.508850889724355e-08
213.10000000000002,1999.944999505956,-889.8991278006762,99.2307691401613,-0.16665719298182963,-0.40706458515523464,3.8971785396281546e-08
213.20000000000002,1999.9281554243141,-889.9403046430735,99.23076914424036,-0.17020404614590226,-0.41641955689611215,4.2559129489961386e-08
213.3,1999.9109627363073,-889.982401271459,99.23076914866289,-0.1736297090393749,-0.42546130344145616,4.583943316712351e-08
213.4,1999.8934334449032,-890.0253866614179,99.2307691533977,-0.17693649720032492,-0.4341957724486228,4.88034377164084e-08
213.5,1999.8755793232035,-890.0692303789855,99.23076915841278,-0.18012669247724544,-0.44262882541935633,5.144373754782315e-08
213.60000000000002,1999.8574119177938,-890.1139025720797,99.23076916367548,-0.1832025434105181,-0.45076623866920534,5.375477148021454e-08
213.70000000000002,1999.838942552055,-890.1593739620309,99.23076916915264,-0.18616626561101152,-0.4586137042898325,5.573280580628427e-08
213.8,1999.8201823294376,-890.2056158352074,99.23076917481086,-0.18902004213566503,-0.466176831104211,5.737590883139087e-08
213.9,1999.801142136699,-890.2526000347357,99.23076918061663,-0.19176602386029995,-0.47346114561467995,5.8683915381570086e-08
214.0,1999.7818326471022,-890.3002989523158,99.23076918653652,-0.19440632984945166,-0.4804720929438603,5.965838472857878e-08
214.10000000000002,1999.7622643235793,-890.3486855201298,99.2307691925373,-0.19694304772330873,-0.4872150377684163,6.030254938488155e-08
214.20000000000002,1999.7424474218574,-890.3977332028442,99.23076919858617,-0.19937823402181745,-0.4936952652456512,6.062125807332017e-08
214.3,1999.7223919935484,-890.447415989703,99.23076920465091,-0.20171391456576251,-0.499917981932942,6.06209100221745e-08
214.4,1999.7021078892035,-890.4977083867146,99.23076921069998,-0.20395208481511654,-0.5058883166999917,6.030938455377786e-08
214.5,1999.6816047613306,-890.5485854089274,99.23076921670271,-0.20609471022438497,-0.5116113216339114,5.969596426328546e-08
214.60000000000002,1999.660892067378,-890.6000225727967,99.23076922262945,-0.2081437265950985,-0.517091972937124,5.879125146144606e-08
214.70000000000002,1999.6399790726819,-890.6519958886412,99.23076922845163,-0.21010104042541722,-0.5223351718180868,5.760708278093254e-08
214.8,1999.6188748533796,-890.7044818531875,99.23076923414197,-0.21196852925693474,-0.5273457453748355,5.6156436424379405e-08
214.9,1999.5975882992873,-890.7574574422031,99.2307692396745,-0.21374804201855765,-0.5321284474713537,5.4453338035648784e-08
215.0,1999.576128116745,-890.8109001032162,99.23076924502472,-0.21544139936753928,-0.536687959606772,5.251276366562821e-08
215.10000000000002,1999.5545028314264,-890.864787748323,99.23076925016966,-0.21705039402766424,-0.5410288917774001,5.035053809194134e-08
215.20000000000002,1999.5327207911155,-890.9190987470796,99.23076925508798,-0.21857679112463266,-0.5451557833315964,4.798323321707404e-08
215.3,1999.5107901684496,-890.9738119194798,99.23076925976004,-0.22002232851856715,-0.5490731038174876,4.5428064680921735e-08
215.4,1999.48871896363,-891.0289065290175,99.23076926416792,-0.22138871713371144,-0.5527852538235446,4.2702786738266876e-08
215.5,1999.4665150070982,-891.0843622758321,99.23076926829553,-0.22267764128535464,-0.5562965658120211,3.982558964287738e-08
215.60000000000002,1999.4441859621816,-891.1401592899372,99.2307692721286,-0.22389075900385763,-0.5596113049452774,3.681499339857575e-08
215.70000000000002,1999.4217393277047,-891.1962781245321,99.23076927565471,-0.2250297023559957,-0.562733669904986,3.368974595401075e-08
215.8,1999.399182440571,-891.2526997493941,99.23076927886335,-0.2260960777634084,-0.5656677937042476,3.0468721479726646e-08
215.9,1999.3765224783103,-891.3094055443516,99.23076928174589,-0.22709146631832422,-0.5684177444926226,2.7170818754155163e-08
216.0,1999.3537664615974,-891.3663772928386,99.23076928429558,-0.2280174240964848,-0.570987526354098,2.3814864795966825e-08
216.10000000000002,1999.3309212567365,-891.4235971755267,99.23076928650755,-0.22887548246735892,-0.5733810800980018,2.0419521014673883e-08
216.20000000000002,1999.3079935781177,-891.4810477640375,99.23076928837878,-0.22966714840147975,-0.5756022840428938,1.70031882406349e-08
216.3,1999.2849899906416,-891.5387120147325,99.23076928990808,-0.23039390477512905,-0.5776549547934378,1.3583922595059642e-08
216.4,1999.2619169121128,-891.5965732625799,99.23076929109605,-0.23105721067225676,-0.5795428480102818,1.0179348696946772e-08
216.5,1999.238780615605,-891.6546152150988,99.23076929194501,-0.2316585016836402,-0.581269659172968,6.806580175164884e-09
216.60000000000002,1999.215587231795,-891.7128219463785,99.23076929245897,-0.23219919020334862,-0.5828390243358905,3.482145171589987e-09
216.70000000000002,1999.192342751268,-891.7711778911739,99.23076929264357,-0.2326806657224581,-0.5842545208773255,2.2191595452537273e-10
216.8,1999.1690530267922,-891.8296678390747,99.230769292506,-0.23310429512009453,-0.5855196682415545,-2.958956896693004e-09
216.9,1999.1457237755678,-891.8882769287491,99.2307692920549,-0.23347142295167575,-0.5866379286741128,-6.046104503307376e-09
217.0,1999.1223605814428,-891.9469906422602,99.23076929130035,-0.23378337173459618,-0.5876127079501717,-9.02599347317226e-09
217.10000000000002,1999.0989688971038,-892.0057947994553,99.2307692902537,-0.23404144223111606,-0.5884473560960988,-1.1885975585263607e-08
217.20000000000002,1999.0755540462374,-892.0646755524267,99.23076928892755,-0.23424691372864984,-0.5891451681042058,-1.4614330257508601e-08
217.3,1999.0521212256633,-892.1236193800437,99.23076928733559,-0.2344010443173195,-0.5897093846407264,-1.7200301717011966e-08
217.4,1999.028675507441,-892.1826130825551,99.23076928549257,-0.23450507116488184,-0.5901431927470386,-1.9634131253900443e-08
217.5,1999.0052218409476,-892.2416437762619,99.23076928341413,-0.23456021078902348,-0.5904497265341664,-2.1907081600876453e-08
217.60000000000002,1998.9817650549298,-892.3006988882578,99.23076928111678,-0.2345676593269747,-0.5906320678705902,-2.4011456465799295e-08
217.70000000000002,1998.9583098595288,-892.3597661512401,99.23076927861769,-0.23452859280254948,-0.5906932470633907,-2.5940616062555624e-08
217.8,1998.9348608482776,-892.4188335983868,99.23076927593468,-0.23444416739050358,-0.5906362435327629,-2.768898334652118e-08
217.9,1998.9114225000733,-892.4778895583012,99.23076927308607,-0.23431551967835124,-0.590463986479924,-2.9252046859883977e-08
218.0,1998.8879991811232,-892.5369226500236,99.23076927009056,-0.23414376692551486,-0.5901793555484535,-3.062635872197951e-08
218.10000000000002,1998.864595146864,-892.5959217781079,99.23076926696717,-0.2339300073199935,-0.5897851814790871,-3.180952381362957e-08
218.20000000000002,1998.8412145438567,-892.6548761277642,99.23076926373508,-0.23367532023235882,-0.5892842467580103,-3.2800188484963906e-08
218.3,1998.8178614116555,-892.713775160065,99.23076926041357,-0.23338076646723058,-0.5886792862586727,-3.359802018915009e-08
218.4,1998.7945396846524,-892.7726086072162,99.23076925702189,-0.23304738851218304,-0.5879729878771638,-3.4203684076072266e-08
218.5,1998.7712531938957,-892.8313664678905,99.23076925357918,-0.23267621078422504,-0.5871679931611722,-3.461881616148697e-08
218.60000000000002,1998.7480056688858,-892.8900390026241,99.23076925010439,-0.23226823987360004,-0.5862668979325821,-3.4845989379262906e-08
218.70000000000002,1998.724800739345,-892.9486167292748,99.23076924661613,-0.23182446478517976,-0.5852722529037225,-3.488867815185138e-08
218.8,1998.7016419369647,-893.0070904185415,99.23076924313266,-0.2313458571773717,-0.584186564287312,-3.475121835378788e-08
218.9,1998.678532697128,-893.0654510895444,99.23076923967172,-0.23083337159847972,-0.5830122944001371,-3.443876354562485e-08
219.0,1998.6554763606086,-893.1236900054658,99.23076923625054,-0.23028794572067277,-0.5817518622604937,-3.395723812950425e-08
219.10000000000002,1998.6324761752471,-893.1817986692496,99.23076923288569,-0.22971050057144585,-0.580407644179431,-3.331328887477564e-08
219.20000000000002,1998.6095352976045,-893.2397688193595,99.23076922959305,-0.22910194076269622,-0.5789819743458334,-3.251423131727272e-08
219.3,1998.5866567945911,-893.2975924255965,99.23076922638775,-0.2284631547173706,-0.5774771454053755,-3.1567996626008396e-08
219.4,1998.563843645076,-893.3552616849726,99.23076922328407,-0.22779501489363607,-0.575895409033394,-3.048307614287549e-08
219.5,1998.5410987414712,-893.4127690176426,99.23076922029546,-0.22709837800683422,-0.5742389765016968,-2.926846301811061e-08
219.60000000000002,1998.5184248912944,-893.4701070628918,99.23076921743439,-0.22637408524888109,-0.57251001923937,-2.7933594942164564e-08
219.70000000000002,1998.495824818712,-893.5272686751792,99.23076921471241,-0.22562296250537517,-0.5707106693876043,-2.64882925859262e-08
219.8,1998.473301166058,-893.5842469202366,99.23076921214007,-0.22484582057039573,-0.5688430203485805,-2.4942702033474892e-08
219.9,1998.4508564953328,-893.6410350712216,99.23076920972687,-0.22404345535897624,-0.5669091273284554,-2.330723412146422e-08
220.0,1998.42849328968,-893.6976266049251,99.23076920748127,-0.22321664811718162,-0.5649110078744918,-2.1592502554676968e-08
220.10000000000002,1998.4062139548441,-893.7540151980318,99.23076920541065,-0.22236616562998957,-0.5628506424063568,-1.9809266945884406e-08
220.20000000000002,1998.4063226836754,-893.7902844661924,99.23100038835186,0.2245393995904515,-0.16253321904179874,0.004623432722262974
220.3,1998.4511215659115,-893.7865215406407,99.23169379956477,0.6714368992586979,0.2377932403497211,0.009244113145034961
220.4,1998.5406097940192,-893.7427255152007,99.23284903174911,1.1183263136555888,0.6381287874355588,0.013859416307995455
220.5,1998.6747865584452,-893.6588954784696,99.23446541609081,1.565207622091695,1.0384734750850784,0.018466717189974818
220.60000000000002,1998.8536510475167,-893.5350305136975,99.23654202030644,2.012080802855832,1.4388273573666894,0.023063371531683363
220.70000000000002,1999.077202447336,-893.3711296986679,99.2390776467516,2.4589458331620886,1.839190489545171,0.02764671648185661
220.8,1999.3454399416717,-893.1671921055781,99.2420708305946,2.9058026890953625,2.2395629280793417,0.03221407125791163
220.9,1999.6583627118412,-892.9232168009199,99.24551983805706,3.3526513455554015,2.639944730620136,0.03676273782149081
221.0,2000.0159699365909,-892.6392028453605,99.24942266472269,3.7994917761993388,3.040335956009156,0.04129000156928458
221.10000000000002,2000.418260791968,-892.3151492936234,99.25377703391594,4.24632395338272,3.4407366642777646,0.04579313203954207
221.20000000000002,2000.8652344511875,-891.9510551943697,99.25858039515226,4.69314784809901,3.841146916646791,0.05026938363469403
221.3,2001.3568900844934,-891.5469195900785,99.26382992266127,5.139963429917583,4.241566775526931,0.054715996360531025
221.4,2001.8932268590129,-891.1027415169285,99.26952251398475,5.58677066692017,4.6419963045199175,0.05913019658239928
221.5,2002.4742439386036,-890.6185200046789,99.27565478865118,6.033569525635776,5.042435568420541,0.0635091977988946
221.60000000000002,2003.0999404836966,-890.0942540765492,99.28222308692845,6.480359970974038,5.442884633219624,0.06785020143355712
221.70000000000002,2003.7703156511293,-889.5299427491001,99.28922346865676,6.927141966157035,5.84334356610802,0.07215039764509008
221.8,2004.4853685939745,-888.9255850321128,99.29665171216338,7.373915472649516,6.243812435481758,0.07640696615664974
221.9,2005.2450984613604,-888.2811799284688,99.30450331326143,7.820680450087552,6.6442913109484145,0.08061707710477642
222.0,2006.0495043982844,-887.5967264340273,99.31277348433449,8.267436856205592,7.044780263334832,0.08477789190856336
222.10000000000002,2006.8985855454193,-886.872223537504,99.32145715350913,8.714184646761904,7.445279364696301,0.08888656415968546
222.20000000000002,2007.7923410389117,-886.1076702203471,99.33054896391765,9.160923775462395,7.845788688327304,0.09294024053393884
222.3,2008.7307700101726,-885.3030654566128,99.34004327305293,9.607654193882784,8.246308308773976,0.09693606172497163
222.4,2009.7138715856613,-884.4584082128395,99.34993415221787,10.054375851389107,8.646838301848382,0.10087116340091759
222.5,2010.7416448866595,-883.5736974479205,99.36021538607166,10.501088695056547,9.047378744644769,0.10474267718467753
222.60000000000002,2011.8140890290385,-882.6489321129748,99.37088047227526,10.947792669586539,9.447929715557933,0.10854773165862772
222.70000000000002,2012.9312031230177,-881.684111151216,99.38192262123867,11.348187282744874,9.808472871607869,0.11182720008983454
222.8,2014.0883564075448,-880.6832355388935,99.39328915490023,11.341298150181611,9.816446616382766,0.11104997251025353
222.9,2015.244822011072,-879.6815638948195,99.40457450025507,11.33469201383089,9.824082907709228,0.11023599255052395
223.0,2016.4006281834174,-878.6791299098,99.4157750101023,11.328357504150501,9.83139617214849,0.10938722238450686
223.10000000000002,2017.5558020394492,-877.675965834196,99.42688723433365,11.322283688006316,9.838400206877333,0.10850556493626097
223.20000000000002,2018.7103696026475,-876.6721025407721,99.43790791395973,11.316460053628765,9.845108208139209,0.10759286525798885
223.3,2019.8643558471626,-875.6675695847055,99.4488339752756,11.310876495934522,9.851532798337072,0.10665091188032828
223.4,2021.01778473841,-874.662395260887,99.45966252416271,11.305523302220148,9.857686051837463,0.10568143813549286
223.5,2022.1706792722366,-873.6566066586464,99.47039084052447,11.300391138232275,9.863579519551596,0.1046861234537686
223.60000000000002,2023.3230615126977,-872.650229714022,99.48101637285289,11.295471034617035,9.86922425235563,0.10366659463387354
223.70000000000002,2024.4749526284807,-871.6432892596915,99.49153673292348,11.290754373749742,9.874630823408841,0.10262442708768318
223.8,2025.6263729280158,-870.6358090726743,99.50194969061589,11.28623287694436,9.879809349425287,0.10156114605982132
223.9,2026.7773418933093,-869.6278119199083,99.51225316885777,11.281898592041042,9.88476951095148,0.10047822782261033
224.0,2027.9278782125373,-868.6193196018027,99.52244523868934,11.277743881368885,9.88952057169982,0.09937710084686649
224.10000000000002,2029.0779998114397,-867.6103529938598,99.53252411444619,11.273761410080043,9.894071396984708,0.09825914694901901
224.20000000000002,2030.2277238835488,-866.6009320864554,99.54248814905797,11.269944134850574,9.89843047130592,0.09712570241502258
224.3,2031.3770669192902,-865.5910760228631,99.5523358294606,11.266285292942646,9.902605915121297,0.09597805910152407
224.4,2032.5260447339924,-864.5808031356044,99.56206577211968,11.262778391622081,9.906605500848615,0.09481746551473398
224.5,2033.6746724948398,-863.5701309811994,99.57167671866287,11.259417197924785,9.910436668134368,0.09364512786744425
224.60000000000002,2034.822964746804,-862.5590763733948,99.58116753161904,11.256195728765121,9.914106538425216,0.09246221111462403
224.70000000000002,2035.9709354375884,-861.5476554149344,99.59053719026204,11.253108241378964,9.917621928875947,0.09126983996801422
224.8,2037.1185979416186,-860.5358835279428,99.59978478655681,11.250149224093892,9.92098936562602,0.09006909989013266
224.9,2038.265965083111,-859.5237754829819,99.60890952120602,11.247313387418746,9.924215096475114,0.08886103806809215
225.0,2039.413049158253,-858.5113454268426,99.61791069979496,11.244595655444616,9.927305102986473,0.08764666436762299
225.10000000000002,2040.5598619565237,-857.4986069091269,99.62678772903281,11.241991157549245,9.930265112045412,0.08642695226768302
225.20000000000002,2041.7064147811873,-856.4855729076772,99.63554011308825,11.239495220396668,9.933100606898863,0.0852028397760285
225.3,2042.8527184689876,-855.4722558529018,99.64416745001756,11.237103360223987,9.935816837700585,0.08397523032611053
225.4,2043.998783409073,-854.4586676510479,99.65266942828325,11.2348112754071,9.938418831585357,0.08274499365565272
225.5,2045.1446195611782,-853.4448197064694,99.66104582336139,11.232614839297236,9.940911402294288,0.08151296666725714
225.60000000000002,2046.2902364730924,-852.4307229429323,99.66929649443588,11.230510093320246,9.943299159372318,0.0802799542713781
225.70000000000002,2047.4356432974373,-851.4163878240029,99.67742138117781,11.228493240330591,9.94558651695781,0.0790467302119942
225.8,2048.5808488077823,-850.4018243725569,99.68542050060812,11.226560638212167,9.947777702183275,0.07781403787530232
225.9,2049.7258614141215,-849.3870421894518,99.69329394404198,11.224708793718102,9.949876763205198,0.07658259108174945
226.0,2050.8706891777338,-848.372050471395,99.70104187411313,11.222934356541877,9.951887576880118,0.07535307486171129
226.10000000000002,2052.0153398254533,-847.3568580280476,99.7086645218764,11.221234113612201,9.953813856103253,0.07412614621511895
226.20000000000002,2053.159820763369,-846.3414732983939,99.7161621839871,11.219604983604214,9.95565915682511,0.07290243485532955
226.3,2054.3041390899775,-845.3259043664115,99.72353521995531,11.218044011659792,9.957426884760869,0.07168254393752878
226.4,2055.448301608806,-844.3101589760704,99.73078404947384,11.216548364309833,9.959120301806474,0.07046705077194844
226.5,2056.5923148405327,-843.2942445456923,99.73790914981808,11.215115324591604,9.960742532174818,0.06925650752217542
226.60000000000002,2057.7361850346156,-842.2781681816966,99.74491105331637,11.213742287354336,9.962296568264668,0.06805144188882245
226.70000000000002,2058.879918180456,-841.261936691761,99.75179034488939,11.21242675474656,9.963785276274422,0.06685235777882637
226.8,2060.02352001811,-840.2455565974208,99.75854765965701,11.211166331878651,9.96521140157218,0.06565973596063336
226.9,2061.1669960485647,-839.2290341461329,99.7651836806114,11.209958722654436,9.966577573833085,0.06447403470552608
227.0,2062.310351543603,-838.2123753228265,99.77169913635468,11.20880172576569,9.967886311954352,0.06329569041534171
227.10000000000002,2063.453591555265,-837.1955858609624,99.77809479890009,11.207693230843725,9.969140028757936,0.062125118236826926
227.20000000000002,2064.5967209249275,-836.1786712531241,99.78437148153499,11.206631214762242,9.970341035490279,0.0609627126628683
227.3,2065.7397442920114,-835.1616367611583,99.7905300367447,11.205613738085958,9.971491546128174,0.059808848120835076
227.4,2066.8826661023377,-834.1444874258864,99.79657135419549,11.20463894165963,9.97259368149936,0.058663879548264526
227.5,2068.025490616141,-833.1272280764041,99.80249635877584,11.20370504333218,9.97364947322599,0.0575281429561176
227.60000000000002,2069.168221915757,-832.1098633389875,99.8083060086944,11.202810334810989,9.974660867498892,0.05640195597982725
227.70000000000002,2070.3108639129955,-831.092397645622,99.81400129363362,11.201953178641359,9.975629728689956,0.05528561841835822
227.8,2071.4534203562125,-830.0748352421714,99.81958323295768,11.2011320053065,9.976557842809875,0.05417941276149343
227.9,2072.5958948370912,-829.0571801962006,99.82505287397369,11.20034531044342,9.977446920817949,0.053083604705558285
228.0,2073.7382907971464,-828.0394364044689,99.83041129024484,11.19959165217034,9.978298601790469,0.051998443657789786
228.10000000000002,2074.8806115339626,-827.021607600106,99.83565957995447,11.198869648521333,9.979114455953848,0.050924163229555224
228.20000000000002,2076.0228602071743,-826.0036973594861,99.84079886431982,11.198177974984098,9.979895987588401,0.049860981718620134
228.3,2077.165039844202,-824.9857091088112,99.84583028605452,11.197515362136883,9.980644637808412,0.048809102580663226
228.4,2078.3071533457514,-823.9676461304178,99.85075500787852,11.196880593380696,9.98136178722385,0.04776871489023172
228.5,2079.449203491086,-822.9495115688171,99.85557421107457,11.196272502763165,9.982048758488903,0.04673999379132767
228.60000000000002,2080.5911929430836,-821.9313084364808,99.8602890940901,11.195689972890408,9.98270681874219,0.04572310093781266
228.70000000000002,2081.733124253084,-820.9130396193835,99.86490087118355,11.195131932923516,9.983337181943387,0.04471818492381547
228.8,2082.8749998655358,-819.8947078823123,99.86941077111403,11.194597356656335,9.983941011110684,0.043725381704323954
228.9,2084.0168221224512,-818.8763158739517,99.87382003587342,11.194085260671322,9.984519420463421,0.04274481500613898
229.0,2085.1585932676794,-817.8578661317559,99.87812991945991,11.193594702570431,9.985073477473907,0.04177659672936709
229.10000000000002,2086.3003154509993,-816.8393610866156,99.88234168669199,11.193124779278056,9.985604204832418,0.04082082733962345
229.20000000000002,2087.4419907320457,-815.8208030673284,99.88645661206198,11.192674625413153,9.98611258232901,0.039877596251115664
229.3,2088.583621084072,-814.8021943048823,99.89047597862815,11.192243411727837,9.986599548655802,0.038946982200775485
229.4,2089.725208397558,-813.783536936558,99.8944010769446,11.191830343609789,9.987066003133075,0.038029053613603495
229.5,2090.866754483666,-812.7648330098599,99.89823320402792,11.19143465964591,9.987512807362487,0.03712386895938769
229.60000000000002,2092.008261077556,-811.7460844862815,99.90197366235978,11.19105563024482,9.987940786810501,0.03623147710095671
229.70000000000002,2093.149729841561,-810.7272932449126,99.90562375892466,11.190692556315806,9.988350732325012,0.03535191763412333
229.8,2094.2911623682335,-809.708461085896,99.90918480428182,11.190344768001975,9.988743401588021,0.03448522121947407
229.9,2095.4325601832616,-808.6895897337378,99.91265811167065,11.190011623465443,9.989119520507101,0.03363140990615562
230.0,2096.5739247482675,-807.6706808404797,99.9160449961487,11.189692507722437,9.989479784548218,0.03279049744780878
230.10000000000002,2097.715257463488,-806.6517359887383,99.9193467737615,11.189386831526333,9.98982486001246,0.031962489610796896
230.20000000000002,2098.8565596703424,-805.6327566946164,99.92256476074348,11.189094030296676,9.990155385259014,0.031147384474873363
230.3,2099.9978326538967,-804.6137444104926,99.92570027274908,11.188813563092316,9.990471971876685,0.03034517272643175
230.4,2101.1390776452213,-803.5947005276935,99.9287546241135,11.188544911626904,9.99077520580616,0.029555837944478622
230.5,2102.2802958236534,-802.5756263790545,99.93172912714215,11.188287579324987,9.991065648415079,0.02877935687946727
230.60000000000002,2103.421488318965,-801.5565232413729,99.93462509142829,11.188041090417109,9.991343837527925,0.028015699725129056
230.70000000000002,2104.5626562134385,-800.5373923377583,99.93744382319794,11.187804989072271,9.991610288412664,0.027264830383435815
230.8,2105.7038005438567,-799.5182348398839,99.94018662468149,11.187578838566285,9.991865494725912,0.026526706722825845
230.9,2106.8449223034117,-798.4990518701445,99.94285479351137,11.187362220484525,9.992109929418465,0.02580128082982311
231.0,2107.986022443532,-797.4798445037233,99.94544962214498,11.187154733957687,9.992344045602778,0.025088499254177343
231.10000000000002,2109.1271018756324,-796.4606137705724,99.94797239731231,11.1869559949292,9.992568277384066,0.02438830324765132
231.20000000000002,2110.268161472794,-795.4413606573104,99.95042439948763,11.186765635453005,9.992783040656535,0.02370062899657881
231.3,2111.409202071371,-794.4220861090402,99.95280690238452,11.186583303020464,9.992988733866218,0.023025407848315603
231.4,2112.550224472534,-793.4027910310907,99.9551211724738,11.186408659915179,9.993185738741817,0.022362566531703116
231.5,2113.691229443743,-792.3834762906861,99.95736846852344,11.186241382594602,9.993374420994913,0.02171202737166292
231.60000000000002,2114.8322177201653,-791.3641427185445,99.95955004116033,11.186081161097341,9.99355513099084,0.021073708498038878
231.70000000000002,2115.9731900060297,-790.34479111041,99.96166713245282,11.185927698475073,9.993728204391413,0.02044752404880069
231.8,2117.1141469759255,-789.3254222285206,99.96372097551385,11.1857807102481,9.99389396277077,0.01983338436772187
231.9,2118.255089276048,-788.3060368030142,99.96571279412392,11.185639923883528,9.99405271420537,0.019231196196642736
232.0,2119.3960175253887,-787.2866355332766,99.96764380237332,11.185505078295176,9.994204753839327,0.018640862862427637
232.10000000000002,2120.5369323168816,-786.2672190892321,99.96951520432332,11.185375923364287,9.994350364426026,0.01806228445872408
232.20000000000002,2121.6778342184944,-785.2477881125803,99.97132819368548,11.185252219480228,9.994489816847096,0.017495358022628527
232.3,2122.8187237742795,-784.2283432179817,99.97308395351881,11.185133737100287,9.994623370609633,0.01693997770636353
232.4,2123.959601505378,-783.2088849941927,99.97478365594417,11.185020256327856,9.99475127432262,0.016396034944068615
232.5,2125.1004679109824,-782.1894140051538,99.97642846187541,11.184911566508177,9.994873766153404,0.015863418613804383
232.60000000000002,2126.2413234692604,-781.169930791032,99.97801952076685,11.184807465840953,9.994991074265059,0.015342015194869975
232.70000000000002,2127.382168638237,-780.1504358692191,99.97955797037645,11.184707761009147,9.995103417235471,0.014831708920531162
232.8,2128.523003856643,-779.130929735289,99.98104493654449,11.184612266823237,9.995211004458861,0.014332381926254339
232.9,2129.663829544724,-778.1114128639142,99.98248153298704,11.184520805880348,9.995314036530509,0.013843914393540602
233.0,2130.8046461050203,-777.0918857097442,99.98386886110384,11.184433208237635,9.995412705615413,0.013366184689453475
233.10000000000002,2131.9454539231097,-776.0723487082471,99.9852080098003,11.18434931109927,9.995507195801483,0.012899069501930732
233.20000000000002,2133.0862533683207,-775.0528022765156,99.98650005532303,11.184268958516558,9.995597683437994,0.01244244397097031
233.3,2134.2270447944175,-774.0332468140404,99.98774606110852,11.184192001100554,9.995684337459853,0.011996181815778226
233.4,2135.3678285402534,-773.0136827034488,99.98894707764465,11.184118295746728,9.995767319698329,0.011560155457965793
233.5,2136.5086049303986,-771.9941103112154,99.99010414234449,11.184047705371118,9.995846785178763,0.01113423614088077
233.60000000000002,2137.649374275741,-770.9745299883406,99.99121827943215,11.183980098657548,9.995922882405841,0.010718294045157156
233.70000000000002,2138.7901368740627,-769.9549420710016,99.99229049984014,11.183915349815408,9.995995753636926,0.010312198400565435
233.8,2139.9308930105894,-768.9353468811762,99.99332180111807,11.183853338347586,9.996065535143966,0.009915817594244604
233.9,2141.0716429585214,-767.9157447272402,99.99431316735209,11.183793948828109,9.996132357464433,0.00952901927539592
234.0,2142.212386979538,-766.8961359045397,99.99526556909485,11.183737070689107,9.99619634564178,0.009151670456516646
234.10000000000002,2143.353125324283,-765.87652069594,99.9961799633057,11.183682598016691,9.996257619455841,0.00878363761125104
234.20000000000002,2144.493858232829,-764.8568993723504,99.9970572933006,11.183630429355388,9.996316293643579,0.008424786768934055
234.3,2145.634585935123,-763.837272193228,99.99789848871151,11.183580467520782,9.99637247811062,0.008074983605902435
234.4,2146.7753086514117,-762.8176394070598,99.99870446545503,11.183532619419989,9.996426278133917,0.007734093533646615
234.5,2147.9160265926507,-761.7980012518248,99.99947612570976,11.183486795879682,9.996477794555963,0.007401981783875
234.60000000000002,2149.056739960896,-760.7783579554365,100.00021435790222,11.183442911481322,9.996527123970855,0.007078513490561869
234.70000000000002,2150.1974489496765,-759.7587097361674,100.000920036701,11.183400884403271,9.99657435890258,0.0067635537690476435
234.8,2151.338153744357,-758.7390568030547,100.00159402301884,11.18336063626959,9.996619587975863,0.006456967792260878
234.9,2152.4788545224787,-757.7193993562901,100.00223716402226,11.18332209200512,9.996662896079835,0.006158620864127898
235.0,2153.6195514540896,-756.699737587592,100.00285029314864,11.183285179696675,9.996704364524868,0.0058683784902371205
235.10000000000002,2154.7602447020604,-755.6800716805636,100.00343423013032,11.183249830460067,9.996744071192865,0.0055861064458224184
235.20000000000002,2155.9009344223873,-754.6604018110344,100.00398978102548,11.18321597831269,9.996782090681211,0.005311670841128404
235.3,2157.0416207644807,-753.6407281473882,100.00451773825557,11.18318356005148,9.996818494440769,0.005044938184221841
235.4,2158.182303871443,-752.6210508508776,100.00501888064906,11.183152515135983,9.996853350908033,0.004785775441309103
235.5,2159.322983880334,-751.6013700759243,100.00549397349113,11.183122785576336,9.996886725631795,0.004534050094620542
235.60000000000002,2160.4636609224267,-750.5816859704075,100.00594376857921,11.183094315825954,9.996918681394483,0.004289630197921385
235.70000000000002,2161.604335123449,-749.5619986759408,100.0063690042841,11.18306705267874,9.996949278328449,0.004052384429706621
235.8,2162.7450066038195,-748.5423083281354,100.0067704056162,11.183040945170589,9.996978574027342,0.0038221821441375196
235.9,2163.8856754788703,-747.5226150568544,100.00714868429709,11.18301594448505,9.997006623652867,0.0035988934197760144
236.0,2165.0263418590607,-746.5029189864555,100.00750453883583,11.182992003862942,9.997033480037038,0.003382389106171216
236.10000000000002,2166.167005850184,-745.483220236023,100.00783865460983,11.182969078515777,9.997059193780162,0.0031725408683532415
236.20000000000002,2167.307667553563,-744.4635189195914,100.0081517039503,11.182947125542814,9.99708381334472,0.0029692212292867074
236.3,2168.448327066239,-743.4438151463579,100.0084443462319,11.182926103851614,9.99710738514531,0.0027723036103361478
236.4,2169.5889844811522,-742.4241090208875,100.00871722796627,11.182905974081912,9.997129953634818,0.0025816623697946205
236.5,2170.729639887314,-741.4044006433083,100.00897098289964,11.182886698532714,9.997151561386998,0.0023971728395257327
236.60000000000002,2171.8702933699738,-740.3846901094996,100.00920623211381,11.182868241092446,9.997172249175556,0.002218711359768098
236.70000000000002,2173.0109450107766,-739.364977511271,100.00942358413084,11.182850567172046,9.99719205604995,0.0020461553121511014
236.8,2174.151594887915,-738.3452629365349,100.00962363502083,11.182833643640866,9.997211019408008,0.0018793831509686424
236.9,2175.2922430762756,-737.3255464694712,100.0098069685129,11.182817438765268,9.997229175065478,0.0017182744327581317
237.0,2176.4328896475777,-736.3058281906851,100.00997415610907,11.182801922149816,9.997246557322688,0.0015627098442298963
237.10000000000002,2177.573534670507,-735.2861081773588,100.01012575720087,11.182787064680923,9.9972631990284,0.0014125712285923409
237.20000000000002,2178.7141782108433,-734.2663865033957,100.01026231918868,11.18277283847289,9.99727913164098,0.0012677416103162131
237.3,2179.854820331584,-733.2466632395599,100.01038437760337,11.182759216816189,9.997294385287011,0.001128105218381035
237.4,2180.995461093061,-732.2269384536086,100.01049245623028,11.182746174127953,9.99730898881744,0.0009935475080466904
237.5,2182.1361005530516,-731.2072122104196,100.01058706723542,11.18273368590452,9.99732296986137,0.0008639551811910968
237.60000000000002,2183.276738766889,-730.1874845721134,100.01066871129358,11.182721728675988,9.997336354877596,0.0007392162052542825
237.70000000000002,2184.4173757875637,-729.1677555981697,100.01073787771831,11.182710279962695,9.997349169203979,0.000619219830829316
237.8,2185.558011665822,-728.1480253455396,100.01079504459373,11.182699318233492,9.997361437104725,0.0005038566079390558
237.9,2186.6986464502625,-727.1282938687524,100.0108406789078,11.182688822865822,9.99737318181573,0.00039301840103637893
238.0,2187.8392801874247,-726.1085612200187,100.01087523668707,11.182678774107433,9.99738442558795,0.00028659840276617
238.10000000000002,2188.9799129218773,-725.0888274493283,100.01089916313293,11.18266915303973,9.997395189729007,0.00018449114652568986
238.20000000000002,2190.120544696301,-724.0690926045444,100.01091289275887,11.182659941542672,9.997405494643024,8.659251785859887e-05
238.3,2191.2611755515677,-723.0493567314942,100.01091684952895,11.182651122261124,9.99741535986878,-7.200235280836976e-06
238.4,2192.4018055268175,-722.0296198740546,100.01091144699731,11.18264267857263,9.997424804116264,-9.698849335977363e-05
238.5,2193.542434659532,-721.0098820742355,100.01089708844843,11.182634594556582,9.997433845301709,-0.00018287225716083006
238.60000000000002,2194.683062985603,-719.9901433722588,100.01087416703824,11.182626854964614,9.997442500581121,-0.0002649501407049582
238.70000000000002,2195.823690539402,-718.970403806634,100.01084306593592,11.182619445192312,9.997450786382426,-0.00034331936517011363
238.8,2196.964317353841,-717.9506634142314,100.01080415846623,11.182612351252077,9.997458718436258,-0.0004180757537751851
238.9,2198.104943460438,-716.9309222303513,100.01075780825234,11.182605559747136,9.997466311805434,-0.0004893137275968616
239.0,2199.245568889372,-715.9111802887908,100.01070436935898,11.182599057846648,9.997473580913205,-0.0005571263022893164
239.10000000000002,2200.3861936695434,-714.8914376219077,100.01064418643595,11.182592833261873,9.997480539570322,-0.000621605085676859
239.20000000000002,2201.5268178286256,-713.8716942606814,100.01057759486184,11.182586874223313,9.997487201000942,-0.0006828402761902071
239.3,2202.667441393117,-712.8519502347716,100.01050492088778,11.18258116945884,9.99749357786746,-0.000740920662118289
239.4,2203.808064388391,-711.8322055725745,100.01042648178131,11.182575708172745,9.997499682294292,-0.0007959336216466642
239.5,2204.9486868387444,-710.8124603012761,100.01034258597015,11.18257048002565,9.997505525890649,-0.0008479651236559818
239.60000000000002,2206.0893087674417,-709.7927144469041,100.01025353318592,11.18256547511528,9.997511119772353,-0.0008970997292533386
239.70000000000002,2207.229930196759,-708.7729680343768,100.01015961460756,11.182560683958048,9.997516474582742,-0.0009434205940102874
239.8,2208.370551148027,-707.7532210875504,100.01006111300461,11.182556097471396,9.99752160051268,-0.000987009470881852
239.9,2209.511171641668,-706.7334736292639,100.00995830288007,11.182551706956904,9.997526507319737,-0.0010279467137818586
240.0,2210.6517916972384,-705.7137256813828,100.00985145061287,11.18254750408409,9.997531204346549,-0.0010663112817895215
240.10000000000002,2211.792411333462,-704.6939772648402,100.00974081459995,11.182543480874902,9.997535700538403,-0.0011021807439637176
240.20000000000002,2212.9330305682665,-703.6742283996766,100.00962664539773,11.182539629688858,9.997540004460088,-0.001135631284741308
240.3,2214.0736494188172,-702.6544791050777,100.00950918586304,11.182535943208816,9.99754412431203,-0.0011667377098968734
240.4,2215.2142679015496,-701.6347293994107,100.00938867129341,11.182532414427346,9.997548067945752,-0.001195573453041098
240.5,2216.3548860322,-700.6149793002597,100.0092653295667,11.182529036633653,9.997551842878659,-0.0012222105826362993
240.60000000000002,2217.4955038258336,-699.5952288244583,100.00913938127994,11.182525803401091,9.997555456308232,-0.001246719809507655
240.70000000000002,2218.6361212968764,-698.575477988122,100.00901103988738,11.18252270857516,9.99755891512559,-0.00126917049482916
240.8,2219.7767384591384,-697.5557268066784,100.00888051183779,11.182519746262036,9.997562225928503,-0.0012896306585643087
240.9,2220.9173553258424,-696.5359752948971,100.00874799671072,11.18251691081757,9.997565395033842,-0.0013081669883409808
241.0,2222.0579719096477,-695.5162234669169,100.00861368735201,11.182514196836769,9.997568428489508,-0.0013248448487419942
241.10000000000002,2223.198588222674,-694.4964713362735,100.00847777000816,11.182511599143691,9.997571332085853,-0.0013397282909913717
241.20000000000002,2224.339204276525,-693.4767189159245,100.00834042445982,11.182509112781782,9.997574111366614,-0.0013528800630187732
241.3,2225.4798200823093,-692.4569662182744,100.00820182415421,11.182506733004626,9.997576771639396,-0.0013643616198834724
241.4,2226.6204356506623,-691.437213255198,100.0080621363364,11.182504455267068,9.9975793179857,-0.0013742331345405394
241.5,2227.7610509917654,-690.4174600380632,100.00792152217954,11.18250227521673,9.997581755270541,-0.0013825535089319828
241.60000000000002,2228.9016661153655,-689.397706577752,100.0077801369139,11.18250018868586,9.997584088151637,-0.0013893803853860034
241.70000000000002,2230.0422810307946,-688.3779528846823,100.00763812995474,11.182498191683548,9.997586321088225,-0.0013947701583084957
241.8,2231.182895746985,-687.3581989688263,100.00749564502902,11.182496280388248,9.997588458349501,-0.0013987779861503746
241.9,2232.3235102724893,-686.3384448397306,100.00735282030082,11.182494451140638,9.997590504022698,-0.0014014578036353794
242.0,2233.464124615494,-685.318690506534,100.00720978849552,11.182492700436763,9.997592462020833,-0.0014028623342335425
242.10000000000002,2234.6047387838353,-684.2989359779847,100.00706667702265,11.182491024921466,9.997594336090101,-0.0014030431028653264
242.20000000000002,2235.7453527850157,-683.279181262457,100.00692360809755,11.182489421382119,9.997596129816985,-0.0014020504488222454
242.3,2236.885966626217,-682.2594263679673,100.00678069886159,11.182487886742573,9.997597846635047,-0.0013999335388897817
242.4,2238.026580314314,-681.2396713021897,100.00663806150108,11.182486418057417,9.997599489831432,-0.0013967403806594213
242.5,2239.1671938558866,-680.2199160724698,100.00649580336481,11.182485012506438,9.997601062553104,-0.0013925178360164722
242.60000000000002,2240.3078072572343,-679.2001606858397,100.00635402708022,11.18248366738933,9.997602567812809,-0.0013873116347907128
242.70000000000002,2241.448420524387,-678.1804051490305,100.00621283066815,11.18248238012063,9.99760400849479,-0.0013811663885570805
242.8,2242.589033663117,-677.1606494684856,100.0060723076562,11.182481148224845,9.997605387360252,-0.0013741256045751704
242.9,2243.7296466789485,-676.140893650373,100.0059325471906,11.182479969331826,9.997606707052615,-0.0013662316998549905
243.0,2244.8702595771697,-675.1211377005966,100.00579363414674,11.182478841172287,9.997607970102509,-0.0013575260153372093
243.10000000000002,2246.0108723628427,-674.1013816248083,100.00565564923816,11.182477761573551,9.997609178932597,-0.0013480488301778452
243.20000000000002,2247.1514850408125,-673.0816254284177,100.00551866912414,11.182476728455459,9.997610335862161,-0.0013378393761253936
243.3,2248.2920976157166,-672.0618691166034,100.00538276651572,11.182475739826447,9.997611443111511,-0.0013269358519809652
243.4,2249.4327100919936,-671.0421126943222,100.0052480102804,11.182474793779804,9.997612502806197,-0.0013153754381299652
243.5,2250.5733224738924,-670.0223561663189,100.0051144655452,11.182473888490074,9.997613516981051,-0.001303194311136797
243.60000000000002,2251.7139347654793,-669.0025995371353,100.00498219379834,11.182473022209619,9.997614487584054,-0.0012904276583919627
243.70000000000002,2252.854546970646,-667.9828428111188,100.00485125298933,11.182472193265307,9.997615416480023,-0.0012771096928024686
243.8,2253.9951590931173,-666.9630859924306,100.00472169762763,11.182471400055373,9.99761630545418,-0.0012632736675168917
243.9,2255.135771136459,-665.943329085054,100.00459357887982,11.182470641046384,9.997617156215519,-0.0012489518906758697
244.0,2256.276383104083,-664.9235720928015,100.00446694466518,11.182469914770346,9.997617970400068,-0.001234175740180061
244.10000000000002,2257.4169949992547,-663.9038150193226,100.00434183974981,11.182469219821924,9.997618749574,-0.0012189756784667242
244.20000000000002,2258.5576068251003,-662.8840578681103,100.00421830583927,11.182468554855788,9.997619495236604,-0.0012033812672874562
244.3,2259.6982185846105,-661.8643006425083,100.0040963816697,11.18246791858407,9.997620208823147,-0.0011874211824793074
244.4,2260.8388302806484,-660.8445433457168,100.00397610309734,11.182467309773914,9.997620891707593,-0.0011711232287219286
244.5,2261.9794419159534,-659.8247859807991,100.00385750318677,11.182466727245155,9.997621545205222,-0.001154514354273091
244.60000000000002,2263.1200534931477,-658.8050285506871,100.00374061229734,11.182466169868068,9.99762217057513,-0.0011376206656765796
244.70000000000002,2264.260665014741,-657.7852710581872,100.00362545816839,11.182465636561238,9.997622769022634,-0.0011204674424345174
244.8,2265.4012764831336,-656.7655135059854,100.00351206600281,11.182465126289497,9.997623341701548,-0.0011030791516390796
244.9,2266.5418879006247,-655.7457558966527,100.00340045854917,11.182464638061965,9.997623889716396,-0.0010854794625562755
245.0,2267.682499269413,-654.7259982326499,100.00329065618227,11.182464170930173,9.997624414124507,-0.0010676912611559174
245.10000000000002,2268.823110591603,-653.7062405163322,100.00318267698242,11.182463723986237,9.997624915938028,-0.0010497366645828294
245.20000000000002,2269.9637218692087,-652.6864827499538,100.003076536813,11.182463296361156,9.997625396125853,-0.001031637035562572
245.3,2271.104333104158,-651.6667249356725,100.00297224939673,11.182462887223153,9.997625855615471,-0.0010134129967373205
245.4,2272.2449442982943,-650.6469670755531,100.00286982639042,11.182462495776075,9.997626295294724,-0.000995084444926147
245.5,2273.3855554533834,-649.6272091715722,100.00276927745823,11.182462121257895,9.997626716013505,-0.000976670565304901
245.60000000000002,2274.5261665711137,-648.6074512256214,100.00267061034357,11.182461762939251,9.997627118585378,-0.0009581898455007779
245.70000000000002,2275.6667776531012,-647.5876932395112,100.00257383093953,11.182461420122058,9.997627503789122,-0.0009396600895978696
245.8,2276.8073887008923,-646.5679352149743,100.00247894335783,11.182461092138158,9.99762787237022,-0.000921098432048045
245.9,2277.947999715967,-645.5481771536693,100.0023859499965,11.182460778348078,9.99762822504228,-0.000902521351483743
246.0,2279.088610699741,-644.5284190571832,100.00229485160594,11.182460478139776,9.997628562488394,-0.0008839446844288893
246.10000000000002,2280.2292216535693,-643.5086609270351,100.00220564735383,11.18246019092748,9.997628885362433,-0.0008653836389033816
246.20000000000002,2281.3698325787486,-642.4889027646788,100.00211833488848,11.182459916150577,9.997629194290308,-0.0008468528079179537
246.3,2282.5104434765194,-641.4691445715056,100.00203291040087,11.182459653272533,9.997629489871157,-0.0008283661828561213
246.4,2283.6510543480686,-640.4493863488472,100.00194936868535,11.182459401779854,9.99762977267848,-0.0008099371667396247
246.5,2284.791665194532,-639.4296280979778,100.00186770319895,11.182459161181118,9.99763004326124,-0.0007915785873737574
246.60000000000002,2285.932276016996,-638.409869820117,100.00178790611942,11.182458931006032,9.997630302144923,-0.000773302710370867
246.70000000000002,2287.072886816501,-637.3901115164321,100.00170996840184,11.182458710804507,9.997630549832508,-0.0007551212520479417
246.8,2288.2134975940417,-636.3703531880399,100.00163387983406,11.18245850014583,9.99763078680546,-0.0007370453921959655
246.9,2289.3541083505697,-635.3505948360093,100.00155962909072,11.1824582986178,9.99763101352463,-0.0007190857867188603
247.0,2290.494719086996,-634.3308364613634,100.00148720378607,11.18245810582596,9.997631230431143,-0.0007012525801394677
247.10000000000002,2291.6353298041927,-633.3110780650811,100.00141659052547,11.182457921392825,9.997631437947232,-0.0006835554179697253
247.20000000000002,2292.775940502993,-632.2913196480991,100.00134777495566,11.182457744957164,9.997631636477056,-0.0006660034589438719
247.3,2293.9165511841948,-631.271561211314,100.00128074181382,11.1824575761733,9.997631826407462,-0.0006486053871121717
247.4,2295.0571618485615,-630.2518027555835,100.0012154749753,11.182457414710441,9.997632008108726,-0.0006313694237930047
247.5,2296.1977724968233,-629.2320442817287,100.00115195750028,11.182457260252047,9.997632181935264,-0.0006143033393824317
247.60000000000002,2297.3383831296787,-628.2122857905351,100.00109017167914,11.182457112495218,9.997632348226308,-0.0005974144650188443
247.70000000000002,2298.4789937477967,-627.1925272827546,100.00103009907662,11.182456971150106,9.997632507306548,-0.0005807097041017912
247.8,2299.6196043518166,-626.1727687591062,100.00097172057491,11.18245683593936,9.997632659486767,-0.0005641955436630348
247.9,2300.76021494235,-625.1530102202787,100.00091501641555,11.182456706597588,9.997632805064418,-0.0005478780655890536
248.0,2301.900825519983,-624.1332516669304,100.00085996624014,11.182456582870843,9.997632944324208,-0.000531762957693972
248.10000000000002,2303.041436085275,-623.1134930996917,100.00080654913,11.18245646451613,9.997633077538627,-0.0005158555246412749
248.20000000000002,2304.1820466387626,-622.0937345191657,100.00075474364469,11.18245635130094,9.997633204968489,-0.0005001606987139857
248.3,2305.322657180958,-621.0739759259293,100.00070452785943,11.1824562430028,9.997633326863419,-0.00048468305043198755
248.4,2306.4632677123514,-620.0542173205347,100.00065587940144,11.182456139408831,9.99763344346232,-0.00046942679901648183
248.5,2307.6038782334126,-619.0344587035103,100.0006087754853,11.182456040315351,9.99763355499386,-0.00045439582269967945
248.60000000000002,2308.7444887445904,-618.0147000753615,100.00056319294718,11.18245594552747,9.997633661676884,-0.0004395936688812616
248.70000000000002,2309.885099246314,-616.9949414365719,100.00051910827803,11.182455854858715,9.997633763720843,-0.00042502356412881973
248.8,2311.0257097389945,-615.9751827876045,100.00047649765582,11.182455768130668,9.997633861326197,-0.0004106884240235614
248.9,2312.1663202230247,-614.9554241289019,100.00043533697679,11.182455685172615,9.997633954684796,-0.00039659086285058026
249.0,2313.3069306987813,-613.9356654608877,100.00039560188563,11.182455605821222,9.997634043980247,-0.0003827332031330986
249.10000000000002,2314.4475411666235,-612.9159067839672,100.0003572678048,11.182455529920212,9.99763412938827,-0.0003691174850113743
249.20000000000002,2315.5881516268955,-611.8961480985283,100.00032030996286,11.182455457320058,9.997634211077036,-0.0003557454754654825
249.3,2316.7287620799266,-610.876389404942,100.00028470342181,11.182455387877708,9.997634289207488,-0.00034261867738276933
249.4,2317.869372526032,-609.856630703563,100.00025042310362,11.182455321456278,9.997634363933638,-0.0003297383384693747
249.5,2319.009982965513,-608.8368719947313,100.00021744381579,11.182455257924818,9.997634435402892,-0.0003171054600064038
249.60000000000002,2320.1505933986573,-607.8171132787713,100.00018574027601,11.182455197158033,9.997634503756302,-0.000304720805451293
249.70000000000002,2321.2912038257414,-606.7973545559942,100.00015528713602,11.18245513903605,9.997634569128858,-0.0002925849088844099
249.8,2322.431814247029,-605.777595826697,100.00012605900459,11.182455083444173,9.997634631649735,-0.000280698083300964
249.9,2323.572424662772,-604.7578370911644,100.00009803046956,11.182455030272683,9.997634691442554,-0.00026906042874961193
250.0,2324.713035073212,-603.7380783496685,100.00007117611928,11.182454979416596,9.997634748625607,-0.0002576718403173746
250.10000000000002,2325.85364547858,-602.7183196024695,100.00004547056298,11.182454930775474,9.997634803312094,-0.00024653201596235057
250.20000000000002,2326.9942558790967,-601.6985608498164,100.00002088845059,11.182454884253229,9.997634855610336,-0.0002356404641936359
250.3,2328.134866274974,-600.6788020919475,99.9999974044916,11.182454839757925,9.997634905623988,-0.00022499651160083495
250.4,2329.2754766664134,-599.6590433290908,99.99997499347323,11.18245479720161,9.997634953452234,-0.00021459931023220093
250.5,2330.416087053609,-598.639284561464,99.99995363027793,11.182454756500137,9.997634999189986,-0.000204447844823586
250.60000000000002,2331.5566974367453,-597.6195257892758,99.99993328990001,11.182454717573005,9.997635042928056,-0.0001945409398782269
250.70000000000002,2332.6973078159995,-596.5997670127257,99.99991394746166,11.182454680343195,9.997635084753341,-0.00018487726659897243
250.8,2333.8379181915407,-595.5800082320043,99.99989557822823,11.182454644737026,9.997635124748989,-0.00017545534967303397
250.9,2334.9785285635307,-594.5602494472942,99.99987815762282,11.182454610684005,9.997635162994555,-0.00016627357391111482
251.0,2336.119138932125,-593.54049065877,99.99986166124019,11.182454578116689,9.99763519956616,-0.0001573301907414146
251.10000000000002,2337.2597492974714,-592.5207318665986,99.99984606486011,11.182454546970561,9.99763523453664,-0.0001486233245597636
251.20000000000002,2338.4003596597117,-591.5009730709396,99.9998313444599,11.1824545171839,9.997635267975676,-0.00014015097893729832
251.3,2339.5409700189816,-590.481214271946,99.99981747622654,11.182454488697653,9.997635299949943,-0.0001319110426861974
251.4,2340.6815803754107,-589.4614554697637,99.99980443656797,11.182454461455327,9.99763533052323,-0.00012390129578541574
251.5,2341.822190729123,-588.4416966645324,99.99979220212397,11.182454435402875,9.997635359756568,-0.00011611941516714386
251.60000000000002,2342.962801080237,-587.4219378563859,99.99978074977632,11.182454410488594,9.99763538770835,-0.00010856298036531936
251.70000000000002,2344.103411428867,-586.4021790454518,99.99977005665849,11.18245438666302,9.997635414434436,-0.00010122947902754498
251.8,2345.2440217751205,-585.3824202318526,99.99976010016472,11.182454363878831,9.997635439988269,-9.41163122922763e-05
251.9,2346.384632119102,-584.3626614157051,99.99975085795857,11.18245434209076,9.99763546442098,-8.722080003134992e-05
252.0,2347.525242460911,-583.3429025971211,99.99974230798094,11.18245432125549,9.997635487781482,-8.054018596063644e-05
252.10000000000002,2348.6658528006424,-582.3231437762075,99.99973442845757,11.182454301331598,9.99763551011657,-7.407164261919781e-05
252.20000000000002,2349.8064631383863,-581.3033849530667,99.9997271979061,11.182454282279444,9.99763553147101,-6.781227621900669e-05
252.3,2350.947073474231,-580.2836261277964,99.99972059514252,11.182454264061109,9.997635551887623,-6.17591313664178e-05
252.4,2352.0876838082586,-579.2638673004902,99.99971459928727,11.182454246640319,9.997635571407374,-5.590919565689805e-05
252.5,2353.2282941405488,-578.2441084712375,99.9997091897708,11.18245422998237,9.997635590069454,-5.025940414440273e-05
252.60000000000002,2354.368904471178,-577.2243496401238,99.99970434633869,11.182454214054065,9.997635607911345,-4.480664368705383e-05
252.70000000000002,2355.509514800219,-576.2045908072309,99.99970004905639,11.182454198823642,9.99763562496891,-3.954775717082928e-05
252.8,2356.6501251277414,-575.1848319726372,99.99969627831344,11.18245418426072,9.997635641276444,-3.4479547612312436e-05
252.9,2357.7907354538115,-574.1650731364173,99.99969301482737,11.182454170336234,9.99763565686676,-2.9598782142243323e-05
253.0,2358.931345778493,-573.1453142986427,99.99969023964717,11.182454157022379,9.99763567177124,-2.4902195872128714e-05
253.10000000000002,2360.071956101847,-572.125555459382,99.99968793415628,11.182454144292556,9.997635686019903,-2.038649564428384e-05
253.20000000000002,2361.2125664239315,-571.1057966187004,99.99968608007539,11.182454132121316,9.997635699641458,-1.604836366789062e-05
253.3,2362.3531767448026,-570.0860377766606,99.99968465946472,11.182454120484321,9.99763571266337,-1.1884461041910666e-05
253.4,2363.493787064513,-569.0662789333223,99.99968365472597,11.18245410935828,9.997635725111905,-7.891431167665796e-06
253.5,2364.634397383114,-568.0465200887428,99.999683048604,11.18245409872092,9.997635737012187,-4.065903051106752e-06
253.60000000000002,2365.7750077006544,-567.0267612429766,99.99968282418811,11.182454088550926,9.997635748388243,-4.04494497449413e-07
253.70000000000002,2366.915618017181,-566.007002396076,99.99968296491305,11.182454078827915,9.997635759263053,3.0961847998860334e-06
253.8,2368.0562283327376,-564.9872435480911,99.99968345455963,11.182454069532387,9.9976357696586,6.4395302755255684e-06
253.9,2369.1968386473677,-563.9674846990697,99.99968427725517,11.182454060645684,9.997635779595901,9.628939611110436e-06
254.0,2370.3374489611115,-562.9477258490574,99.99968541747351,11.18245405214996,9.997635789095064,1.2667809955389451e-05
254.10000000000002,2371.4780592740085,-561.927966998098,99.9996868600349,11.182454044028146,9.997635798175311,1.5559535244127108e-05
254.20000000000002,2372.6186695860956,-560.9082081462332,99.99968859010545,11.182454036263909,9.997635806855032,1.830750361780911e-05
254.3,2373.7592798974083,-559.8884492935028,99.99969059319648,11.18245402884163,9.99763581515181,2.0915094935535065e-05
254.4,2374.899890207981,-558.8686904399453,99.99969285516352,11.182454021746363,9.997635823082462,2.3385678383915256e-05
254.5,2376.0405005178463,-557.848931585597,99.99969536220509,11.182454014963815,9.997635830663068,2.572261017820955e-05
254.60000000000002,2377.1811108270354,-556.8291727304929,99.9996981008613,11.182454008480311,9.997635837909005,2.7929231355666975e-05
254.70000000000002,2378.321721135578,-555.8094138746663,99.99970105801214,11.182454002282777,9.997635844834985,3.000886565793932e-05
254.8,2379.462331443503,-554.7896550181491,99.99970422087567,11.182453996358696,9.997635851455067,3.196481750156496e-05
254.9,2380.602941750837,-553.7698961609719,99.9997075770059,11.182453990696098,9.997635857782699,3.380037003464601e-05
255.0,2381.743552057607,-552.7501373031638,99.99971111429056,11.182453985283543,9.997635863830741,3.551878327858897e-05
255.10000000000002,2382.884162363837,-551.7303784447527,99.99971482094861,11.182453980110074,9.99763586961149,3.712329235255447e-05
255.20000000000002,2384.024772669551,-550.7106195857651,99.99971868552764,11.182453975165217,9.9976358751367,3.861710577932652e-05
255.3,2385.165382974772,-549.6908607262268,99.99972269690107,11.182453970438957,9.99763588041762,4.0003403871182946e-05
255.4,2386.3059932795218,-548.6711018661618,99.9997268442652,11.182453965921706,9.997635885464996,4.128533719358031e-05
255.5,2387.4466035838213,-547.6513430055937,99.99973111713605,11.1824539616043,9.997635890289109,4.246602510557896e-05
255.60000000000002,2388.5872138876903,-546.6315841445446,99.99973550534618,11.182453957477977,9.997635894899787,4.3548554375261324e-05
255.70000000000002,2389.727824191148,-545.6118252830358,99.99973999904124,11.182453953534344,9.99763589930643,4.453597786821765e-05
255.8,2390.8684344942126,-544.5920664210877,99.99974458867648,11.182453949765382,9.997635903518022,4.54313133076633e-05
255.9,2392.0090447969014,-543.5723075587197,99.9997492650131,11.182453946163418,9.997635907543156,4.623754210519685e-05
256.0,2393.149655099231,-542.5525486959503,99.99975401911445,11.182453942721118,9.997635911390047,4.6957608259306155e-05
256.1,2394.2902654012178,-541.5327898327974,99.99975884234223,11.182453939431463,9.99763591506655,4.7594417321664705e-05
256.2,2395.430875702876,-540.513030969278,99.99976372635246,11.182453936287738,9.997635918580169,4.815083542824701e-05
256.3,2396.5714860042212,-539.4932721054083,99.99976866309142,11.182453933283528,9.997635921938091,4.862968839490426e-05
256.40000000000003,2397.712096305267,-538.4735132412038,99.99977364479152,11.182453930412692,9.997635925147177,4.903376087460545e-05
256.5,2398.8527066060265,-537.4537543766794,99.99977866396705,11.182453927669355,9.99763592821399,4.936579557603054e-05
256.6,2399.9933169065125,-536.4339955118493,99.99978371340985,11.182453925047907,9.997635931144805,4.962849254127731e-05
256.7,2401.133927206737,-535.414236646727,99.99978878618495,11.182453922542976,9.997635933945622,4.982450848141291e-05
256.8,2402.274537506712,-534.3944777813253,99.99979387562607,11.182453920149422,9.997635936622174,4.995645616831292e-05
256.90000000000003,2403.415147806448,-533.3747189156569,99.99979897533116,11.18245391786234,9.997635939179949,5.002690388179317e-05
257.0,2404.5557581059566,-532.3549600497334,99.99980407915783,11.182453915677026,9.997635941624184,5.00383749092784e-05
257.1,2405.696368405247,-531.3352011835664,99.99980918121868,11.182453913588995,9.997635943959894,4.9993347098324706e-05
257.2,2406.8369787043293,-530.3154423171665,99.99981427587673,11.182453911593948,9.997635946191869,4.989425245923359e-05
257.3,2407.977589003213,-529.2956834505441,99.99981935774068,11.182453909687776,9.99763594832469,4.974347681712412e-05
257.40000000000003,2409.1181993019063,-528.275924583709,99.99982442166015,11.182453907866556,9.997635950362739,4.954335951100365e-05
257.5,2410.2588096004183,-527.2561657166707,99.99982946272101,11.182453906126531,9.997635952310198,4.9296193140385e-05
257.6,2411.3994198987566,-526.2364068494384,99.99983447624052,11.182453904464104,9.997635954171068,4.900422335574226e-05
257.7,2412.5400301969294,-525.2166479820205,99.99983945776259,11.182453902875851,9.997635955949182,4.866964869331585e-05
257.8,2413.680640494944,-524.1968891144254,99.99984440305292,11.182453901358484,9.997635957648193,4.829462045201883e-05
257.90000000000003,2414.821250792807,-523.1771302466609,99.9998493080942,11.182453899908863,9.997635959271596,4.7881242611211616e-05
258.0,2415.961861090526,-522.1573713787346,99.9998541690813,11.182453898523987,9.997635960822738,4.7431571788544396e-05
258.1,2417.1024713881066,-521.1376125106536,99.99985898241643,11.182453897200984,9.997635962304809,4.6947617235543556e-05
258.2,2418.2430816855554,-520.117853642425,99.99986374470426,11.182453895937114,9.997635963720871,4.643134087092294e-05
258.3,2419.383691982878,-519.0980947740551,99.99986845274717,11.182453894729752,9.997635965073842,4.588465734949739e-05
258.40000000000003,2420.5243022800805,-518.0783359055504,99.99987310354038,11.182453893576392,9.997635966366513,4.530943416573092e-05
258.5,2421.6649125771683,-517.0585770369169,99.9998776942672,11.182453892474634,9.99763596760155,4.470749179106312e-05
258.6,2422.805522874146,-516.0388181681602,99.99988222229416,11.182453891422186,9.997635968781507,4.40806038426061e-05
258.7,2423.9461331710186,-515.0190592992859,99.99988668516632,11.182453890416856,9.99763596990882,4.34304972840479e-05
258.8,2425.086743467791,-513.9993004302993,99.99989108060247,11.182453889456553,9.997635970985828,4.275885265561754e-05
258.90000000000003,2426.2273537644683,-512.9795415612052,99.99989540649045,11.18245388853927,9.997635972014749,4.206730433301424e-05
259.0,2427.3679640610535,-511.9597826920086,99.99989966088245,11.182453887663096,9.997635972997719,4.1357440813606995e-05
259.1,2428.5085743575514,-510.94002382271407,99.9999038419903,11.1824538868262,9.997635973936774,4.063080502966877e-05
259.2,2429.649184653966,-509.9202649533259,99.99990794818089,11.182453886026835,9.99763597483386,3.988889468668851e-05
259.3,2430.7897949503013,-508.9005060838483,99.99991197797155,11.182453885263328,9.997635975690839,3.913316262615619e-05
259.40000000000003,2431.93040524656,-507.8807472142853,99.9999159300255,11.182453884534079,9.997635976509487,3.836501721124004e-05
259.5,2433.0710155427464,-506.8609883446407,99.99991980314734,11.182453883837562,9.997635977291507,3.7585822735210336e-05
259.6,2434.2116258388633,-505.8412294749182,99.99992359627856,11.182453883172322,9.997635978038526,3.679689985053999e-05
259.7,2435.3522361349137,-504.8214706051212,99.99992730849316,11.182453882536954,9.99763597875209,3.599952601857869e-05
259.8,2436.492846430901,-503.8017117352531,99.99993093899319,11.182453881930131,9.99763597943369,3.519493597815054e-05
259.90000000000003,2437.6334567268277,-502.781952865317,99.99993448710448,11.18245388135058,9.997635980084748,3.438432223248361e-05
260.0,2438.7740670226967,-501.76219399531607,99.99993795227235,11.182453880797079,9.997635980706615,3.35688355533343e-05
260.1,2439.9146773185107,-500.74243512525317,99.99994133405733,11.182453880268463,9.99763598130059,3.274958550185519e-05
260.2,2441.055287614272,-499.72267625513103,99.99994463213105,11.182453879763626,9.997635981867916,3.192764096435e-05
260.3,2442.1958979099827,-498.70291738495234,99.99994784627208,11.1824538792815,9.997635982409772,3.110403070277141e-05
260.40000000000003,2443.3365082056453,-497.68315851471965,99.99995097636189,11.182453878821072,9.997635982927298,3.027974391927987e-05
260.5,2444.4771185012623,-496.6633996444354,99.99995402238082,11.18245387838137,9.99763598342157,2.9455730832749802e-05
260.6,2445.6177287968353,-495.64364077410187,99.99995698440415,11.182453877961468,9.997635983893627,2.8632903268026876e-05
260.7,2446.7583390923664,-494.6238819037213,99.99995986259822,11.182453877560476,9.997635984344456,2.781213525595912e-05
260.8,2447.8989493878576,-493.6041230332958,99.99996265721657,11.18245387717755,9.997635984775002,2.6994263643654908e-05
260.90000000000003,2449.0395596833105,-492.5843641628274,99.99996536859624,11.182453876811882,9.997635985186172,2.6180088714804264e-05
261.0,2450.180169978727,-491.564605292318,99.99996799715402,11.182453876462697,9.997635985578826,2.5370374818216713e-05
261.1,2451.320780274109,-490.5448464217695,99.99997054338283,11.182453876129257,9.997635985953794,2.4565851004248498e-05
261.2,2452.4613905694578,-489.5250875511836,99.99997300784818,11.182453875810854,9.99763598631186,2.3767211669517876e-05
261.3,2453.6020008647747,-488.50532868056206,99.99997539118465,11.182453875506816,9.997635986653782,2.297511720693898e-05
261.40000000000003,2454.742611160061,-487.4855698099064,99.99997769409242,11.182453875216499,9.99763598698028,2.2190194662415086e-05
261.5,2455.883221455319,-486.4658109392182,99.99997991733397,11.182453874939284,9.99763598729204,2.141303839648741e-05
261.6,2457.023831750549,-485.44605206849894,99.99998206173073,11.182453874674586,9.997635987589724,2.0644210750581423e-05
261.7,2458.164442045753,-484.42629319775006,99.99998412815988,11.182453874421842,9.997635987873961,1.9884242716969287e-05
261.8,2459.305052340931,-483.4065343269728,99.99998611755116,11.182453874180517,9.99763598814535,1.9133634611972853e-05
261.90000000000003,2460.4456626360857,-482.38677545616855,99.9999880308838,11.182453873950097,9.997635988404467,1.8392856751796406e-05
262.0,2461.586272931217,-481.36701658533843,99.99998986918347,11.182453873730092,9.997635988651862,1.7662350130772064e-05
262.1,2462.7268832263267,-480.3472577144837,99.99999163351933,11.182453873520034,9.99763598888806,1.694252710060387e-05
262.2,2463.8674935214153,-479.32749884360544,99.99999332500118,11.182453873319476,9.997635989113562,1.6233772050708543e-05
262.3,2465.008103816484,-478.30773997270467,99.9999949447766,11.18245387312799,9.997635989328845,1.553644208849828e-05
262.40000000000003,2466.1487141115335,-477.28798110178246,99.99999649402821,11.182453872945173,9.997635989534375,1.4850867720119362e-05
262.5,2467.289324406565,-476.2682222308398,99.999997973971,11.18245387277063,9.99763598973058,1.4177353530064063e-05
262.6,2468.429934701579,-475.2484633598776,99.99999938584975,11.18245387260399,9.997635989917885,1.3516178859526225e-05
262.7,2469.5705449965762,-474.22870448889665,100.0000007309364,11.182453872444897,9.997635990096686,1.2867598482996372e-05
262.8,2470.7111552915576,-473.20894561789794,100.00000201052771,11.182453872293012,9.997635990267367,1.2231843283248329e-05
262.90000000000003,2471.851765586524,-472.1891867468822,100.00000322594272,11.182453872148013,9.997635990430295,1.1609120923013158e-05
263.0,2472.9923758814757,-471.16942787585026,100.00000437852053,11.182453872009587,9.997635990585815,1.0999616514159884e-05
263.1,2474.132986176414,-470.1496690048028,100.00000546961795,11.182453871877438,9.997635990734262,1.0403493282697357e-05
263.2,2475.273596471339,-469.1299101337405,100.00000650060737,11.182453871751289,9.997635990875956,9.820893231063145e-06
263.3,2476.414206766251,-468.11015126266415,100.00000747287459,11.182453871630859,9.997635991011196,9.25193779452924e-06
263.40000000000003,2477.5548170611514,-467.0903923915743,100.00000838781673,11.182453871515898,9.997635991140278,8.69672849427173e-06
263.5,2478.6954273560405,-466.07063352047163,100.00000924684032,11.18245387140616,9.99763599126348,8.155347584983467e-06
263.6,2479.8360376509186,-465.0508746493567,100.00001005135928,11.182453871301407,9.997635991381062,7.627858697020886e-06
263.7,2480.976647945786,-464.03111577823,100.0000108027931,11.182453871201416,9.997635991493283,7.114307472477005e-06
263.8,2482.117258240644,-463.01135690709214,100.00001150256502,11.182453871105968,9.997635991600383,6.614722196247774e-06
263.90000000000003,2483.257868535492,-461.9915980359436,100.00001215210028,11.182453871014863,9.997635991702593,6.129114419684629e-06
264.0,2484.398478830331,-460.97183916478485,100.0000127528245,11.182453870927905,9.997635991800136,5.657479578547539e-06
264.1,2485.5390891251614,-459.9520802936164,100.00001330616199,11.182453870844906,9.997635991893222,5.199797602916354e-06
264.2,2486.6796994199835,-458.9323214224387,100.00001381353427,11.182453870765686,9.997635991982053,4.756033521362876e-06
264.3,2487.8203097147975,-457.9125625512521,100.00001427635853,11.182453870690074,9.99763599206682,4.326138056013662e-06
264.40000000000003,2488.9609200096043,-456.8928036800571,100.00001469604622,11.182453870617909,9.997635992147709,3.910048211411513e-06
264.5,2490.1015303044037,-455.87304480885405,100.0000150740017,11.182453870549033,9.997635992224895,3.50768785484415e-06
264.6,2491.2421405991963,-454.8532859376433,100.0000154116209,11.1824538704833,9.997635992298546,3.1189682884161044e-06
264.7,2492.3827508939826,-453.83352706642523,100.00001571029006,11.182453870420568,9.997635992368822,2.743788812616059e-06
264.8,2493.5233611887625,-452.8137681952001,100.0000159713846,11.1824538703607,9.997635992435878,2.3820372823322514e-06
264.90000000000003,2494.6639714835364,-451.79400932396834,100.0000161962679,11.182453870303567,9.99763599249986,2.033590652901838e-06
265.0,2495.8045817783045,-450.7742504527302,100.00001638629026,11.182453870249043,9.997635992560905,1.6983155182869238e-06
265.1,2496.945192073067,-449.754491581486,100.00001654278785,11.182453870197016,9.99763599261915,1.3760686391888459e-06
265.2,2498.0858023678247,-448.73473271023596,100.00001666708177,11.182453870147368,9.99763599267472,1.066697463538569e-06
265.3,2499.2264126625773,-447.71497383898037,100.00001676047707,11.182453870099993,9.997635992727735,7.700406357902322e-07
265.40000000000003,2500.3670229573254,-446.6952149677195,100.00001682426193,11.182453870054788,9.997635992778315,4.859284981853139e-07
265.5,2501.507633252069,-445.6754560964536,100.00001685970683,11.182453870011653,9.99763599282657,2.1418358185725033e-07
265.6,2502.648243546808,-444.6556972251829,100.00001686806374,11.182453869970498,9.997635992872608,-4.5378911813336653e-08
265.7,2503.7888538415427,-443.6359383539076,100.00001685056542,11.18245386993123,9.997635992916525,-2.929506392395751e-07
265.8,2504.929464136274,-442.61617948262796,100.00001680842477,11.182453869893765,9.99763599295842,-5.287296526794664e-07
265.90000000000003,2506.070074431001,-441.5964206113441,100.00001674283418,11.182453869858021,9.997635992998386,-7.529199485457747e-07
266.0,2507.210684725725,-440.5766617400563,100.00001665496491,11.182453869823918,9.997635993036514,-9.657310249900507e-07
266.1,2508.3512950204454,-439.55690286876467,100.00001654596662,11.182453869791383,9.997635993072883,-1.1673774505057299e-06
266.2,2509.4919053151625,-438.53714399746946,100.00001641696683,11.182453869760344,9.997635993107576,-1.3580784414098816e-06
266.3,2510.6325156098765,-437.5173851261708,100.00001626907049,11.182453869730734,9.997635993140666,-1.5380574507762699e-06
266.40000000000003,2511.7731259045877,-436.4976262548688,100.00001610335953,11.18245386970249,9.99763599317223,-1.7075417665233777e-06
266.5,2512.9137361992957,-435.47786738356365,100.00001592089254,11.182453869675546,9.997635993202339,-1.866762120282452e-06
266.6,2514.0543464940015,-434.45810851225554,100.00001572270439,11.182453869649846,9.997635993231055,-2.0159523058221407e-06
266.7,2515.1949567887045,-433.4383496409445,100.00001550980599,11.182453869625332,9.997635993258447,-2.1553488084099635e-06
266.8,2516.3355670834053,-432.4185907696308,100.000015283184,11.182453869601948,9.997635993284572,-2.285190444184287e-06
266.90000000000003,2517.4761773781033,-431.3988318983145,100.0000150438006,11.182453869579646,9.99763599330949,-2.405718009400834e-06
267.0,2518.6167876727995,-430.3790730269957,100.00001479259333,11.182453869558374,9.997635993333255,-2.517173940201555e-06
267.1,2519.7573979674935,-429.3593141556745,100.00001453047493,11.182453869538087,9.997635993355921,-2.619801982225081e-06
267.2,2520.898008262185,-428.3395552843511,100.00001425833322,11.182453869518739,9.997635993377536,-2.7138468703546994e-06
267.3,2522.038618556875,-427.31979641302553,100.00001397703103,11.18245386950029,9.997635993398152,-2.7995540192044877e-06
267.40000000000003,2523.179228851563,-426.3000375416979,100.00001368740614,11.182453869482691,9.99763599341781,-2.8771692225246494e-06
267.5,2524.3198391462493,-425.2802786703683,100.00001339027123,11.182453869465911,9.997635993436557,-2.9469383639239864e-06
267.6,2525.460449440934,-424.26051979903684,100.00001308641393,11.182453869449912,9.997635993454436,-3.0091071360756936e-06
267.7,2526.601059735617,-423.2407609277036,100.00001277659682,11.182453869434655,9.997635993471485,-3.0639207708879126e-06
267.8,2527.741670030299,-422.22100205636866,100.00001246155749,11.182453869420106,9.997635993487744,-3.1116237792344845e-06
267.90000000000003,2528.882280324979,-421.2012431850321,100.00001214200867,11.182453869406233,9.997635993503248,-3.1524596996487996e-06
268.0,2530.022890619658,-420.181484313694,100.00001181863828,11.182453869393006,9.997635993518031,-3.1866708580014267e-06
268.1,2531.1635009143356,-419.16172544235445,100.0000114921096,11.182453869380396,9.997635993532127,-3.214498135484791e-06
268.2,2532.304111209012,-418.1419665710135,100.00001116306146,11.182453869368372,9.997635993545567,-3.236180746642956e-06
268.3,2533.4447215036867,-417.12220769967115,100.00001083210833,11.182453869356909,9.997635993558383,-3.2519560269585477e-06
268.40000000000003,2534.5853317983606,-416.10244882832757,100.00001049984061,11.182453869345983,9.997635993570603,-3.2620592293985585e-06
268.5,2535.725942093033,-415.08268995698273,100.00001016682482,11.182453869335564,9.997635993582254,-3.2667233297887455e-06
268.6,2536.866552387705,-414.06293108563676,100.00000983360383,11.182453869325634,9.997635993593363,-3.2661788419805605e-06
268.7,2538.0071626823756,-413.0431722142897,100.00000950069713,11.182453869316165,9.997635993603952,-3.260653641364137e-06
268.8,2539.1477729770454,-412.0234133429416,100.00000916860114,11.182453869307142,9.997635993614049,-3.2503727976511135e-06
268.90000000000003,2540.2883832717143,-411.0036544715924,100.00000883778944,11.182453869298541,9.997635993623675,-3.2355584158912197e-06
269.0,2541.4289935663824,-409.98389560024236,100.00000850871312,11.182453869290342,9.997635993632851,-3.2164294865912077e-06
269.1,2542.5696038610495,-408.96413672889133,100.00000818180114,11.182453869282527,9.9976359936416,-3.1932017437591463e-06
269.2,2543.710214155716,-407.94437785753945,100.00000785746056,11.18245386927508,9.99763599364994,-3.166087531615375e-06
269.3,2544.850824450382,-406.9246189861867,100.00000753607702,11.182453869267981,9.99763599365789,-3.135295679326991e-06
269.40000000000003,2545.9914347450467,-405.90486011483324,100.00000721801503,11.182453869261215,9.997635993665467,-3.101031383731771e-06
269.5,2547.132045039711,-404.88510124347897,100.00000690361834,11.182453869254768,9.99763599367269,-3.0634961005484265e-06
269.6,2548.2726553343746,-403.865342372124,100.00000659321037,11.182453869248624,9.997635993679573,-3.0228874420567947e-06
269.7,2549.4132656290376,-402.8455835007684,100.00000628709459,11.182453869242769,9.997635993686135,-2.9793990837561425e-06
269.8,2550.5538759237,-401.82582462941207,100.0000059855549,11.18245386923719,9.99763599369239,-2.9332206780142102e-06
269.90000000000003,2551.6944862183623,-400.8060657580551,100.0000056888561,11.182453869231873,9.997635993698351,-2.884537774462085e-06
270.0,2552.8350965130235,-399.7863068866976,100.00000539724425,11.182453869226807,9.997635993704032,-2.8335317487532957e-06
270.1,2553.975706807684,-398.76654801533954,100.00000511094713,11.18245386922198,9.997635993709446,-2.780379736874854e-06
270.2,2555.1163171023445,-397.7467891439809,100.00000483017469,11.18245386921738,9.997635993714605,-2.725254577535048e-06
270.3,2556.2569273970043,-396.72703027262173,100.00000455511946,11.182453869212999,9.997635993719522,-2.668324760914998e-06
270.40000000000003,2557.3975376916637,-395.7072714012621,100.000004285957,11.182453869208823,9.997635993724208,-2.609754383627376e-06
270.5,2558.5381479863227,-394.687512529902,100.00000402284641,11.182453869204844,9.997635993728672,-2.549703109941428e-06
270.6,2559.678758280981,-393.66775365854147,100.00000376593067,11.182453869201055,9.997635993732928,-2.4883261405650336e-06
270.7,2560.8193685756396,-392.6479947871805,100.00000351533721,11.182453869197445,9.997635993736981,-2.425774185523451e-06
270.8,2561.9599788702976,-391.6282359158191,100.00000327117829,11.182453869194006,9.997635993740843,-2.362193444652182e-06
270.90000000000003,2563.100589164955,-390.60847704445735,100.0000030335515,11.182453869190729,9.997635993744522,-2.297725592521655e-06
271.0,2564.2411994596123,-389.58871817309523,100.00000280254022,11.182453869187608,9.997635993748027,-2.2325077700900026e-06
271.1,2565.3818097542694,-388.5689593017328,100.00000257821408,11.182453869184634,9.997635993751366,-2.1666725810810156e-06
271.2,2566.522420048926,-387.54920043037,100.0000023606294,11.182453869181803,9.997635993754548,-2.100348093485254e-06
271.3,2567.6630303435822,-386.52944155900684,100.00000214982967,11.182453869179106,9.99763599375758,-2.033657846651585e-06
271.40000000000003,2568.8036406382384,-385.5096826876434,100.00000194584604,11.182453869176536,9.997635993760467,-1.9667208632633537e-06
271.5,2569.944250932894,-384.4899238162797,100.00000174869773,11.18245386917409,9.997635993763218,-1.8996516656283908e-06
271.6,2571.08486122755,-383.4701649449157,100.00000155839251,11.182453869171757,9.997635993765838,-1.8325602971476538e-06
271.7,2572.225471522205,-382.4504060735515,100.00000137492717,11.182453869169537,9.997635993768334,-1.7655523477100914e-06
271.8,2573.3660818168605,-381.430647202187,100.00000119828792,11.182453869167421,9.99763599377071,-1.698728983598275e-06
271.90000000000003,2574.5066921115153,-380.4108883308223,100.00000102845094,11.182453869165409,9.997635993772976,-1.6321869813648155e-06
272.0,2575.64730240617,-379.3911294594573,100.0000008653827,11.18245386916349,9.99763599377513,-1.5660187666160636e-06
272.1,2576.7879127008246,-378.37137058809213,100.00000070904052,11.182453869161664,9.997635993777184,-1.5003124545250466e-06
272.2,2577.928522995479,-377.3516117167268,100.0000005593729,11.182453869159925,9.99763599377914,-1.435151896555975e-06
272.3,2579.0691332901333,-376.3318528453612,100.00000041632006,11.182453869158268,9.997635993781001,-1.3706167281634144e-06
272.40000000000003,2580.2097435847872,-375.31209397399545,100.00000027981427,11.18245386915669,9.997635993782772,-1.3067824221939044e-06
272.5,2581.350353879441,-374.2923351026295,100.00000014978033,11.182453869155188,9.997635993784462,-1.2437203433880513e-06
272.6,2582.490964174095,-373.27257623126343,100.00000002613598,11.18245386915376,9.99763599378607,-1.1814978071210794e-06
272.7,2583.6315744687486,-372.25281735989716,99.99999990879228,11.182453869152395,9.997635993787599,-1.1201781408470433e-06
272.8,2584.772184763402,-371.23305848853073,99.99999979765403,11.182453869151098,9.997635993789055,-1.0598207479473921e-06
272.90000000000003,2585.9127950580555,-370.2132996171642,99.9999996926202,11.182453869149866,9.997635993790444,-1.0004811737046143e-06
273.0,2587.0534053527085,-369.19354074579746,99.99999959358426,11.18245386914869,9.997635993791764,-9.422111753942716e-07
273.1,2588.1940156473615,-368.17378187443063,99.99999950043463,11.18245386914757,9.99763599379302,-8.850587926765667e-07
273.2,2589.3346259420146,-367.1540230030637,99.99999941305497,11.182453869146507,9.997635993794217,-8.290684211655742e-07
273.3,2590.4752362366676,-366.1342641316966,99.99999933132463,11.182453869145492,9.997635993795356,-7.742808878397024e-07
273.40000000000003,2591.6158465313206,-365.11450526032945,99.99999925511896,11.182453869144526,9.99763599379644,-7.207335281625524e-07
273.5,2592.756456825973,-364.09474638896216,99.9999991843097,11.182453869143606,9.99763599379747,-6.684602645709503e-07
273.6,2593.8970671206257,-363.07498751759476,99.99999911876529,11.18245386914273,9.997635993798452,-6.174916876810012e-07
273.7,2595.0376774152783,-362.05522864622725,99.9999990583512,11.182453869141899,9.997635993799388,-5.678551375405264e-07
273.8,2596.178287709931,-361.0354697748597,99.9999990029303,11.182453869141106,9.997635993800278,-5.195747867976793e-07
273.90000000000003,2597.3188980045834,-360.015710903492,99.99999895236314,11.18245386914035,9.997635993801124,-4.726717254726509e-07
274.0,2598.4595082992355,-358.99595203212425,99.9999989065083,11.182453869139632,9.99763599380193,-4.2716404565316424e-07
274.1,2599.6001185938876,-357.9761931607564,99.99999886522262,11.182453869138948,9.997635993802696,-3.8306692818133665e-07
274.2,2600.7407288885397,-356.9564342893885,99.99999882836158,11.182453869138298,9.997635993803426,-3.4039272958756684e-07
274.3,2601.881339183192,-355.9366754180205,99.99999879577952,11.18245386913768,9.997635993804119,-2.991510697531516e-07
274.40000000000003,2603.021949477844,-354.9169165466525,99.99999876732993,11.18245386913709,9.997635993804778,-2.5934892003839156e-07
274.5,2604.162559772496,-353.89715767528435,99.99999874286574,11.18245386913653,9.997635993805405,-2.2099069203162143e-07
274.6,2605.303170067148,-352.87739880391615,99.99999872223957,11.182453869135998,9.997635993806004,-1.8407832698106104e-07
274.7,2606.4437803618,-351.8576399325479,99.99999870530391,11.18245386913549,9.997635993806572,-1.4861138464124833e-07
274.8,2607.5843906564514,-350.8378810611796,99.99999869191147,11.182453869135006,9.997635993807112,-1.1458713220678121e-07
274.90000000000003,2608.725000951103,-349.8181221898112,99.99999868191534,11.182453869134546,9.997635993807627,-8.200063417260003e-08
275.0,2609.8656112457547,-348.7983633184428,99.99999867516921,11.18245386913411,9.997635993808116,-5.0844841646418324e-08
275.1,2611.0062215404064,-347.7786044470744,99.99999867152759,11.182453869133695,9.997635993808581,-2.1110680670241246e-08
275.2,2612.146831835058,-346.7588455757059,99.99999867084604,11.1824538691333,9.997635993809023,7.212858680980002e-09
275.3,2613.2874421297097,-345.73908670433735,99.99999867298132,11.182453869132923,9.997635993809444,3.4138633972516105e-08
275.40000000000003,2614.4280524243613,-344.71932783296876,99.9999986777916,11.182453869132564,9.997635993809844,5.968126280267333e-08
275.5,2615.568662719013,-343.6995689616001,99.99999868513662,11.182453869132225,9.997635993810226,8.385703550886329e-08
275.6,2616.7092730136646,-342.67981009023146,99.99999869487787,11.1824538691319,9.997635993810588,1.066838285966599e-07
275.7,2617.8498833083163,-341.66005121886275,99.99999870687876,11.182453869131589,9.997635993810933,1.2818101917784112e-07
275.8,2618.9904936029675,-340.64029234749404,99.9999987210047,11.182453869131296,9.997635993811262,1.4836939936842083e-07
275.90000000000003,2620.1311038976187,-339.6205334761253,99.99999873712335,11.182453869131017,9.997635993811572,1.6727109330594024e-07
276.0,2621.27171419227,-338.60077460475645,99.99999875510464,11.182453869130754,9.997635993811869,1.849094729752905e-07
276.1,2622.412324486921,-337.58101573338763,99.999998774821,11.182453869130502,9.99763599381215,2.0130907691690623e-07
276.2,2623.5529347815723,-336.56125686201875,99.99999879614735,11.182453869130262,9.997635993812418,2.1649552868377255e-07
276.3,2624.6935450762235,-335.5414979906499,99.99999881896134,11.182453869130034,9.997635993812672,2.3049545785757228e-07
276.40000000000003,2625.8341553708747,-334.521739119281,99.99999884314336,11.182453869129818,9.997635993812914,2.4333642093049994e-07
276.5,2626.974765665526,-333.50198024791206,99.99999886857664,11.182453869129613,9.997635993813143,2.550468246919215e-07
276.6,2628.115375960177,-332.4822213765431,99.99999889514736,11.182453869129416,9.99763599381336,2.6565584985704306e-07
276.7,2629.2559862548283,-331.46246250517413,99.99999892274472,11.182453869129231,9.997635993813569,2.7519337744829434e-07
276.8,2630.3965965494795,-330.44270363380514,99.999998951261,11.182453869129056,9.997635993813766,2.8368991475994803e-07
276.90000000000003,2631.5372068441307,-329.42294476243615,99.99999898059161,11.182453869128887,9.997635993813953,2.9117652506682924e-07
277.0,2632.677817138782,-328.4031858910671,99.99999901063516,11.182453869128729,9.99763599381413,2.9768475754764905e-07
277.1,2633.818427433433,-327.38342701969805,99.99999904129352,11.182453869128576,9.9976359938143,3.0324657845579663e-07
277.2,2634.9590377280842,-326.363668148329,99.9999990724718,11.182453869128432,9.99763599381446,3.0789430490489396e-07
277.3,2636.0996480227354,-325.3439092769599,99.99999910407844,11.182453869128295,9.997635993814614,3.1166054033174254e-07
277.40000000000003,2637.2402583173866,-324.3241504055908,99.99999913602522,11.182453869128166,9.99763599381476,3.1457811099282365e-07
277.5,2638.380868612038,-323.3043915342217,99.99999916822729,11.182453869128041,9.997635993814898,3.1668000473493323e-07
277.6,2639.521478906689,-322.2846326628526,99.99999920060314,11.182453869127924,9.99763599381503,3.179993108953141e-07
277.7,2640.66208920134,-321.2648737914834,99.99999923307466,11.182453869127812,9.997635993815154,3.1856916317196104e-07
277.8,2641.8026994959914,-320.24511492011425,99.99999926556711,11.182453869127707,9.997635993815274,3.1842268310523337e-07
277.90000000000003,2642.9433097906426,-319.2253560487451,99.99999929800914,11.182453869127604,9.997635993815386,3.175929261596121e-07
278.0,2644.083920085294,-318.2055971773759,99.99999933033276,11.182453869127508,9.997635993815495,3.161128290219535e-07
278.1,2645.224530379945,-317.18583830600676,99.99999936247329,11.182453869127416,9.997635993815598,3.140151597186055e-07
278.2,2646.365140674596,-316.16607943463754,99.99999939436945,11.182453869127329,9.997635993815695,3.1133246933111527e-07
278.3,2647.5057509692474,-315.1463205632683,99.99999942596322,11.182453869127247,9.997635993815788,3.0809704459099975e-07
278.40000000000003,2648.6463612638986,-314.1265616918991,99.99999945719989,11.182453869127167,9.997635993815875,3.0434086390165407e-07
278.5,2649.7869715585493,-313.1068028205299,99.99999948802797,11.182453869127093,9.997635993815958,3.0009555390316186e-07
278.6,2650.9275818532,-312.08704394916066,99.99999951839916,11.182453869127022,9.997635993816038,2.9539234909996317e-07
278.7,2652.068192147851,-311.06728507779144,99.99999954826838,11.182453869126956,9.997635993816115,2.902620534105399e-07
278.8,2653.2088024425016,-310.0475262064222,99.9999995775936,11.182453869126892,9.997635993816186,2.847350020026727e-07
278.90000000000003,2654.3494127371523,-309.02776733505294,99.99999960633592,11.182453869126832,9.997635993816253,2.7884102782632304e-07
279.0,2655.490023031803,-308.00800846368367,99.99999963445941,11.182453869126775,9.997635993816317,2.726094268154646e-07
279.1,2656.630633326454,-306.9882495923144,99.99999966193114,11.182453869126721,9.997635993816377,2.6606892781596465e-07
279.2,2657.7712436211045,-305.9684907209451,99.99999968872103,11.182453869126668,9.997635993816434,2.5924766249923914e-07
279.3,2658.9118539157553,-304.94873184957584,99.99999971480189,11.182453869126622,9.99763599381649,2.521731388905838e-07
279.40000000000003,2660.052464210406,-303.92897297820656,99.99999974014926,11.182453869126576,9.997635993816541,2.448722149363869e-07
279.5,2661.1930745050568,-302.9092141068373,99.99999976474142,11.182453869126531,9.997635993816587,2.3737107478394243e-07
279.6,2662.3336847997075,-301.889455235468,99.99999978855924,11.182453869126492,9.997635993816635,2.2969520772023956e-07
279.7,2663.4742950943582,-300.86969636409873,99.99999981158619,11.182453869126451,9.997635993816678,2.2186938749573666e-07
279.8,2664.614905389009,-299.84993749272945,99.99999983380823,11.182453869126416,9.99763599381672,2.139176541866699e-07
279.90000000000003,2665.7555156836597,-298.8301786213601,99.99999985521373,11.18245386912638,9.997635993816758,2.058632977984132e-07
280.0,2666.8961259783105,-297.8104197499908,99.99999987579336,11.182453869126348,9.997635993816793,1.977288433002644e-07
280.1,2668.036736272961,-296.79066087862145,99.99999989554011,11.18245386912632,9.997635993816829,1.8953603817669577e-07
280.2,2669.177346567612,-295.7709020072521,99.9999999144491,11.18245386912629,9.99763599381686,1.813058404798145e-07
280.3,2670.3179568622627,-294.7511431358828,99.99999993251757,11.182453869126263,9.997635993816893,1.7305840960649334e-07
280.40000000000003,2671.4585671569134,-293.73138426451345,99.99999994974475,11.182453869126237,9.997635993816921,1.6481309818100598e-07
280.5,2672.599177451564,-292.7116253931441,99.99999996613181,11.182453869126212,9.99763599381695,1.565884456911605e-07
280.6,2673.739787746215,-291.6918665217748,99.9999999816818,11.182453869126189,9.997635993816974,1.4840217417848004e-07
280.7,2674.8803980408657,-290.67210765040545,99.9999999963995,11.182453869126167,9.997635993817,1.402711840730885e-07
280.8,2676.0210083355164,-289.6523487790361,100.00000001029139,11.182453869126146,9.997635993817022,1.3221155277678245e-07
280.90000000000003,2677.161618630167,-288.6325899076668,100.00000002336554,11.182453869126126,9.997635993817044,1.2423853404238644e-07
281.0,2678.302228924818,-287.61283103629745,100.00000003563154,11.182453869126109,9.997635993817063,1.163665595133162e-07
281.1,2679.4428392194686,-286.5930721649281,100.0000000471004,11.182453869126093,9.997635993817083,1.0860924135016091e-07
281.2,2680.5834495141194,-285.5733132935588,100.00000005778448,11.182453869126077,9.9976359938171,1.0097937541034394e-07
281.3,2681.72405980877,-284.55355442218945,100.00000006769739,11.182453869126062,9.997635993817118,9.348894696023853e-08
281.40000000000003,2682.864670103421,-283.5337955508201,100.00000007685395,11.182453869126046,9.997635993817134,8.61491370512799e-08
281.5,2684.0052803980716,-282.5140366794508,100.00000008527007,11.182453869126032,9.997635993817148,7.897032935685675e-08
281.6,2685.1458906927223,-281.49427780808145,100.00000009296267,11.18245386912602,9.997635993817164,7.196211941647509e-08
281.7,2686.286500987373,-280.4745189367121,100.00000009994959,11.182453869126007,9.997635993817179,6.513332500774125e-08
281.8,2687.427111282024,-279.4547600653428,100.00000010624957,11.182453869125997,9.997635993817191,5.849199648446819e-08
281.90000000000003,2688.5677215766746,-278.43500119397345,100.00000011188212,11.182453869125986,9.997635993817202,5.2045429033758295e-08
282.0,2689.7083318713253,-277.4152423226041,100.00000011686743,11.182453869125977,9.997635993817214,4.580017534938769e-08
282.1,2690.848942165976,-276.3954834512348,100.00000012122635,11.182453869125968,9.997635993817225,3.976206019713034e-08
282.2,2691.989552460627,-275.37572457986545,100.00000012498029,11.182453869125958,9.997635993817234,3.3936194550092104e-08
282.3,2693.1301627552775,-274.3559657084961,100.00000012815111,11.18245386912595,9.997635993817244,2.8326991426094124e-08
282.40000000000003,2694.2707730499283,-273.3362068371268,100.00000013076112,11.182453869125942,9.997635993817251,2.29381829309066e-08
282.5,2695.411383344579,-272.31644796575745,100.00000013283297,11.182453869125935,9.99763599381726,1.7772837052267188e-08
282.6,2696.5519936392297,-271.2966890943881,100.00000013438955,11.182453869125927,9.997635993817267,1.2833375684524632e-08
282.7,2697.6926039338805,-270.2769302230188,100.00000013545403,11.182453869125922,9.997635993817275,8.121593385589716e-09
282.8,2698.8332142285312,-269.2571713516494,100.00000013604969,11.182453869125915,9.997635993817282,3.6386761192850357e-09
282.90000000000003,2699.973824523182,-268.23741248028,100.0000001361999,11.18245386912591,9.997635993817287,-6.147787471479222e-10
283.0,2701.1144348178327,-267.2176536089106,100.00000013592809,11.182453869125904,9.997635993817292,-4.638741888153337e-09
283.1,2702.2550451124835,-266.1978947375412,100.00000013525762,11.1824538691259,9.9976359938173,-8.433731531604239e-09
283.2,2703.395655407134,-265.17813586617183,100.00000013421182,11.182453869125895,9.997635993817305,-1.2000791880970481e-08
283.3,2704.536265701785,-264.15837699480244,100.00000013281385,11.182453869125892,9.99763599381731,-1.5341472438493856e-08
283.40000000000003,2705.6768759964357,-263.13861812343305,100.00000013108671,11.182453869125887,9.997635993817314,-1.8457805509463414e-08
283.5,2706.8174862910864,-262.11885925206366,100.00000012905315,11.182453869125883,9.997635993817317,-2.1352284018494676e-08
283.6,2707.958096585737,-261.09910038069427,100.00000012673564,11.182453869125881,9.99763599381732,-2.4027839445200302e-08
283.7,2709.098706880388,-260.0793415093249,100.00000012415636,11.182453869125878,9.997635993817322,-2.6487818665848014e-08
283.8,2710.2393171750387,-259.0595826379555,100.0000001213371,11.182453869125876,9.997635993817324,-2.8735961554670735e-08
283.90000000000003,2711.3799274696894,-258.0398237665861,100.00000011829925,11.182453869125876,9.997635993817328,-3.0776378540182535e-08
284.0,2712.52053776434,-257.0200648952167,100.0000001150638,11.182453869125872,9.99763599381733,-3.261352764298412e-08
284.1,2713.661148058991,-256.0003060238473,100.00000011165122,11.18245386912587,9.997635993817331,-3.425219112594345e-08
284.2,2714.8017583536416,-254.98054715247795,100.0000001080815,11.182453869125869,9.997635993817333,-3.569745315741522e-08
284.3,2715.9423686482924,-253.9607882811086,100.00000010437408,11.182453869125867,9.997635993817335,-3.6954676474928904e-08
284.40000000000003,2717.082978942943,-252.94102940973923,100.00000010054787,11.182453869125865,9.997635993817337,-3.802947985314429e-08
284.5,2718.223589237594,-251.92127053836987,100.00000009662115,11.182453869125863,9.997635993817338,-3.8927715887877665e-08
284.6,2719.3641995322446,-250.9015116670005,100.00000009261164,11.182453869125862,9.997635993817338,-3.96554479341435e-08
284.7,2720.5048098268953,-249.88175279563114,100.00000008853642,11.182453869125862,9.99763599381734,-4.021892934861589e-08
284.8,2721.645420121546,-248.86199392426178,100.00000008441191,11.182453869125862,9.99763599381734,-4.062458043282121e-08
284.90000000000003,2722.786030416197,-247.84223505289242,100.00000008025386,11.182453869125862,9.99763599381734,-4.087896748016959e-08
285.0,2723.9266407108476,-246.82247618152306,100.00000007607736,11.182453869125862,9.99763599381734,-4.098878102397807e-08
285.1,2725.0672510054983,-245.8027173101537,100.00000007189679,11.182453869125862,9.99763599381734,-4.096081539838276e-08
285.2,2726.207861300149,-244.78295843878433,100.00000006772588,11.182453869125862,9.99763599381734,-4.0801947491567706e-08
285.3,2727.3484715948,-243.76319956741497,100.0000000635776,11.182453869125862,9.99763599381734,-4.051911812118951e-08
285.40000000000003,2728.4890818894505,-242.7434406960456,100.00000005946426,11.182453869125862,9.99763599381734,-4.011931142182914e-08
285.5,2729.6296921841013,-241.72368182467625,100.00000005539741,11.182453869125862,9.99763599381734,-3.960953588607122e-08
285.6,2730.770302478752,-240.7039229533069,100.00000005138791,11.182453869125862,9.99763599381734,-3.899680601451025e-08
285.7,2731.9109127734027,-239.68416408193752,100.00000004744591,11.182453869125862,9.99763599381734,-3.828812425314051e-08
285.8,2733.0515230680535,-238.66440521056816,100.00000004358083,11.182453869125862,9.99763599381734,-3.749046311963134e-08
285.90000000000003,2734.192133362704,-237.6446463391988,100.00000003980139,11.182453869125862,9.99763599381734,-3.661074848664472e-08
286.0,2735.332743657355,-236.62488746782944,100.00000003611561,11.182453869125862,9.99763599381734,-3.5655843900638597e-08
286.1,2736.4733539520057,-235.60512859646008,100.00000003253079,11.182453869125862,9.997635993817338,-3.463253355367811e-08
286.2,2737.6139642466565,-234.58536972509071,100.0000000290536,11.182453869125865,9.997635993817338,-3.354750841020773e-08
286.3,2738.754574541307,-233.56561085372135,100.00000002568996,11.182453869125865,9.997635993817335,-3.2407351484103896e-08
286.40000000000003,2739.895184835958,-232.545851982352,100.00000002244516,11.182453869125869,9.997635993817335,-3.12185241893186e-08
286.5,2741.0357951306087,-231.52609311098263,100.00000001932386,11.182453869125869,9.997635993817333,-2.9987352990217735e-08
286.6,2742.1764054252594,-230.50633423961327,100.00000001633005,11.18245386912587,9.997635993817331,-2.872001760384683e-08
286.7,2743.31701571991,-229.4865753682439,100.0000000134671,11.182453869125872,9.99763599381733,-2.742253895994907e-08
286.8,2744.457626014561,-228.46681649687454,100.00000001073779,11.182453869125874,9.997635993817328,-2.6100769195676432e-08
286.90000000000003,2745.5982363092116,-227.44705762550518,100.00000000814431,11.182453869125876,9.997635993817326,-2.4760380232987728e-08
287.0,2746.7388466038624,-226.42729875413582,100.00000000568826,11.182453869125878,9.997635993817324,-2.340685562746259e-08
287.1,2747.879456898513,-225.40753988276646,100.00000000337073,11.182453869125878,9.997635993817322,-2.204548099758418e-08
287.2,2749.020067193164,-224.3877810113971,100.00000000119223,11.18245386912588,9.99763599381732,-2.068133685639959e-08
287.3,2750.1606774878146,-223.36802214002773,99.9999999991528,11.182453869125881,9.997635993817319,-1.9319291161600654e-08
287.40000000000003,2751.3012877824654,-222.34826326865837,99.999999997252,11.182453869125883,9.997635993817317,-1.796399240566815e-08
287.5,2752.441898077116,-221.328504397289,99.99999999548889,11.182453869125885,9.997635993817317,-1.6619865358218878e-08
287.6,2753.582508371767,-220.30874552591965,99.99999999386213,11.182453869125885,9.997635993817315,-1.5291104068479912e-08
287.7,2754.7231186664176,-219.28898665455029,99.99999999236994,11.182453869125887,9.997635993817315,-1.3981670073224033e-08
287.8,2755.8637289610683,-218.26922778318092,99.99999999101014,11.182453869125887,9.997635993817314,-1.2695287327005873e-08
287.90000000000003,2757.004339255719,-217.24946891181156,99.99999998978022,11.182453869125888,9.997635993817314,-1.1435439989650185e-08
288.0,2758.14494955037,-216.2297100404422,99.9999999886773,11.18245386912589,9.99763599381731,-1.020537118137661e-08
288.1,2759.2855598450205,-215.20995116907284,99.99999998769819,11.182453869125894,9.997635993817308,-9.008080579813421e-09
288.2,2760.4261701396713,-214.19019229770348,99.99999998683938,11.182453869125895,9.997635993817305,-7.846324947584002e-09
288.3,2761.566780434322,-213.1704334263341,99.99999998609715,11.182453869125897,9.997635993817301,-6.722616905671093e-09
288.40000000000003,2762.7073907289728,-212.15067455496475,99.99999998546748,11.182453869125899,9.9976359938173,-5.639228108078074e-09
288.5,2763.8480010236235,-211.1309156835954,99.99999998494616,11.1824538691259,9.997635993817298,-4.59818826841911e-09
288.6,2764.9886113182743,-210.11115681222603,99.99999998452876,11.182453869125903,9.997635993817296,-3.601288636632126e-09
288.7,2766.129221612925,-209.09139794085667,99.9999999842107,11.182453869125904,9.997635993817294,-2.6500838394718842e-09
288.8,2767.2698319075757,-208.0716390694873,99.99999998398727,11.182453869125906,9.997635993817292,-1.7458966678700006e-09
288.90000000000003,2768.4104422022265,-207.05188019811794,99.99999998385358,11.182453869125906,9.997635993817289,-8.898209271054675e-10
289.0,2769.551052496877,-206.03212132674858,99.99999998380471,11.18245386912591,9.997635993817289,-8.27262441106521e-11
289.1,2770.691662791528,-205.01236245537922,99.99999998383562,11.182453869125911,9.997635993817287,6.747364850459334e-10
289.2,2771.8322730861787,-203.99260358400986,99.99999998394121,11.182453869125911,9.997635993817285,1.3821294709601106e-09
289.3,2772.9728833808294,-202.9728447126405,99.99999998411637,11.182453869125913,9.997635993817283,2.0392236438396868e-09
289.40000000000003,2774.11349367548,-201.95308584127113,99.99999998435597,11.182453869125917,9.997635993817282,2.6459888538099785e-09
289.5,2775.254103970131,-200.93332696990177,99.99999998465488,11.182453869125919,9.997635993817278,3.202589958820966e-09
289.6,2776.3947142647817,-199.9135680985324,99.99999998500799,11.182453869125922,9.997635993817275,3.7093767932502993e-09
289.7,2777.5353245594324,-198.89380922716305,99.99999998541026,11.182453869125924,9.997635993817271,4.166878947851793e-09
289.8,2778.675934854083,-197.87405035579368,99.99999998585669,11.182453869125927,9.99763599381727,4.575795365336117e-09
289.90000000000003,2779.816545148734,-196.85429148442432,99.99999998634237,11.18245386912593,9.997635993817266,4.93664948318289e-09
290.0,2780.9571554433846,-195.83453261305496,99.99999998686245,11.182453869125931,9.997635993817262,5.250368399309823e-09
290.1,2782.0977289295683,-194.8148066501743,99.99999998741214,11.182453869125935,9.99763599381726,5.517873184709941e-09
290.2,2783.238151765004,-193.79521537609787,99.99999998798668,11.182453869125936,9.997635993817259,5.739703856117901e-09
290.3,2784.3784239695906,-192.77575877303556,99.99999998858154,11.182453869125936,9.997635993817257,5.918080372086203e-09
290.40000000000003,2785.5184776127126,-191.75649757412916,99.99999998919229,11.182453869125938,9.997635993817257,6.055022141815787e-09
290.5,2786.6583060761204,-190.7374376964034,99.99999998981485,11.182453869125938,9.997635993817255,6.1528977494562655e-09
290.6,2787.797909404291,-189.71857910009396,99.99999999044535,11.182453869125942,9.997635993817253,6.21409016224659e-09
290.7,2788.9372876416924,-188.6999217454444,99.99999999108016,11.182453869125942,9.99763599381725,6.240961571715064e-09
290.8,2790.076440832783,-187.68146559270613,99.99999999171592,11.182453869125945,9.99763599381725,6.235844741006406e-09
290.90000000000003,2791.2153690220143,-186.66321060213838,99.99999999234949,11.182453869125945,9.997635993817248,6.201035505967684e-09
291.0,2792.3540722538273,-185.64515673400825,99.99999999297795,11.182453869125947,9.997635993817246,6.13878888595391e-09
291.1,2793.492550572655,-184.6273039485907,99.99999999359864,11.182453869125947,9.997635993817244,6.051312593139415e-09
291.2,2794.630804022922,-183.6096522061685,99.99999999420909,11.182453869125949,9.997635993817244,5.9407618856514805e-09
291.3,2795.7688326490425,-182.5922014670323,99.99999999480707,11.18245386912595,9.997635993817243,5.809235997650842e-09
291.40000000000003,2796.9066364954238,-181.57495169148058,99.99999999539057,11.18245386912595,9.997635993817239,5.658773855031343e-09
291.5,2798.0442156064637,-180.55790283981966,99.99999999595775,11.182453869125952,9.997635993817239,5.491350347310414e-09
291.6,2799.181570026551,-179.5410548723637,99.999999996507,11.182453869125954,9.997635993817239,5.308874411189375e-09
291.7,2800.318699800066,-178.5244077494347,99.9999999970369,11.182453869125954,9.997635993817237,5.11318566689035e-09
291.8,2801.45560497138,-177.50796143136247,99.9999999975462,11.182453869125954,9.997635993817237,4.9060523618475015e-09
291.90000000000003,2802.5922855848557,-176.49171587848474,99.99999999803383,11.182453869125954,9.997635993817237,4.6891691941768784e-09
292.0,2803.728741684847,-175.47567105114697,99.9999999984989,11.182453869125956,9.997635993817237,4.464157318230839e-09
292.1,2804.8649733156994,-174.45982690970254,99.99999999894065,11.182453869125956,9.997635993817237,4.232562512067981e-09
292.2,2806.000980521749,-173.4441834145126,99.99999999935852,11.182453869125956,9.997635993817235,3.9958545318354155e-09
292.3,2807.136763347324,-172.42874052594613,99.99999999975206,11.182453869125956,9.997635993817235,3.755426360561162e-09
292.40000000000003,2808.272321836743,-171.41349820437998,100.00000000012098,11.182453869125956,9.997635993817237,3.512594702965219e-09
292.5,2809.4076560343156,-170.3984564101988,100.00000000046509,11.182453869125956,9.997635993817235,3.268599678728799e-09
292.6,2810.542765984344,-169.38361510379508,100.00000000078437,11.182453869125958,9.997635993817234,3.0246057341762105e-09
292.7,2811.6776517311205,-168.3689742455691,100.00000000107887,11.182453869125958,9.997635993817232,2.7817012526018114e-09
292.8,2812.812313318929,-167.35453379592897,100.00000000134877,11.18245386912596,9.997635993817232,2.5408999840873133e-09
292.90000000000003,2813.9467507920444,-166.34029371529067,100.00000000159433,11.182453869125961,9.997635993817232,2.3031427406361095e-09
293.0,2815.0809641947335,-165.32625396407795,100.00000000181592,11.182453869125961,9.99763599381723,2.069297358765714e-09
293.1,2816.2149535712542,-164.3124145027224,100.00000000201399,11.182453869125961,9.99763599381723,1.8401609877209043e-09
293.2,2817.348718965855,-163.2987752916634,100.00000000218907,11.182453869125961,9.997635993817228,1.6164614608337944e-09
293.3,2818.482260422776,-162.28533629134813,100.00000000234175,11.182453869125963,9.997635993817228,1.3988582250693385e-09
293.40000000000003,2819.615577986249,-161.27209746223167,100.00000000247267,11.182453869125963,9.997635993817227,1.187944528787951e-09
293.5,2820.7486717004963,-160.2590587647768,100.00000000258257,11.182453869125963,9.997635993817227,9.842509522989629e-10
293.6,2821.8815416097323,-159.2462201594542,100.0000000026722,11.182453869125965,9.997635993817225,7.882446666938622e-10
293.7,2823.014187758162,-158.2335816067423,100.00000000274237,11.182453869125967,9.997635993817225,6.003331639213751e-10
293.8,2824.146610189982,-157.22114306712734,100.00000000279393,11.182453869125967,9.997635993817223,4.2086566791841044e-10
293.90000000000003,2825.2788089493797,-156.2089045011034,100.00000000282775,11.182453869125967,9.997635993817221,2.501358316093378e-10
294.0,2826.410784080535,-155.19686586917234,100.00000000284474,11.182453869125968,9.997635993817223,8.838427548155647e-11
294.1,2827.542535627618,-154.1850271318438,100.00000000284582,11.182453869125967,9.997635993817221,-6.420034394711988e-11
294.2,2828.6740636347895,-153.17338824963528,100.00000000283194,11.182453869125967,9.997635993817223,-2.0747712546984151e-10
294.3,2829.805368146203,-152.161949183072,100.00000000280404,11.182453869125967,9.997635993817223,-3.413522345695413e-10
294.40000000000003,2830.9364492060026,-151.15070989268705,100.0000000027631,11.182453869125967,9.997635993817223,-4.657756601723901e-10
294.5,2832.0673068583237,-150.13967033902128,100.00000000271007,11.182453869125967,9.997635993817223,-5.807394579857881e-10
294.6,2833.197941147293,-149.12883048262333,100.00000000264589,11.182453869125967,9.997635993817223,-6.862750828217956e-10
294.7,2834.3283521170288,-148.11819028404963,100.00000000257154,11.182453869125968,9.997635993817223,-7.824492203838367e-10
294.8,2835.45853981164,-147.10774970386444,100.00000000248797,11.182453869125968,9.997635993817223,-8.693648455413165e-10
294.90000000000003,2836.5885042752275,-146.09750870263977,100.00000000239608,11.182453869125967,9.997635993817223,-9.471570059720465e-10
295.0,2837.718245551883,-145.08746724095542,100.00000000229682,11.182453869125967,9.997635993817225,-1.015989391769992e-09
295.1,2838.847763685689,-144.077625279399,100.00000000219107,11.182453869125965,9.997635993817225,-1.0760545974692616e-09
295.2,2839.9770587207213,-143.06798277856586,100.00000000207972,11.182453869125965,9.997635993817227,-1.127570118885031e-09
295.3,2841.1061307010445,-142.0585396990592,100.0000000019636,11.182453869125965,9.997635993817227,-1.1707759752613243e-09
295.40000000000003,2842.2349796707163,-141.04929600148992,100.00000000184356,11.182453869125965,9.997635993817227,-1.2059328721825621e-09
295.5,2843.3636056737846,-140.04025164647678,100.0000000017204,11.182453869125965,9.997635993817227,-1.2333212388006828e-09
295.6,2844.4920087542896,-139.03140659464628,100.00000000159487,11.182453869125963,9.997635993817227,-1.2532382660748837e-09
295.7,2845.6201889562617,-138.0227608066327,100.00000000146773,11.182453869125963,9.997635993817227,-1.265995009968861e-09
295.8,2846.7481463237236,-137.01431424307808,100.00000000133967,11.182453869125963,9.997635993817225,-1.271915649510747e-09
295.90000000000003,2847.8758809006886,-136.00606686463223,100.00000000121138,11.182453869125965,9.997635993817227,-1.271335202293322e-09
296.0,2849.0033927311615,-134.9980186319528,100.00000000108348,11.182453869125965,9.997635993817227,-1.2645981258152026e-09
296.1,2850.130681859139,-133.9901695057051,100.00000000095659,11.182453869125965,9.997635993817225,-1.2520555228421366e-09
296.2,2851.2577483286077,-132.98251944656232,100.00000000083126,11.182453869125967,9.997635993817225,-1.2340647325870086e-09
296.3,2852.384592183547,-131.97506841520536,100.00000000070804,11.182453869125965,9.997635993817223,-1.2109866034306598e-09
296.40000000000003,2853.5112134679266,-130.9678163723229,100.0000000005874,11.182453869125968,9.997635993817223,-1.1831848853296095e-09
296.5,2854.6376122257084,-129.96076327861132,100.00000000046981,11.182453869125967,9.997635993817221,-1.1510234403450088e-09
296.6,2855.763788500845,-128.9539090947749,100.00000000035568,11.182453869125968,9.997635993817221,-1.114865816222192e-09
296.7,2856.88974233728,-127.94725378152556,100.00000000024541,11.18245386912597,9.99763599381722,-1.0750740928721211e-09
296.8,2858.0154737789494,-126.94079729958304,100.00000000013934,11.18245386912597,9.99763599381722,-1.0320074226717538e-09
296.90000000000003,2859.1409828697797,-125.93453960967481,100.00000000003777,11.18245386912597,9.99763599381722,-9.860212442058792e-10
297.0,2860.2662696536886,-124.92848067253612,99.99999999994098,11.18245386912597,9.99763599381722,-9.374645477275649e-10
297.1,2861.3913341745856,-123.92262044890997,99.99999999984921,11.18245386912597,9.99763599381722,-8.866801147872248e-10
297.2,2862.5161764763716,-122.9169588995471,99.99999999976266,11.182453869125972,9.997635993817218,-8.340031187516099e-10
297.3,2863.6407966029383,-121.911495985206,99.99999999968152,11.182453869125974,9.997635993817216,-7.797612615604754e-10
297.40000000000003,2864.7651945981693,-120.90623166665294,99.9999999996059,11.182453869125975,9.997635993817214,-7.242726678263802e-10
297.5,2865.889370505939,-119.90116590466191,99.99999999953593,11.182453869125977,9.997635993817214,-6.678455792849374e-10
297.6,2867.013324370114,-118.89629866001466,99.99999999947168,11.182453869125977,9.99763599381721,-6.107770634268131e-10
297.7,2868.137056234551,-117.8916298935007,99.9999999994132,11.182453869125979,9.997635993817209,-5.533544900791064e-10
297.8,2869.260566143099,-116.88715956591726,99.99999999936051,11.182453869125979,9.997635993817207,-4.958523221115813e-10
297.90000000000003,2870.3838541395976,-115.88288763806932,99.99999999931359,11.18245386912598,9.997635993817207,-4.3853325120973747e-10
298.0,2871.5069202678783,-114.87881407076961,99.99999999927242,11.18245386912598,9.997635993817207,-3.8164652168150756e-10
298.1,2872.629764571764,-113.87493882483858,99.99999999923693,11.18245386912598,9.997635993817207,-3.254294219226955e-10
298.2,2873.752387095069,-112.87126186110446,99.99999999920706,11.18245386912598,9.997635993817207,-2.7010556545176454e-10
298.3,2874.874787881598,-111.86778314040316,99.99999999918269,11.18245386912598,9.997635993817207,-2.158853458813236e-10
298.40000000000003,2875.996966975148,-110.86450262357839,99.9999999991637,11.182453869125982,9.997635993817207,-1.6296408781487528e-10
298.5,2877.1189244195075,-109.86142027148153,99.99999999914995,11.18245386912598,9.997635993817207,-1.1152513285118023e-10
298.6,2878.240660258455,-108.85853604497174,99.99999999914128,11.18245386912598,9.997635993817207,-6.173588710898471e-11
298.7,2879.3621745357623,-107.8558499049159,99.99999999913751,11.182453869125982,9.997635993817207,-1.3750885801421699e-11
298.8,2880.483467295191,-106.8533618121886,99.99999999913847,11.182453869125982,9.997635993817205,3.228930115765492e-11
298.90000000000003,2881.6045385804946,-105.85107172767216,99.99999999914392,11.182453869125982,9.997635993817203,7.625814605112132e-11
299.0,2882.725388435418,-104.84897961225667,99.99999999915369,11.182453869125986,9.997635993817203,1.1804325542096528e-10
299.1,2883.846016903698,-103.84708542683988,99.99999999916751,11.182453869125986,9.997635993817202,1.5754537736273033e-10
299.2,2884.9664240290613,-102.84538913232731,99.99999999918518,11.182453869125988,9.997635993817202,1.9467920713413942e-10
299.3,2886.086609855227,-101.84389068963219,99.99999999920644,11.182453869125988,9.9976359938172,2.2937220004623188e-10
299.40000000000003,2887.2065744259057,-100.84259005967547,99.99999999923105,11.182453869125988,9.9976359938172,2.615654542967e-10
299.5,2888.326317784799,-99.84148720338581,99.99999999925875,11.182453869125986,9.997635993817198,2.9121157658226143e-10
299.6,2889.4458399756,-98.8405820816996,99.99999999928927,11.18245386912599,9.997635993817198,3.1827654765803465e-10
299.7,2890.565141041993,-97.83987465556093,99.99999999932238,11.18245386912599,9.997635993817198,3.4273877171730005e-10
299.8,2891.6842210276536,-96.83936488592163,99.9999999993578,11.182453869125991,9.997635993817198,3.645864409864491e-10
299.90000000000003,2892.803079976249,-95.83905273374121,99.99999999939526,11.182453869125991,9.997635993817198,3.8382078728459304e-10
300.0,2893.9217179314383,-94.83893815998692,99.99999999943451,11.18245386912599,9.997635993817196,4.0045346251002896e-10
300.1,2895.040134936871,-93.8390211256337,99.99999999947528,11.182453869125991,9.997635993817198,4.1450566530013977e-10
300.2,2896.158331036188,-92.83930159166421,99.99999999951733,11.180733343058709,9.996097763162291,4.259437963839644e-10
300.3,2897.2761374177103,-91.83993048360351,99.99999999956039,11.174686811990068,9.990691882006235,4.3470413274264786e-10
300.40000000000003,2898.393129597032,-90.84128731033444,99.99999999960419,11.16447587079904,9.981562823717518,4.4083882881727964e-10
300.5,2899.508899032782,-89.84373732692188,99.99999999964847,11.15025780163424,9.968851205882274,4.444123064439452e-10
300.6,2900.6230527002176,-88.84763191584118,99.99999999969299,11.132185670900682,9.952693877014983,4.4550004573283204e-10
300.7,2901.7352126744177,-87.85330895962113,99.9999999997375,11.110408424331906,9.933224001557384,4.441876758854066e-10
300.8,2902.8450157228917,-86.86109320507155,99.99999999978175,11.085070980180594,9.910571143195243,4.405700994712212e-10
300.90000000000003,2903.952112907414,-85.87129661926205,99.99999999982553,11.056314320560382,9.884861346522195,4.3475178128381325e-10
301.0,2905.056169194901,-84.88421873741582,99.99999999986863,11.024275580971018,9.856217217079417,4.268443876876659e-10
301.1,2906.1568630771517,-83.9001470028795,99.99999999991084,10.989088138038602,9.824757999799498,4.1696664013535025e-10
301.2,2907.253886199274,-82.91935709932733,99.99999999995197,10.950881695502142,9.790599655882444,4.052435629149326e-10
301.3,2908.3469429966226,-81.94211327535481,99.99999999999183,10.909782368477245,9.753854938131342,3.9180499102183744e-10
301.40000000000003,2909.4357503400815,-80.9686686616149,100.00000000003027,10.865912766027243,9.714633464774812,3.767857672886432e-10
301.5,2910.5200371895153,-79.99926558064625,100.00000000006713,10.819392072071647,9.673041791802934,3.60323303515554e-10
301.6,2911.5995442552335,-79.03413584954134,100.00000000010229,10.770336124661359,9.629183483843,3.4255798303040306e-10
301.7,2912.6740236673,-78.07350107559876,100.00000000013561,10.71885749364964,9.583159183600984,3.2363180085349437e-10
301.8,2913.7432386525315,-77.11757294510205,100.00000000016699,10.665065556787379,9.535066679894255,3.0368742330311116e-10
301.90000000000003,2914.8069632190272,-76.16655350536479,100.00000000019632,10.609066574270779,9.485000974300709,2.828677844827036e-10
302.0,2915.864981848077,-75.22063544017868,100.00000000022354,10.550963761769172,9.433054346449032,2.6131633195218685e-10
302.1,2916.917089193298,-74.28000233879973,100.00000000024856,10.490857361960215,9.379316417974508,2.3917386740533174e-10
302.2,2917.963089786852,-73.34482895860451,100.00000000027136,10.428844714599334,9.323874215164377,2.1657939713999952e-10
302.3,2919.0027977525942,-72.41528148154634,100.00000000029188,10.365020325149839,9.266812230316367,1.9366906615759888e-10
302.40000000000003,2920.0360365260194,-71.49151776453915,100.0000000003101,10.299475931999767,9.208212481833678,1.7057576591277447e-10
302.5,2921.0626385808555,-70.57368758389389,100.000000000326,10.23230057229106,9.148154573079356,1.4742849618001853e-10
302.6,2922.082445162174,-69.66193287393068,100.00000000033958,10.163580646386313,9.08671575001257,1.243518878971723e-10
302.7,2923.0953060258794,-68.75638795988739,100.00000000035087,10.093399980997946,9.023970957629032,1.0146598009175275e-10
302.8,2924.1010791844465,-67.85717978524285,100.00000000035988,10.021839891004214,8.959992895227417,7.888526161229863e-11
302.90000000000003,2925.0996306587726,-66.96442813357143,100.00000000036665,9.948979239976156,8.89485207052326,5.671787105102423e-11
303.0,2926.0908342360217,-66.07824584504286,100.00000000037124,9.874894499439135,8.828616852631555,3.506570745878244e-11
303.1,2927.074571233331,-65.19873902767947,100.00000000037369,9.799659806892302,8.761353523938855,1.402453200739335e-11
303.2,2928.050730267257,-64.32600726348099,100.00000000037407,9.7233470226089,8.693126330885407,-6.3161803827542625e-12
303.3,2929.0192070288454,-63.46014380952471,100.00000000037245,9.646025785240003,8.623997533677484,-2.5875273817372448e-11
303.40000000000003,2929.979904064197,-62.601235794147065,100.00000000036893,9.56776356624388,8.554027454949784,-4.457696210934156e-11
303.5,2930.9327305604243,-61.749364408310726,100.00000000036357,9.488625723162867,8.483274527397434,-6.235452954005761e-11
303.6,2931.8776021368753,-60.904605092259125,100.0000000003565,9.408675551769214,8.411795340396818,-7.914735397315269e-11
303.7,2932.814440641518,-60.06702771755875,100.00000000034778,9.327974337101098,8.339644685634157,-9.490332561738008e-11
303.8,2933.743173952373,-59.23669676462736,100.00000000033755,9.246581403409595,8.266875601760429,-1.0957639277076172e-10
303.90000000000003,2934.663735783888,-58.41367149584464,100.00000000032591,9.164554163037081,8.193539418090948,-1.2312897718526337e-10
304.0,2935.5760654981464,-57.59800612433992,100.00000000031297,9.08194816424723,8.119685797367612,-1.3553091399489285e-10
304.1,2936.4801079208078,-56.7897499785498,100.00000000029884,8.998817138026379,8.045362777601516,-1.4675804172316603e-10
304.2,2937.375813161679,-55.98894766263677,100.00000000028365,8.91521304387579,7.97061681301336,-1.5679461993082285e-10
304.3,2938.2631364398144,-55.19563921285815,100.00000000026752,8.831186114613933,7.8954928140887946,-1.6563088764147154e-10
304.40000000000003,2939.1420379130454,-54.4098602499731,100.00000000025057,8.746784900207668,7.820034186765533,-1.732645960002484e-10
304.5,2940.0124825118482,-53.63164212777362,100.0000000002329,8.662056310650831,7.744282870768826,-1.796993532402252e-10
304.6,2940.8744397774512,-52.861012077823844,100.00000000021465,8.577045657908494,7.668279377111572,-1.8494503918487223e-10
304.7,2941.7278837040917,-52.09799335049053,100.00000000019595,8.491796696944773,7.592062824775105,-1.89017569530748e-10
304.8,2942.572792585328,-51.342605352345714,100.0000000001769,8.406351665851846,7.515670976586404,-1.919394318472194e-10
304.90000000000003,2943.4091488643244,-50.59486378002115,100.0000000001576,8.320751325097484,7.439140274307219,-1.9373705138188758e-10
305.0,2944.2369389880123,-49.854780750592674,100.00000000013819,8.235034995908139,7.3625058729503525,-1.9444153200174027e-10
305.1,2945.0561532650513,-49.122364928570924,100.00000000011875,8.149240597804344,7.285801674338051,-1.9409061553709822e-10
305.2,2945.8667857275013,-48.39762164957348,100.00000000009939,8.06340468530488,7.209060359917245,-1.9272404168883513e-10
305.3,2946.6688339961224,-47.68055304075209,100.00000000008022,7.977562483815887,7.132313422846097,-1.9038636401084196e-10
305.40000000000003,2947.4622991492247,-46.971158138046995,100.00000000006133,7.8917479247208515,7.055591199366082,-1.8712576837845477e-10
305.5,2948.247185594988,-46.2694330003393,100.00000000004282,7.80599367968709,6.97892289947359,-1.8299381158091487e-10
305.6,2949.023500947174,-45.57537082057052,100.00000000002476,7.720331194204096,6.902336636904772,-1.7804416970655305e-10
305.7,2949.791255904154,-44.8889620338975,100.00000000000723,7.634790720368869,6.825859458447154,-1.7233343659965927e-10
305.8,2950.550464131177,-44.21019442294924,99.99999999999031,7.549401348933052,6.749517372591284,-1.6592001691034302e-10
305.90000000000003,2951.3011421458077,-43.539053220251034,99.99999999997407,7.464191040626487,6.673335377535441,-1.5886317357876793e-10
306.0,2952.0433092064627,-42.87552120787989,99.99999999995856,7.379186656771507,6.597337488556248,-1.512246353807394e-10
306.1,2952.7769872039685,-42.21957881441417,99.99999999994384,7.294413989202058,6.521546764757766,-1.430664928450588e-10
306.2,2953.502200556082,-41.571204209238786,99.99999999992995,7.209897789501487,6.445985335211438,-1.344504318530877e-10
306.3,2954.218976104899,-40.93037339426641,99.99999999991695,7.125661797572604,6.370674424499056,-1.2543888051485252e-10
306.40000000000003,2954.927343017088,-40.2970602931337,99.99999999990487,7.041728769553361,6.295634377670692,-1.1609435195643747e-10
306.5,2955.6273326868813,-39.671236837930515,99.99999999989375,6.958120505091292,6.220884684629313,-1.0647869280956227e-10
306.6,2956.3189786417647,-39.05287305351886,99.99999999988358,6.874857873989606,6.146444003953633,-9.665272387104769e-11
306.7,2957.0023164507993,-38.44193713949714,99.99999999987442,6.791960842237573,6.072330186170498,-8.667641064473572e-11
306.8,2957.677383635516,-37.83839554986426,99.99999999986625,6.709448497437689,5.9985602964879545,-7.660838784489664e-11
306.90000000000003,2958.344219583324,-37.24221307043688,99.99999999985909,6.627339073641804,5.925150636999908,-6.650437430720857e-11
307.0,2959.0028654633734,-36.65335289407225,99.99999999985295,6.545649975608225,5.8521167683731115,-5.641992805969657e-11
307.1,2959.653364144815,-36.07177669374772,99.9999999998478,6.464397802491598,5.779473531027017,-4.640779969317081e-11
307.20000000000005,2960.2957601174007,-35.497444693547244,99.99999999984365,6.3835983709771185,5.707235065816853,-3.65183009035003e-11
307.3,2960.930099414371,-34.93031573760394,99.99999999984048,6.303266737870476,5.635414834230075,-2.679926155933168e-11
307.40000000000003,2961.556429537574,-34.37034735704696,99.99999999983828,6.223417222154652,5.564025638106186,-1.7295746948119473e-11
307.5,2962.174799384765,-33.81749583499979,99.99999999983702,6.144063426524584,5.493079638889719,-8.0502826296739e-12
307.6,2962.785259179032,-33.271716269676176,99.99999999983666,6.065218258410406,5.42258837642601,8.974262766781956e-13
307.70000000000005,2963.3878604003003,-32.73296263561897,99.99999999983719,5.98689395049989,5.352562787309209,9.511144551589217e-12
307.8,2963.982655718863,-32.20118784312612,99.99999999983855,5.9091020807704195,5.283013222791804,1.775760479346919e-11
307.90000000000003,2964.569698930892,-31.67634379590733,99.99999999984072,5.831853592040711,5.21394946626477,2.56063936581615e-11
308.0,2965.149044895881,-31.158381447013728,99.99999999984367,5.755158811052266,5.1453807503172815,3.303048132782767e-11
308.1,2965.720749475971,-30.64725085308227,99.99999999984732,5.679027467090381,5.077315773384763,4.000608765406429e-11
308.20000000000005,2966.284869477118,-30.142901226935525,99.99999999985165,5.6034687101543526,5.009762715993902,4.6513074141012794e-11
308.3,2966.841462592053,-29.645280988576783,99.99999999985661,5.528491128686328,4.94272925661307,5.2533924044215403e-11
308.40000000000003,2967.390587344998,-29.154337814619492,99.99999999986214,5.454102766868099,4.876222587116462,5.8054778036519786e-11
308.5,2967.9323030380833,-28.67001868618926,99.9999999998682,5.380311141494934,4.810249427870092,6.306517649317877e-11
308.6,2968.4666696994377,-28.192269935335826,99.99999999987473,5.3071232584354044,4.744816042447646,6.755742730112151e-11
308.70000000000005,2968.9937480329004,-27.72103728999163,99.9999999998817,5.234545628685979,4.679928251984039,7.15263858735671e-11
308.8,2969.513599369321,-27.256265917512817,99.99999999988903,5.162584284028992,4.61559144917437,7.497010488041687e-11
308.90000000000003,2970.026285619405,-26.797900466837763,99.99999999989667,5.091244792302445,4.551810611925836,7.78897213675259e-11
309.0,2970.5318692280657,-26.345885109297452,99.99999999990459,5.020532272289924,4.488590316670018,8.028922013292307e-11
309.1,2971.030413130249,-25.9001635781113,99.99999999991272,4.950451408238782,4.425934751342808,8.217520083777336e-11
309.20000000000005,2971.52198070819,-25.46067920660131,99.999999999921,4.881006464014552,4.363847728039124,8.355627985461835e-11
309.3,2972.0066357500664,-25.027374965156714,99.9999999999294,4.812201296899443,4.302332695349398,8.444414331941157e-11
309.40000000000003,2972.484442410019,-24.60019349698061,99.99999999993787,4.74403937104258,4.241392750384731,8.4852306780578e-11
309.5,2972.955465169492,-24.179077152649345,99.99999999994635,4.676523770569545,4.181030650497422,8.479567367574549e-11
309.6,2973.419768799877,-23.763968023514824,99.99999999995481,4.609657212358598,4.121248824703518,8.429223689601587e-11
309.70000000000005,2973.8774183264104,-23.35480797397917,99.9999999999632,4.543442058490834,4.0620493848138315,8.336083335372233e-11
309.8,2974.3284789933027,-22.951538672670612,99.99999999997146,4.477880328381398,4.003434136279811,8.202236845341248e-11
309.90000000000003,2974.7730162300672,-22.554101622548767,99.99999999997958,4.412973710598724,3.9454045887604936,8.029848442411378e-11
310.0,2975.2110956190127,-22.162438189966934,99.99999999998751,4.348723574378637,3.887961966416653,7.821291174735634e-11
310.1,2975.642782863873,-21.776489632718352,99.99999999999521,4.285130980840046,3.8311072179381513,7.578989074063381e-11
310.20000000000005,2976.068143759545,-21.396197127092815,100.00000000000266,4.222196693908795,3.7748410263103667,7.305439899396592e-11
310.3,2976.4872441629022,-21.021501793969456,100.00000000000982,4.159921190956119,3.7191638183254776,7.003263121030294e-11
310.40000000000003,2976.900149964661,-20.652344723970923,100.00000000001666,4.098304673158051,3.6640757738442526,6.675081744845057e-11
310.5,2977.306927062267,-20.28866700170362,100.00000000002315,4.037347075581967,3.6095768348138946,6.323635869068861e-11
310.6,2977.7076413337763,-19.93040972910812,100.00000000002929,3.977048077006364,3.555666714047377,5.951677486664658e-11
310.70000000000005,2978.102358612709,-19.577514047943378,100.00000000003504,3.9174071094798237,3.5023449037696097,5.561870091494288e-11
310.8,2978.4911446638416,-19.22992116142773,100.0000000000404,3.8584233676250204,3.4496106839356493,5.156942091298483e-11
310.90000000000003,2978.87406515992,-18.887572355059277,100.00000000004535,3.8000958176934905,3.3974631303260936,4.739647008597372e-11
311.0,2979.2511856592655,-18.550409016637666,100.00000000004988,3.742423206376799,3.3459011224246686,4.312611911829539e-11
311.1,2979.6225715842475,-18.21837265550878,100.00000000005397,3.6854040693795884,3.2949233510829425,3.8784046067122653e-11
311.20000000000005,2979.9882882006054,-17.891404921053407,100.00000000005764,3.629036739759936,3.244528325976987,3.439661814315887e-11
311.3,2980.348400597592,-17.569447620440453,100.00000000006087,3.5733193560422833,3.1947143828607185,2.9987971946283974e-11
311.40000000000003,2980.7029736689146,-17.25244273566478,100.00000000006365,3.5182498701081335,3.145479690620552,2.5582113776705634e-11
311.5,2981.052072094457,-16.940332439889335,100.000000000066,3.4638260548696076,3.0968222581359175,2.1202791558688598e-11
311.6,2981.395760322758,-16.63305911311075,100.0000000000679,3.4100455117308295,3.0487399409500813,1.687187498358995e-11
311.70000000000005,2981.7341025542246,-16.33056535716715,100.00000000006938,3.356905677842009,3.0012304477556446,1.2611054095883468e-11
311.8,2982.0671627250604,-16.032794010106507,100.00000000007043,3.3044038331510346,2.9542913466989895,8.440093168899012e-12
311.90000000000003,2982.3950044918897,-15.739688159933426,100.00000000007107,3.252537107257228,2.9079200715078586,4.3779011426979165e-12
312.0,2982.717691217059,-15.45119115775185,100.00000000007131,3.201302486071877,2.86211392744618,4.4218900604722825e-13
312.1,2983.03528595459,-15.167246630320742,100.00000000007117,3.150696818290022,2.8168700971001517,-3.3514905588120595e-12
312.20000000000005,2983.3478514367775,-14.887798492039437,100.00000000007066,3.100716821677923,2.7721856459995244,-6.98790620431966e-12
312.3,2983.655450061401,-14.612790956378948,100.00000000006979,3.0513590891805067,2.7280575280779487,-1.0453642535654931e-11
312.40000000000003,2983.9581438795417,-14.342168546775117,100.00000000006858,3.002620094853029,2.684482590976157,-1.373678209446248e-11
312.5,2984.2559945839816,-14.075876106999164,100.00000000006705,2.9544961996210914,2.6414575811916894,-1.6826599227207847e-11
312.6,2984.5490634981734,-13.81385881102077,100.00000000006521,2.9069836568730762,2.5989791490787866,-1.9713393028650822e-11
312.70000000000005,2984.837411565758,-13.556062172378528,100.00000000006311,2.860078617888955,2.557043853702004,-2.2389326082607696e-11
312.8,2985.12109934062,-13.302432053072193,100.00000000006075,2.8137771371093816,2.5156481675470226,-2.484822779760405e-11
312.90000000000003,2985.4001869774584,-13.05291467199085,100.00000000005815,2.768075177248864,2.474788481092067,-2.7085159049285645e-11
313.0,2985.674734222866,-12.807456612890771,100.00000000005534,2.722968614256757,2.4344611072432603,-2.9096243394313516e-11
313.1,2985.9448004068927,-12.566004831936405,100.00000000005234,2.678453242129721,2.3946622856371924,-3.087900250647564e-11
313.20000000000005,2986.210444435086,-12.32850666481762,100.00000000004917,2.6345247775792333,2.3553881868138884,-3.243242763984568e-11
313.3,2986.471724780989,-12.094909833455986,100.00000000004586,2.591178864557643,2.316634916263317,-3.3756930427803466e-11
313.40000000000003,2986.728699479085,-11.865162452312612,100.00000000004242,2.5484110786462137,2.2783985183485007,-3.4853911526692285e-11
313.5,2986.9814261181764,-11.639213034309714,100.0000000000389,2.506216931308497,2.240674980108234,-3.572559640817525e-11
313.6,2987.2299618351763,-11.417010496377808,100.00000000003529,2.4645918740123287,2.2034602349423404,-3.6376137162417625e-11
313.70000000000005,2987.4743633093126,-11.198504164640132,100.00000000003162,2.4235313022236697,2.166750166182352,-3.6810039854097286e-11
313.8,2987.7146867567217,-10.98364377924561,100.00000000002792,2.383030559275437,2.130540610550422,-3.703251626900225e-11
313.90000000000003,2987.9509879254233,-10.772379498861387,100.00000000002422,2.343084940114398,2.0948273615092314,-3.70505996962439e-11
314.0,2988.1833220906633,-10.56466190483574,100.00000000002052,2.303689694929166,2.0596061725055765,-3.687181755661493e-11
314.1,2988.411744050616,-10.360442005041802,100.00000000001685,2.2648400326622267,2.0248727601102914,-3.650429667534047e-11
314.20000000000005,2988.63630812243,-10.159671237412393,100.00000000001323,2.2265311244088988,1.990622807057075,-3.595712011924929e-11
314.3,2988.8570681386077,-9.962301473175906,100.00000000000966,2.1887581067060524,1.9568519651827592,-3.523966645213325e-11
314.40000000000003,2989.074077443711,-9.768285019802992,100.00000000000618,2.1515160847133488,1.9235558582714858,-3.436146670452222e-11
314.5,2989.287388891377,-9.57757462367354,100.0000000000028,2.114800135289713,1.8907300848052169,-3.333371407824207e-11
314.6,2989.4970548416386,-9.390123472473176,99.99999999999952,2.078605309967685,1.858370220622943,-3.216756417166322e-11
314.70000000000005,2989.703127158535,-9.205885197328321,99.99999999999636,2.042926637828238,1.826471821490908,-3.087338300802732e-11
314.8,2989.905657208008,-9.024813874688578,99.99999999999335,2.0077591282786083,1.7950304255861123,-2.9463168229335755e-11
314.90000000000003,2990.104695856068,-8.846864027965006,99.99999999999048,1.9730977737356006,1.7640415558953193,-2.7948973367774817e-11
315.0,2990.300293467226,-8.671990628932639,99.99999999998776,1.9389375522168089,1.7335007225317245,-2.634253621596001e-11
315.1,2990.492499903179,-8.500149098905354,99.99999999998522,1.9052734298421137,1.7034034249714134,-2.465566454697882e-11
315.20000000000005,2990.6813645217435,-8.331295309691027,99.99999999998285,1.872100363247788,1.6737451542116821,-2.2900607999181384e-11
315.3,2990.8669361760208,-8.165385584334679,99.99999999998064,1.8394133019154661,1.6445213948532464,-2.10891652659251e-11
315.40000000000003,2991.049263213798,-8.00237669765711,99.99999999997863,1.807207190418209,1.6157276271083272,-1.923257777119457e-11
315.5,2991.2283934771644,-7.842225876596371,99.9999999999768,1.775476970585822,1.587359328736548,-1.7342298290111518e-11
315.6,2991.404374302342,-7.684890800359156,99.99999999997516,1.74421758359156,1.5594119769105448,-1.5429486149296212e-11
315.70000000000005,2991.5772525197217,-7.530329600389089,99.99999999997371,1.7134239719622846,1.5318810500131415,-1.3505638239604336e-11
315.8,2991.7470744540956,-7.37850086015862,99.99999999997246,1.683091081514106,1.504762029367903,-1.1580828833316084e-11
315.90000000000003,2991.9138859250793,-7.229363614791138,99.9999999999714,1.6532138632154876,1.4780504009048412,-9.665760972008797e-12
316.0,2992.077732247719,-7.082877350519679,99.99999999997053,1.6237872749797646,1.4517416567630046,-7.769744296768771e-12
316.1,2992.23865823327,-6.939002003988454,99.99999999996984,1.5948062833889503,1.4258312968316458,-5.902745180819171e-12
316.20000000000005,2992.3967081901505,-6.797697961403272,99.99999999996935,1.5662658653506991,1.4003148302316235,-4.07298481348554e-12
316.3,2992.551925925051,-6.6589260575367355,99.99999999996903,1.5381610096902316,1.3751877767386567,-2.2893859751800753e-12
316.40000000000003,2992.704354744204,-6.522647574593957,99.99999999996889,1.5104867186789854,1.3504456681500108,-5.594109637576379e-13
316.5,2992.8540374548043,-6.38882424094437,99.99999999996892,1.48323800950173,1.3260840495961648,1.109875766910901e-12
316.6,2993.0010163665684,-6.257418229725055,99.9999999999691,1.4564099156638204,1.3020984807989657,2.7117976719809694e-12
316.70000000000005,2993.1453332934366,-6.128392157320876,99.99999999996946,1.4299974883402595,1.2784845372777487,4.240800218087685e-12
316.8,2993.287029555404,-6.001709081726534,99.99999999996996,1.4039957976681596,1.2552378115048624,5.690529224569994e-12
316.90000000000003,2993.426145980479,-5.877332500795548,99.9999999999706,1.3783999339841997,1.23235391401201,7.056749538736258e-12
317.0,2993.5627229067636,-5.755226350380999,99.99999999997137,1.353205009008602,1.2098284744487813,8.335381885153094e-12
317.1,2993.696800184648,-5.635355002372756,99.99999999997226,1.3284061569771366,1.1876571425947178,9.523122496562046e-12
317.20000000000005,2993.828417179118,-5.517683262635764,99.99999999997327,1.3039985357226276,1.165835589326228,1.0616163922952377e-11
317.3,2993.9576127721643,-5.402176368853846,99.99999999997438,1.279977327707383,1.1443595075396302,1.1613098290672493e-11
317.40000000000003,2994.0844253652976,-5.28879998828334,99.99999999997559,1.2563377410079613,1.12322461303158,1.2511688556708585e-11
317.5,2994.208892882156,-5.177520215420772,99.99999999997688,1.2330750102536387,1.1024266453381004,1.3310912088150371e-11
317.6,2994.331052771205,-5.068303569588652,99.99999999997824,1.2101843975199067,1.0819613685334137,1.4010285977371392e-11
317.70000000000005,2994.4509420085265,-4.961116992443339,99.99999999997968,1.1876611931783112,1.0618245719897372,1.46099704585111e-11
317.8,2994.5685971006874,-4.8559278454088375,99.99999999998117,1.165500716703908,1.042012071099183,1.51099966767412e-11
317.90000000000003,2994.68405408769,-4.752703907040251,99.9999999999827,1.1436983174415674,1.022519707958873,1.5511147806751448e-11
318.0,2994.7973485459947,-4.651413370320516,99.99999999998427,1.1222493753323517,1.0033433520203552,1.5815182373087198e-11
318.1,2994.9085155916146,-4.552024839893936,99.99999999998586,1.1011493016011475,0.9844789007043762,1.602441954484487e-11
318.20000000000005,2995.0175898832767,-4.454507329239928,99.99999999998747,1.0803935394067063,0.9659222799820498,1.6141221030445745e-11
318.3,2995.1246056256464,-4.3588302577902915,99.99999999998909,1.059977564455223,0.9476694449234249,1.6168235713323172e-11
318.40000000000003,2995.229596572611,-4.264963447993204,99.9999999999907,1.0398968855785562,0.9297163802144398,1.6108394059984938e-11
318.5,2995.3325960306206,-4.172877122327069,99.99999999999231,1.0201470452781598,0.9120591006432237,1.5965271765320597e-11
318.6,2995.4336368620798,-4.0825419002672225,99.9999999999939,1.0007236202357803,0.8946936515566816,1.574268728753786e-11
318.70000000000005,2995.532751488791,-3.99392879520843,99.99999999999547,0.9816222217919306,0.8776161092882774,1.5444697351254823e-11
318.8,2995.6299718954415,-3.9070092113460078,99.99999999999699,0.9628384963931588,0.860822581557908,1.507571154759314e-11
318.90000000000003,2995.7253296331373,-3.821754940518316,99.99999999999848,0.9443681260090647,0.844309207844738,1.464072554977907e-11
319.0,2995.818855822973,-3.738138159013286,99.99999999999991,0.9262068285200241,0.8280721597338432,1.4143679681180263e-11
319.1,2995.910581159642,-3.6561314243415555,100.00000000000131,0.9083503580765463,0.8121076412374929,1.3590244985454256e-11
319.20000000000005,2996.0005359150796,-3.5757076719787135,100.00000000000264,0.8907945054311663,0.7964118890918759,1.2984884311377913e-11
319.3,2996.0887499421406,-3.496840212079064,100.00000000000391,0.8735350982437504,0.7809811730300588,1.2332649425817183e-11
319.40000000000003,2996.1752526783016,-3.419502726163252,100.0000000000051,0.8565680013610761,0.7658117960319443,1.163953352893272e-11
319.5,2996.260073149395,-3.343669263782013,100.00000000000622,0.8398891170715265,0.7509000945519775,1.0910305060925472e-11
319.6,2996.343239973363,-3.2693142391582324,100.00000000000728,0.8234943853357053,0.7362424387253296,1.0150561133522917e-11
319.70000000000005,2996.4555893435004,-3.1956259366981943,100.00000000000828,1.423493032974299,0.7375162796235248,1.0136787104323991e-11
319.8,2996.627938583019,-3.1218124502602804,100.0000000000093,2.0234917724368238,0.7387461096014442,1.0122406533351667e-11
319.90000000000003,2996.860287700945,-3.047878183630913,100.0000000000103,2.6234906006032377,0.7399318738701532,1.0107417803037924e-11
320.0,2997.1526367059923,-2.9738275463463153,100.00000000001131,3.2234895143517495,0.7410735122165009,1.0091819182353805e-11
320.1,2997.504985606564,-2.899664954236801,100.00000000001232,3.8234885105572745,0.7421709589652846,1.0075611674100913e-11
320.20000000000005,2997.917334410748,-2.825394829975,100.00000000001333,4.423487586089877,0.7432241429382713,1.0058793321859899e-11
320.3,2998.3896831263214,-2.751021603628345,100.00000000001434,5.023486737813196,0.7442329874100166,1.0041359197186976e-11
320.40000000000003,2998.9220317607455,-2.6765497132161356,100.00000000001535,5.623485962582856,0.7451974100604266,1.0023307104438479e-11
320.5,2999.5143803211677,-2.6019836052715153,100.00000000001634,6.2234852572448505,0.7461173229239969,1.0004636162341986e-11
320.6,3000.1667288144185,-2.52732773540869,100.00000000001734,6.8234846186339135,0.746992632335663,9.985351107626937e-12
320.70000000000005,3000.8790772470124,-2.4525865688957365,100.00000000001833,7.423484043571861,0.7478232388731886,9.96544940188707e-12
320.8,3001.651425625145,-2.377764581233346,100.00000000001933,8.023483528865905,0.7486090372960145,9.944928384445583e-12
320.90000000000003,3002.4837739546906,-2.302866258739865,100.00000000002032,8.623483071306946,0.7493499164804871,9.923785270695421e-12
321.0,3003.3761222412036,-2.227896099142999,100.00000000002132,9.22348266766783,0.7500457593513773,9.90201715035168e-12
321.1,3004.3284704899133,-2.1528586121785502,100.00000000002231,9.823482314701568,0.7506964428095981,9.879620985613702e-12
321.20000000000005,3005.340818705724,-2.07775832019658,100.00000000002329,10.423482009139537,0.7513018376560212,9.856595060766527e-12
321.3,3006.4131668932114,-2.002599758775389,100.00000000002427,11.02348174768962,0.7518618085112884,9.83294334107678e-12
321.40000000000003,3007.5455150566213,-1.927387477343721,100.00000000002525,11.623481527034329,0.7523762137315066,9.808662422028456e-12
321.5,3008.7378631998663,-1.8521260398116057,100.00000000002623,12.22348134382886,0.7528449053197105,9.783751681812444e-12
321.6,3009.990211326523,-1.776820025210276,100.00000000002721,12.82348119469913,0.7532677288329656,9.758207455470502e-12
321.70000000000005,3011.3025594398287,-1.701474028341595,100.0000000000282,13.423481076239746,0.7536445232849847,9.732023010233444e-12
321.8,3012.6749075426787,-1.626092660437453,100.00000000002916,14.023480985011918,0.7539751210441157,9.705195862113466e-12
321.90000000000003,3014.107255637623,-1.5506805498296032,100.00000000003013,14.623480917541341,0.7542593477265562,9.677729274517886e-12
322.0,3015.599603726862,-1.4752423426304198,100.0000000000311,14.981611376859837,0.7425096314149006,9.496306632068358e-12
322.1,3017.1277648627033,-1.4009808727732225,100.00000000003205,14.982988671413224,0.7141781796603675,9.10397499336948e-12
322.20000000000005,3018.656063728317,-1.3295534945517573,100.00000000003295,14.984263339514195,0.6869149671472281,8.726434712267287e-12
322.3,3020.1844900610176,-1.260853349622568,100.00000000003382,14.985443003575282,0.6606799426322797,8.363133501623371e-12
322.40000000000003,3021.7130343603653,-1.1947775860261833,100.00000000003466,14.986534721494584,0.6354345296230546,8.013544589430074e-12
322.5,3023.2416878317126,-1.1312272106653238,100.00000000003546,14.987545028295315,0.6111415751038294,7.677144353222153e-12
322.6,3024.7704423339173,-1.0701069469122981,100.00000000003622,14.988479974716084,0.5877652997030118,7.353440795977412e-12
322.70000000000005,3026.299290330914,-1.0113250972013785,100.00000000003696,14.989345162972022,0.5652712493018169,7.041953774842968e-12
322.8,3027.8282248468618,-0.9547934104619531,100.00000000003766,14.990145779891547,0.5436262480782492,6.742223161330469e-12
322.90000000000003,3029.3572394246034,-0.9004269542488589,100.00000000003833,14.990886627619004,0.5227983529753685,6.45381241706788e-12
323.0,3030.8863280871997,-0.8481439914274028,100.00000000003897,14.99157215206005,0.502756809578532,6.17629476652423e-12
323.1,3032.4154853023033,-0.7978658612721105,100.00000000003958,14.992206469234056,0.4834720093826942,5.909260020509384e-12
323.20000000000005,3033.944705949171,-0.7495168648401404,100.00000000004016,14.992793389686032,0.4649154484278177,5.6523139533253566e-12
323.3,3035.473985288115,-0.7030241544824963,100.00000000004073,14.99333644109979,0.44705968727794343,5.40507624939415e-12
323.40000000000003,3037.0033189322176,-0.6583176273586184,100.00000000004127,14.99383888924378,0.42987831231741747,5.16717562303088e-12
323.5,3038.53270282114,-0.6153298228225869,100.00000000004178,14.99430375737162,0.4133458983361192,4.938262525716421e-12
323.6,3040.0621331968696,-0.5739958235519902,100.00000000004228,14.994733844190604,0.3974379723742354,4.717999618432828e-12
323.70000000000005,3041.5916065812658,-0.5342531602934564,100.00000000004275,14.995131740503126,0.3821309787961289,4.506051095133205e-12
323.8,3043.121119755269,-0.4960417201018936,100.0000000000432,14.995499844618582,0.36740224556212203,4.302111775305882e-12
323.90000000000003,3044.6506697396517,-0.45930365795360634,100.00000000004363,14.99584037662597,0.3532299516665176,4.105876765576954e-12
324.0,3046.180253777196,-0.42398331161662284,100.00000000004404,14.996155391611083,0.33959309570988544,3.917058965954087e-12
324.1,3047.709869316194,-0.39002711966476833,100.00000000004442,14.996446791895949,0.3264714655735203,3.735370808823954e-12
324.20000000000005,3049.23951399517,-0.3573835425252294,100.00000000004479,14.996716338372492,0.3138456091640035,3.56055361626906e-12
324.3,3050.769185628739,-0.32600298645256376,100.00000000004515,14.996965660997267,0.30169680619595873,3.392342711277932e-12
324.40000000000003,3052.2988821945114,-0.29583773032530136,100.00000000004549,14.997196268509033,0.2900070409813557,3.2304867367591637e-12
324.5,3053.828601820973,-0.2668418551644495,100.00000000004582,14.997409557426616,0.27875897619407525,3.0747471581119026e-12
324.6,3055.358342776261,-0.23897117627634407,100.00000000004613,14.997606820380124,0.2679359275788842,2.9248859400718864e-12
324.70000000000005,3056.8881034577767,-0.2121831779253756,100.00000000004641,14.997789253824784,0.25752183957446984,2.7806877224422802e-12
324.8,3058.4178823825673,-0.1864369504451555,100.00000000004668,14.997957965183032,0.247501261820741,2.6419397017747743e-12
324.90000000000003,3059.9476781784224,-0.1616931296996673,100.00000000004694,14.998113979457113,0.2378593265211986,2.5084419201895147e-12
325.0,3061.4774895756323,-0.13791383880886945,100.0000000000472,14.998258245351359,0.22858172663181547,2.379988903163204e-12
325.1,3063.007315399358,-0.11506263205607341,100.00000000004744,14.998391640940405,0.21965469484852565,2.2563892080082277e-12
325.20000000000005,3064.5371545625685,-0.09310444089721036,100.00000000004766,14.998514978916969,0.21106498336610616,2.137454438629156e-12
325.3,3066.067006059502,-0.0720055219948244,100.00000000004788,14.998629011450301,0.20279984438193208,2.0230125831717215e-12
325.40000000000003,3067.5968689596143,-0.051733407202281555,100.00000000004808,14.998734434684152,0.19484701131879395,1.9128954281995256e-12
325.5,3069.1267424019757,-0.032256855426266474,100.00000000004826,14.998831892900927,0.18719468074167853,1.8069383921204583e-12
325.6,3070.656625590084,-0.013545806298149471,100.00000000004844,14.998921982376807,0.1798314949441312,1.7049909003773005e-12
325.70000000000005,3072.186517787066,0.004428664412754833,100.00000000004862,14.999005254950678,0.1727465251805304,1.606890258136537e-12
325.8,3073.716418311232,0.021694387708647782,100.00000000004877,14.999082221328148,0.1659292555213163,1.5124937226712389e-12
325.90000000000003,3075.2463265319625,0.038278142657740266,100.00000000004893,14.999153354140219,0.15936956730891738,1.42166873187139e-12
326.0,3076.7762418659026,0.0542056961338674,100.00000000004907,14.999219090774856,0.15305772419281605,1.3342698082330135e-12
326.1,3078.306163773435,0.06950184105915573,100.0000000000492,14.999279835998287,0.1469843577228771,1.2501708226167244e-12
326.20000000000005,3079.8360917554196,0.08419043320558585,100.00000000004933,14.999335964381597,0.1411404534807381,1.16925520058017e-12
326.3,3081.3660253501735,0.09829442660927289,100.00000000004944,14.999387822547114,0.13551733772972058,1.091392734660596e-12
326.40000000000003,3082.895964130676,0.11183590764933238,100.00000000004955,14.99943573124789,0.1301066645643689,1.0164705092784436e-12
326.5,3084.425907701982,0.12483612784130929,100.00000000004965,14.999479987292732,0.1249004035413563,9.443739705367857e-13
326.6,3085.955855698827,0.1373155353933212,100.00000000004975,14.999520865328186,0.11989082777411585,8.750053148521195e-13
326.70000000000005,3087.485807783411,0.14929380557130198,100.00000000004984,14.999558619488118,0.1150705024741566,8.082522460340892e-13
326.8,3089.0157636433482,0.16078986991802802,100.00000000004992,14.999593484920727,0.11043227392261322,7.44019142013713e-13
326.90000000000003,3090.545722989767,0.17182194436896275,100.00000000005,14.999625679202047,0.10596925885614765,6.822080234227142e-13
327.0,3092.0756855555537,0.18240755630636757,100.00000000005006,14.999655403644438,0.10167483425187751,6.227370964718723e-13
327.1,3093.6056510937256,0.1925635705915931,100.00000000005012,14.999682844507783,0.09754262749654537,5.65509321031485e-13
327.20000000000005,3095.135619375926,0.2023062146139869,100.00000000005018,14.999708174120647,0.09356650692566598,5.104438180018508e-13
327.3,3096.665590191032,0.21165110239342616,100.00000000005022,14.999731551918122,0.0897405727188977,4.574567309169746e-13
327.40000000000003,3098.195563343863,0.22061325777210827,100.00000000005026,14.999753125402487,0.08605914813837465,4.0647371052181393e-13
327.5,3099.7255386539887,0.22920713672990597,100.0000000000503,14.999773031032424,0.08251677109721435,3.574218158426037e-13
327.6,3101.2555159546255,0.23744664885631409,100.00000000005033,14.99979139504615,0.0791081860458765,3.102201004777805e-13
327.70000000000005,3102.785495091613,0.24534517801078268,100.00000000005036,14.99980833422329,0.0758283361644946,2.648032555180803e-13
327.8,3104.3154759224685,0.2529156022020429,100.00000000005039,14.99982395659013,0.07267235584973526,2.2110076389335552e-13
327.90000000000003,3105.845458315513,0.26017031271588714,100.0000000000504,14.999838362072376,0.0696355634851559,1.7904644928646347e-13
328.0,3107.375442149059,0.26712123251976194,100.00000000005042,14.999851643099365,0.06671345448443652,1.3858301437713784e-13
328.1,3108.905427310662,0.2737798339714689,100.00000000005043,14.999863885163347,0.0639016945972501,9.96538854035832e-14
328.20000000000005,3110.4354136964275,0.2801571558582456,100.00000000005045,14.999875167337107,0.06119611346791283,6.219214861891231e-14
328.3,3111.9654012103674,0.28626381979151205,100.00000000005045,14.999885562753132,0.05859269843731904,2.6141377933284557e-14
328.40000000000003,3113.495389763807,0.2921100459816182,100.00000000005045,14.999895139047052,0.05608758857901615,-8.546312103433199e-15
328.5,3115.0253792748354,0.29770566841601387,100.00000000005045,14.99990395876813,0.05367706896061366,-4.192479506627276e-14
328.6,3116.5553696677966,0.30306014946338083,100.00000000005045,14.99991207975916,0.051357565122046596,-7.404582640166027e-14
328.70000000000005,3118.085360872819,0.30818259392541963,100.00000000005043,14.999919555508104,0.049125637762529,-1.0495753503655073e-13
328.8,3119.615352825379,0.3130817625571658,100.00000000005042,14.99992643547354,0.04697797762833649,-1.346997900148621e-13
328.90000000000003,3121.1453454659,0.3177660850759248,100.0000000000504,14.999932765385873,0.044911400593850084,-1.633156308376256e-13
329.0,3122.6753387393774,0.32224367267815746,100.00000000005039,14.999938587526113,0.04292284292857556,-1.9084958206310102e-13
329.1,3124.205332595035,0.3265223300829192,100.00000000005038,14.999943940983897,0.0410093567431248,-2.173476170052678e-13
329.20000000000005,3125.735326986006,0.33060956711975464,100.00000000005035,14.999948861896268,0.03916810560740781,-2.4284910627914106e-13
329.3,3127.265321869036,0.33451260987827375,100.00000000005032,14.999953383668688,0.03739636033453687,-2.673854474184106e-13
329.40000000000003,3128.795317204213,0.33823841143598565,100.00000000005029,14.999957537179567,0.03569149492418752,-2.9099480066780743e-13
329.5,3130.3253129547115,0.34179366218034135,100.00000000005026,14.999961350969539,0.034050982659395886,-3.137138253440702e-13
329.6,3131.8553090865603,0.34518479974033245,100.00000000005024,14.999964851416653,0.032472392350997595,-3.355777388452564e-13
329.70000000000005,3133.385305568426,0.34841801854241555,100.0000000000502,14.999968062898471,0.030953384724131238,-3.5662037334327276e-13
329.8,3134.9153023714125,0.35149927900497274,100.00000000005016,14.999971007942106,0.029491708941438925,-3.7687260680604266e-13
329.90000000000003,3136.4452994688772,0.35443431638498185,100.00000000005012,14.999973707363045,0.028085199257798257,-3.9635760775876933e-13
330.0,3137.975296836259,0.3572286492900538,100.00000000005008,14.999976180393631,0.026731771801614426,-4.1510571774546825e-13
330.1,3139.5052944509193,0.3598875878684973,100.00000000005004,14.999978444801956,0.0254294214778884,-4.331428264088936e-13
330.20000000000005,3141.035292291997,0.3624162416895912,100.00000000005,14.999980517001859,0.024176218988457142,-4.504970516804248e-13
330.3,3142.5652903402715,0.3648195273257867,100.00000000004995,14.999982412154756,0.022970307964975525,-4.671986752094923e-13
330.40000000000003,3144.0952885780393,0.3671021756481157,100.00000000004991,14.999984144263806,0.02180990221037641,-4.832735285965807e-13
330.5,3145.625286988997,0.36926873884565736,100.00000000004985,14.999985726261103,0.020693283044706336,-4.987447827550365e-13
330.6,3147.155285558133,0.37132359717950314,100.0000000000498,14.999987170088314,0.019618796751388893,-5.136281183630323e-13
330.70000000000005,3148.685284271632,0.37327096548126637,100.00000000004974,14.999988486771304,0.0185848521201169,-5.279467872800398e-13
330.8,3150.21528311678,0.37511489940580234,100.00000000004968,14.999989686489181,0.017589918082717936,-5.417231263189339e-13
330.90000000000003,3151.745282081881,0.37685930144743873,100.00000000004962,14.999990778638187,0.01663252143847575,-5.549785932424523e-13
331.0,3153.275281156179,0.37850792672866523,100.00000000004957,14.999991771890778,0.01571124466552297,-5.677338013451655e-13
331.1,3154.805280329785,0.38006438856989155,100.00000000004951,14.999992674250338,0.0148247238150484,-5.800085526764721e-13
331.20000000000005,3156.33527959361,0.3815321638485586,100.00000000004945,14.999993493101737,0.01397164648518521,-5.918218699579603e-13
331.3,3157.8652789393036,0.38291459815557244,100.0000000000494,14.999994235258153,0.01315074987156481,-6.03192027246389e-13
331.40000000000003,3159.395278359197,0.38421491075673114,100.00000000004934,14.999994907004348,0.012360818891635117,-6.141365793915281e-13
331.5,3160.92527784625,0.38543619936652207,100.00000000004928,14.999995514136724,0.011600684379951737,-6.246723903361774e-13
331.6,3162.4552773940018,0.38658144474138995,100.00000000004921,14.999996062000388,0.010869221351755973,-6.348139819434974e-13
331.70000000000005,3163.9852769965255,0.38765351509930623,100.00000000004914,14.99999655552339,0.010165347332255246,-6.445685899358597e-13
331.8,3165.515276648388,0.3886551703722121,100.00000000004907,14.999996999248443,0.009488020749119318,-6.539515219863292e-13
331.90000000000003,3167.0452763446096,0.3895890662976584,100.000000000049,14.999997397362225,0.008836239385799638,-6.629774830778654e-13
332.0,3168.57527608063,0.3904577583557273,100.00000000004893,14.999997753722514,0.008209038893369758,-6.716605992222468e-13
332.1,3170.1052758522737,0.3912637055570892,100.00000000004886,14.999998071883248,0.007605491358671814,-6.800144402464915e-13
332.20000000000005,3171.6352756557217,0.39200927408782715,100.00000000004879,14.999998355117736,0.007024703926637902,-6.880520416834028e-13
332.3,3173.1652754874817,0.3926967408164483,100.00000000004871,14.99999860644008,0.006465817474735801,-6.95785925801424e-13
332.40000000000003,3174.695275344363,0.3933282966682964,100.00000000004864,14.999998828625044,0.00592800533756614,-7.03224720916437e-13
332.5,3176.2252752234517,0.3939060498723821,100.00000000004857,14.999999024226364,0.005410472079712713,-7.103835114591757e-13
332.6,3177.75527512209,0.39443202908545744,100.0000000000485,14.999999195593722,0.004912452315019549,-7.172733929048695e-13
332.70000000000005,3179.285275037855,0.3949081863979795,100.00000000004843,14.999999344888417,0.0044332095705374485,-7.239016034648001e-13
332.8,3180.81527496854,0.3953364002264307,100.00000000004836,14.999999474097871,0.003972035193449224,-7.302819310935993e-13
332.90000000000003,3182.3452749121366,0.39571847809629573,100.00000000004829,14.999999585049027,0.00352824729934687,-7.364242064023578e-13
333.0,3183.8752748668194,0.3960561593198312,100.00000000004822,14.999999679420732,0.003101189760295489,-7.423378729046526e-13
333.1,3185.4052748309305,0.39635111757260777,100.00000000004815,14.999999758755196,0.00269023123117805,-7.480320022580219e-13
333.20000000000005,3186.935274802967,0.39660496337265483,100.00000000004808,14.99999982446857,0.0022947642128720506,-7.535153089059793e-13
333.3,3188.4652747815667,0.3968192464658912,100.000000000048,14.999999877860748,0.0019142041508640318,-7.587961641441321e-13
333.40000000000003,3189.9952747654975,0.3969954581213873,100.00000000004793,14.999999920124381,0.001547988567960646,-7.638826096330276e-13
333.5,3191.5252747536474,0.3971350333398697,100.00000000004785,14.99999995235325,0.0011955762298057914,-7.687806298723311e-13
333.6,3193.055274745013,0.3972393529787488,100.00000000004776,14.999999975549988,0.000856446341962157,-7.734890104669855e-13
333.70000000000005,3194.5852747386907,0.3973097457968283,100.00000000004768,14.999999990633212,0.0005300977773625479,-7.780152497867369e-13
333.8,3196.11527473387,0.39734749042173373,100.00000000004759,14.999999998444105,0.0002160483329815891,-7.823665507050164e-13
333.90000000000003,3197.6452747298245,0.3973538172429827,100.0000000000475,14.999999999752514,-8.616598537807923e-05,-7.865498322361941e-13
334.0,3199.175274725903,0.3973299102335103,100.00000000004742,14.999999995262575,-0.00037699165124912794,-7.905717407149881e-13
334.1,3200.7052747215266,0.3972769087023543,100.00000000004734,14.999999985617906,-0.0006568582796361157,-7.944386605360302e-13
334.20000000000005,3202.23527471618,0.397195908981105,100.00000000004725,14.999999971406398,-0.0009261792641102834,-7.981567244708746e-13
334.3,3203.765274709406,0.39708796604662316,100.00000000004717,14.999999953164656,-0.0011853523898102433,-8.017318235790659e-13
334.40000000000003,3205.295274700803,0.39695409508243784,100.00000000004708,14.999999931382085,-0.001434760423260355,-8.051696167292197e-13
334.5,3206.825274690016,0.3967952729811419,100.000000000047,14.99999990650466,-0.0016747716798840623,-8.084755397454536e-13
334.6,3208.3552746767364,0.39661243979001715,100.00000000004691,14.999999878938429,-0.001905740570056251,-8.116548141938939e-13
334.70000000000005,3209.8852746606954,0.3964065001020351,100.00000000004682,14.999999849052713,-0.002128008124506723,-8.147124558234118e-13
334.8,3211.4152746416607,0.3961783243943002,100.00000000004674,14.999999817183088,-0.002341902499856146,-8.176532826741835e-13
334.90000000000003,3212.9452746194347,0.3959287503159215,100.00000000004665,14.999999783634118,-0.0025477394650362485,-8.204819228671359e-13
335.0,3214.4752745938495,0.3956585839272262,100.00000000004657,14.99999974868189,-0.0027458228693175725,-8.232028220868255e-13
335.1,3216.0052745647645,0.3953686008921537,100.00000000004648,14.999999712576338,-0.0029364450926407013,-8.258202507698053e-13
335.20000000000005,3217.535274532065,0.3950595476256018,100.0000000000464,14.999999675543402,-0.0031198874789205547,-8.283383110100635e-13
335.3,3219.0652744956583,0.3947321423974269,100.00000000004631,14.999999637787003,-0.0032964207529679675,-8.307609431926563e-13
335.40000000000003,3220.595274455472,0.39438707639473797,100.00000000004623,14.999999599490884,-0.003466305421648402,-8.330919323662289e-13
335.5,3222.1252744114527,0.394025014744061,100.00000000004614,14.99999956082029,-0.0036297921598741627,-8.353349143646895e-13
335.6,3223.6552743635625,0.3936465974948903,100.00000000004606,14.999999521923511,-0.003787122182003907,-8.374933816879043e-13
335.70000000000005,3225.1852743117793,0.39325244056608755,100.00000000004597,14.999999482933337,-0.00393852759920155,-8.395706891508932e-13
335.8,3226.715274256094,0.39284313665653225,100.00000000004589,14.999999443968353,-0.004084231763285706,-8.415700593106267e-13
335.90000000000003,3228.2452741965085,0.3924192561213753,100.0000000000458,14.999999405134174,-0.00422444959758077,-8.434945876791773e-13
336.0,3229.775274133037,0.39198134781519595,100.00000000004572,14.999999366524554,-0.004359387915261341,-8.453472477316253e-13
336.1,3231.3052740657013,0.39152993990331336,100.00000000004563,14.999999328222412,-0.004489245725663097,-8.47130895716795e-13
336.20000000000005,3232.8352739945326,0.39106554064245624,100.00000000004555,14.999999290300792,-0.004614214529015347,-8.488482752785763e-13
336.3,3234.3652739195686,0.3905886391319488,100.00000000004546,14.999999252823727,-0.004734478600033202,-8.505020218952842e-13
336.40000000000003,3235.8952738408543,0.39009970603652777,100.00000000004538,14.999999215847042,-0.0048502152607907715,-8.52094667144214e-13
336.5,3237.4252737584397,0.3895991942818624,100.00000000004529,14.999999179419099,-0.004961595143280836,-8.536286427982691e-13
336.6,3238.95527367238,0.38908753972380933,100.0000000000452,14.99999914358146,-0.00506878244205108,-8.551062847612699e-13
336.70000000000005,3240.485273582734,0.3885651617923947,100.00000000004512,14.999999108369531,-0.005171935157292227,-8.565298368482887e-13
336.8,3242.0152734895646,0.38803246411147935,100.00000000004503,14.999999073813116,-0.005271205328739208,-8.579014544171111e-13
336.90000000000003,3243.5452733929374,0.38748983509502505,100.00000000004495,14.999999039936961,-0.005366739260732811,-8.592232078566784e-13
337.0,3245.0752732929204,0.386937648520847,100.00000000004486,14.999999006761213,-0.005458677738776128,-8.604970859381411e-13
337.1,3246.605273189584,0.3863762640827029,100.00000000004478,14.999998974301889,-0.00554715623790747,-8.617249990339301e-13
337.20000000000005,3248.1352730829994,0.3858060279215374,100.0000000000447,14.999998942571263,-0.005632305123199203,-8.629087822100373e-13
337.3,3249.66527297324,0.38522727313666916,100.00000000004461,14.999998911578253,-0.00571424984268032,-8.640501981964969e-13
337.40000000000003,3251.195272860379,0.38464032027767936,100.00000000004452,14.999998881328747,-0.005793111112969214,-8.651509402408613e-13
337.5,3252.7252727444916,0.38404547781772985,100.00000000004444,14.999998851825927,-0.005869005097892342,-8.662126348492739e-13
337.6,3254.255272625652,0.38344304260901324,100.00000000004435,14.999998823070557,-0.005942043580353996,-8.672368444195667e-13
337.70000000000005,3255.7852725039356,0.38283330032100976,100.00000000004427,14.999998795061229,-0.0060123341277123835,-8.682250697706288e-13
337.8,3257.3152723794165,0.38221652586220073,100.00000000004418,14.99999876779462,-0.006079980250907552,-8.691787525721311e-13
337.90000000000003,3258.845272252169,0.38159298378586337,100.0000000000441,14.999998741265701,-0.006145081557577407,-8.700992776785279e-13
338.0,3260.375272122267,0.3809629286805485,100.00000000004401,14.999998715467939,-0.006207733899389129,-8.709879753711053e-13
338.1,3261.9052719897836,0.3803266055458199,100.00000000004393,14.999998690393475,-0.006268029513804703,-8.718461235116937e-13
338.20000000000005,3263.4352718547916,0.3796842501538118,100.00000000004384,14.999998666033301,-0.006326057160490998,-8.726749496115252e-13
338.3,3264.965271717362,0.3790360893971408,100.00000000004376,14.999998642377394,-0.006381902252576843,-8.734756328185716e-13
338.40000000000003,3266.4952715775657,0.37838234162368667,100.00000000004367,14.999998619414868,-0.006435646982951948,-8.742493058265785e-13
338.5,3268.025271435472,0.37772321695873956,100.00000000004358,14.999998597134091,-0.00648737044579508,-8.749970567088737e-13
338.6,3269.555271291149,0.377058917614989,100.0000000000435,14.999998575522804,-0.006537148753511865,-8.757199306799139e-13
338.70000000000005,3271.0852711446637,0.3763896381908157,100.00000000004341,14.99999855456822,-0.006585055149255729,-8.764189317874136e-13
338.8,3272.615270996082,0.37571556595732664,100.00000000004333,14.999998534257111,-0.006631160115198941,-8.770950245377917e-13
338.90000000000003,3274.145270845468,0.3750368811345592,100.00000000004324,14.99999851457591,-0.006675531476714427,-8.777491354575605e-13
339.0,3275.6752706928846,0.37435375715726343,100.00000000004316,14.999998495510761,-0.0067182345026228826,-8.783821545931777e-13
339.1,3277.205270538394,0.3736663609306558,100.00000000004307,14.999998477047619,-0.006759332001653966,-8.789949369517901e-13
339.20000000000005,3278.735270382056,0.3729748530765233,100.00000000004299,14.999998459172279,-0.006798884415264593,-8.795883038851883e-13
339.3,3280.2652702239297,0.37227938817004236,100.0000000000429,14.999998441870451,-0.0068369499069520995,-8.801630444192194e-13
339.40000000000003,3281.795270064072,0.3715801149676631,100.00000000004282,14.99999842512781,-0.006873584448194686,-8.807199165307975e-13
339.5,3283.3252699025393,0.37087717662639635,100.00000000004273,14.999998408930034,-0.006908841901146642,-8.812596483745791e-13
339.6,3284.8552697393857,0.3701707109148281,100.00000000004265,14.99999839326284,-0.006942774098210988,-8.81782939461287e-13
339.70000000000005,3286.3852695746646,0.3694608504161739,100.00000000004256,14.999998378112029,-0.006975430918607535,-8.82290461789586e-13
339.8,3287.915269408428,0.3687477227236731,100.00000000004248,14.999998363463506,-0.007006860362049926,-8.827828609333397e-13
339.90000000000003,3289.4452692407253,0.3680314506286135,100.00000000004239,14.999998349303318,-0.007037108619640876,-8.832607570860084e-13
340.0,3290.9752690716064,0.36731215230126274,100.0000000000423,14.999998335617672,-0.007066220142090766,-8.83724746063873e-13
340.1,3292.505268901118,0.3665899414649765,100.00000000004222,14.999998322392951,-0.0070942377053606984,-8.841754002697101e-13
340.20000000000005,3294.0352687293066,0.36586492756373884,100.00000000004214,14.99999830961575,-0.007121202473827366,-8.846132696184766e-13
340.3,3295.565268556217,0.3651372159233844,100.00000000004205,14.999998297272864,-0.007147154061063336,-8.850388824264966e-13
340.40000000000003,3297.095268381892,0.3644069079067399,100.00000000004196,14.999998285351332,-0.00717213058832289,-8.854527462655952e-13
340.5,3298.625268206374,0.36367410106291526,100.00000000004188,14.999998273838417,-0.007196168740820055,-8.858553487835529e-13
340.6,3300.1552680297045,0.36293888927096424,100.0000000000418,14.999998262721643,-0.007219303821882306,-8.862471584922163e-13
340.70000000000005,3301.6852678519226,0.3622013628781281,100.00000000004171,14.99999825198879,-0.0072415698050601295,-8.866286255245314e-13
340.8,3303.215267673067,0.36146160883286627,100.00000000004162,14.999998241627896,-0.007262999384269719,-8.870001823617296e-13
340.90000000000003,3304.7452674931747,0.36071971081287074,100.00000000004154,14.999998231627266,-0.0072836240220430955,-8.87362244531842e-13
341.0,3306.275267312282,0.3599757493482536,100.00000000004145,14.999998221975481,-0.0073034739959571375,-8.8771521128067e-13
341.1,3307.8052671304235,0.3592298019400901,100.00000000004137,14.99999821266139,-0.0073225784433103205,-8.880594662162993e-13
341.20000000000005,3309.335266947633,0.3584819431744919,100.00000000004128,14.999998203674124,-0.007340965404113366,-8.883953779282015e-13
341.3,3310.8652667639435,0.3577322448323803,100.0000000000412,14.999998195003077,-0.007358661862457464,-8.887233005819208e-13
341.40000000000003,3312.3952665793863,0.3569807759951205,100.00000000004111,14.99999818663793,-0.007375693786321389,-8.890435744903152e-13
341.5,3313.9252663939924,0.35622760314617374,100.00000000004103,14.999998178568626,-0.007392086165876428,-8.893565266622677e-13
341.6,3315.455266207791,0.35547279026891765,100.00000000004094,14.999998170785389,-0.007407863050345898,-8.896624713297638e-13
341.70000000000005,3316.9852660208107,0.35471639894077905,100.00000000004086,14.999998163278708,-0.007423047583473823,-8.899617104541842e-13
341.8,3318.5152658330794,0.3539584884238187,100.00000000004077,14.999998156039334,-0.007437662037655295,-8.902545342126325e-13
341.90000000000003,3320.045265644624,0.35319911575190155,100.00000000004069,14.999998149058289,-0.007451727846779081,-8.905412214650865e-13
342.0,3321.5752654554703,0.35243833581458134,100.0000000000406,14.999998142326849,-0.007465265637831086,-8.90822040203127e-13
342.1,3323.105265265643,0.351676201437824,100.00000000004052,14.99999813583655,-0.007478295261305485,-8.910972479809742e-13
342.20000000000005,3324.6352650751664,0.3509127634616886,100.00000000004043,14.999998129579174,-0.007490835820468528,-8.913670923295263e-13
342.3,3326.1652648840636,0.35014807081508037,100.00000000004034,14.999998123546751,-0.007502905699518367,-8.916318111540718e-13
342.40000000000003,3327.6952646923573,0.34938217058768745,100.00000000004026,14.999998117731556,-0.0075145225906825775,-8.918916331163201e-13
342.5,3329.225264500069,0.3486151080992061,100.00000000004017,14.999998112126098,-0.007525703520293479,-8.921467780013685e-13
342.6,3330.75526430722,0.34784692696595776,100.00000000004009,14.99999810672312,-0.0075364648738798674,-8.923974570701988e-13
342.70000000000005,3332.28526411383,0.3470776691649958,100.00000000004,14.999998101515592,-0.007546822420312275,-8.926438733982772e-13
342.8,3333.8152639199197,0.3463073750957968,100.00000000003992,14.999998096496704,-0.007556791335037524,-8.928862222008022e-13
342.90000000000003,3335.345263725507,0.3455360836396276,100.00000000003983,14.999998091659863,-0.007566386222436914,-8.931246911451307e-13
343.0,3336.87526353061,0.3447638322166755,100.00000000003975,14.999998086998689,-0.007575621137341161,-8.933594606508854e-13
343.1,3338.405263335247,0.34399065684102614,100.00000000003966,14.999998082507012,-0.007584509605733917,-8.93590704178232e-13
343.20000000000005,3339.9352631394345,0.34321659217357026,100.00000000003958,14.999998078178853,-0.007593064644674474,-8.938185885047907e-13
343.3,3341.465262943189,0.3424416715729174,100.00000000003949,14.999998074008436,-0.007601298781469178,-8.940432739916347e-13
343.40000000000003,3342.9952627465264,0.3416659271443916,100.0000000000394,14.999998069990177,-0.007609224072119859,-8.942649148388e-13
343.5,3344.525262549462,0.34088938978718175,100.00000000003932,14.999998066118668,-0.007616852119076597,-8.944836593307269e-13
343.6,3346.05526235201,0.34011208923971575,100.00000000003924,14.999998062388693,-0.0076241940883210865,-8.946996500720276e-13
343.70000000000005,3347.5852621541844,0.3393340541233256,100.00000000003915,14.999998058795198,-0.0076312607258058295,-8.949130242139614e-13
343.8,3349.1152619559994,0.3385553119842682,100.00000000003907,14.999998055333313,-0.007638062373273524,-8.951239136719866e-13
343.90000000000003,3350.6452617574682,0.33777588933416325,100.00000000003898,14.999998051998322,-0.007644608983479987,-8.953324453347386e-13
344.0,3352.1752615586033,0.3369958116889085,100.0000000000389,14.999998048785677,-0.007650910134843157,-8.955387412647764e-13
344.1,3353.705261359417,0.3362151036061295,100.00000000003881,14.999998045690978,-0.007656975045539815,-8.957429188914183e-13
344.20000000000005,3355.235261159921,0.33543378872121876,100.00000000003872,14.999998042709981,-0.007662812587070883,-8.959450911959846e-13
344.3,3356.7652609601264,0.3346518897820184,100.00000000003864,14.999998039838587,-0.007668431297315345,-8.961453668897408e-13
344.40000000000003,3358.295260760045,0.3338694286821962,100.00000000003855,14.999998037072837,-0.0076738393930920745,-8.963438505848361e-13
344.5,3359.8252605596867,0.3330864264933659,100.00000000003847,14.999998034408911,-0.007679044782248165,-8.965406429585095e-13
344.6,3361.355260359062,0.332302903495997,100.00000000003838,14.999998031843123,-0.007684055075291597,-8.967358409108324e-13
344.70000000000005,3362.8852601581807,0.3315188792091619,100.0000000000383,14.999998029371913,-0.007688877596585469,-8.969295377162394e-13
344.8,3364.415259957052,0.3307343724191624,100.00000000003821,14.999998026991847,-0.007693519395120297,-8.971218231690989e-13
344.90000000000003,3365.945259755685,0.32994940120707905,100.00000000003813,14.999998024699611,-0.007697987254880339,-8.973127837235526e-13
345.0,3367.475259554089,0.329163982975283,100.00000000003804,14.999998022492006,-0.007702287704819225,-8.975025026278547e-13
345.1,3369.005259352272,0.3283781344729503,100.00000000003796,14.999998020365952,-0.007706427028459657,-8.976910600534273e-13
345.20000000000005,3370.535259150242,0.32759187182061555,100.00000000003787,14.99999801831847,-0.007710411273131346,-8.978785332188403e-13
345.3,3372.0652589480073,0.3268052105338014,100.00000000003779,14.99999801634669,-0.007714246258860853,-8.980649965089166e-13
345.40000000000003,3373.5952587455754,0.3260181655457589,100.0000000000377,14.999998014447847,-0.007717937586926427,-8.982505215891573e-13
345.5,3375.1252585429534,0.3252307512293518,100.00000000003762,14.999998012619274,-0.007721490648090522,-8.984351775156697e-13
345.6,3376.6552583401485,0.3244429814181173,100.00000000003753,14.999998010858393,-0.007724910630522106,-8.98619030840776e-13
345.70000000000005,3378.1852581371677,0.3236548694265342,100.00000000003745,14.999998009162725,-0.007728202527420504,-8.988021457144778e-13
345.8,3379.715257934017,0.3228664280695288,100.00000000003736,14.999998007529875,-0.007731371144351996,-8.989845839819336e-13
345.90000000000003,3381.2452577307026,0.32207766968124596,100.00000000003728,14.999998005957538,-0.007734421106310031,-8.991664052771144e-13
346.0,3382.775257527231,0.32128860613311466,100.00000000003719,14.999998004443492,-0.007737356864509465,-8.993476671127834e-13
346.1,3384.305257323608,0.3204992488512335,100.0000000000371,14.999998002985592,-0.007740182702924842,-8.995284249669472e-13
346.20000000000005,3385.8352571198393,0.31970960883310195,100.00000000003702,14.999998001581769,-0.007742902744582414,-8.997087323659206e-13
346.3,3387.36525691593,0.31891969666372266,100.00000000003693,14.999998000230038,-0.00774552095761513,-8.998886409641342e-13
346.40000000000003,3388.8952567118854,0.31812952253109733,100.00000000003685,14.999997998928473,-0.00774804116108957,-9.000682006208195e-13
346.5,3390.425256507711,0.31733909624114015,100.00000000003676,14.999997997675226,-0.007750467030613418,-9.002474594736916e-13
346.6,3391.955256303411,0.3165484272320301,100.00000000003668,14.999997996468517,-0.007752802103731727,-9.004264640097489e-13
346.70000000000005,3393.48525609899,0.3157575245880233,100.0000000000366,14.999997995306629,-0.007755049785119972,-9.006052591333063e-13
346.8,3395.015255894453,0.3149663970527461,100.00000000003651,14.9999979941879,-0.00775721335158152,-9.007838882313696e-13
346.90000000000003,3396.545255689804,0.3141750530419878,100.00000000003642,14.99999799311074,-0.007759295956856922,-9.009623932364588e-13
347.0,3398.0752554850474,0.31338350065601267,100.00000000003634,14.999997992073615,-0.007761300636252089,-9.011408146869776e-13
347.1,3399.6052552801866,0.31259174769140874,100.00000000003625,14.999997991075038,-0.007763230311092199,-9.013191917852317e-13
347.20000000000005,3401.1352550752263,0.3117998016524908,100.00000000003617,14.999997990113584,-0.007765087793007915,-9.014975624531859e-13
347.3,3402.6652548701695,0.31100766976227523,100.00000000003608,14.99999798918788,-0.007766875788060201,-9.016759633860518e-13
347.40000000000003,3404.19525466502,0.31021535897304126,100.000000000036,14.999997988296604,-0.007768596900709855,-9.018544301037904e-13
347.5,3405.7252544597814,0.309422875976496,100.00000000003591,14.999997987438478,-0.00777025363763758,-9.020329970006131e-13
347.6,3407.255254254457,0.30863022721355676,100.00000000003583,14.999997986612273,-0.0077718484114202655,-9.022116973925642e-13
347.70000000000005,3408.7852540490503,0.3078374188837658,100.00000000003574,14.999997985816806,-0.007773383544068849,-9.023905635632557e-13
347.8,3410.315253843564,0.307044456954351,100.00000000003566,14.999997985050939,-0.007774861270433028,-9.025696268078329e-13
347.90000000000003,3411.8452536380005,0.306251347168946,100.00000000003557,14.99999798431357,-0.0077762837414777864,-9.02748917475237e-13
348.0,3413.3752534323635,0.3054580950559825,100.00000000003548,14.999997983603643,-0.007777653027436619,-9.02928465008838e-13
348.1,3414.9052532266555,0.3046647059367672,100.0000000000354,14.99999798292014,-0.00777897112084605,-9.031082979854969e-13
348.20000000000005,3416.435253020879,0.3038711849332551,100.00000000003531,14.99999798226208,-0.007780239939465964,-9.032884441531253e-13
348.3,3417.965252815037,0.3030775369755305,100.00000000003523,14.999997981628518,-0.007781461329090016,-9.034689304667992e-13
348.40000000000003,3419.495252609131,0.30228376680900715,100.00000000003514,14.999997981018542,-0.007782637066250279,-9.036497831234848e-13
348.5,3421.0252524031644,0.3014898790013574,100.00000000003506,14.999997980431273,-0.007783768860820123,-9.038310275954356e-13
348.6,3422.555252197139,0.3006958779491813,100.00000000003497,14.999997979865876,-0.007784858358519133,-9.040126886623085e-13
348.70000000000005,3424.085251991057,0.2999017678844251,100.00000000003489,14.999997979321527,-0.007785907143323779,-9.041947904420543e-13
348.8,3425.6152517849205,0.2991075528805582,100.0000000000348,14.999997978797454,-0.007786916739787387,-9.043773564206317e-13
348.90000000000003,3427.1452515787314,0.2983132368585184,100.00000000003472,14.999997978292894,-0.0077878886152728055,-9.045604094805879e-13
349.0,3428.675251372492,0.29751882359243365,100.00000000003463,14.999997977807125,-0.007788824182101095,-9.04743971928558e-13
349.1,3430.2052511662037,0.2967243167151287,100.00000000003455,14.999997977339447,-0.007789724799619365,-9.049280655217211e-13
349.20000000000005,3431.735250959869,0.2959297197234252,100.00000000003446,14.99999797688919,-0.007790591776190822,-9.051127114932574e-13
349.3,3433.265250753489,0.29513503598324226,100.00000000003438,14.999997976455699,-0.007791426371109963,-9.052979305768466e-13
349.40000000000003,3434.7952505470657,0.2943402687345058,100.00000000003429,14.999997976038356,-0.007792229796445729,-9.054837430302474e-13
349.5,3436.3252503406006,0.2935454210958734,100.0000000000342,14.999997975636557,-0.007793003218815315,-9.056701686579917e-13
349.6,3437.8552501340955,0.29275049606928144,100.0000000000341,14.999997975249725,-0.007793747761091282,-9.058546905149775e-13
349.70000000000005,3439.3852499275517,0.2919554965443219,100.000000000034,14.999997974877301,-0.007794464504044449,-9.060247443042585e-13
349.8,3440.9152497209707,0.2911604253024543,100.0000000000339,14.999997974518747,-0.007795154487925007,-9.061808678149409e-13
349.90000000000003,3442.4452495143537,0.29036528502105985,100.00000000003381,14.99999797417355,-0.0077958187139841725,-9.063235771233999e-13
350.0,3443.975249307702,0.28957007827734327,100.00000000003371,14.999997973841209,-0.007796458145938608,-9.064533674517715e-13
350.1,3445.5052491010174,0.2887748075520879,100.00000000003361,14.999997973521246,-0.007797073711379788,-9.065707139923656e-13
350.20000000000005,3447.0352488943004,0.2879794752332701,100.00000000003351,14.999997973213205,-0.007797666303130371,-9.066760726993515e-13
350.3,3448.565248687553,0.28718408361953773,100.00000000003341,14.999997972916635,-0.0077982367805495495,-9.06769881049005e-13
350.40000000000003,3450.0952484807754,0.28638863492355815,100.00000000003331,14.99999797263111,-0.007798785970789364,-9.068525587697679e-13
350.5,3451.6252482739696,0.28559313127524055,100.00000000003321,14.99999797235622,-0.007799314670003742,-9.06924508543307e-13
350.6,3453.155248067136,0.28479757472483713,100.00000000003311,14.999997972091567,-0.007799823644512114,-9.069861166777239e-13
350.70000000000005,3454.6852478602764,0.2840019672459282,100.00000000003301,14.99999797183677,-0.007800313631919263,-9.070377537540159e-13
350.8,3456.215247653391,0.28320631073829483,100.00000000003291,14.999997971591464,-0.007800785342193107,-9.070797752468469e-13
350.90000000000003,3457.7452474464812,0.2824106070306841,100.00000000003281,14.999997971355294,-0.0078012394587019425,-9.071125221206425e-13
351.0,3459.2752472395478,0.2816148578834703,100.00000000003271,14.999997971127916,-0.007801676639212709,-9.071363214019871e-13
351.1,3460.8052470325915,0.2808190649912162,100.00000000003261,14.999997970909007,-0.00780209751685175,-9.07151486729262e-13
351.20000000000005,3462.3352468256135,0.28002322998513857,100.00000000003251,14.99999797069825,-0.0078025027010294404,-9.071583188804199e-13
351.3,3463.865246618614,0.2792273544354807,100.00000000003241,14.99999797049534,-0.007802892778330086,-9.071571062797652e-13
351.40000000000003,3465.3952464115946,0.2784314398537963,100.00000000003232,14.999997970299983,-0.007803268313368371,-9.071481254845685e-13
351.5,3466.9252462045556,0.2776354876951476,100.00000000003222,14.9999979701119,-0.007803629849613627,-9.071316416523135e-13
351.6,3468.4552459974975,0.27683949936022073,100.00000000003212,14.999997969930822,-0.0078039779101831295,-9.071079089893419e-13
351.70000000000005,3469.9852457904212,0.2760434761973621,100.00000000003202,14.999997969756484,-0.007804312998605582,-9.070771711816319e-13
351.8,3471.5152455833277,0.2752474195045382,100.00000000003192,14.999997969588634,-0.007804635599555925,-9.07039661808418e-13
351.90000000000003,3473.0452453762173,0.27445133053122195,100.00000000003182,14.999997969427033,-0.007804946179562535,-9.069956047393301e-13
352.0,3474.5752451690905,0.27365521048020824,100.00000000003172,14.999997969271446,-0.007805245187687849,-9.06945214515702e-13
352.1,3476.1052449619483,0.27285906050936143,100.00000000003162,14.999997969121653,-0.007805533056183434,-9.068886967166795e-13
352.20000000000005,3477.635244754791,0.2720628817332972,100.00000000003152,14.999997968977432,-0.00780581020112043,-9.06826248310723e-13
352.3,3479.1652445476197,0.27126667522500153,100.00000000003142,14.99999796883858,-0.007806077022996344,-9.067580579930902e-13
352.40000000000003,3480.6952443404343,0.27047044201738885,100.00000000003132,14.999997968704895,-0.007806333907319023,-9.06684306509844e-13
352.5,3482.2252441332357,0.2696741831048016,100.00000000003122,14.999997968576182,-0.007806581225168704,-9.066051669689253e-13
352.6,3483.755243926024,0.26887789944445406,100.00000000003112,14.999997968452261,-0.007806819333738968,-9.065208051388002e-13
352.70000000000005,3485.2852437188,0.2680815919578213,100.00000000003102,14.999997968332947,-0.0078070485768573636,-9.064313797351698e-13
352.8,3486.815243511564,0.26728526153197674,100.00000000003092,14.999997968218073,-0.007807269285486486,-9.063370426962194e-13
352.90000000000003,3488.345243304316,0.2664889090208794,100.00000000003082,14.999997968107472,-0.0078074817782062475,-9.062379394468551e-13
353.0,3489.8752430970576,0.2656925352466125,100.00000000003072,14.999997968000985,-0.007807686361678027,-9.061342091523658e-13
353.1,3491.4052428897885,0.2648961410005762,100.00000000003062,14.999997967898459,-0.007807883331091408,-9.060259849619286e-13
353.20000000000005,3492.935242682509,0.26409972704463514,100.00000000003052,14.999997967799747,-0.007808072970594125,-9.059133942423562e-13
353.3,3494.4652424752194,0.2633032941122234,100.00000000003043,14.999997967704703,-0.007808255553705897,-9.057965588024735e-13
353.40000000000003,3495.9952422679207,0.2625068429094079,100.00000000003033,14.999997967613195,-0.0078084313437167,-9.056755951084948e-13
353.5,3497.5252420606125,0.2617103741159115,100.00000000003023,14.999997967525088,-0.007808600594070102,-9.055506144907528e-13
353.6,3499.0552418532957,0.26091388838609875,100.00000000003014,14.999997967440258,-0.007808763548732211,-9.054245847035366e-13
353.70000000000005,3500.58524164597,0.2601173863499236,100.00000000003006,14.99999796735858,-0.007808920442546766,-9.053118031609634e-13
353.8,3502.1152414386365,0.25932086861384246,100.00000000002997,14.99999796727994,-0.007809071501576919,-9.052117902259934e-13
353.90000000000003,3503.645241231295,0.25852433576169254,100.00000000002989,14.999997967204221,-0.0078092169434341606,-9.051240858729545e-13
354.0,3505.175241023946,0.25772778835553756,100.0000000000298,14.999997967131314,-0.007809356977594943,-9.050482489124417e-13
354.1,3506.7052408165896,0.2569312269364816,100.00000000002971,14.99999796706112,-0.007809491805705386,-9.049838562471113e-13
354.20000000000005,3508.2352406092264,0.25613465202545277,100.00000000002963,14.999997966993533,-0.007809621621874564,-9.049305021571472e-13
354.3,3509.7652404018563,0.25533806412395693,100.00000000002954,14.999997966928458,-0.0078097466129567975,-9.048877976142261e-13
354.40000000000003,3511.29524019448,0.25454146371480385,100.00000000002946,14.999997966865799,-0.007809866958823332,-9.048553696228473e-13
354.5,3512.825239987097,0.2537448512628058,100.00000000002937,14.999997966805468,-0.007809982832623851,-9.048328605879502e-13
354.6,3514.3552397797084,0.2529482272154501,100.00000000002929,14.999997966747378,-0.007810094401038163,-9.048199277077708e-13
354.70000000000005,3515.885239572314,0.2521515920035465,100.0000000000292,14.999997966691444,-0.007810201824518439,-9.048162423909432e-13
354.8,3517.4152393649138,0.25135494604185,100.00000000002912,14.999997966637588,-0.007810305257522391,-9.04821489696883e-13
354.90000000000003,3518.9452391575082,0.250558289729661,100.00000000002903,14.999997966585733,-0.00781040484873768,-9.048353677985309e-13
355.0,3520.4752389500973,0.2497616234514024,100.00000000002895,14.999997966535801,-0.0078105007412979195,-9.048575874665716e-13
355.1,3522.0052387426813,0.24896494757717538,100.00000000002886,14.999997966487724,-0.0078105930729905765,-9.048878715742777e-13
355.20000000000005,3523.5352385352608,0.24816826246329424,100.00000000002878,14.99999796644143,-0.007810681976457074,-9.049259546221608e-13
355.3,3525.0652383278357,0.2473715684528013,100.00000000002869,14.999997966396856,-0.007810767579385396,-9.049715822816471e-13
355.40000000000003,3526.595238120406,0.24657486587596264,100.0000000000286,14.999997966353936,-0.007810850004695461,-9.050245109570233e-13
355.5,3528.125237912972,0.24577815505074493,100.00000000002852,14.999997966312609,-0.007810929370717553,-9.0508450736493e-13
355.6,3529.6552377055336,0.2449814362832749,100.00000000002844,14.999997966272813,-0.007811005791364066,-9.051513481307085e-13
355.70000000000005,3531.1852374980913,0.2441847098682812,100.00000000002835,14.999997966234496,-0.0078110793762947986,-9.052248194009345e-13
355.8,3532.7152372906453,0.24338797608951995,100.00000000002827,14.999997966197599,-0.007811150231076065,-9.053047164714953e-13
355.90000000000003,3534.2452370831957,0.24259123522018436,100.00000000002818,14.99999796616207,-0.007811218457333831,-9.053908434306018e-13
356.0,3535.7752368757424,0.24179448752329888,100.0000000000281,14.999997966127859,-0.007811284152901121,-9.054830128161367e-13
356.1,3537.305236668286,0.24099773325209878,100.00000000002801,14.999997966094917,-0.00781134741195989,-9.055810452867796e-13
356.20000000000005,3538.835236460826,0.24020097265039544,100.00000000002791,14.999997966063194,-0.007811408325177585,-9.056816479310078e-13
356.3,3540.3652362533626,0.23940420595292805,100.00000000002781,14.99999796603265,-0.00781146697983859,-9.057691710578987e-13
356.40000000000003,3541.8952360458966,0.238607433385702,100.00000000002771,14.999997966003235,-0.007811523459970738,-9.058440790789547e-13
356.5,3543.4252358384274,0.2378106551663148,100.00000000002761,14.999997965974913,-0.007811577846467093,-9.059068172115286e-13
356.6,3544.9552356309555,0.23701387150426972,100.00000000002751,14.99999796594764,-0.007811630217203161,-9.059578122365781e-13
356.70000000000005,3546.485235423481,0.23621708260127772,100.00000000002741,14.999997965921379,-0.007811680647149715,-9.059974732261033e-13
356.8,3548.0152352160035,0.23542028865154802,100.00000000002731,14.999997965896089,-0.007811729208481391,-9.060261922414681e-13
356.90000000000003,3549.545235008524,0.234623489842068,100.00000000002721,14.999997965871737,-0.0078117759706812125,-9.060443450037614e-13
357.0,3551.0752348010415,0.23382668635287238,100.00000000002711,14.999997965848285,-0.007811821000641205,-9.060522915373049e-13
357.1,3552.605234593557,0.23302987835730257,100.00000000002701,14.9999979658257,-0.00781186436275925,-9.060503767873733e-13
357.20000000000005,3554.13523438607,0.23223306602225616,100.00000000002692,14.999997965803956,-0.007811906119032289,-9.060389312131481e-13
357.3,3555.6652341785807,0.23143624950842723,100.00000000002682,14.999997965783013,-0.007811946329146051,-9.060182713568846e-13
357.40000000000003,3557.1952339710897,0.2306394289705375,100.00000000002672,14.999997965762846,-0.007811985050561433,-9.059887003902394e-13
357.5,3558.7252337635964,0.229842604557559,100.00000000002662,14.999997965743429,-0.007812022338597621,-9.059505086386581e-13
357.6,3560.2552335561013,0.22904577641292842,100.00000000002652,14.999997965724729,-0.007812058246512112,-9.059039740846935e-13
357.70000000000005,3561.7852333486044,0.2282489446747533,100.00000000002642,14.999997965706717,-0.007812092825577736,-9.058493628510914e-13
357.8,3563.3152331411056,0.22745210947601063,100.00000000002632,14.999997965689376,-0.007812126125156806,-9.057869296644412e-13
357.90000000000003,3564.845232933605,0.22665527094473809,100.00000000002622,14.999997965672675,-0.00781215819277247,-9.057169183001622e-13
358.0,3566.3752327261027,0.22585842920421798,100.00000000002612,14.999997965656592,-0.0078121890741774174,-9.056395620095645e-13
358.1,3567.905232518599,0.22506158437315443,100.00000000002602,14.999997965641104,-0.007812218813419994,-9.055550839296928e-13
358.20000000000005,3569.4352323110934,0.22426473656584392,100.00000000002593,14.999997965626187,-0.007812247452907852,-9.054670534353291e-13
358.3,3570.9652321035865,0.2234678858923394,100.00000000002585,14.999997965611822,-0.00781227503346922,-9.053923239755589e-13
358.40000000000003,3572.495231896078,0.22267103245860842,100.00000000002576,14.99999796559799,-0.007812301594411869,-9.053304303780295e-13
358.5,3574.0252316885685,0.2218741763666852,100.00000000002568,14.999997965584667,-0.0078123271735798866,-9.052809268843736e-13
358.6,3575.5552314810575,0.22107731771481706,100.0000000000256,14.999997965571838,-0.007812351807408314,-9.052433863849393e-13
358.70000000000005,3577.085231273545,0.22028045659760553,100.00000000002551,14.999997965559482,-0.007812375530975747,-9.052173996842518e-13
358.8,3578.6152310660314,0.2194835931061419,100.00000000002542,14.999997965547582,-0.007812398378054968,-9.052025747959854e-13
358.90000000000003,3580.1452308585167,0.21868672732813804,100.00000000002534,14.999997965536123,-0.007812420381161683,-9.051985362662762e-13
359.0,3581.6752306510007,0.21788985934805208,100.00000000002525,14.999997965525084,-0.007812441571601433,-9.052049245242533e-13
359.1,3583.2052304434837,0.21709298924720957,100.00000000002517,14.999997965514456,-0.007812461979514751,-9.052213952587088e-13
359.20000000000005,3584.735230235966,0.21629611710391997,100.00000000002508,14.99999796550422,-0.00781248163392064,-9.052476188198696e-13
359.3,3586.2652300284467,0.21549924299358897,100.000000000025,14.99999796549436,-0.00781250056275841,-9.052832796452793e-13
359.40000000000003,3587.7952298209266,0.21470236698882644,100.00000000002491,14.999997965484866,-0.007812518792927959,-9.053280757088328e-13
359.5,3589.3252296134056,0.2139054891595505,100.00000000002483,14.999997965475721,-0.007812536350328553,-9.053817179920481e-13
359.6,3590.8552294058836,0.21310860957308755,100.00000000002474,14.999997965466914,-0.00781255325989614,-9.054439299766948e-13
359.70000000000005,3592.385229198361,0.2123117282942688,100.00000000002466,14.999997965458432,-0.007812569545639287,-9.055144471579349e-13
359.8,3593.915228990837,0.21151484538552295,100.00000000002457,14.999997965450262,-0.007812585230673765,-9.055930165771637e-13
359.90000000000003,3595.4452287833124,0.21071796090696557,100.00000000002447,14.999997965442395,-0.007812600337255834,-9.056758114045035e-13
360.0,3596.9752285757872,0.2099210749164851,100.00000000002437,14.999997965434817,-0.007812614886814295,-9.057448150072178e-13
360.1,3598.505228368261,0.2091241874698256,100.00000000002427,14.999997965427518,-0.007812628899981348,-9.058005037773402e-13
360.20000000000005,3600.0352281607343,0.20832729862066662,100.00000000002417,14.999997965420489,-0.00781264239662228,-9.058433340383681e-13
360.3,3601.565227953207,0.20753040842069972,100.00000000002407,14.999997965413717,-0.007812655395864058,-9.058737428348693e-13
360.40000000000003,3603.0952277456786,0.2067335169197025,100.00000000002397,14.999997965407196,-0.007812667916122847,-9.058921486902604e-13
360.5,3604.62522753815,0.20593662416560962,100.00000000002387,14.999997965400915,-0.0078126799751305,-9.058989523340169e-13
360.6,3606.1552273306206,0.20513973020458146,100.00000000002377,14.999997965394867,-0.007812691589960065,-9.058945373995299e-13
360.70000000000005,3607.6852271230905,0.20434283508106976,100.00000000002368,14.99999796538904,-0.007812702777050326,-9.058792710937686e-13
360.8,3609.21522691556,0.20354593883788136,100.00000000002358,14.999997965383427,-0.007812713552229443,-9.05853504839869e-13
360.90000000000003,3610.745226708029,0.2027490415162391,100.00000000002348,14.999997965378022,-0.007812723930737696,-9.058175748937189e-13
361.0,3612.275226500497,0.20195214315584076,100.00000000002338,14.999997965372815,-0.007812733927249387,-9.057718029355687e-13
361.1,3613.8052262929646,0.20115524379491567,100.00000000002328,14.9999979653678,-0.007812743555893923,-9.057164966376573e-13
361.20000000000005,3615.3352260854317,0.20035834347027923,100.00000000002318,14.99999796536297,-0.00781275283027611,-9.056519502087999e-13
361.3,3616.8652258778984,0.1995614422173854,100.00000000002308,14.999997965358316,-0.007812761763495685,-9.055784449168503e-13
361.40000000000003,3618.3952256703647,0.1987645400703772,100.000000000023,14.999997965353835,-0.007812770368166135,-9.055000642463255e-13
361.5,3619.9252254628304,0.19796763706213544,100.00000000002291,14.999997965349518,-0.007812778656432791,-9.054359899158702e-13
361.6,3621.4552252552958,0.19717073322432555,100.00000000002282,14.99999796534536,-0.007812786639990264,-9.053857338214698e-13
361.70000000000005,3622.9852250477607,0.19637382858744262,100.00000000002274,14.999997965341356,-0.007812794330099218,-9.05348828624055e-13
361.8,3624.515224840225,0.1955769231808549,100.00000000002265,14.999997965337496,-0.007812801737602532,-9.053248269345108e-13
361.90000000000003,3626.0452246326895,0.19478001703284556,100.00000000002257,14.99999796533378,-0.00781280887294084,-9.053133005316778e-13
362.0,3627.5752244251535,0.19398311017065292,100.00000000002248,14.9999979653302,-0.007812815746167507,-9.053138396120401e-13
362.1,3629.105224217617,0.19318620262050928,100.0000000000224,14.99999796532675,-0.007812822366963039,-9.053260520698444e-13
362.20000000000005,3630.63522401008,0.19238929440767819,100.00000000002231,14.999997965323429,-0.007812828744648953,-9.053495628064453e-13
362.3,3632.1652238025426,0.19159238555649033,100.00000000002223,14.999997965320228,-0.007812834888201137,-9.05384013067721e-13
362.40000000000003,3633.6952235950052,0.1907954760903782,100.00000000002214,14.999997965317148,-0.007812840806262709,-9.054290598084489e-13
362.5,3635.2252233874674,0.18999856603190926,100.00000000002206,14.999997965314178,-0.007812846507156388,-9.054843750825757e-13
362.6,3636.755223179929,0.18920165540281816,100.00000000002197,14.999997965311318,-0.007812851998896414,-9.05549645458361e-13
362.70000000000005,3638.285222972391,0.1884047442240375,100.00000000002188,14.999997965308562,-0.007812857289200023,-9.056245714574088e-13
362.8,3639.815222764852,0.18760783251572757,100.00000000002179,14.999997965305907,-0.007812862385498484,-9.05704809742592e-13
362.90000000000003,3641.3452225573133,0.18681092029730506,100.00000000002169,14.999997965303349,-0.007812867294947743,-9.057699587580158e-13
363.0,3642.875222349774,0.18601400758747044,100.00000000002159,14.999997965300887,-0.007812872024438642,-9.058205282804653e-13
363.1,3644.405222142235,0.18521709440423462,100.00000000002149,14.999997965298514,-0.007812876580606792,-9.058570061882139e-13
363.20000000000005,3645.935221934695,0.18442018076494443,100.00000000002139,14.999997965296227,-0.007812880969842043,-9.05879859318095e-13
363.3,3647.465221727155,0.18362326668630724,100.00000000002129,14.999997965294025,-0.007812885198297632,-9.058895342877075e-13
363.40000000000003,3648.995221519615,0.18282635218441468,100.00000000002119,14.999997965291902,-0.007812889271898963,-9.058864582841394e-13
363.5,3650.525221312075,0.1820294372747653,100.00000000002109,14.99999796528986,-0.007812893196352083,-9.058710398205305e-13
363.6,3652.055221104534,0.1812325219722867,100.00000000002099,14.999997965287891,-0.007812896977151824,-9.058436694617461e-13
363.70000000000005,3653.5852208969936,0.1804356062913565,100.00000000002089,14.999997965285992,-0.007812900619589653,-9.058047205203823e-13
363.8,3655.1152206894526,0.1796386902458228,100.00000000002079,14.999997965284164,-0.007812904128761226,-9.05754549724271e-13
363.90000000000003,3656.6452204819116,0.17884177384902375,100.00000000002069,14.999997965282404,-0.007812907509573658,-9.056934978566112e-13
364.0,3658.17522027437,0.1780448571138064,100.00000000002059,14.999997965280707,-0.007812910766752529,-9.056218903698024e-13
364.1,3659.7052200668286,0.1772479400525449,100.0000000000205,14.999997965279073,-0.007812913904848617,-9.055443499041116e-13
364.20000000000005,3661.235219859287,0.17645102267715793,100.00000000002042,14.9999979652775,-0.007812916928244396,-9.054825646329814e-13
364.3,3662.765219651745,0.17565410499912557,100.00000000002034,14.99999796527598,-0.00781291984116028,-9.054360092552992e-13
364.40000000000003,3664.295219444203,0.17485718702950556,100.00000000002025,14.99999796527452,-0.007812922647660639,-9.05404181301005e-13
364.5,3665.8252192366613,0.1740602687789489,100.00000000002017,14.99999796527311,-0.007812925351659585,-9.053866002411981e-13
364.6,3667.355219029119,0.17326335025771483,100.00000000002008,14.999997965271753,-0.007812927956926563,-9.053828066346578e-13
364.70000000000005,3668.8852188215765,0.17246643147568536,100.00000000002,14.999997965270445,-0.007812930467091701,-9.05392361309341e-13
364.8,3670.415218614034,0.1716695124423792,100.00000000001991,14.999997965269188,-0.007812932885650993,-9.05414844577476e-13
364.90000000000003,3671.9452184064917,0.1708725931669652,100.00000000001982,14.999997965267973,-0.007812935215971262,-9.054498554829298e-13
365.0,3673.475218198949,0.17007567365827522,100.00000000001974,14.999997965266802,-0.007812937461294963,-9.054970110795787e-13
365.1,3675.005217991406,0.16927875392481662,100.00000000001965,14.999997965265676,-0.00781293962474479,-9.055559457394628e-13
365.20000000000005,3676.535217783863,0.16848183397478425,100.00000000001957,14.99999796526459,-0.007812941709328116,-9.056263104895558e-13
365.3,3678.0652175763203,0.167684913816072,100.00000000001947,14.999997965263544,-0.00781294371794127,-9.057031952606687e-13
365.40000000000003,3679.595217368777,0.16688799345628388,100.00000000001937,14.999997965262535,-0.007812945653373657,-9.05763575400034e-13
365.5,3681.1252171612336,0.16609107290274472,100.00000000001927,14.999997965261564,-0.007812947518311715,-9.058079942538467e-13
365.6,3682.6552169536903,0.16529415216251045,100.00000000001917,14.99999796526063,-0.007812949315342738,-9.058369712598346e-13
365.70000000000005,3684.185216746147,0.16449723124237814,100.00000000001907,14.999997965259727,-0.007812951046958543,-9.058510028745167e-13
365.8,3685.7152165386033,0.1637003101488954,100.00000000001897,14.999997965258858,-0.00781295271555902,-9.058505634622595e-13
365.90000000000003,3687.2452163310595,0.16290338888836972,100.00000000001887,14.99999796525802,-0.007812954323455521,-9.058361061476255e-13
366.0,3688.7752161235157,0.16210646746687718,100.00000000001877,14.999997965257213,-0.007812955872874158,-9.058080636324665e-13
366.1,3690.305215915972,0.1613095458902711,100.00000000001867,14.999997965256435,-0.007812957365958943,-9.057668489791361e-13
366.20000000000005,3691.835215708428,0.16051262416419027,100.00000000001857,14.999997965255687,-0.007812958804774842,-9.057128563611525e-13
366.3,3693.3652155008845,0.15971570229406673,100.00000000001847,14.999997965254964,-0.007812960191310695,-9.056464617825832e-13
366.40000000000003,3694.8952152933402,0.15891878028513354,100.00000000001837,14.99999796525427,-0.00781296152748204,-9.055680237673732e-13
366.5,3696.425215085796,0.15812185814243196,100.00000000001829,14.999997965253598,-0.007812962815133816,-9.054827610758602e-13
366.6,3697.955214878252,0.15732493587081867,100.0000000000182,14.99999796525295,-0.007812964056042992,-9.05415194192947e-13
366.70000000000005,3699.4852146707076,0.15652801347497247,100.00000000001812,14.999997965252328,-0.007812965251921069,-9.053647458209852e-13
366.8,3701.0152144631634,0.15573109095940088,100.00000000001803,14.999997965251728,-0.007812966404416508,-9.053308643783556e-13
366.90000000000003,3702.545214255619,0.15493416832844642,100.00000000001795,14.999997965251149,-0.007812967515117064,-9.053130230076397e-13
367.0,3704.075214048075,0.1541372455862927,100.00000000001786,14.999997965250591,-0.007812968585552032,-9.053107186249898e-13
367.1,3705.6052138405303,0.15334032273697024,100.00000000001778,14.999997965250055,-0.007812969617194404,-9.053234710090879e-13
367.20000000000005,3707.1352136329856,0.15254339978436218,100.00000000001769,14.999997965249536,-0.007812970611462957,-9.05350821928147e-13
367.3,3708.665213425441,0.15174647673220965,100.00000000001761,14.999997965249037,-0.007812971569724256,-9.053923343034708e-13
367.40000000000003,3710.1952132178963,0.150949553584117,100.00000000001752,14.999997965248555,-0.007812972493294584,-9.054475914081493e-13
367.5,3711.7252130103516,0.15015263034355678,100.00000000001744,14.999997965248093,-0.007812973383441802,-9.055161960995294e-13
367.6,3713.255212802807,0.1493557070138747,100.00000000001735,14.999997965247646,-0.007812974241387135,-9.055977700841498e-13
367.70000000000005,3714.7852125952622,0.14855878359829428,100.00000000001725,14.999997965247214,-0.007812975068306905,-9.056867341498748e-13
367.8,3716.3152123877176,0.14776186009992118,100.00000000001715,14.9999979652468,-0.007812975865334179,-9.057568541380271e-13
367.90000000000003,3717.845212180173,0.14696493652174775,100.00000000001705,14.9999979652464,-0.007812976633560375,-9.058087362226789e-13
368.0,3719.375211972628,0.14616801286665707,100.00000000001695,14.999997965246013,-0.007812977374036795,-9.058429591345799e-13
368.1,3720.905211765083,0.145371089137427,100.00000000001685,14.999997965245642,-0.007812978087776116,-9.058600752107617e-13
368.20000000000005,3722.435211557538,0.144574165336734,100.00000000001675,14.999997965245285,-0.007812978775753803,-9.05860611400045e-13
368.3,3723.965211349993,0.14377724146715698,100.00000000001666,14.999997965244939,-0.007812979438909493,-9.058450702261625e-13
368.40000000000003,3725.4952111424477,0.14298031753118073,100.00000000001656,14.999997965244605,-0.007812980078148317,-9.058139307101376e-13
368.5,3727.0252109349026,0.14218339353119946,100.00000000001646,14.999997965244283,-0.00781298069434217,-9.057676492534901e-13
368.6,3728.5552107273575,0.14138646946952013,100.00000000001636,14.999997965243974,-0.007812981288330937,-9.057066604837755e-13
368.70000000000005,3730.0852105198123,0.1405895453483656,100.00000000001626,14.999997965243676,-0.007812981860923683,-9.056313780639037e-13
368.8,3731.615210312267,0.13979262116987776,100.00000000001617,14.99999796524339,-0.007812982412899778,-9.055477730705832e-13
368.90000000000003,3733.145210104722,0.13899569693612052,100.00000000001609,14.999997965243113,-0.007812982945010004,-9.05483889508715e-13
369.0,3734.675209897177,0.13819877264908262,100.000000000016,14.999997965242846,-0.007812983457977598,-9.054391061480606e-13
369.1,3736.205209689632,0.1374018483106804,100.00000000001592,14.999997965242589,-0.007812983952499276,-9.054128304760726e-13
369.20000000000005,3737.7352094820867,0.13660492392276044,100.00000000001583,14.999997965242338,-0.007812984429246213,-9.05404497612796e-13
369.3,3739.2652092745416,0.1358079994871022,100.00000000001575,14.9999979652421,-0.007812984888864977,-9.054135692720551e-13
369.40000000000003,3740.7952090669964,0.1350110750054204,100.00000000001566,14.99999796524187,-0.007812985331978438,-9.054395327671525e-13
369.5,3742.3252088594513,0.13421415047936736,100.00000000001558,14.999997965241647,-0.007812985759186642,-9.054819000593831e-13
369.6,3743.8552086519057,0.1334172259105354,100.00000000001549,14.999997965241432,-0.007812986171067657,-9.055402068477371e-13
369.70000000000005,3745.38520844436,0.13262030130045896,100.0000000000154,14.999997965241224,-0.00781298656817838,-9.05614011698235e-13
369.8,3746.9152082368146,0.13182337665061672,100.0000000000153,14.999997965241025,-0.007812986951055308,-9.056969460663923e-13
369.90000000000003,3748.445208029269,0.13102645196243368,100.0000000000152,14.999997965240834,-0.007812987320215304,-9.057590988424955e-13
370.0,3749.9752078217234,0.1302295272372831,100.0000000000151,14.999997965240647,-0.00781298767615631,-9.058011122933719e-13
370.1,3751.505207614178,0.12943260247648838,100.000000000015,14.99999796524047,-0.007812988019358048,-9.058235983537125e-13
370.20000000000005,3753.0352074066323,0.12863567768132492,100.00000000001491,14.999997965240297,-0.007812988350282686,-9.058271397562618e-13
370.3,3754.5652071990867,0.12783875285302185,100.00000000001481,14.999997965240132,-0.00781298866937549,-9.058122911129252e-13
370.40000000000003,3756.095206991541,0.1270418279927637,100.00000000001471,14.999997965239972,-0.007812988977065446,-9.057795799486328e-13
370.5,3757.6252067839955,0.12624490310169212,100.00000000001461,14.999997965239816,-0.007812989273765851,-9.057295076897325e-13
370.6,3759.15520657645,0.12544797818090733,100.00000000001451,14.999997965239666,-0.007812989559874901,-9.056625506085973e-13
370.70000000000005,3760.6852063689043,0.12465105323146974,100.00000000001441,14.999997965239524,-0.007812989835776236,-9.055791607260646e-13
370.8,3762.2152061613588,0.12385412825440133,100.00000000001432,14.999997965239386,-0.007812990101839485,-9.054861403908439e-13
370.90000000000003,3763.745205953813,0.12305720325068706,100.00000000001424,14.99999796523925,-0.007812990358420771,-9.054155146109496e-13
371.0,3765.2752057462676,0.12226027822127626,100.00000000001415,14.999997965239123,-0.007812990605863218,-9.053666014094759e-13
371.1,3766.805205538722,0.12146335316708394,100.00000000001407,14.999997965238997,-0.007812990844497422,-9.053387517234546e-13
371.20000000000005,3768.3352053311764,0.12066642808899197,100.00000000001398,14.999997965238878,-0.007812991074641912,-9.053313481971191e-13
371.3,3769.865205123631,0.11986950298785036,100.0000000000139,14.999997965238762,-0.007812991296603596,-9.053438040287625e-13
371.40000000000003,3771.3952049160853,0.11907257786447839,100.00000000001381,14.99999796523865,-0.007812991510678184,-9.053755618692276e-13
371.5,3772.9252047085397,0.11827565271966575,100.00000000001373,14.999997965238544,-0.007812991717150603,-9.05426092770147e-13
371.6,3774.455204500994,0.11747872755417359,100.00000000001364,14.999997965238439,-0.00781299191629539,-9.054948951801443e-13
371.70000000000005,3775.9852042934485,0.11668180236873558,100.00000000001356,14.99999796523834,-0.007812992108377081,-9.055814939872857e-13
371.8,3777.515204085903,0.11588487716405893,100.00000000001346,14.999997965238242,-0.007812992293650563,-9.056785760577608e-13
371.90000000000003,3779.0452038783574,0.1150879519408253,100.00000000001336,14.999997965238151,-0.007812992472361443,-9.057516678591431e-13
372.0,3780.575203670812,0.11429102669969178,100.00000000001326,14.99999796523806,-0.007812992644746377,-9.058014835636093e-13
372.1,3782.105203463266,0.11349410144129177,100.00000000001316,14.999997965237975,-0.007812992811033414,-9.058287018449481e-13
372.20000000000005,3783.6352032557206,0.11269717616623584,100.00000000001306,14.999997965237888,-0.00781299297144229,-9.058339671492058e-13
372.3,3785.165203048175,0.11190025087511256,100.00000000001296,14.999997965237808,-0.007812993126184756,-9.058178909070165e-13
372.40000000000003,3786.6952028406295,0.1111033255684893,100.00000000001286,14.999997965237732,-0.007812993275464848,-9.057810526896681e-13
372.5,3788.225202633084,0.11030640024691302,100.00000000001276,14.999997965237657,-0.007812993419479186,-9.057240013108618e-13
372.6,3789.7552024255383,0.10950947491091097,100.00000000001266,14.999997965237583,-0.007812993558417244,-9.056472558760216e-13
372.70000000000005,3791.2852022179927,0.10871254956099144,100.00000000001256,14.999997965237515,-0.007812993692461606,-9.055513067809194e-13
372.8,3792.815202010447,0.10791562419764446,100.00000000001248,14.999997965237446,-0.007812993821788218,-9.054440515968452e-13
372.90000000000003,3794.3452018029016,0.10711869882134242,100.00000000001239,14.999997965237382,-0.007812993946566638,-9.053628088579354e-13
373.0,3795.875201595356,0.10632177343254076,100.0000000000123,14.999997965237318,-0.007812994066960266,-9.053068218778237e-13
373.1,3797.4052013878104,0.10552484803167854,100.00000000001222,14.99999796523726,-0.007812994183126568,-9.052753728814084e-13
373.20000000000005,3798.935201180265,0.10472792261917906,100.00000000001214,14.9999979652372,-0.007812994295217294,-9.052677816552208e-13
373.3,3800.4652009727192,0.10393099719545043,100.00000000001205,14.999997965237144,-0.007812994403378688,-9.052834042625976e-13
373.40000000000003,3801.995200765173,0.10313407176088613,100.00000000001197,14.999997965237089,-0.007812994507751693,-9.053216318215134e-13
373.5,3803.525200557627,0.1023371463158655,100.00000000001188,14.999997965237037,-0.00781299460847214,-9.053818893430522e-13
373.6,3805.055200350081,0.10154022086075433,100.0000000000118,14.999997965236988,-0.007812994705670928,-9.054636346286035e-13
373.70000000000005,3806.585200142535,0.10074329539590525,100.00000000001171,14.999997965236938,-0.007812994799474225,-9.055663572239804e-13
373.8,3808.115199934989,0.09994636992165828,100.00000000001161,14.999997965236892,-0.007812994890003621,-9.056814673314347e-13
373.90000000000003,3809.645199727443,0.09914944443834128,100.00000000001151,14.999997965236846,-0.007812994977376305,-9.057682834791463e-13
374.0,3811.175199519897,0.09835251894627038,100.00000000001141,14.999997965236801,-0.007812995061705224,-9.058276033442693e-13
374.1,3812.705199312351,0.09755559344575036,100.00000000001131,14.999997965236759,-0.007812995143099237,-9.058601816989725e-13
374.20000000000005,3814.235199104805,0.09675866793707516,100.00000000001121,14.999997965236718,-0.007812995221663266,-9.058667318308433e-13
374.3,3815.765198897259,0.09596174242052816,100.00000000001111,14.999997965236679,-0.007812995297498435,-9.05847926890279e-13
374.40000000000003,3817.295198689713,0.09516481689638265,100.00000000001101,14.999997965236641,-0.007812995370702219,-9.058044011670143e-13
374.5,3818.825198482167,0.09436789136490215,100.00000000001091,14.999997965236602,-0.007812995441368561,-9.057367512978017e-13
374.6,3820.3551982746208,0.09357096582634078,100.00000000001081,14.999997965236567,-0.007812995509588022,-9.05645537407122e-13
374.70000000000005,3821.8851980670747,0.09277404028094358,100.00000000001073,14.999997965236533,-0.007812995575447887,-9.055401160985979e-13
374.8,3823.4151978595287,0.09197711472894686,100.00000000001064,14.999997965236501,-0.007812995639032287,-9.054647894135691e-13
374.90000000000003,3824.9451976519827,0.0911801891705785,100.00000000001056,14.999997965236469,-0.007812995700422324,-9.054187497292838e-13
375.0,3826.4751974444366,0.09038326360605828,100.00000000001047,14.999997965236437,-0.00781299575969617,-9.054012356699287e-13
375.1,3828.0051972368906,0.08958633803559812,100.00000000001039,14.999997965236409,-0.007812995816929184,-9.054115306800483e-13
375.20000000000005,3829.5351970293445,0.08878941245940242,100.0000000000103,14.999997965236378,-0.007812995872194004,-9.054489616792474e-13
375.3,3831.0651968217985,0.0879924868776683,100.00000000001022,14.999997965236352,-0.007812995925560657,-9.055128977962221e-13
375.40000000000003,3832.5951966142525,0.08719556129058585,100.00000000001013,14.999997965236325,-0.007812995977096641,-9.056027491803342e-13
375.5,3834.1251964067064,0.08639863569833844,100.00000000001003,14.999997965236298,-0.00781299602686703,-9.057083752240489e-13
375.6,3835.6551961991604,0.08560171010110289,100.00000000000993,14.999997965236274,-0.007812996074934556,-9.057816897737967e-13
375.70000000000005,3837.1851959916144,0.08480478449904975,100.00000000000983,14.999997965236249,-0.007812996121359696,-9.058235210423519e-13
375.8,3838.7151957840683,0.08400785889234352,100.00000000000973,14.999997965236226,-0.00781299616620075,-9.058346466165405e-13
375.90000000000003,3840.2451955765223,0.08321093328114286,100.00000000000963,14.999997965236203,-0.00781299620951393,-9.058157948893912e-13
376.0,3841.7751953689763,0.08241400766560078,100.00000000000954,14.999997965236181,-0.007812996251353423,-9.057676463992553e-13
376.1,3843.30519516143,0.0816170820458649,100.00000000000944,14.99999796523616,-0.007812996291771478,-9.056908350774873e-13
376.20000000000005,3844.835194953884,0.08082015642207759,100.00000000000934,14.99999796523614,-0.007812996330818464,-9.055859494060482e-13
376.3,3846.365194746338,0.08002323079437616,100.00000000000925,14.999997965236119,-0.007812996368542945,-9.054640255210378e-13
376.40000000000003,3847.895194538792,0.0792263051628931,100.00000000000917,14.999997965236103,-0.007812996404991751,-9.05377609816434e-13
376.5,3849.425194331246,0.07842937952775615,100.00000000000908,14.999997965236084,-0.007812996440210026,-9.053258300831638e-13
376.6,3850.9551941237,0.07763245388908858,100.000000000009,14.999997965236066,-0.007812996474241303,-9.053078713811566e-13
376.70000000000005,3852.485193916154,0.0768355282470093,100.00000000000891,14.999997965236048,-0.007812996507127561,-9.053229745970333e-13
376.8,3854.015193708608,0.07603860260163298,100.00000000000882,14.999997965236032,-0.007812996538909276,-9.05370435114137e-13
376.90000000000003,3855.545193501062,0.07524167695307026,100.00000000000874,14.999997965236016,-0.007812996569625473,-9.05449601594046e-13
377.0,3857.075193293516,0.07444475130142786,100.00000000000865,14.999997965236,-0.00781299659931379,-9.055598748690577e-13
377.1,3858.60519308597,0.07364782564680875,100.00000000000855,14.999997965235984,-0.007812996628010525,-9.056891265365573e-13
377.20000000000005,3860.135192878424,0.07285089998931225,100.00000000000846,14.999997965235972,-0.007812996655750675,-9.057794151712568e-13
377.3,3861.665192670878,0.07205397432903418,100.00000000000836,14.999997965235957,-0.00781299668256799,-9.058316364117582e-13
377.40000000000003,3863.1951924633318,0.07125704866606698,100.00000000000826,14.999997965235943,-0.00781299670849503,-9.058466206601017e-13
377.5,3864.7251922557857,0.07046012300049982,100.00000000000816,14.99999796523593,-0.00781299673356318,-9.058251344282981e-13
377.6,3866.2551920482397,0.06966319733241874,100.00000000000806,14.999997965235918,-0.007812996757802724,-9.057678815432533e-13
377.70000000000005,3867.7851918406936,0.06886627166190674,100.00000000000796,14.999997965235906,-0.007812996781242866,-9.05675504209171e-13
377.8,3869.3151916331476,0.0680693459890439,100.00000000000786,14.999997965235893,-0.007812996803911775,-9.055485839259444e-13
377.90000000000003,3870.8451914256016,0.06727242031390748,100.00000000000777,14.999997965235883,-0.007812996825836619,-9.054005629799167e-13
378.0,3872.3751912180555,0.066475494636572,100.00000000000769,14.999997965235872,-0.007812996847043608,-9.052959948046292e-13
378.1,3873.9051910105095,0.06567856895710937,100.0000000000076,14.999997965235861,-0.007812996867558025,-9.052339550678822e-13
378.20000000000005,3875.4351908029635,0.06488164327558897,100.00000000000752,14.999997965235849,-0.007812996887404255,-9.052135961129641e-13
378.3,3876.9651905954174,0.06408471759207773,100.00000000000743,14.99999796523584,-0.007812996906605831,-9.052341458394878e-13
378.40000000000003,3878.4951903878714,0.06328779190664023,100.00000000000735,14.999997965235831,-0.007812996925185453,-9.052949067773247e-13
378.5,3880.0251901803254,0.06249086621933877,100.00000000000726,14.999997965235822,-0.007812996943165024,-9.053952553585378e-13
378.6,3881.5551899727793,0.06169394053023345,100.00000000000718,14.999997965235812,-0.007812996960565676,-9.055346413933441e-13
378.70000000000005,3883.0851897652333,0.06089701483938227,100.00000000000708,14.999997965235803,-0.007812996977407801,-9.056979758675395e-13
378.8,3884.6151895576872,0.06010008914684118,100.00000000000698,14.999997965235796,-0.007812996993711078,-9.058123759523888e-13
378.90000000000003,3886.145189350141,0.05930316345266415,100.00000000000688,14.999997965235787,-0.007812997009494498,-9.058787664897663e-13
379.0,3887.675189142595,0.05850623775690326,100.00000000000678,14.999997965235778,-0.00781299702477639,-9.058979794042485e-13
379.1,3889.205188935049,0.05770931205960874,100.00000000000668,14.999997965235771,-0.007812997039574446,-9.058707542380923e-13
379.20000000000005,3890.735188727503,0.056912386360829056,100.00000000000658,14.999997965235764,-0.007812997053905747,-9.057977383946654e-13
379.3,3892.265188519957,0.05611546066061097,100.00000000000648,14.999997965235757,-0.007812997067786775,-9.056794870755427e-13
379.40000000000003,3893.795188312411,0.05531853495899957,100.00000000000638,14.99999796523575,-0.007812997081233447,-9.055164628938962e-13
379.5,3895.325188104865,0.05452160925603837,100.0000000000063,14.999997965235742,-0.007812997094261137,-9.053258475863697e-13
379.6,3896.855187897319,0.053724683551769334,100.00000000000621,14.999997965235735,-0.007812997106884687,-9.051913084867061e-13
379.70000000000005,3898.385187689773,0.052927757846232944,100.00000000000612,14.99999796523573,-0.007812997119118434,-9.05111948853081e-13
379.8,3899.915187482227,0.05213083213946824,100.00000000000604,14.999997965235723,-0.007812997130976225,-9.050869901755679e-13
379.90000000000003,3901.445187274681,0.051333906431512866,100.00000000000595,14.999997965235716,-0.007812997142471441,-9.051157729704298e-13
380.0,3902.975187067135,0.050536980722403146,100.00000000000587,14.999997965235712,-0.00781299715361701,-9.05197758077747e-13
380.1,3904.505186859589,0.04974005501217409,100.00000000000578,14.999997965235707,-0.007812997164425425,-9.053325285035989e-13
380.20000000000005,3906.0351866520427,0.048943129300859464,100.0000000000057,14.999997965235702,-0.007812997174908767,-9.055197918549357e-13
380.3,3907.5651864444967,0.048146203588491816,100.0000000000056,14.999997965235696,-0.007812997185078715,-9.057395901042531e-13
380.40000000000003,3909.0951862369507,0.04734927787510253,100.0000000000055,14.999997965235691,-0.007812997194946566,-9.058937134963975e-13
380.5,3910.6251860294046,0.046552352160721844,100.0000000000054,14.999997965235686,-0.007812997204523248,-9.05982939055629e-13
380.6,3912.1551858218586,0.045755426445378916,100.0000000000053,14.99999796523568,-0.007812997213819336,-9.060078822714673e-13
380.70000000000005,3913.6851856143126,0.04495850072910183,100.0000000000052,14.999997965235675,-0.007812997222845073,-9.059689929941059e-13
380.8,3915.2151854067665,0.04416157501191766,100.0000000000051,14.99999796523567,-0.007812997231610374,-9.058665502912761e-13
380.90000000000003,3916.7451851992205,0.04336464929385247,100.000000000005,14.999997965235668,-0.007812997240124851,-9.05700656142426e-13
381.0,3918.2751849916745,0.04256772357493135,100.00000000000492,14.999997965235663,-0.007812997248397815,-9.05494655725795e-13
381.1,3919.8051847841284,0.04177079785517847,100.00000000000483,14.999997965235659,-0.007812997256438308,-9.05364476224478e-13
381.20000000000005,3921.3351845765824,0.04097387213461709,100.00000000000475,14.999997965235655,-0.007812997264255103,-9.053096994679912e-13
381.3,3922.8651843690363,0.04017694641326958,100.00000000000466,14.99999796523565,-0.007812997271856718,-9.053301369859032e-13
381.40000000000003,3924.3951841614903,0.03938002069115747,100.00000000000458,14.999997965235647,-0.00781299727925144,-9.054258417689436e-13
381.5,3925.9251839539443,0.038583094968301444,100.00000000000449,14.999997965235641,-0.00781299728644733,-9.055971223966747e-13
381.6,3927.4551837463982,0.03778616924472137,100.00000000000439,14.999997965235638,-0.007812997293452245,-9.058167557965591e-13
381.70000000000005,3928.985183538852,0.03698924352043633,100.00000000000429,14.999997965235634,-0.00781299730027385,-9.05947703752193e-13
381.8,3930.515183331306,0.03619231779546465,100.00000000000419,14.99999796523563,-0.007812997306919627,-9.059898403034907e-13
381.90000000000003,3932.04518312376,0.03539539206982387,100.00000000000409,14.999997965235627,-0.0078129973133969,-9.059426951396768e-13
382.0,3933.575182916214,0.03459846634353081,100.000000000004,14.999997965235625,-0.007812997319712855,-9.058054256371421e-13
382.1,3935.105182708668,0.033801540616601566,100.0000000000039,14.999997965235622,-0.007812997325874543,-9.055767832178202e-13
382.20000000000005,3936.635182501122,0.033004614889051515,100.00000000000381,14.99999796523562,-0.007812997331888914,-9.05289263645919e-13
382.3,3938.165182293576,0.03220768916089533,100.00000000000372,14.999997965235616,-0.007812997337762834,-9.051102771580605e-13
382.40000000000003,3939.69518208603,0.031410763432146986,100.00000000000364,14.999997965235613,-0.007812997343503108,-9.050409526008509e-13
382.5,3941.225181878484,0.03061383770281977,100.00000000000355,14.99999796523561,-0.007812997349116505,-9.050830070666685e-13
382.6,3942.755181670938,0.029816911972926272,100.00000000000347,14.999997965235607,-0.007812997354609793,-9.052388179900804e-13
382.70000000000005,3944.285181463392,0.029019986242478403,100.00000000000338,14.999997965235604,-0.00781299735998977,-9.055115120137094e-13
382.8,3945.815181255846,0.028223060511487368,100.00000000000328,14.999997965235602,-0.007812997365263303,-9.058606886543992e-13
382.90000000000003,3947.3451810482998,0.027426134779963668,100.00000000000318,14.999997965235599,-0.00781299737043738,-9.060711126969978e-13
383.0,3948.8751808407537,0.026629209047917088,100.00000000000308,14.999997965235597,-0.007812997375519175,-9.061391419205143e-13
383.1,3950.4051806332077,0.025832283315356665,100.00000000000298,14.999997965235593,-0.007812997380516098,-9.060599042995014e-13
383.20000000000005,3951.9351804256617,0.025035357582290668,100.00000000000288,14.999997965235591,-0.00781299738543591,-9.058270661706015e-13
383.3,3953.4651802181156,0.024238431848726552,100.00000000000279,14.999997965235588,-0.007812997390286807,-9.054325308528814e-13
383.40000000000003,3954.9951800105696,0.023441506114670912,100.0000000000027,14.999997965235586,-0.00781299739507759,-9.049292882484453e-13
383.5,3956.5251798030235,0.022644580380129408,100.00000000000261,14.999997965235583,-0.007812997399817832,-9.046183960230671e-13
383.6,3958.0551795954775,0.021847654645106674,100.00000000000253,14.999997965235579,-0.007812997404518135,-9.045104772946681e-13
383.70000000000005,3959.5851793879315,0.021050728909606204,100.00000000000244,14.999997965235579,-0.007812997409190475,-9.046197054263483e-13
383.8,3961.1151791803854,0.02025380317363019,100.00000000000236,14.999997965235577,-0.007812997413848673,-9.049649122031026e-13
383.90000000000003,3962.6451789728394,0.019456877437179297,100.00000000000227,14.999997965235574,-0.00781299741850909,-9.055712089172504e-13
384.0,3964.1751787652934,0.018659951700252364,100.00000000000217,14.999997965235572,-0.00781299742319167,-9.063624617764867e-13
384.1,3965.7051785577473,0.017863025962845974,100.00000000000207,14.99999796523557,-0.007812997427846902,-9.068360933844322e-13
384.20000000000005,3967.2327032124267,0.01706738944149414,100.00000000000199,14.999997965235565,-0.00781299743211995,-9.070586104589368e-13
384.3,3968.756504326864,0.016273692387350273,100.0000000000019,14.999997965235565,-0.00781299743596688,-9.075874740326366e-13
384.40000000000003,3970.2765909776735,0.015481930072751542,100.00000000000182,14.999997965235563,-0.007812997439446702,-9.083879254216307e-13
384.5,3971.7929722193435,0.014692097781553722,100.00000000000173,14.99999796523556,-0.007812997442609496,-9.094322733591847e-13
384.6,3973.3056570842914,0.013904190809103987,100.00000000000165,14.999997965235558,-0.007812997445497905,-9.106987312720891e-13
384.70000000000005,3974.814654582917,0.013118204462213609,100.00000000000156,14.999997965235558,-0.007812997448148397,-9.121704953951673e-13
384.8,3976.3199737036553,0.012334134059130607,100.00000000000148,14.999997965235556,-0.007812997450592274,-9.138350172740562e-13
384.90000000000003,3977.821623413032,0.011551974929512368,100.00000000000139,14.999997965235556,-0.007812997452856513,-9.156834344185894e-13
385.0,3979.3196126557145,0.010771722414398251,100.00000000000131,14.947953642239247,-0.0077858893070795136,-9.145260236455696e-13
385.1,3980.8089404751963,0.009995981344854576,100.00000000000122,14.827694035237675,-0.007723250100308864,-9.093449371554397e-13
385.20000000000005,3982.2830614598997,0.00922816100695882,100.00000000000114,14.644727203585177,-0.0076279487965164715,-9.004309116490768e-13
385.3,3983.735976369159,0.008471386204619973,100.00000000000105,14.404465154807198,-0.007502804329488433,-8.880536762126347e-13
385.40000000000003,3985.1622215557372,0.0077285027690358115,100.00000000000097,14.112204725636309,-0.007350575644395815,-8.72463470254134e-13
385.5,3986.5568565737026,0.00700208401333629,100.00000000000088,13.773110399076014,-0.0071739527477776245,-8.538924517592758e-13
385.6,3987.915450162449,0.006294438033037519,100.0000000000008,13.392199000339346,-0.006975548736166802,-8.325560037916278e-13
385.70000000000005,3989.23406479169,0.005607615756038611,100.00000000000071,12.974326209591739,-0.006757892771028852,-8.086539465896867e-13
385.8,3990.509239945816,0.00494341964924055,100.00000000000063,12.524174825164739,-0.006523423965462207,-7.823716620820575e-13
385.90000000000003,3991.737974319196,0.004303412992418679,100.00000000000055,12.046244707271434,-0.0062744861462157376,-7.539995609384003e-13
386.0,3992.917707086843,0.0036889296337064424,100.00000000000048,11.544844329218256,-0.006013323452997426,-7.242547732199128e-13
386.1,3994.0462984074416,0.003101084144917274,100.00000000000041,11.024083860643039,-0.005742076735764238,-6.934644502404358e-13
386.20000000000005,3995.1220093080783,0.0025407822989148643,100.00000000000034,10.487869705385101,-0.005462780709681244,-6.617044717793362e-13
386.3,3996.1434810922156,0.002008731795312184,100.00000000000027,9.939900415181562,-0.005177361826702607,-6.288166028809431e-13
386.40000000000003,3997.1097144045025,0.0015054531649106315,100.00000000000021,9.383663899453403,-0.004887636822242386,-5.950007647433236e-13
386.5,3998.02004807803,0.0010312907874582516,100.00000000000016,8.822435850965553,-0.004595311895153453,-5.60890136408056e-13
386.6,3998.874137881599,0.0005864239614874249,100.0000000000001,8.259279307086647,-0.004301982479202356,-5.265060183813292e-13
386.70000000000005,3999.671935276559,0.00017087796916662342,100.00000000000004,7.697045266706717,-0.004009133564401093,-4.918681720694318e-13
386.8,4000.4136662848186,-0.00021546491675181862,100.0,7.138374283564119,-0.003718140526917797,-4.571133547780079e-13
386.90000000000003,4001.0998105617414,-0.0005728545327034867,99.99999999999996,6.585698957757687,-0.0034302704268221102,-4.2281614565763577e-13
387.0,4001.731080759893,-0.0009016620755776779,99.99999999999991,6.041247248547618,-0.0031466837336123774,-3.893997442018718e-13
387.1,4002.3084022619887,-0.0012023695462869582,99.99999999999987,5.507046533150138,-0.0028684364403060614,-3.5634424168117247e-13
387.20000000000005,4002.832893353951,-0.0014755594225755063,99.99999999999984,4.984928338079522,-0.0025964825278376154,-3.237419845930443e-13
387.3,4003.305845901743,-0.0017219045942286702,99.99999999999982,4.476533671659732,-0.002331676742585509,-2.9212635024922593e-13
387.40000000000003,4003.7287065886258,-0.0019421585901864642,99.99999999999979,3.9833188885907855,-0.002074777651028731,-2.614260487491741e-13
387.5,4004.103058762683,-0.002137146123526435,99.99999999999976,3.5065620198867666,-0.0018264509367998997,-2.315749413506265e-13
387.6,4004.430604937926,-0.002307753976874577,99.99999999999973,3.0473695040803586,-0.0015872729067446275,-2.0251166826496352e-13
387.70000000000005,4004.713149986014,-0.002454922247533772,99.99999999999972,2.6066832582881614,-0.001357734174003061,-1.7429772713606582e-13
387.8,4004.952585049617,-0.0025796359684933726,99.9999999999997,2.1852880305320292,-0.0011382434875882106,-1.474378754520574e-13
387.90000000000003,4005.1508722027447,-0.002682917118505699,99.99999999999969,1.783818977591464,-0.0009291316794359337,-1.2206223725128745e-13
388.0,4005.31002987792,-0.0027658170315890958,99.99999999999967,1.4027694156030615,-0.0007306557014330609,-9.80639015378083e-14
388.1,4005.4321190749642,-0.002829409213645335,99.99999999999966,1.042498693604999,-0.0005430027264834826,-7.511505040122005e-14
388.20000000000005,4005.519230361324,-0.0028747825713633926,99.99999999999966,0.7032401432311228,-0.00036629428923800955,-5.325827555463528e-14
388.3,4005.5734716693337,-0.002903035056222692,99.99999999999966,0.38510906077374474,-0.00020059044368403518,-3.298079463168571e-14
388.40000000000003,4005.5969568915957,-0.0029152677242069167,99.99999999999966,0.08811068084197665,-4.5893916357576356e-05,-1.416849339023189e-14
388.5,4005.5917952717164,-0.002912579209793645,99.99999999999966,-0.18785189617110415,9.784576450410853e-05,3.284496916797153e-15
388.6,4005.5600815840176,-0.002896060610893948,99.99999999999966,-0.4429698576462953,0.00023072818201313842,1.9476395331969966e-14
388.70000000000005,4005.503887092497,-0.002866790779677655,99.99999999999966,-0.6775209452480317,0.00035289800251445873,3.449832393418125e-14
388.8,4005.4252512762687,-0.0028258320126315272,99.99999999999966,-0.891861863461847,0.00046454102144683266,4.8434820640365967e-14
388.90000000000003,4005.3261743059415,-0.0027742261317559524,99.99999999999966,-1.086420856450911,0.0005658802968755727,6.13643149539594e-14
389.0,4005.2086102529,-0.002712990947507268,99.99999999999966,-1.2616904768125867,0.0006571723829795683,7.335956933744143e-14
389.1,4005.0744610112342,-0.0026431170929333827,99.99999999999967,-1.4182205671880306,0.0007387036744063826,8.436966490355474e-14
389.20000000000005,4004.925570910086,-0.0025655652174255,99.99999999999969,-1.5566114731391523,0.0008107868710867566,9.389965853693262e-14
389.3,4004.7637219924704,-0.002481263527613705,99.9999999999997,-1.6775075032629567,0.0008737575718268042,1.0205649721420529e-13
389.40000000000003,4004.5906299351445,-0.0023911056621638248,99.99999999999972,-1.7815906501689263,0.000927971003775048,1.0893940029841273e-13
389.5,4004.407940582856,-0.0022959488865820898,99.99999999999973,-1.8695745837044888,0.0009737988936943867,1.1464041790927081e-13
389.6,4004.217227069259,-0.002196612593597132,99.99999999999974,-1.9421989256801104,0.0010116264858577887,1.1924494894755947e-13
389.70000000000005,4004.019987495974,-0.0020938770942601818,99.99999999999976,-2.0002238133215418,0.001041849710332311,1.2283222168888485e-13
389.8,4003.8176431406387,-0.001988482684578141,99.99999999999977,-2.044424756764274,0.0010648725044198925,1.25475739651421e-13
389.90000000000003,4003.6115371643527,-0.0018811289722647526,99.99999999999979,-2.0755877941054584,0.0010811042890858675,1.2724369524681167e-13
390.0,4003.402933788656,-0.0017724744480563928,99.9999999999998,-2.0945049458417095,0.001090957601327566,1.2819935354210828e-13
390.1,4003.1930179120777,-0.0016631362859852573,99.99999999999982,-2.101969968947464,0.0010948458826156872,1.2840140829241548e-13
390.20000000000005,4002.9828951363406,-0.0015536903570279887,99.99999999999983,-2.098774409387524,0.0010931814227800394,1.2790431224786618e-13
390.3,4002.773592172493,-0.0014446714406462584,99.99999999999984,-2.0857039505074204,0.0010863734580081658,1.2675858359377234e-13
390.40000000000003,4002.5660575975603,-0.001336573618901737,99.99999999999986,-2.0635350535054404,0.001074826420979518,1.2501109024848493e-13
390.5,4002.361162932748,-0.0012298508380555627,99.99999999999987,-2.033031885057882,0.0010589383405681654,1.2270531361888722e-13
390.6,4002.159704014768,-0.0011249176228463117,99.99999999999989,-1.9949435261426336,0.0010390993880123223,1.1988159329784078e-13
390.70000000000005,4001.962402632506,-0.001022149928975136,99.9999999999999,-1.9500014551825708,0.0010156905659678508,1.1657735408065196e-13
390.8,4001.769908401974,-0.000921886119706907,99.99999999999991,-1.8989172978061248,0.0009890825364337714,1.1282731657812433e-13
390.90000000000003,4001.582800853309,-0.0008244280529167476,99.99999999999993,-1.842380834795361,0.0009596345831590278,1.0866369261145036e-13
391.0,4001.401591704439,-0.0007300422653673226,99.99999999999994,-1.7810582591578166,0.0009276937038094715,1.041163664885533e-13
391.1,4001.2267272969857,-0.0006389612414889245,99.99999999999996,-1.715590672713691,0.0008935938268903485,9.921306318203601e-14
