id,t_s,x_m,y_m,z_m,vx_ms,vy_ms,vz_ms
1.0,0.0,0.0,0.0,100.0,15.0,0.0,0.0
1.0,1.0,-10.0,-8.0,100.0,15.0,0.0,0.0
1.0,2.0,10.0,-8.0,100.0,15.0,0.0,0.0
1.0,3.0,-20.0,-16.0,100.0,15.0,0.0,0.0
1.0,4.0,20.0,-16.0,100.0,15.0,0.0,0.0
1.0,5.0,15.297966955898618,-0.18936742568028084,100.0,14.9960796107292,-0.3429231818818341,0.0
1.0,6.0,5.2999427270954085,-8.031804902457372,100.0,14.999889774996783,-0.05750424286080004,0.0
1.0,7.0,25.29991778456479,-8.038135800920115,100.0,14.999842274242704,-0.06878770123706197,0.0
1.0,8.0,-4.700858483711841,-15.877079298343574,100.0,14.99833617090428,0.2234101710852738,0.0
1.0,9.0,35.2981662199523,-15.820011732181948,100.0,14.996474706691751,0.3251866718587404,0.0
1.0,10.0,30.59068685185579,-0.6515848126568191,100.0,14.990158315731426,-0.5432804702066697,0.0
1.0,11.0,20.599739610016936,-8.109062577465535,100.0,14.999726939211182,-0.09050828195438737,0.0
1.0,12.0,40.59962985680615,-8.130177152095143,100.0,14.999615294110287,-0.10742917989454451,0.0
1.0,13.0,10.596000036473033,-15.57378228049999,100.0,14.995704909467426,0.3589349079910282,0.0
1.0,14.0,50.59168396320124,-15.38355569956612,100.0,14.99129443855597,0.5109707002567625,0.0
1.0,15.0,45.878346213908856,-1.2640659798043303,100.0,14.986174075400037,-0.6438839816363301,0.0
1.0,16.0,35.89940076855778,-8.210606054698598,100.0,14.999624124679444,-0.10618906880841601,0.0
1.0,17.0,55.89915690048978,-8.250176872103738,100.0,14.999479513335471,-0.1249573088279577,0.0
1.0,18.0,25.890509013058356,-15.165446194551112,100.0,14.993742343212697,0.4332326688404792,0.0
1.0,19.0,65.88088442218209,-14.810387805174761,100.0,14.988014080943946,0.5995280722585306,0.0
1.0,20.0,61.16329086299025,-1.9424309400615738,100.0,14.984705624253177,-0.6771981648492583,0.0
1.0,21.0,51.19899733548847,-8.321693165276361,100.0,14.999596480432722,-0.11002465264798145,0.0
1.0,22.0,71.198603235721,-8.380321207925789,100.0,14.999450907113928,-0.1283451794152956,0.0
1.0,23.0,41.18354119573843,-14.7040196478433,100.0,14.992764429978463,0.4658484165183344,0.0
1.0,24.0,81.16798492903239,-14.182378315358745,100.0,14.987046709225877,0.6232422767125254,0.0
1.0,25.0,76.44778944740779,-2.630957171592025,100.0,14.985151558919137,-0.6672576385649988,0.0
1.0,26.0,66.49859640895083,-8.432438231678965,100.0,14.999624675565846,-0.10611122540163405,0.0
1.0,27.0,86.49806197343166,-8.508988221045014,100.0,14.999497247646488,-0.12281008853277343,0.0
1.0,28.0,56.47602112502412,-14.224389227538238,100.0,14.99260508980211,0.4709486397048103,0.0
1.0,29.0,96.45502060389585,-13.552722369160136,100.0,14.987745226773942,0.6062120234001174,0.0
1.0,30.0,91.73336921561378,-3.294859961527787,100.0,14.986707292771829,-0.6313513449575535,0.0
1.0,31.0,81.79824164460045,-8.536549712446192,100.0,14.999683479660694,-0.09744490748120205,0.0
1.0,32.0,101.79758966367733,-8.629102162247973,100.0,14.999581127171709,-0.11209821316290389,0.0
1.0,33.0,71.76863779249918,-13.74916221126862,100.0,14.992986654318036,0.45864058198252894,0.0
1.0,34.0,111.74327545452651,-12.95363659460303,100.0,14.989328231623887,0.5657200408710317,0.0
1.0,35.0,107.02081165540099,-3.914182346559481,100.0,14.988724387419204,-0.5814991298229258,0.0
1.0,36.0,97.09795329232601,-8.630335093251565,100.0,14.99975252564493,-0.0861636199829636,0.0
1.0,37.0,117.09720948758651,-8.73677983016919,100.0,14.999674794859546,-0.0987727110859081,0.0
1.0,38.0,87.06181052327754,-13.292264440063226,100.0,14.993662350211164,0.4359923483964873,0.0
1.0,39.0,127.03332943895678,-12.40258651233284,100.0,14.991203227631829,0.5136397451921403,0.0
1.0,40.0,122.31035711304509,-4.47908881021559,100.0,14.990784196188931,-0.5257272898491899,0.0
1.0,41.0,112.3977346073942,-8.711931768389308,100.0,14.999818703651416,-0.07374861076092619,0.0
1.0,42.0,132.396922400199,-8.83026912794307,100.0,14.99976201529385,-0.08449547057535586,0.0
1.0,43.0,102.35574298048985,-12.861617608227853,100.0,14.994454857059402,0.4078278308400158,0.0
1.0,44.0,142.32528290251344,-11.907131875951308,100.0,14.993014527720572,0.457728491094765,0.0
1.0,45.0,137.6019227414984,-4.9863555630143725,100.0,14.992661853231251,-0.4691380976476675,0.0
1.0,46.0,127.69757882589936,-8.780723960815656,100.0,14.999875198823574,-0.061188395284354165,0.0
1.0,47.0,147.69671754839024,-8.909162918267958,100.0,14.999835348846988,-0.07028162975054283,0.0
1.0,48.0,117.65049313062613,-12.46109960112853,100.0,14.99525296167485,0.3773441603915649,0.0
1.0,49.0,157.61897345864313,-11.468535043510055,100.0,14.994592076740709,0.40275110446123635,0.0
1.0,50.0,152.89526807144367,-5.4368454061959035,100.0,14.994264392665071,-0.4147714103652625,0.0
1.0,51.0,142.9974746171987,-8.836909523925064,100.0,14.999919608228419,-0.04910953761299812,0.0
1.0,52.0,162.99657948121336,-8.973850710760356,100.0,14.999892801443814,-0.0567093042988273,0.0
1.0,53.0,132.94603242638306,-12.091951087469463,100.0,14.995995427914547,0.3465849476910149,0.0
1.0,54.0,172.91412975460062,-11.084327038635154,100.0,14.99588345512783,0.35139635772646666,0.0
1.0,55.0,168.1901005477737,-5.8337591459108324,100.0,14.995576290060516,-0.36426875926284447,0.0
1.0,56.0,158.2974096501239,-8.881185268872962,100.0,14.999952172382189,-0.037879100396235925,0.0
1.0,57.0,178.2964923114979,-9.02515796718226,100.0,14.999935238655755,-0.044077614877709156,0.0
1.0,58.0,148.24228796922807,-11.753761684445458,100.0,14.996654312706696,0.316795557379956,0.0
1.0,59.0,188.210462171686,-10.750048649551506,100.0,14.996899259211252,0.3049796863218801,0.0
1.0,60.0,183.4861337947766,-6.181472969643547,100.0,14.996621117177126,-0.3183631069033,0.0
1.0,61.0,173.59737258173016,-8.914524300764821,100.0,14.999974454352081,-0.027683366576067146,0.0
1.0,62.0,193.59644174154928,-9.064121366785738,100.0,14.999964755743882,-0.03251655641977728,0.0
1.0,63.0,163.53916941961285,-11.445144147077551,100.0,14.997221808488769,0.2886832641301367,0.0
1.0,64.0,203.50770769119083,-10.460376123684641,100.0,14.997677457615866,0.26395241487981563,0.0
1.0,65.0,198.78311460865726,-6.484799357918804,100.0,14.997437987676099,-0.27722518971023224,0.0
1.0,66.0,188.89735394244477,-8.938023340985728,100.0,14.999988484068536,-0.018587033418521658,0.0
1.0,67.0,208.8964158212096,-9.091855504004446,100.0,14.999983781059909,-0.022058285057021693,0.0
1.0,68.0,178.83658461862612,-11.16418294879055,100.0,14.997701149985817,0.2626027717182786,0.0
1.0,69.0,218.8056466907141,-10.209811504165183,100.0,14.998263254002351,0.22825285024014458,0.0
1.0,70.0,214.08083166994086,-6.74854192764829,100.0,14.998068676616358,-0.24069892292905443,0.0
1.0,71.0,204.19734634450703,-8.952802084640156,100.0,14.999996271140116,-0.010576662168618522,0.0
1.0,72.0,224.19640504297303,-9.109477299106178,100.0,14.999994639920413,-0.012680786996630864,0.0
1.0,73.0,194.1344477162142,-10.908723987276327,100.0,14.998100861495384,0.23868504019197967,0.0
1.0,74.0,234.10410478016436,-9.993079038296935,100.0,14.998699235874327,0.19753792492304406,0.0
1.0,75.0,229.37911478391504,-6.977246490200594,100.0,14.998551475661934,-0.20845534754281173,0.0
1.0,76.0,219.49734432924228,-8.95994028398586,100.0,14.999999569980782,-0.0035917372389643056,0.0
1.0,77.0,239.49640213331736,-9.118064990432952,100.0,14.9999993740483,-0.004333422507854255,0.0
1.0,78.0,209.4326827097651,-10.676555308749785,100.0,14.998431377414914,0.21692444992608115,0.0
1.0,79.0,249.40294787269082,-9.805331324574391,100.0,14.999021503447835,0.1713299130609663,0.0
1.0,80.0,244.67782996564213,-7.175078094810497,100.0,14.998918888679265,-0.18008934121821665,0.0
1.0,81.0,234.7973440587095,-8.960441437530585,100.0,14.999999799300216,0.0024537712801997098,0.0
1.0,82.0,254.79640173177586,-9.118637020075319,100.0,14.999999690193384,0.0030486387748475926,0.0
1.0,83.0,224.73122437259144,-10.465514972790656,100.0,14.998703205530852,0.19723628570456755,0.0
1.0,84.0,264.7020750321245,-9.642237225414144,100.0,14.999258899689119,0.14910553342101054,0.0
1.0,85.0,259.9768732782294,-7.3457756047204,100.0,14.999197308786457,-0.15517761466499047,0.0
1.0,86.0,250.097342971578,-8.95521467093258,100.0,14.999998045714166,0.007656929617610808,0.0
1.0,87.0,270.09640005119246,-9.112142041242617,100.0,14.999996968549526,0.009536430411596707,0.0
1.0,88.0,240.03001782154456,-10.273551441723773,100.0,14.998926028955356,0.17949367099004276,0.0
1.0,89.0,280.00141132994196,-9.499999529725088,100.0,14.999433641090826,0.13034740700434438,0.0
1.0,90.0,275.27616485072184,-7.492651562592086,100.0,14.999407590560487,-0.13331141075110453,0.0
1.0,91.0,265.39733946465265,-8.945068612641311,100.0,14.999995106340739,0.012116507495640595,0.0
1.0,92.0,285.39639456062326,-9.099455058207267,100.0,14.999992295839098,0.0152027881551423,0.0
1.0,93.0,255.32901746466928,-10.09875385372699,100.0,14.999108346448423,0.16355063895091584,0.0
1.0,94.0,295.3009016368718,-9.375333249738235,100.0,14.99956243789901,0.11457168746696725,0.0
1.0,95.0,290.5756436655351,-7.618616603264812,100.0,14.999565932786803,-0.11411322439393035,0.0
1.0,96.0,280.6973326254467,-8.930712819939556,100.0,14.999991544052026,0.01592728375133561,0.0
1.0,97.0,300.6963837067016,-9.081376964262867,100.0,14.999986506335073,0.02011988483254577,0.0
1.0,98.0,270.62818574271967,-9.939363757665744,100.0,14.999257402425052,0.14925607457407106,0.0
1.0,99.0,310.6005056012402,-9.265423830752034,100.0,14.999657662424394,0.10134105818070181,0.0
1.0,100.0,305.87526327153574,-7.726215527164258,100.0,14.999684784836639,-0.09724379435343421,0.0
1.0,101.0,295.9973220210946,-8.912763652438596,100.0,14.99998774160226,0.019176855371244944,0.0
1.0,102.0,315.9963666773178,-9.058636012453096,100.0,14.99998022324394,0.024357797328529645,0.0
1.0,103.0,285.92749187969724,-9.793775851190638,100.0,14.999379259870288,0.13646178429539013,0.0
1.0,104.0,325.9001937573371,-9.167876940675404,100.0,14.999728380915819,0.09026903538044628,0.0
1.0,105.0,321.1749883766358,-7.817667342544288,100.0,14.999773654084365,-0.082403435830132,0.0
1.0,106.0,311.2973075389984,-8.891752487141327,100.0,14.999983948514036,0.02194411814675608,0.0
1.0,107.0,331.2963432061461,-9.031890434643751,100.0,14.999973897187775,0.027983632454987386,0.0
1.0,108.0,301.2269107427313,-9.660532520644045,100.0,14.999478933617054,0.12502687702347764,0.0
1.0,109.0,341.19994459087644,-9.08066664390286,100.0,14.999781194036224,0.08101932508478692,0.0
1.0,110.0,336.4747921956021,-7.894904921448752,100.0,14.999839776185494,-0.06933028749058828,0.0
1.0,111.0,326.59728927070626,-8.86813489115514,100.0,14.99998031889149,0.024298824414438782,0.0
1.0,112.0,346.5963134143292,-9.001731774922856,100.0,14.999967840497762,0.031060972826588557,0.0
1.0,113.0,316.52642184846866,-9.538315161629866,100.0,14.999560540007165,0.11481988791141168,0.0
1.0,114.0,356.49974236591095,-9.002085725785564,100.0,14.999820890138766,0.07330254945544044,0.0
1.0,115.0,351.7746544121223,-7.959611996170331,100.0,14.999888649611218,-0.05779705238631643,0.0
1.0,116.0,341.8972674298529,-8.842299878437796,100.0,14.999976940487883,0.02630180282332937,0.0
1.0,117.0,361.89627768481904,-8.968688678265508,100.0,14.999962256935643,0.03364952460556175,0.0
1.0,118.0,331.82600852046045,-9.425934078514537,100.0,14.999627441174901,0.10571956277275642,0.0
1.0,119.0,371.7995755350419,-8.930700074846307,100.0,14.999850938259934,0.06687174278116458,0.0
1.0,120.0,367.0745596247886,-8.01325648078179,100.0,14.999924451727782,-0.0476071681470739,0.0
1.0,121.0,357.1972422958412,-8.814578729303578,100.0,14.999973856269525,0.02800555714067422,0.0
1.0,122.0,377.1962365647171,-8.933230962165519,100.0,14.999957266891823,0.035804907752853485,0.0
1.0,123.0,347.125657186617,-9.322318011648202,100.0,14.999682374483847,0.09761487898206889,0.0
1.0,124.0,387.0994355856249,-8.86530791859983,100.0,14.999873852948726,0.061517441633590214,0.0
1.0,125.0,382.37449616696824,-8.057119832195326,100.0,14.999950357910214,-0.0385909345476095,0.0
1.0,126.0,372.49721417637045,-8.785253088838507,100.0,14.999971079961218,0.02945505605260672,0.0
1.0,127.0,392.4961906911308,-8.895773843914585,100.0,14.999952928329696,0.03757855629655294,0.0
1.0,128.0,362.42535679974105,-9.22650387589772,100.0,14.999727564133575,0.0904046556954882,0.0
1.0,129.0,402.3993162065562,-8.80490406471036,100.0,14.999891460695897,0.05706283678846442,0.0
1.0,130.0,397.67445521215376,-8.09232256505025,100.0,14.999968784141588,-0.030601875398454197,0.0
1.0,131.0,387.7971833833931,-8.754562215989653,100.0,14.999968606976251,0.030688592781746238,0.0
1.0,132.0,407.7961407364,-8.856682222627768,100.0,14.99994925386389,0.039017707622269616,0.0
1.0,133.0,377.7250983629083,-9.137627012453645,100.0,14.999764815158642,0.08399696380750185,0.0
1.0,134.0,417.6992126881547,-8.748648942996665,100.0,14.999905092763749,0.05335923612774165,0.0
1.0,135.0,412.97443009580684,-8.11984623365752,100.0,14.99998157055998,-0.02351346127120752,0.0
1.0,136.0,403.09715021841475,-8.722709353622289,100.0,14.999966421921105,0.03173863953275264,0.0
1.0,137.0,423.0960873689744,-8.816274933782704,100.0,14.999946224419045,0.04016546447936827,0.0
1.0,138.0,393.0248745425004,-9.054912090353422,100.0,14.999795591459328,0.07830845699732204,0.0
1.0,139.0,432.99912149026113,-8.695842062503326,100.0,14.99991572392591,0.0502819562088329,0.0
1.0,140.0,428.2744158008116,-8.140552274733752,100.0,14.999990120041058,-0.017216232764607167,0.0
1.0,141.0,418.39711496414077,-8.689867249290048,100.0,14.999964503623133,0.03263265306435559,0.0
1.0,142.0,438.39603122669314,-8.774828909502693,100.0,14.99994379993546,0.04106091545219186,0.0
1.0,143.0,408.3246793536637,-8.97766470050736,100.0,14.99982107998669,0.07326369078198748,0.0
1.0,144.0,448.29903993115227,-8.645899420977642,100.0,14.999924071933348,0.047726682625860745,0.0
1.0,145.0,443.574408566433,-8.155198118361666,100.0,14.99999550281335,-0.011615316579874338,0.0
1.0,146.0,433.6970778803221,-8.656182889703647,100.0,14.999962828405902,0.03339380842645994,0.0
1.0,147.0,453.695972899687,-8.732583191673553,100.0,14.999941927579535,0.04173930092277436,0.0
1.0,148.0,423.6245079051628,-8.905263634768247,100.0,14.99984224322743,0.06879446409368219,0.0
1.0,149.0,463.59896596299086,-8.598334387958259,100.0,14.999930668701627,0.04560629500811995,0.0
1.0,150.0,458.8744055905491,-8.164450953112855,100.0,14.999998535519905,-0.006628303006577412,0.0
1.0,151.0,448.9970392022996,-8.62178152795095,100.0,14.999961372149501,0.034041651294563324,0.0
1.0,152.0,468.99591292058057,-8.689742757606295,100.0,14.999940547889022,0.042232212762288036,0.0
1.0,153.0,438.92435619270685,-8.837153817807572,100.0,14.999859861953436,0.0648391992412352,0.0
1.0,154.0,478.8988980091958,-8.552741600464373,100.0,14.999935911250427,0.04384812857789475,0.0
1.0,155.0,474.1744048024333,-8.168899493388357,100.0,14.99999984108579,-0.002183443675538466,0.0
1.0,156.0,464.2969991412101,-8.586770087664153,100.0,14.999960111525036,0.03459266768850431,0.0
1.0,157.0,484.29585176008806,-8.646482129286566,100.0,14.999939599242673,0.042567817321605,0.0
1.0,158.0,454.2242209317041,-8.7728398491763,100.0,14.999874569947368,0.061342365835457796,0.0
1.0,159.0,494.1988348461388,-8.508783445638237,100.0,14.999940098196623,0.04239163258356225,0.0
1.0,160.0,489.4744046890204,-8.169064053603691,100.0,14.999999894164228,0.0017818734938475093,0.0
1.0,161.0,479.59695788515984,-8.551240026803763,100.0,14.999959024679677,0.03506077481586231,0.0
1.0,162.0,499.59578982647116,-8.6029487471623,100.0,14.999939020996948,0.04277109272761377,0.0
1.0,163.0,469.52409942201245,-8.711880110264573,100.0,14.999886882154543,0.058253948947977925,0.0
1.0,164.0,509.49877551662775,-8.466178747823683,100.0,14.999943455958979,0.0411863816497636,0.0
1.0,165.0,504.7744041618228,-8.165405190784842,100.0,14.999999055730614,0.005322413048147315,0.0
1.0,166.0,494.8969156009075,-8.515269738382722,100.0,14.999958091565158,0.035457739478365356,0.0
1.0,167.0,514.8957274676519,-8.559266097847548,100.0,14.999938755583305,0.04286407295126131,0.0
1.0,168.0,484.8239894386101,-8.653881392033542,100.0,14.999897217470448,0.055528959311980215,0.0
1.0,169.0,524.7987192662455,-8.424693322679568,100.0,14.999946157638844,0.04019039606296534,0.0
1.0,170.0,520.0744024548312,-8.158331137415315,100.0,14.999997599490726,0.00848618126785229,0.0
1.0,171.0,510.1968724357625,-8.478926558157898,100.0,14.999957294042119,0.035793531714997585,0.0
1.0,172.0,530.1956649750482,-8.515536592081054,100.0,14.999938749812026,0.042866092516842154,0.0
1.0,173.0,500.1238891432337,-8.598494002183058,100.0,14.999905917162739,0.05312698246888818,0.0
1.0,174.0,540.0986654961898,-8.38413210474093,100.0,14.9999483366827,0.039368729340613834,0.0
1.0,175.0,535.3743990461,-8.148204211225258,100.0,14.999995732096028,0.011315348024442435,0.0
1.0,176.0,525.4968285195168,-8.442268441267979,100.0,14.999956615849557,0.03607662166960731,0.0
1.0,177.0,545.4956025884275,-8.471844194860745,100.0,14.999938955584186,0.04279402701285185,0.0
1.0,178.0,515.4237970129593,-8.545407313679176,100.0,14.999913259748174,0.05101176365222595,0.0
1.0,179.0,555.3986137280785,-8.344332595593395,100.0,14.999950096819822,0.03869228495450079,0.0
1.0,180.0,550.674393597483,-8.135346358319147,100.0,14.999993608658606,0.013847028598323593,0.0
1.0,181.0,540.7967839663067,-8.40534536173726,100.0,14.999956042498466,0.036314227428920445,0.0
1.0,182.0,560.7955405012597,-8.428256814013903,100.0,14.999939330173973,0.04266252571011751,0.0
1.0,183.0,530.7237117824593,-8.494345719732697,100.0,14.999919472995796,0.049150825441342666,0.0
1.0,184.0,570.6985635774802,-8.305159416690346,100.0,14.999951519333091,0.03813682809163575,0.0
1.0,185.0,565.9743859083167,-8.120043960371003,100.0,14.999991344686297,0.016113948497885156,0.0
1.0,186.0,556.096738876344,-8.368200481128566,100.0,14.999955561127793,0.03651252102172526,0.0
1.0,187.0,576.0954788661986,-8.384828456713207,100.0,14.999939836209249,0.042484233580195166,0.0
1.0,188.0,546.0236323972897,-8.445064963167201,100.0,14.999924743604275,0.0475151155759579,0.0
1.0,189.0,585.9985147338498,-8.266499783549202,100.0,14.999952668413163,0.037682162422319795,0.0
1.0,190.0,581.274375879842,-8.10255201511035,100.0,14.999989025282447,0.018145010502174066,0.0
1.0,191.0,571.3966933374941,-8.330871125648285,100.0,14.999955160346671,0.03667679906002417,0.0
1.0,192.0,591.3954178004365,-8.341601165772987,100.0,14.9999404414494,0.04227000083753344,0.0
1.0,193.0,561.3235579760676,-8.397348810591152,100.0,14.999929224999784,0.04607868267874292,0.0
1.0,194.0,601.2984669451915,-8.228259746671204,100.0,14.999953595128714,0.03731144576674442,0.0
1.0,195.0,596.5743634879115,-8.08309778143229,100.0,14.999986712248578,0.01996577987630233,0.0
1.0,196.0,586.6966474266926,-8.293389604784513,100.0,14.999954830077247,0.03681162373906025,0.0
1.0,197.0,606.6953573907609,-8.298606749112981,100.0,14.99994111843557,0.04202907881269522,0.0
1.0,198.0,576.6234877798126,-8.351006043926201,100.0,14.999933043617201,0.04481837793634792,0.0
1.0,199.0,616.5984200062414,-8.190361069278998,100.0,14.999954340392033,0.03701062218055816,0.0
1.0,200.0,611.8743487620944,-8.061883965646048,100.0,14.999984449574528,0.021598900952542688,0.0
1.0,201.0,601.9966012112063,-8.255783899116588,100.0,14.999954561406236,0.0369209391573619,0.0
1.0,202.0,621.9952976982185,-8.255868316701163,100.0,14.999941844068958,0.041769301515764426,0.0
1.0,203.0,591.9234211870557,-8.305867743706182,100.0,14.999936303959226,0.043713581025156475,0.0
1.0,204.0,631.8983737492872,-8.152738633191095,100.0,14.999954937190989,0.03676795125716271,0.0
1.0,205.0,627.1743317697315,-8.039091513126937,100.0,14.999982267685201,0.023064455977365974,0.0
1.0,206.0,617.2965547497503,-8.218078240241885,100.0,14.999954346449194,0.03700816720644035,0.0
1.0,207.0,637.29523876233,-8.2134016397089,100.0,14.99994259915749,0.041497252685535155,0.0
1.0,208.0,607.2233576735971,-8.261784840216194,100.0,14.999939092671884,0.04274594874063301,0.0
1.0,209.0,647.198328036978,-8.115338282222597,100.0,14.999955412281752,0.03657361835251654,0.0
1.0,210.0,642.4743126038179,-8.014882059515731,100.0,14.999980186726235,0.024380275232715447,0.0
1.0,211.0,632.5965080934719,-8.180293601767888,100.0,14.999954178228998,0.03707628663158168,0.0
1.0,212.0,652.595180604839,-8.171216346640069,100.0,14.999943367959087,0.041218418457877416,0.0
1.0,213.0,622.5232967960063,-8.2186259100476,100.0,14.999941481829316,0.04189918491014709,0.0
1.0,214.0,662.4982827566522,-8.078115027791732,100.0,14.99995578748253,0.03641941198432967,0.0
1.0,215.0,657.7742913738474,-7.989400087240391,100.0,14.999978219105193,0.025562205886432997,0.0
1.0,216.0,647.8964612868215,-8.142448116944879,100.0,14.999954050568578,0.037127898288366455,0.0
1.0,217.0,667.8951232330039,-8.129316970923036,100.0,14.999944137740533,0.040937326041516425,0.0
1.0,218.0,637.8232381781437,-8.176275197048097,100.0,14.999943531583451,0.04115883025221701,0.0
1.0,219.0,677.798237815827,-8.041031554281023,100.0,14.999956080670014,0.03629845686329036,0.0
1.0,220.0,673.0742681989469,-7.962774826202001,100.0,14.999976371455158,0.026624345755003234,0.0
1.0,221.0,663.1964143683168,-8.104557435692907,100.0,14.999953957996947,0.037165279115297434,0.0
1.0,222.0,683.195066642452,-8.08770386395817,100.0,14.99994489836391,0.040657668975571534,0.0
1.0,223.0,653.1231815001163,-8.134630837978786,100.0,14.999945292303941,0.0405120709028146,0.0
1.0,224.0,693.0981931385843,-8.004056972482703,100.0,14.999956306552646,0.0362049929082898,0.0
1.0,225.0,688.3742432027789,-7.935121931708782,100.0,14.999974646149512,0.027579247121824874,0.0
1.0,226.0,678.496367371222,-8.066635031433586,100.0,14.99995389566736,0.03719042690823857,0.0
1.0,227.0,698.4950108196307,-8.046373986957024,100.0,14.999945641907551,0.04038241967310355,0.0
1.0,228.0,668.4231264892039,-8.093603274472324,100.0,14.999946806309039,0.039947564372074106,0.0
1.0,229.0,708.39814866266,-7.967165778452293,100.0,14.999956477275298,0.036134192212507944,0.0
1.0,230.0,703.6742165098057,-7.90654496794466,100.0,14.999973042467719,0.02843809490368194,0.0
1.0,231.0,693.7963203241462,-8.028692466204161,100.0,14.99995385928609,0.037205097611972375,0.0
1.0,232.0,713.7949557438893,-8.005321594144405,100.0,14.999946362324659,0.04011393003943422,0.0
1.0,233.0,683.7230729123796,-8.053113834129238,100.0,14.999948109268365,0.03945528173026647,0.0
1.0,234.0,723.698104337079,-7.930336982569956,100.0,14.999956602895542,0.03608200729509996,0.0
1.0,235.0,718.9741882426014,-7.87713672124775,100.0,14.999971557489593,0.029210862761638586,0.0
1.0,236.0,709.0962732515748,-7.990739620945895,100.0,14.999953845050479,0.0372108365316508,0.0
1.0,237.0,729.0949013892352,-7.964538819062599,100.0,14.999947055140225,0.03985402100233527,0.0
1.0,238.0,699.0230205701223,-8.013093464797366,100.0,14.999949231342288,0.03902636485569294,0.0
1.0,239.0,738.9980601202263,-7.893553379802583,100.0,14.999956691761541,0.03604504512529367,0.0
1.0,240.0,734.2741585199664,-7.846980364107181,100.0,14.999970186778292,0.029906450181142845,0.0
1.0,241.0,724.396226174342,-7.952784896565525,100.0,14.99995384959488,0.03720900460546453,0.0
1.0,242.0,744.3948477257976,-7.92401617485083,100.0,14.999947717185153,0.03960406181109424,0.0
1.0,243.0,714.3229692912832,-7.973481607252205,100.0,14.999950198109845,0.03865299761266869,0.0
1.0,244.0,754.2980159782614,-7.856800937275492,100.0,14.999956750814004,0.0360204623710648,0.0
1.0,245.0,749.5741274556506,-7.816150487949247,100.0,14.99996892489902,0.030532803075992123,0.0
1.0,246.0,739.6961791100525,-7.914835390318639,100.0,14.9999538699434,0.037200800662823726,0.0
1.0,247.0,759.6947947210391,-7.8837429784983595,100.0,14.999948346365363,0.03936503995941628,0.0
1.0,248.0,729.6229189288072,-7.9342251926308185,100.0,14.999951031326598,0.03832828986690592,0.0
1.0,249.0,769.5979718838123,-7.8200682794777245,100.0,14.999956785829088,0.03600587812970789,0.0
1.0,250.0,764.8740951575398,-7.784714020382441,100.0,14.999967765810098,0.031097020082774,0.0
1.0,251.0,754.996132073457,-7.876897051215491,100.0,14.999953903468352,0.03718728041345617,0.0
1.0,252.0,774.9947423407488,-7.843707708205833,100.0,14.99994894146309,0.03913762256846525,0.0
1.0,253.0,744.9228693561582,-7.895277752064671,100.0,14.999951749545666,0.03804617328910583,0.0
1.0,254.0,784.8979278148892,-7.783346254890425,100.0,14.999956801615221,0.03599930106629585,0.0
1.0,255.0,780.174061727191,-7.752731040530243,100.0,14.999966703154993,0.031605446390945764,0.0
1.0,256.0,770.2960850767872,-7.838974817466664,100.0,14.999953947853578,0.037169372766358906,0.0
1.0,257.0,790.2946905498465,-7.803898302151329,100.0,14.999949501967198,0.0389222100354762,0.0
1.0,258.0,760.2228204643195,-7.856598627002844,100.0,14.999952368628296,0.03780130794537579,0.0
1.0,259.0,800.1978837539835,-7.746627570671882,100.0,14.999956802173516,0.03599906843918762,0.0
1.0,260.0,795.4740272596226,-7.720255504339046,100.0,14.99996573047776,0.03206375668637273,0.0
1.0,261.0,785.5960381300583,-7.801072738438076,100.0,14.999954001061953,0.03714789395835913,0.0
1.0,262.0,805.594639313029,-7.764302406155607,100.0,14.999950027929346,0.03871898271385821,0.0
1.0,263.0,775.5227721592668,-7.8181522697125105,100.0,14.999952902165223,0.037588998724638285,0.0
1.0,264.0,815.4978396873126,-7.709906484363707,100.0,14.999956790829412,0.03600379494772205,0.0
1.0,265.0,810.7739918432954,-7.6873358902566125,100.0,14.999964841379319,0.0324770285628684,0.0
1.0,266.0,800.8959912413376,-7.763194083146484,100.0,14.999954061306394,0.03712355987565029,0.0
1.0,267.0,820.8945885952808,-7.724907576982517,100.0,14.999950519842914,0.03852794134543672,0.0
1.0,268.0,790.8227243598351,-7.779907624384774,100.0,14.999953361825655,0.03740512070764244,0.0
1.0,269.0,830.7977956041887,-7.673178543491174,100.0,14.99995677034133,0.036012329711872286,0.0
1.0,270.0,826.073955560229,-7.654015774393233,100.0,14.999964029628295,0.032849807568997004,0.0
1.0,271.0,816.1959444169855,-7.72534143697659,100.0,14.999954127023953,0.03709699687416308,0.0
1.0,272.0,836.1945383622704,-7.685701447300144,100.0,14.99995097854169,0.0383489419167548,0.0
1.0,273.0,806.1226769959115,-7.741837580158613,100.0,14.999953757647482,0.037246052638544865,0.0
1.0,274.0,846.0977514964861,-7.636440365492916,100.0,14.999956742990872,0.03602372000054163,0.0
1.0,275.0,841.3739184862117,-7.620334343169914,100.0,14.999963289237053,0.03318616489961328,0.0
1.0,276.0,831.4958976618736,-7.687516788021716,100.0,14.999954196852533,0.03706875134265446,0.0
1.0,277.0,851.4944885806544,-7.646671857668532,100.0,14.999951405115723,0.03818172556098442,0.0
1.0,278.0,821.4226300068955,-7.703918488202295,100.0,14.99995409827947,0.03710861771730922,0.0
1.0,279.0,861.397707358197,-7.599689451693763,100.0,14.999956710658072,0.03603718057595309,0.0
1.0,280.0,856.6738806910763,-7.586326850498341,100.0,14.999962614511348,0.03348974860808765,0.0
1.0,281.0,846.7958509795767,-7.649721604227434,100.0,14.999954269609912,0.03703929820311091,0.0
1.0,282.0,866.7944392183022,-7.607806960311728,100.0,14.9999518008418,0.03802594407639438,0.0
1.0,283.0,836.7225833403899,-7.666129735759747,100.0,14.999954391184245,0.03699003098844988,0.0
1.0,284.0,876.6976631850524,-7.562924030081749,100.0,14.99995667488452,0.03605206772603704,0.0
1.0,285.0,871.9738422390144,-7.552025025703371,100.0,14.999962000080014,0.03376382910167424,0.0
1.0,286.0,862.095804372548,-7.611956902339691,100.0,14.999954344274812,0.03700904850406803,0.0
1.0,287.0,882.0943902444558,-7.569095298874999,100.0,14.999952167126462,0.03788118158255801,0.0
1.0,288.0,852.0225369510787,-7.628453370779377,100.0,14.999954642808968,0.03688785265809494,0.0
1.0,289.0,891.9976189742065,-7.526142922509145,100.0,14.9999566369265,0.03606785722310762,0.0
1.0,290.0,887.2738031889141,-7.517457437671851,100.0,14.999961440909761,0.03401133958559636,0.0
1.0,291.0,877.3957578422734,-7.574223309516582,100.0,14.999954419969763,0.03697835623174697,0.0
1.0,292.0,897.394341629838,-7.53052586786124,100.0,14.999952505459655,0.037746972787356226,0.0
1.0,293.0,867.3224907997676,-7.59087377139607,100.0,14.999954858729442,0.03679994672626819,0.0
1.0,294.0,907.2975747239686,-7.489345432642849,100.0,14.999956597799907,0.03608412558235627,0.0
1.0,295.0,902.5737635947069,-7.482649820076131,100.0,14.99996093230905,0.03423491203837767,0.0
1.0,296.0,892.695711389411,-7.536521118348297,100.0,14.999954495945572,0.03694752443984607,0.0
1.0,297.0,912.694293346718,-7.492088154981694,100.0,14.999952817377253,0.03762281829191,0.0
1.0,298.0,882.6224448525589,-7.553377355135241,100.0,14.999955043772145,0.036724444374134295,0.0
1.0,299.0,922.5975304335781,-7.45253125157047,100.0,14.999956558318342,0.03610053410351403,0.0
1.0,300.0,917.8737235057137,-7.447625361963878,100.0,14.999960469924003,0.03443690922947098,0.0
1.0,301.0,907.9956650139142,-7.498850335936966,100.0,14.99995457156727,0.03691681078003926,0.0
1.0,302.0,927.9942453689424,-7.4537721692428205,100.0,14.999953104431158,0.03750819731724944,0.0
1.0,303.0,897.9223990801399,-7.51595232325339,100.0,14.99995520211796,0.036659711596285886,0.0
1.0,304.0,937.8974861030147,-7.415700378448324,100.0,14.999956519125476,0.03611681526821016,0.0
1.0,305.0,933.1736829669844,-7.412404967516768,100.0,14.999960049728738,0.03461945322848567,0.0
1.0,306.0,923.2956187151411,-7.461210727612098,100.0,14.999954646301347,0.03688643250061075,0.0
1.0,307.0,943.2941976719384,-7.415568457220502,100.0,14.99995336816566,0.037402578196033605,0.0
1.0,308.0,913.2223534571723,-7.478588436125172,100.0,14.999955337390585,0.03660432061567191,0.0
1.0,309.0,953.1974417328399,-7.378853053975303,100.0,14.99995648072262,0.036132761137993165,0.0
1.0,310.0,948.4736420196263,-7.377007488350374,100.0,14.999959668011858,0.03478445080177413,0.0
1.0,311.0,938.5955724919525,-7.423601855794688,100.0,14.999954719704203,0.0368565709692966,0.0
1.0,312.0,958.5941502326966,-7.377468109642122,100.0,14.999953610098974,0.03730542693510226,0.0
1.0,313.0,928.5223079617621,-7.441276816035724,100.0,14.999955452732111,0.036557024663277954,0.0
1.0,314.0,968.4973973240642,-7.341989704807632,100.0,14.999956443492223,0.036148213456895756,0.0
1.0,315.0,963.7736007011154,-7.341449931348165,100.0,14.999959321360508,0.03493361604555793,0.0
1.0,316.0,953.8955263427983,-7.3860231144705,100.0,14.999954791411676,0.036827375767584394,0.0
1.0,317.0,973.8941030297373,-7.339462760102953,100.0,14.999953831709169,0.03721621412010171,0.0
1.0,318.0,943.822262575003,-7.404009774141768,100.0,14.999955550867824,0.036516735746068264,0.0
1.0,319.0,983.797352878036,-7.305110897306214,100.0,14.999956407717919,0.03616305521043378,0.0
1.0,320.0,979.0735590455928,-7.305747644687613,100.0,14.999959006642971,0.03506849056412762,0.0
1.0,321.0,969.1954802657937,-7.348473759688516,100.0,14.99995486112958,0.03679896839686354,0.0
1.0,322.0,989.1940560430628,-7.3015445774830265,100.0,14.99995403442362,0.037134420401845024,0.0
1.0,323.0,959.1222172805799,-7.36678065872927,100.0,14.999955634161863,0.036482505064959536,0.0
1.0,324.0,999.0973083963495,-7.268217299240645,100.0,14.999956373601618,0.03617720343216132,0.0
1.0,325.0,994.3735170841422,-7.2699144844202594,100.0,14.999958720990595,0.03519046146607829,0.0
1.0,326.0,984.4954342587853,-7.310952936462144,100.0,14.999954928625158,0.03677144563146141,0.0
1.0,327.0,1004.4940092541027,-7.263706253401099,100.0,14.999954219611391,0.03705954077535707,0.0
1.0,328.0,974.4221720644258,-7.329583722222213,100.0,14.999955704665142,0.0364535057797599,0.0
1.0,329.0,1014.3972638807704,-7.23130964827006,100.0,14.999956341278084,0.036190603081075495,0.0
1.0,330.0,1009.673474845048,-7.233962963705436,100.0,14.999958461779602,0.035300777420333884,0.0
1.0,331.0,999.7953883194107,-7.273459702417357,100.0,14.999954993719363,0.036744882549386425,0.0
1.0,332.0,1019.7939626456506,-7.225940985840662,100.0,14.999954388578008,0.03699108783659236,0.0
1.0,333.0,989.7221269144235,-7.2924140046894985,100.0,14.999955764156722,0.03642901785015503,0.0
1.0,334.0,1029.6972193331724,-7.194388726187292,100.0,14.999956310827322,0.036203221839668225,0.0
1.0,335.0,1024.9734323540358,-7.197904386565056,100.0,14.999958226613174,0.0354005629862688,0.0
1.0,336.0,1015.0953424451491,-7.235993048502182,100.0,14.999955056279918,0.036719335268247506,0.0
1.0,337.0,1035.0939162017987,-7.188242459906338,100.0,14.999954542562188,0.03692859417844872,0.0
1.0,338.0,1005.022081820147,-7.2552672318581335,100.0,14.999955814179529,0.03640841471108354,0.0
1.0,339.0,1044.9971747554869,-7.157455338054422,100.0,14.999956282285114,0.0362150457043603,0.0
1.0,340.0,1040.2733896344962,-7.161748967820924,100.0,14.999958013304102,0.035490831408050844,0.0
1.0,341.0,1030.3952966333666,-7.198551917045434,100.0,14.999955116215082,0.03669484341111199,0.0
1.0,342.0,1050.3938699078676,-7.150604826515099,100.0,14.999954682734083,0.03687161406676396,0.0
1.0,343.0,1020.3220367726376,-7.21813972587364,100.0,14.999955856071297,0.03639115156736518,0.0
1.0,344.0,1060.2971301496636,-7.120510295479089,100.0,14.999956255651925,0.03622607525832731,0.0
1.0,345.0,1055.5733467076882,-7.125505940693177,100.0,14.999957819858208,0.035572496041982954,0.0
1.0,346.0,1045.6952508813529,-7.161135217428462,100.0,14.999955173468061,0.03667143232483904,0.0
1.0,347.0,1065.6938237503357,-7.113022679692945,100.0,14.99995481019481,0.036819724518307256,0.0
1.0,348.0,1035.621991764207,-7.181028327255547,100.0,14.999955890991385,0.036376755116394564,0.0
1.0,349.0,1075.597085517638,-7.083554403385029,100.0,14.999956230900453,0.03623632253203281,0.0
1.0,350.0,1070.87330359293,-7.089183653376159,100.0,14.999957644458616,0.03564638056674646,0.0
1.0,351.0,1060.995205186356,-7.123741839611701,100.0,14.999955228011999,0.03664911507155573,0.0
1.0,352.0,1080.9937777167702,-7.075491033031837,100.0,14.999954925976942,0.03677252588617702,0.0
1.0,353.0,1050.921946788269,-7.143930326679709,100.0,14.99995591994404,0.03636481452926683,0.0
1.0,354.0,1090.8970408613068,-7.046588449720135,100.0,14.99995620798193,0.0362458083696972,0.0
1.0,355.0,1086.1732603077692,-7.0527896557638465,100.0,14.999957485451016,0.03571322810974205,0.0
1.0,356.0,1076.2951595456104,-7.086370665737568,100.0,14.999955279845523,0.03662789421233682,0.0
1.0,357.0,1096.2937317957567,-7.038005295761858,100.0,14.999955031045772,0.03672964204332036,0.0
1.0,358.0,1066.221901839191,-7.106843405382122,100.0,14.9999559437986,0.036354973540042225,0.0
1.0,359.0,1106.1969961825068,-7.009613197622999,100.0,14.99995618683143,0.03625456023088905,0.0
1.0,360.0,1101.4732168681448,-7.0163307773687915,100.0,14.999957341329848,0.035773709407916826,0.0
1.0,361.0,1091.5951139563595,-7.049020580012503,100.0,14.999955328988777,0.036607763400736806,0.0
1.0,362.0,1111.5936859768324,-7.000561248807801,100.0,14.99995512630115,0.036690720241924164,0.0
1.0,363.0,1081.521856912167,-7.069765583123215,100.0,14.99995596330707,0.03634692351016269,0.0
1.0,364.0,1121.4969514830032,-6.972629379636201,100.0,14.999956167372273,0.03626261036579129,0.0
1.0,365.0,1116.7731732885302,-6.979813197364597,100.0,14.999957210725503,0.035828430108332435,0.0
1.0,366.0,1106.895068415878,-7.011690477053686,100.0,14.999955375479894,0.036588708802556595,0.0
1.0,367.0,1126.8936402504196,-6.96315502112599,100.0,14.999955212579772,0.036655430715028914,0.0
1.0,368.0,1096.8218120031033,-7.032695172779215,100.0,14.999955979119418,0.03634039735048289,0.0
1.0,369.0,1136.7969067644785,-6.935637693613116,100.0,14.999956149519662,0.03626999431074297,0.0
1.0,370.0,1132.0731295820658,-6.943242507580689,100.0,14.999957092392462,0.03587793730206937,0.0
1.0,371.0,1122.1950229214863,-6.97437926886975,100.0,14.999955419371885,0.03657071035707003,0.0
1.0,372.0,1142.1935946077633,-6.925783066554721,100.0,14.999955290657788,0.036623466076728346,0.0
1.0,373.0,1112.1217671085237,-6.995630740739906,100.0,14.999955991796869,0.03633516419713914,0.0
1.0,374.0,1152.096862028526,-6.898638800015777,100.0,14.999956133183666,0.036276749657614314,0.0
1.0,375.0,1147.373085760681,-6.906623769188067,100.0,14.99995698519838,0.035922725374708454,0.0
1.0,376.0,1137.4949774705651,-6.937085890629935,100.0,14.999955460729891,0.03655374289386352,0.0
1.0,377.0,1157.4935490408693,-6.888442141358718,100.0,14.9999553612536,0.036594540568595596,0.0
1.0,378.0,1127.421722225483,-6.958571072391574,100.0,14.999956001823493,0.036331024749713746,0.0
1.0,379.0,1167.3968172766456,-6.861633320345623,100.0,14.999956118271648,0.03628291505661491,0.0
1.0,380.0,1162.6730418352042,-6.869961563734562,100.0,14.99995688811401,0.035963241247428626,0.0
1.0,381.0,1152.7949320605676,-6.899809305362134,100.0,14.999955499628765,0.03653777711843987,0.0
1.0,382.0,1172.7935035424493,-6.851129282603452,100.0,14.999955425030832,0.03656838919238454,0.0
1.0,383.0,1142.7216773514965,-6.9215151420516605,100.0,14.999956009616318,0.03632780719100764,0.0
1.0,384.0,1182.6967725102422,-6.824621836487371,100.0,14.999956104690197,0.036288529417405534,0.0
1.0,385.0,1177.9729978154614,-6.833260039116941,100.0,14.999956800204012,0.03599988907458217,0.0
1.0,386.0,1168.0948866890265,-6.862548507707392,100.0,14.99995553615097,0.03652278047879162,0.0
1.0,387.0,1188.0934581058648,-6.813841787457672,100.0,14.99995548260135,0.03654476676246868,0.0
1.0,388.0,1158.021632484473,-6.884462086798941,100.0,14.999956015534115,0.03632536361735513,0.0
1.0,389.0,1197.9967277306255,-6.787604890779673,100.0,14.999956092346691,0.03629363127799311,0.0
1.0,390.0,1193.2729537103692,-6.796522951013704,100.0,14.999956720618492,0.036033034456338056,0.0
1.0,391.0,1183.3948413535625,-6.82530252684642,100.0,14.999955570384717,0.036508717924253684,0.0
1.0,391.1,1203.3934127250764,-6.776577193491416,100.0,14.999955534528299,0.03652344690578495,0.0
2.0,0.0,1173.3215876226616,-6.847411183711078,100.0,14.999956019885072,0.036323566916927015,0.0
2.0,1.0,1213.2966829390111,-6.750582986655282,100.0,14.999956081150481,0.03629825831493298,0.0
2.0,2.0,1208.5729095280183,-6.759753700246122,100.0,14.999956648585297,0.036063008218519946,0.0
2.0,3.0,1198.6947960518885,-6.788070428702579,100.0,14.99995560242239,0.03649555256709792,0.0
2.0,4.0,1218.6933673945957,-6.739333260010986,100.0,14.999955581329127,0.036504221032143035,0.0
2.0,5.0,1188.6215427646018,-6.810361830081316,100.0,14.999956022933487,0.03632230804099119,0.0
2.0,6.0,1228.596638136525,-6.713556589718551,100.0,14.999956071013802,0.036302446971913746,0.0
2.0,7.0,1223.8728652757475,-6.7229553664848165,100.0,14.999956583402973,0.03609010980601791,0.0
2.0,8.0,1213.9947507818126,-6.750851317515558,100.0,14.999955632359136,0.03648324625652629,0.0
2.0,9.0,1233.993322109439,-6.702107950451245,100.0,14.999955623478554,0.03648689729354851,0.0
2.0,10.0,1203.921497909084,-6.77331352623871,100.0,14.99995602490558,0.036321493619743336,0.0
2.0,11.0,1243.896593324204,-6.676526129149905,100.0,14.99995606185246,0.03630623218692248,0.0
2.0,12.0,1239.1728209602143,-6.686130738674552,100.0,14.99995652443435,0.03611461033104271,0.0
2.0,13.0,1229.294705541241,-6.71364433687049,100.0,14.999955660291704,0.03647176007395732,0.0
2.0,14.0,1249.2932768650878,-6.664899415828494,100.0,14.999955661411446,0.036471299547583665,0.0
2.0,15.0,1219.2214530551125,-6.736265860642634,100.0,14.999956025994592,0.03632104388017884,0.0
2.0,16.0,1259.1965485030018,-6.639491999345626,100.0,14.999956053586295,0.03630964720093479,0.0
2.0,17.0,1254.472776587457,-6.649282342510226,100.0,14.99995647110069,0.03613675531294903,0.0
2.0,18.0,1244.5946603281793,-6.6764486702585355,100.0,14.999955686317408,0.03646105475777942,0.0
2.0,19.0,1264.593231657447,-6.627705979243449,100.0,14.999955695525612,0.03645726633682242,0.0
2.0,20.0,1234.5214082018715,-6.699218496962947,100.0,14.999956026365192,0.036320890828641095,0.0
2.0,21.0,1274.4965036737926,-6.602454561717487,100.0,14.999956046139497,0.03631272343348521,0.0
2.0,22.0,1269.77273216295,-6.612412465261595,100.0,14.999956422876362,0.03615676714231499,0.0
2.0,23.0,1259.894615140732,-6.639263541237019,100.0,14.999955710533287,0.03645109106506478,0.0
2.0,24.0,1279.8931864828098,-6.590526121412921,100.0,14.999955726184464,0.0364446498936494,0.0
2.0,25.0,1249.8213633487023,-6.662171162892985,100.0,14.999956026157346,0.03632097666523094,0.0
2.0,26.0,1289.7964588373752,-6.565414146590577,100.0,14.999956039440784,0.03631549041259221,0.0
2.0,27.0,1285.0726876916574,-6.575523178212895,100.0,14.999956379284006,0.036174847298376146,0.0
2.0,28.0,1275.194569977102,-6.602088213249869,100.0,14.999955733035371,0.03644183007709743,0.0
2.0,29.0,1295.1931413378234,-6.553358467200524,100.0,14.999955753719581,0.03643331517765695,0.0
2.0,30.0,1265.121318495077,-6.625123640473895,100.0,14.999956025489675,0.0363212524012648,0.0
2.0,31.0,1305.0964139944788,-6.5283710551494485,100.0,14.999956033423484,0.036317975748366205,0.0
2.0,32.0,1300.372643178079,-6.538616356955427,100.0,14.999956339890124,0.03619117834572238,0.0
2.0,33.0,1290.49452483559,-6.564921989162393,100.0,14.999955753918076,0.03643323345497037,0.0
2.0,34.0,1310.493096219458,-6.516201773110252,100.0,14.999955778433115,0.036423138950946586,0.0
2.0,35.0,1280.421273640579,-6.5880757577363935,100.0,14.999956024462373,0.03632167665449194,0.0
2.0,36.0,1320.396369145766,-6.491325561392821,100.0,14.9999560280255,0.036320205141252004,0.0
2.0,37.0,1315.672598626293,-6.50169369974628,100.0,14.999956304301083,0.03620592573333077,0.0
2.0,38.0,1305.7944797145913,-6.527764210558423,100.0,14.999955773273731,0.036425263650945575,0.0
2.0,39.0,1325.7930511249788,-6.479054915702268,100.0,14.999955800600087,0.03641400889511953,0.0
2.0,40.0,1295.7212287848865,-6.551027381490234,100.0,14.999956023159754,0.03632221459987996,0.0
2.0,41.0,1335.6963242918384,-6.454277914065466,100.0,14.999956023189254,0.03632220241727104,0.0
2.0,42.0,1330.9725540399954,-6.464756744124078,100.0,14.999956272159466,0.03621923941648978,0.0
2.0,43.0,1321.0944346125946,-6.490614256842207,100.0,14.999955791192157,0.03641788408074829,0.0
2.0,44.0,1341.0930060519177,-6.441916880886956,100.0,14.999955820470548,0.03640582277246267,0.0
2.0,45.0,1311.0211839277551,-6.513978411112824,100.0,14.99995602165247,0.03632283705649991,0.0
2.0,46.0,1350.9962794332416,-6.41722833854317,100.0,14.999956018861546,0.03632398958385922,0.0
2.0,47.0,1346.2725094225334,-6.427806881952909,100.0,14.999956243140776,0.03623125531993227,0.0
2.0,48.0,1336.3943895281777,-6.453471544182512,100.0,14.99995580776035,0.036411059261482734,0.0
2.0,49.0,1356.3929609980503,-6.40478675405136,100.0,14.999955838271593,0.03639848763278188,0.0
2.0,50.0,1326.321139069007,-6.476928773207096,100.0,14.999956019999429,0.03632351969343612,0.0
2.0,51.0,1366.2962345704693,-6.380177038652498,100.0,14.999956014993387,0.0363255869009621,0.0
2.0,52.0,1361.57246477694,-6.39084537304788,100.0,14.999956216950428,0.03624209665850705,0.0
2.0,53.0,1351.694344460007,-6.41633552433177,100.0,14.999955823062253,0.036404754919406125,0.0
2.0,54.0,1371.6929159613717,-6.367663710971066,100.0,14.999955854209258,0.03639191906647697,0.0
2.0,55.0,1341.6210942085197,-6.439878417015049,100.0,14.999956018249469,0.03632424233974828,0.0
2.0,56.0,1381.5961897039667,-6.343124198412206,100.0,14.999956011539808,0.036327012962968606,0.0
2.0,57.0,1376.8724201059613,-6.353873357520048,100.0,14.999956193321019,0.03625187512995365,0.0
2.0,58.0,1366.9942994068329,-6.379205683349052,100.0,14.999955837178565,0.03639893807138376,0.0
2.0,59.0,1386.9928709400785,-6.330547009460386,100.0,14.999955868470296,0.036386040503757176,0.0
2.0,60.0,1356.9210493462156,-6.402827310487656,100.0,14.999956016442809,0.036324988385361266,0.0
2.0,61.0,1396.8961448341352,-6.306069983687087,100.0,14.999956008459638,0.03632828478785625,0.0
2.0,62.0,1392.1723754120837,-6.316891866964419,100.0,14.999956172009842,0.03626069199277598,0.0
2.0,63.0,1382.2942543674853,-6.342081540251909,100.0,14.999955850186595,0.0363935770834651,0.0
2.0,64.0,1402.292825932549,-6.293435981714028,100.0,14.999955881223796,0.036380782559344856,0.0
2.0,65.0,1372.221004482054,-6.365775436924401,100.0,14.999956014612305,0.03632574426137742,0.0
2.0,66.0,1412.1960999613364,-6.269014543748509,100.0,14.999956005715292,0.03632941791059856,0.0
2.0,67.0,1407.472330697557,-6.2799018346021676,100.0,14.999956152796651,0.03626863904081721,0.0
2.0,68.0,1397.5942093408719,-6.304962645618821,100.0,14.999955862160212,0.03638864170966996,0.0
2.0,69.0,1417.5927809373243,-6.2563300272944105,100.0,14.99995589262274,0.036376082421579546,0.0
2.0,70.0,1387.5209596160246,-6.328722792106701,100.0,14.999956012784544,0.036326498989733405,0.0
2.0,71.0,1427.4960550858948,-6.23195801273851,100.0,14.999956003272539,0.036330426478462984,0.0
2.0,72.0,1422.7722859644182,-6.242904104477075,100.0,14.999956135481588,0.036275799484900485,0.0
2.0,73.0,1412.8941643259736,-6.267848580160992,100.0,14.999955873169782,0.03638410311375207,0.0
2.0,74.0,1432.8927359530944,-6.219228606720026,100.0,14.999955902805393,0.03637188328450445,0.0
2.0,75.0,1402.8209147481411,-6.291669381859072,100.0,14.999956010980778,0.036327243793370184,0.0
2.0,76.0,1442.7960102081029,-6.194900511036573,100.0,14.999956001100266,0.036331323346315995,0.0
2.0,77.0,1438.0722412145087,-6.20589943979614,100.0,14.999956119883336,0.03628224875080017,0.0
2.0,78.0,1428.1941193218418,-6.230738953279586,100.0,14.999955883282162,0.03637993387641253,0.0
2.0,79.0,1448.1926909786837,-6.182131235611831,100.0,14.99995591189662,0.03636813382126717,0.0
2.0,80.0,1418.1208698784376,-6.254615219980367,100.0,14.999956009217756,0.036327971759183605,0.0
2.0,81.0,1458.0959653282207,-6.15784214652979,100.0,14.999955999170261,0.03633212017046748,0.0
2.0,82.0,1453.372196449495,-6.168888530495403,100.0,14.999956105837432,0.036288055201829726,0.0
2.0,83.0,1443.4940743275938,-6.193633401622074,100.0,14.999955892560733,0.036376107990168466,0.0
2.0,84.0,1463.492646013037,-6.145037479356467,100.0,14.99995592000909,0.03636478769699052,0.0
2.0,85.0,1433.4208250069626,-6.217560326494779,100.0,14.999956007508413,0.03632867754698562,0.0
2.0,86.0,1473.3959204464827,-6.12078301578856,100.0,14.99995599745699,0.03633282749992892,0.0
2.0,87.0,1468.6721516708833,-6.1318720001040345,100.0,14.999956093194713,0.03629328079346353,0.0
2.0,88.0,1458.7940293424099,-6.156531587649279,100.0,14.999955901065437,0.03637260084383541,0.0
2.0,89.0,1478.7926010552096,-6.107946948247034,100.0,14.999955927244383,0.0363618031191513,0.0
2.0,90.0,1448.7207801337756,-6.180504726178769,100.0,14.999956005862481,0.036329357138549324,0.0
2.0,91.0,1488.6958755630976,-6.0837232051509025,100.0,14.999955995937375,0.036333454864252115,0.0
2.0,92.0,1483.9721068800338,-6.094850411972526,100.0,14.999956081819938,0.03629798166663674,0.0
2.0,93.0,1474.0939843655299,-6.1194331982228025,100.0,14.999955908852842,0.03636938919836258,0.0
2.0,94.0,1494.0925561043537,-6.070859293064201,100.0,14.999955933694014,0.03635914242343256,0.0
2.0,95.0,1464.020735258945,-6.1434484473257225,100.0,14.99995600428702,0.036330007621552904,0.0
2.0,96.0,1503.9958306782528,-6.046662791719145,100.0,14.99995599459062,0.036334010857350836,0.0
2.0,97.0,1499.2720620781763,-6.057824274924478,100.0,14.999956071590496,0.03630220868567901,0.0
2.0,98.0,1489.3939393962498,-6.082337943220858,100.0,14.999955915976232,0.036366451155556756,0.0
2.0,99.0,1509.3925111597107,-6.033774201062517,100.0,14.999955939440358,0.03635677169298708,0.0
2.0,100.0,1479.3206903825455,-6.106391520715152,100.0,14.99995600278686,0.03633062700388682,0.0
2.0,101.0,1519.2957857921142,-6.009601844273372,100.0,14.999955993397979,0.03633450321690226,0.0
2.0,102.0,1514.5720172664214,-6.020794048385631,100.0,14.999956062395263,0.036306007926225015,0.0
2.0,103.0,1504.693894433918,-6.045245554189048,100.0,14.99995592248569,0.036363766121048864,0.0
2.0,104.0,1524.692466220602,-5.9966913923289,100.0,14.999955944557524,0.03635466040904898,0.0
2.0,105.0,1494.620645504656,-6.069333978757485,100.0,14.999956001364982,0.03633121405435803,0.0
2.0,106.0,1534.5957409048303,-5.9725404241062465,100.0,14.999955992342619,0.03633493889908738,0.0
2.0,107.0,1529.8719724457724,-5.983760147038738,100.0,14.99995605413356,0.03630942111790008,0.0
2.0,108.0,1519.993849477933,-6.008155783031343,100.0,14.999955928428216,0.0363613147626929,0.0
2.0,109.0,1539.9924212864203,-5.959610616482373,100.0,14.999955949112119,0.03635278113085827,0.0
2.0,110.0,1509.9206006253569,-6.032275854789367,100.0,14.999956000022863,0.0363317681663241,0.0
2.0,111.0,1549.8956960165337,-5.935478585784008,100.0,14.99995599140941,0.03633532414855286,0.0
2.0,112.0,1545.1719276171339,-5.946722945048088,100.0,14.999956046714175,0.036312486046091705,0.0
2.0,113.0,1535.2938045277385,-5.971068400745383,100.0,14.999955933847833,0.03635907896543766,0.0
2.0,114.0,1555.292376356623,-5.922531649686148,100.0,14.999955953163985,0.036351109202909446,0.0
2.0,115.0,1525.2205557447292,-5.995217182497659,100.0,14.999955998760747,0.03633228924122843,0.0
2.0,116.0,1565.1956511273418,-5.89841637783858,100.0,14.999955990584798,0.036335664563580075,0.0
2.0,117.0,1560.4718827813222,-5.909682779893475,100.0,14.999956040054506,0.036315236916685,0.0
2.0,118.0,1550.593759582823,-5.933983196205215,100.0,14.999955938785714,0.03635704178357901,0.0
2.0,119.0,1570.5923314307252,-5.885454291945213,100.0,14.99995595676684,0.03634962248759755,0.0
2.0,120.0,1540.5205108628545,-5.9581579954532025,100.0,14.99995599757788,0.03633277758939104,0.0
2.0,121.0,1580.495606237359,-5.861353843395616,100.0,14.999955989856643,0.03633596515652425,0.0
2.0,122.0,1575.771837939073,-5.872639955849522,100.0,14.999956034079776,0.03631770468725248,0.0
2.0,123.0,1565.8937146427143,-5.89689997499373,100.0,14.999955943280293,0.03635518739117904,0.0
2.0,124.0,1585.8922865082936,-5.848378364664444,100.0,14.999955959968869,0.03634830112140948,0.0
2.0,125.0,1555.8204659798132,-5.921098326737966,100.0,14.999955996472734,0.036333233845744405,0.0
2.0,126.0,1595.795561346678,-5.824291020743268,100.0,14.999955989214088,0.036336230409649124,0.0
2.0,127.0,1591.07179309105,-5.835594747142964,100.0,14.999956028722298,0.03631991736784267,0.0
2.0,128.0,1581.193669706979,-5.859818558286319,100.0,14.999955947367404,0.036353501031332384,0.0
2.0,129.0,1601.1922415889421,-5.811303708444126,100.0,14.999955962813278,0.036347127292890184,0.0
2.0,130.0,1571.1204210956832,-5.884038208651386,100.0,14.999955995443155,0.03633365889849917,0.0
2.0,131.0,1611.0955164553811,-5.78722794384627,100.0,14.999955988647441,0.03633646432652418,0.0
2.0,132.0,1606.3717482378518,-5.798547400817437,100.0,14.99995602392084,0.036321900294203346,0.0
2.0,133.0,1596.4936247752194,-5.822738781786622,100.0,14.999955951080404,0.03635196896486276,0.0
2.0,134.0,1616.4921966723261,-5.774230181091577,100.0,14.999955965338772,0.03634608504069969,0.0
2.0,135.0,1586.420376210541,-5.846977672483618,100.0,14.999955994486529,0.03633405382898186,0.0
2.0,136.0,1626.3954715635414,-5.750164642809794,100.0,14.999955988148049,0.03633667047918522,0.0
2.0,137.0,1621.6717033800153,-5.761498139332542,100.0,14.999956019620008,0.03632367637599797,0.0
2.0,138.0,1611.7935798470694,-5.785660494714667,100.0,14.999955954450288,0.036350578418946414,0.0
2.0,139.0,1631.7921517581383,-5.737157655829159,100.0,14.99995596758002,0.03634516007017035,0.0
2.0,140.0,1601.7203313244588,-5.809916748345111,100.0,14.999955993599894,0.03633441986111195,0.0
2.0,141.0,1641.695426671223,-5.7131011442972595,100.0,14.999955987708198,0.03633685205128136,0.0
2.0,142.0,1636.971658518026,-5.7244471629214955,100.0,14.999956015769733,0.03632526632232658,0.0
2.0,143.0,1627.093534922194,-5.748583558847273,100.0,14.999955957505831,0.03634931753608375,0.0
2.0,144.0,1647.092106846105,-5.700086019680613,100.0,14.999955969568044,0.036344339586864456,0.0
2.0,145.0,1617.0202864375067,-5.772855465043376,100.0,14.999955992780041,0.03633475831918324,0.0
2.0,146.0,1656.9953817784838,-5.67603747190608,100.0,14.999955987321023,0.036337011877442676,0.0
2.0,147.0,1652.2716136523202,-5.687394651729451,100.0,14.99995601232475,0.03632668884663978,0.0
2.0,148.0,1642.3934900002862,-5.711507847610195,100.0,14.999955960273706,0.03634817532377173,0.0
2.0,149.0,1662.3920619359822,-5.663015172019092,100.0,14.99995597133059,0.03634361214572543,0.0
2.0,150.0,1632.3202415497508,-5.735793849999078,100.0,14.99995599202361,0.03633507059278759,0.0
2.0,151.0,1672.2953368853732,-5.638973646505097,100.0,14.999955986980419,0.036337152479110256,0.0
2.0,152.0,1667.5715687832896,-5.650340767752498,100.0,14.999956009244169,0.03632796085293586,0.0
2.0,153.0,1657.6934450810654,-5.674433245221081,100.0,14.999955962778596,0.036347141605169164,0.0
2.0,154.0,1677.6920170275523,-5.62594502326165,100.0,14.999955972892463,0.03634296751450787,0.0
2.0,155.0,1647.6201966612543,-5.69873192919469,100.0,14.999955991327147,0.03633535810786885,0.0
2.0,156.0,1687.595291991937,-5.601909686537143,100.0,14.999955986680956,0.036337276097072324,0.0
2.0,157.0,1682.871523911287,-5.613285656595568,100.0,14.99995600649106,0.03632909760495111,0.0
2.0,158.0,1672.993400164275,-5.637359645882173,100.0,14.999955965043323,0.03634620697099466,0.0
2.0,159.0,1692.991972120623,-5.588875493696283,100.0,14.999955974275824,0.0363423965502606,0.0
2.0,160.0,1662.9201517720767,-5.661669727149919,100.0,14.999955990687168,0.03633562230302864,0.0
2.0,161.0,1702.8952470982142,-5.564845608290018,100.0,14.999955986417817,0.03633738472094442,0.0
2.0,162.0,1698.1714790366293,-5.576229449065786,100.0,14.999956004032084,0.03633011287989349,0.0
2.0,163.0,1688.2933552496809,-5.600286953021332,100.0,14.999955967088965,0.03634536273284829,0.0
2.0,164.0,1708.2919272150218,-5.551806512428777,100.0,14.999955975500468,0.03634189108772429,0.0
2.0,165.0,1678.220106882274,-5.624607266918966,100.0,14.999955990100206,0.03633586461031911,0.0
2.0,166.0,1718.1952022042399,-5.527781426138857,100.0,14.99995598618672,0.03633748011583019,0.0
2.0,167.0,1713.4714341596004,-5.539172262616287,100.0,14.999956001837157,0.03633101910812392,0.0
2.0,168.0,1703.59331033707,-5.563215078579917,100.0,14.999955968934943,0.036344600878109305,0.0
2.0,169.0,1723.5918823105967,-5.514738016437765,100.0,14.999955976584054,0.03634144383858752,0.0
2.0,170.0,1693.5200619918978,-5.587544570105352,100.0,14.999955989562844,0.03633608643986074,0.0
2.0,171.0,1733.4951573100445,-5.490717152762626,100.0,14.999955985983883,0.03633756384638452,0.0
2.0,172.0,1728.7713892804557,-5.502114202654187,100.0,14.99995599987915,0.03633182750005942,0.0
2.0,173.0,1718.8932654262478,-5.526143942345777,100.0,14.999955970599155,0.0363439140265245,0.0
2.0,174.0,1738.8918374072118,-5.477669949727413,100.0,14.999955977542347,0.036341048300626455,0.0
2.0,175.0,1708.8200171009978,-5.550481656890739,100.0,14.999955989071752,0.036336289167709694,0.0
2.0,176.0,1748.7951124156555,-5.453652799337323,100.0,14.999955985805943,0.036337637298496414,0.0
2.0,177.0,1744.0713443994248,-5.465055363725158,100.0,14.999955998133599,0.03633254816145485,0.0
2.0,178.0,1734.1932205170374,-5.489073471329651,100.0,14.999955972098062,0.03634329538857035,0.0
2.0,179.0,1754.191792504746,-5.440602262568129,100.0,14.999955978389396,0.0363406986758277,0.0
2.0,180.0,1724.1199722096185,-5.513418546074681,100.0,14.999955988623702,0.03633647412647696,0.0
2.0,181.0,1764.095067521096,-5.416588375708201,100.0,14.999955985649933,0.03633770169879412,0.0
2.0,182.0,1759.3712995167118,-5.427995830585863,100.0,14.999955996578457,0.03633319019811325,0.0
2.0,183.0,1749.493175609278,-5.452003599183092,100.0,14.999955973446786,0.036342738725646126,0.0
2.0,184.0,1769.4917476030932,-5.403534910816559,100.0,14.99995597913772,0.03634038979666695,0.0
2.0,185.0,1739.4199273178028,-5.47635525512273,100.0,14.999955988215588,0.03633664259826881,0.0
2.0,186.0,1779.3950226263876,-5.379523890543088,100.0,14.999955985513221,0.036337758132164354,0.0
2.0,187.0,1774.6712546325016,-5.390935679174597,100.0,14.999955995193874,0.03633376181097885,0.0
2.0,188.0,1764.7931307028236,-5.414934265656054,100.0,14.999955974659208,0.03634223831213075,0.0
2.0,189.0,1784.7917027021576,-5.366467855306934,100.0,14.999955979798477,0.036340117059782386,0.0
2.0,190.0,1754.7198824255902,-5.439291800220703,100.0,14.99995598784444,0.03633679580957657,0.0
2.0,191.0,1794.6949777315485,-5.342459351468821,100.0,14.999955985393488,0.03633780755746493,0.0
2.0,192.0,1789.9712097469583,-5.353874977489465,100.0,14.999955993961974,0.03633427038248061,0.0
2.0,193.0,1780.0930857975418,-5.377865416092219,100.0,14.999955975748048,0.036341788899316364,0.0
2.0,194.0,1800.0916578018557,-5.3294010613066085,100.0,14.999955980381598,0.03633987636634614,0.0
2.0,195.0,1770.0198375330165,-5.402228196333321,100.0,14.999955987507432,0.036336934927793704,0.0
2.0,196.0,1809.9949328365954,-5.305394765192463,100.0,14.99995598528868,0.036337850821598024,0.0
2.0,197.0,1805.2711648602294,-5.316813786382609,100.0,14.999955992866674,0.036334722554914545,0.0
2.0,198.0,1795.3930408933124,-5.340797000960152,100.0,14.999955976724957,0.0363413856812144,0.0
2.0,199.0,1815.391612902113,-5.2923344980292555,100.0,14.999955980895924,0.0363396640684955,0.0
2.0,200.0,1785.319792640116,-5.365164457265677,100.0,14.999955987201883,0.03633706105908546,0.0
2.0,201.0,1825.2948879415424,-5.268330137608964,100.0,14.999955985196985,0.03633788867209852,0.0
2.0,202.0,1820.5711199724467,-5.279752160278247,100.0,14.99995599189351,0.03633512430158285,0.0
2.0,203.0,1810.6929959900272,-5.3037289754183945,100.0,14.999955977600587,0.03634102426221603,0.0
2.0,204.0,1830.6915680028628,-5.255268138199882,100.0,14.999955981349315,0.036339476921241426,0.0
2.0,205.0,1800.6197477469186,-5.3281005957262995,100.0,14.999955986925263,0.036337175247371976,0.0
2.0,206.0,1840.5948430464014,-5.231265473896663,100.0,14.99995598511681,0.03633792176838006,0.0
2.0,207.0,1835.8710750837283,-5.242690147821572,100.0,14.999955991029477,0.036335480991342685,0.0
2.0,208.0,1825.9929510875875,-5.266661298912613,100.0,14.99995597838467,0.03634070062657621,0.0
2.0,209.0,1845.991523104047,-5.218201957666305,100.0,14.999955981748762,0.036339312039322454,0.0
2.0,210.0,1815.9197028534525,-5.29103662339076,100.0,14.999955986675197,0.036337278474221975,0.0
2.0,211.0,1855.894798151184,-5.194200778601954,100.0,14.999955985046741,0.036337950691771,0.0
2.0,212.0,1851.1710301941791,-5.205627792464908,100.0,14.999955990262901,0.03633579744715922,0.0
2.0,213.0,1841.2929061859045,-5.229593934802934,100.0,14.999955979086087,0.03634041110968087,0.0
2.0,214.0,1861.2914782056137,-5.181135935052349,100.0,14.999955982100483,0.03633916685852031,0.0
2.0,215.0,1831.2196579597442,-5.253972550965015,100.0,14.999955986449455,0.03633737165948227,0.0
2.0,216.0,1871.1947532558997,-5.157136055714276,100.0,14.999955984985542,0.036337975954459374,0.0
2.0,217.0,1866.4709853038935,-5.168565132996971,100.0,14.99995598958329,0.03633607799920396,0.0
2.0,218.0,1856.5928612848984,-5.192526850019736,100.0,14.99995597971293,0.03634015237104854,0.0
2.0,219.0,1876.5914333075173,-5.144070051448389,100.0,14.99995598240999,0.03633903910099682,0.0
2.0,220.0,1846.5196130658169,-5.216908388247784,100.0,14.99995598624596,0.03633745566249469,0.0
2.0,221.0,1886.4947083605573,-5.1200713087324985,100.0,14.999955984932118,0.03633799800745808,0.0
2.0,222.0,1881.7709404129553,-5.131502204020557,100.0,14.999955988981238,0.036336326532991584,0.0
2.0,223.0,1871.8928163844967,-5.155460014746081,100.0,14.999955980272572,0.03633992136901169,0.0
2.0,224.0,1891.8913884097176,-5.107004290135378,100.0,14.999955982682186,0.03633892674425228,0.0
2.0,225.0,1861.8195681716927,-5.179844144191439,100.0,14.999955986062767,0.036337531283773095,0.0
2.0,226.0,1901.7946634651637,-5.083006540723624,100.0,14.999955984885506,0.036338017247690486,0.0
2.0,227.0,1897.0708955214386,-5.094439036383452,100.0,14.999955988448301,0.036336546533004596,0.0
2.0,228.0,1887.1927714846345,-5.118393402125165,100.0,14.999955980771718,0.03633971533701814,0.0
2.0,229.0,1907.1913435121783,-5.069938636338848,100.0,14.999955982921419,0.03633882799334225,0.0
2.0,230.0,1877.1195232773912,-5.142779826961001,100.0,14.999955985898076,0.03633759926703374,0.0
2.0,231.0,1917.0946185697255,-5.045941754374695,100.0,14.999955984844863,0.036338034024287286,0.0
2.0,232.0,1912.3708506294106,-5.057375657566989,100.0,14.99995598797692,0.03633674112221421,0.0
2.0,233.0,1902.492726585253,-5.081326987991126,100.0,14.999955981216457,0.036339531761487916,0.0
2.0,234.0,1922.491298614868,-5.03287307700972,100.0,14.99995598313155,0.036338741256024716,0.0
2.0,235.0,1892.4194783829303,-5.105715443990927,100.0,14.99995598575022,0.03633766030148826,0.0
2.0,236.0,1932.394573674249,-5.00887695203862,100.0,14.999955984809446,0.03633804864417751,0.0
2.0,237.0,1927.67080573693,-5.020312092036207,100.0,14.999955987560314,0.036336913097870925,0.0
2.0,238.0,1917.7926816862996,-5.0442607506216826,100.0,14.999955981612317,0.03633936836116041,0.0
2.0,239.0,1937.791253717758,-4.995807600629108,100.0,14.999955983315992,0.03633866512053967,0.0
2.0,240.0,1907.7194334883263,-5.068651002039443,100.0,14.999955985617653,0.03633771502432298,0.0
2.0,241.0,1947.6945287787385,-4.971812135774645,100.0,14.9999559847786,0.036338061377048106,0.0
2.0,242.0,1942.9707608440501,-4.983248361555283,100.0,14.999955987192424,0.03633706496390346,0.0
2.0,243.0,1933.0926367877273,-5.007194670511098,100.0,14.999955981964309,0.03633922306786289,0.0
2.0,244.0,1953.0912088208245,-4.958742197034543,100.0,14.999955983477784,0.03633859833575279,0.0
2.0,245.0,1923.0193885935948,-5.031586507240305,100.0,14.999955985498952,0.03633776402330128,0.0
2.0,246.0,1962.9944838831987,-4.934747307384046,100.0,14.999955984751752,0.0363380724597407,0.0
2.0,247.0,1958.2707159508172,-4.946184485471505,100.0,14.99995598686782,0.036337198960236294,0.0
2.0,248.0,1948.3925918894938,-4.970128730162069,100.0,14.999955982276969,0.0363390940086319,0.0
2.0,249.0,1968.391163924046,-4.921676857265364,100.0,14.999955983619609,0.036338539793420166,0.0
2.0,250.0,1938.3193436987488,-4.994521965151832,100.0,14.999955985392806,0.03633780783943539,0.0
2.0,251.0,1978.294438987633,-4.89768246844161,100.0,14.999955984728398,0.036338082100146,0.0
2.0,252.0,1973.570671057273,-4.9091204809707945,100.0,14.999955986581652,0.03633731708930749,0.0
2.0,253.0,1963.6925469915604,-4.933062913895194,100.0,14.999955982554406,0.03633897948911831,0.0
2.0,254.0,1983.6911190274027,-4.884611573425202,100.0,14.99995598374384,0.03633848851235451,0.0
2.0,255.0,1953.6192988038,-4.9574573808032305,100.0,14.99995598529801,0.036337846969685096,0.0
2.0,256.0,1993.5943940920451,-4.860617620323365,100.0,14.999955984708096,0.036338090480650106,0.0
2.0,257.0,1988.8706261634552,-4.8720563633075,100.0,14.999955986329589,0.03633742114004339,0.0
2.0,258.0,1978.992502093894,-4.895997207674723,100.0,14.999955982800326,0.036338877978207514,0.0
2.0,259.0,1998.9910741308784,-4.84754633855973,100.0,14.999955983852585,0.03633844362429644,0.0
2.0,260.0,1968.9192539087599,-4.920392758738148,100.0,14.999955985213465,0.036337881869646774,0.0
2.0,261.0,2008.8943491964383,-4.823552764231005,100.0,14.999955984690459,0.036338097761183435,0.0
2.0,262.0,2004.1705812693956,-4.834992146010934,100.0,14.999955986107762,0.03633751270952434,0.0
2.0,263.0,1994.2924571964636,-4.858931598949437,100.0,14.99995598301808,0.036338788093786795,0.0
2.0,264.0,2014.2910292344575,-4.81048114654803,100.0,14.999955983947704,0.03633840436131184,0.0
2.0,265.0,1984.2192090136382,-4.883328103055503,100.0,14.999955985138156,0.036337912956205094,0.0
2.0,266.0,2024.1943043008146,-4.786487901213402,100.0,14.999955984675147,0.03633810408191443,0.0
2.0,267.0,2019.4705363751239,-4.797927841070895,100.0,14.999955985912719,0.03633759322255428,0.0
2.0,268.0,2009.5924122992426,-4.821866076507449,100.0,14.999955983210686,0.03633870858959353,0.0
2.0,269.0,2029.5909843381273,-4.77341599200611,100.0,14.999955984030837,0.03633837004455632,0.0
2.0,270.0,1999.519164118444,-4.846263417447651,100.0,14.999955985071164,0.036337940610123465,0.0
2.0,271.0,2039.4942594051763,-4.749423032185513,100.0,14.999955984661861,0.03633810956563056,0.0
2.0,272.0,2034.770491480666,-4.760863459104222,100.0,14.999955985741382,0.03633766394932911,0.0
2.0,273.0,2024.8923674022062,-4.78480063034393,100.0,14.999955983380865,0.03633863834307921,0.0
2.0,274.0,2044.8909394418768,-4.736350870201237,100.0,14.999955984103442,0.03633834007426236,0.0
2.0,275.0,2014.8191192231857,-4.809198705235929,100.0,14.999955985011646,0.036337965178556274,0.0
2.0,276.0,2054.7942145095253,-4.712358157945012,100.0,14.999955984650345,0.03633811431983817,0.0
2.0,277.0,2050.0704465860435,-4.723799009504215,100.0,14.999955985591011,0.03633772602137935,0.0
2.0,278.0,2040.192322505333,-4.747735251540697,100.0,14.999955983531061,0.036338576344226686,0.0
2.0,279.0,2060.1908945456953,-4.699285776975918,100.0,14.999955984166801,0.03633831392081949,0.0
2.0,280.0,2030.11907432787,-4.772133969403697,100.0,14.999955984958838,0.03633798697746877,0.0
2.0,281.0,2070.0941696138634,-4.675293279186926,100.0,14.999955984640366,0.03633811843861698,0.0
2.0,282.0,2065.3704016912775,-4.686734500574606,100.0,14.999955985459167,0.036337780445949285,0.0
2.0,283.0,2055.4922776086046,-4.710669932156759,100.0,14.999955983663478,0.0363385216852594,0.0
2.0,284.0,2075.490849649574,-4.662220708680478,100.0,14.999955984222044,0.0363382911168322,0.0
2.0,285.0,2045.4190294325037,-4.735069212626965,100.0,14.999955984912043,0.036338006293954825,0.0
2.0,286.0,2085.3941247181924,-4.638228396516463,100.0,14.999955984631729,0.036338122004254444,0.0
2.0,287.0,2079.5673654731618,-6.932524829744214,99.9496095056252,13.1603218701661,-5.0393879360917,-0.11082440154356468
2.0,288.0,2070.041338366328,-7.055499569821425,99.94742797993817,13.89236530717128,-5.247141906505939,-0.11528703799878498
2.0,289.0,2090.790804753435,-4.625155632948396,100.0,14.999955984132063,0.03633832826004709,0.0
2.0,290.0,2060.7189845371267,-4.698004451393963,100.0,14.999955984936834,0.036337996060078925,0.0
2.0,291.0,2100.6940798224637,-4.601163490000616,100.0,14.99995598452764,0.036338164971464075,0.0
2.0,292.0,2091.7217519084875,-14.786817919367767,99.78418515425686,10.829734400884648,-10.376567142145396,-0.20906255246738645
2.0,293.0,2082.775372218614,-14.94095279762236,99.78168772769709,11.092835532816647,-10.094949716375304,-0.20246003490722317
2.0,294.0,2106.090759857232,-4.588090531140562,100.0,14.99995598411069,0.03633833708242553,0.0
2.0,295.0,2076.01893964176,-4.660939694422039,100.0,14.99995598492598,0.03633800054042772,0.0
2.0,296.0,2115.994034926652,-4.564098549615693,100.0,14.99995598447973,0.03633818474703224,0.0
2.0,297.0,2100.7310295298407,-26.91085170500112,99.55874859644761,7.010801832291924,-13.258889891928531,-0.224714267565728
2.0,298.0,2092.1671669420966,-26.78961287160569,99.5625551080836,7.472884337073017,-13.004149134666946,-0.2193284479261464
2.0,299.0,2121.390714961038,-4.551025432899223,100.0,14.999955984143872,0.036338323385284685,0.0
2.0,300.0,2091.318894746367,-4.623874926292917,100.0,14.999955984886567,0.036338016809699655,0.0
2.0,301.0,2131.2939900308174,-4.527033599449836,100.0,14.999955984477232,0.03633818577918399,0.0
2.0,302.0,2106.156792467107,-41.118832297826636,99.34800548537319,3.8433762168550847,-14.498095943615477,-0.18350276682698852
2.0,303.0,2098.0768335253533,-40.79993293536758,99.35529532576338,4.288396173510075,-14.372768936274603,-0.18213007298068246
2.0,304.0,2136.6906700648947,-4.513960355439549,100.0,14.99995598420578,0.03633829783011598,0.0
2.0,305.0,2106.6188498509246,-4.586810138138904,100.0,14.999955984832967,0.036338038935358474,0.0
2.0,306.0,2146.593945134994,-4.489968654093614,100.0,14.9999559844996,0.03633817654560479,0.0
2.0,307.0,2108.90203907009,-56.1338907316719,99.19320565243535,1.7100289263555293,-14.901731579066206,-0.11915123368368954
2.0,308.0,2101.1688213849966,-55.73901340843191,99.20041214090311,1.9298596440099998,-14.874849602500536,-0.1203788079825516
2.0,309.0,2151.990625168821,-4.476895306845524,100.0,14.999955984278568,0.036338267784493616,0.0
2.0,310.0,2121.918804955425,-4.549745326359511,100.0,14.999955984775816,0.03633806252674306,0.0
2.0,311.0,2161.8939002392,-4.452903720682174,100.0,14.999955984531919,0.0363381632046359,0.0
2.0,312.0,2109.9075356685457,-71.38719344307151,99.10472350726661,0.3676536173258379,-14.995388972999205,-0.05603896966430688
2.0,313.0,2102.273936728038,-70.98038044160424,99.11028572358578,0.35831562293862396,-14.995608173174459,-0.05783970073792526
2.0,314.0,2167.290580272823,-4.439830289069096,100.0,14.99995598435068,0.03633823801758439,0.0
2.0,315.0,2137.2187600598686,-4.512680491068687,100.0,14.999955984722193,0.03633808466180236,0.0
2.0,316.0,2177.1938553434397,-4.415838801172162,100.0,14.999955984564377,0.03633814980618058,0.0
2.0,317.0,2109.813532519842,-86.68149458453762,99.07433873986201,-0.49000426313503825,-14.99199302467036,-0.006400808134369876
2.0,318.0,2102.10352750101,-86.27252277420125,99.07815913767655,-0.6075589936066478,-14.987688568645329,-0.007964834326618103
2.0,319.0,2182.5905353768944,-4.402765300255685,100.0,14.999955984415347,0.03633821132340014,0.0
2.0,320.0,2152.518715164261,-4.475615634702106,100.0,14.999955984676157,0.03633810366438781,0.0
2.0,321.0,2192.49381044771,-4.3787738943119265,100.0,14.999955984591374,0.03633813866203688,0.0
2.0,322.0,2109.005265104013,-101.957780046045,99.08561822703827,-1.0561182855226776,-14.96275262043423,0.025459510467165554
2.0,323.0,2101.1718186558987,-101.54181285847032,99.08803596009714,-1.1661001813082779,-14.954585285973016,0.024275331349590708
2.0,324.0,2197.890490481027,-4.3657003364758165,100.0,14.999955984469281,0.036338189060535216,0.0
2.0,325.0,2167.818670268611,-4.438550760888787,100.0,14.99995598463944,0.03633811882082936,0.0
2.0,326.0,2207.7937655520036,-4.341708997197828,100.0,14.999955984610486,0.03633813077271967,0.0
2.0,327.0,2107.7234420158106,-117.20291993347365,99.1204541022122,-1.4302891827155044,-14.931599214329554,0.04022134309150181
2.0,328.0,2099.8064471220214,-116.7799921397955,99.12185141593368,-1.4812451970920961,-14.926632595711643,0.03939566892817938
2.0,329.0,2213.1904455852077,-4.328635392951751,100.0,14.999955984511574,0.03633817160224326,0.0
2.0,330.0,2183.1186253729284,-4.401485873616812,100.0,14.99995598461213,0.03633813009425515,0.0
2.0,331.0,2223.0937206563126,-4.304644106397579,100.0,14.999955984621467,0.03633812624033979,0.0
2.0,332.0,2106.1337220195105,-132.41963087495088,99.16307161246013,-1.6672652081569717,-14.906995215230946,0.04147744870364163
2.0,333.0,2098.1938395216075,-131.99446191587745,99.16378468109889,-1.6653494332222787,-14.907210821599943,0.04094857311006844
2.0,334.0,2228.4904006894267,-4.291570464871131,100.0,14.99995598454284,0.03633815869661794,0.0
2.0,335.0,2198.4185804772223,-4.364420976676036,100.0,14.99995598459329,0.036338137871272276,0.0
2.0,336.0,2238.3936757606293,-4.267579218678579,100.0,14.999955984625378,0.03633812462534661,0.0
2.0,337.0,2104.3551131736,-147.61570207854194,99.2021070258237,-1.8068414064310605,-14.890740946268098,0.03403238370908171
2.0,338.0,2096.431421806994,-147.19246527087233,99.20239987768552,-1.7822623488996774,-14.893703487876287,0.033724396455760516
2.0,339.0,2243.7903557936725,-4.254505547877197,100.0,14.999955984564533,0.03633814974193135,0.0
2.0,340.0,2213.718535581501,-4.32735607333488,100.0,14.999955984581453,0.03633814275784267,0.0
2.0,341.0,2253.693630864948,-4.230514331410227,100.0,14.999955984623922,0.03633812522731908,0.0
2.0,342.0,2102.4696207634966,-162.79900735936218,99.23114292370065,-1.8816736395845453,-14.881491643041976,0.022600711591815658
2.0,343.0,2094.5711338827255,-162.37887729980702,99.23120356037887,-1.8599613713994487,-14.884221176957427,0.022442199401163092
2.0,344.0,2259.090310897936,-4.21744063831774,100.0,14.999955984578477,0.036338143986152434,0.0
2.0,345.0,2229.0184906857708,-4.290291166197946,100.0,14.999955984574983,0.03633814542877663,0.0
2.0,346.0,2268.993585969262,-4.193449442720686,100.0,14.999955984618934,0.0363381272861909,0.0
2.0,347.0,2100.529342033529,-177.9754592030386,99.24814427635945,-1.9182285441859377,-14.87683699950926,0.010960944421363987
2.0,348.0,2092.646489958641,-177.5573116689384,99.24809428584607,-1.909671124342181,-14.877937945518495,0.010894317537062603
2.0,349.0,2274.3902660022104,-4.180375733324469,100.0,14.99995598458653,0.03633814066210072,0.0
2.0,350.0,2244.3184457900356,-4.253226257191021,100.0,14.99995598457232,0.03633814652734241,0.0
2.0,351.0,2284.29354107357,-4.156384551486371,100.0,14.99995598461209,0.03633813011083309,0.0
2.0,352.0,2098.563003668427,-193.14857326749276,99.25427448145996,-1.9350568901243204,-14.874661419429225,0.001577759842050395
2.0,353.0,2090.682983223799,-192.7307889271048,99.2541853189003,-1.9369729444045474,-14.87441203452994,0.0015619461083970188
2.0,354.0,2289.690221106491,-4.143310830782075,100.0,14.999955984590386,0.036338139070681466,0.0
2.0,355.0,2259.6184008943005,-4.21616134762614,100.0,14.999955984572127,0.036338146607104396,0.0
2.0,356.0,2299.5934961778703,-4.119319657222101,100.0,14.999955984604734,0.036338133147712275,0.0
2.0,357.0,2096.5852832388705,-208.3202112987221,99.25251776262074,-1.9414648948545985,-14.873825819588054,-0.004421606382245371
2.0,358.0,2088.7010109172616,-207.90187161915037,99.25242644241101,-1.9467388282504028,-14.873136470019224,-0.004413475538573775
2.0,359.0,2304.9901762107743,-4.10624592923366,100.0,14.999955984591464,0.03633813862444937,0.0
2.0,360.0,2274.9183559985654,-4.179096438308512,100.0,14.999955984573342,0.03633814610632602,0.0
2.0,361.0,2314.893451282164,-4.082254759925493,100.0,14.999955984597811,0.0363381360045285,0.0
2.0,362.0,2094.604940939825,-223.49150671465586,99.24641558717344,-1.9403423653310634,-14.873971301301394,-0.007016649052961172
2.0,363.0,2086.7159029368577,-223.07254413363697,99.24633784502173,-1.9438996930066248,-14.873506815283921,-0.0069999451074934825
2.0,364.0,2320.2901313150574,-4.069181027757177,100.0,14.999955984590889,0.036338138862687046,0.0
2.0,365.0,2290.2183111028303,-4.1420315296570545,100.0,14.999955984575184,0.03633814534528524,0.0
2.0,366.0,2330.19340638645,-4.045189859913963,100.0,14.999955984591905,0.036338138443387326,0.0
2.0,367.0,2092.629592281778,-238.66345209744384,99.23912070932134,-1.9315466418172336,-14.875116122519486,-0.0069218527451071765
2.0,368.0,2084.7384630456795,-238.24421666441168,99.23906103646158,-1.9321548886474353,-14.875037136857765,-0.006903866897549281
2.0,369.0,2335.5900864193404,-4.032116125836857,100.0,14.999955984589471,0.03633813944759078,0.0
2.0,370.0,2305.518266207099,-4.104966621819684,100.0,14.99995598457714,0.03633814453794839,0.0
2.0,371.0,2345.4933614907313,-4.008124957678772,100.0,14.99995598458727,0.03633814035616483,0.0
2.0,372.0,2090.6675444955845,-253.8371220700924,99.23285337289923,-1.9140837349097035,-14.877373980338444,-0.005186993620411766
2.0,373.0,2082.7768560456866,-253.417943154732,99.23281144719937,-1.912876130282905,-14.87752930352322,-0.005170396673078319
2.0,374.0,2350.8900415236203,-3.9950512232448094,100.0,14.999955984587771,0.03633814014930558,0.0
2.0,375.0,2320.8182213113682,-4.067901714772374,100.0,14.9999559845789,0.036338143811099156,0.0
2.0,376.0,2360.793316595009,-3.9710600537688974,100.0,14.999955984583938,0.03633814173206307,0.0
2.0,377.0,2088.728278101489,-269.0137178695322,99.22874117003077,-1.8866100856594192,-14.880883516359455,-0.0028560864139141255
2.0,378.0,2080.8391434142027,-268.5947372337949,99.22871516340554,-1.8849303869463958,-14.881096376351898,-0.002841494765021188
2.0,379.0,2366.189996627899,-3.9579863199409973,100.0,14.999955984586132,0.03633814082568847,0.0
2.0,380.0,2336.1181764156386,-4.03083680839715,100.0,14.999955984580318,0.0363381432258237,0.0
2.0,381.0,2376.093271699283,-3.933995148708836,100.0,14.999955984581776,0.036338142624504736,0.0
2.0,382.0,2086.8230801344457,-284.1946224668062,99.2269535363551,-1.8467565904662702,-14.885882222892603,-0.0007360294984943968
2.0,383.0,2078.93569824709,-283.7758616394224,99.22694136191583,-1.844959592978459,-14.886105050576665,-0.0007235140800888357
2.0,384.0,2381.4899517321774,-3.920921415994711,100.0,14.99995598458474,0.03633814140095394,0.0
2.0,385.0,2351.4181315199125,-3.9937719025384673,100.0,14.999955984581355,0.03633814279794951,0.0
2.0,386.0,2391.393226803557,-3.8969302429484873,100.0,14.99995598458057,0.03633814312188605,0.0
2.0,387.0,2084.966676768464,-299.38155932033214,99.2270082406391,-1.7899254424111246,-14.892822647407796,0.0007095539521990956
2.0,388.0,2077.0814691883784,-298.9630633805831,99.2270076682917,-1.7872555016703253,-14.893143296624114,0.0007197008815668129
2.0,389.0,2396.7899068364522,-3.8838565115272066,100.0,14.99995598458366,0.03633814184587445,0.0
2.0,390.0,2366.7180866241865,-3.9567069970401776,100.0,14.999955984582039,0.03633814251547234,0.0
2.0,391.0,2406.6931819078304,-3.8598653368398317,100.0,14.99995598458008,0.03633814332452116,0.0
2.0,391.1,2083.1802721381587,-314.5768632642913,99.22812718561651,-1.7076970068491315,-14.90247526741908,0.0013552716068505187
3.0,0.0,2075.2989116203867,-314.1588159654195,99.22813543849162,-1.702458946104276,-14.903074571412608,0.001362257111880267
3.0,1.0,2412.089861940726,-3.8467916066730625,100.0,14.999955984582899,0.03633814216102072,0.0
3.0,2.0,2382.0180417284605,-3.9196420917666392,100.0,14.999955984582435,0.0363381423521237,0.0
3.0,3.0,2421.9931370121,-3.8228004306336167,100.0,14.99995598458007,0.036338143328442686,0.0
3.0,4.0,2081.4966592798855,-329.7838396468147,99.22954405028942,-1.58517255115709,-14.916005705643071,0.0013312706144174922
3.0,5.0,2073.623188067063,-329.36665329910534,99.22955730967377,-1.5742254503447142,-14.917165027318061,0.0013338837905006442
3.0,6.0,2427.389817045,-3.809726701556806,100.0,14.999955984582407,0.036338142363634786,0.0
3.0,7.0,2397.3179968327345,-3.88257718661203,100.0,14.999955984582618,0.03633814227701256,0.0
3.0,8.0,2437.293092116373,-3.785735524489232,100.0,14.999955984580344,0.036338143215613676,0.0
3.0,9.0,2079.969264785105,-345.00714861757706,99.2307055855882,-1.3955147757084718,-14.934943511537188,0.0009044183720440849
3.0,10.0,2072.112542851468,-344.5915974381558,99.23071872291497,-1.3719103441822704,-14.937130286472069,0.0009013792524619124
3.0,11.0,2442.689772149274,-3.7726617962810614,100.0,14.999955984582131,0.03633814247811247,0.0
3.0,12.0,2412.6179519370085,-3.845512281501651,100.0,14.999955984582657,0.03633814226077092,0.0
3.0,13.0,2452.593047220647,-3.7486706184917393,100.0,14.999955984580746,0.03633814304944265,0.0
3.0,14.0,2078.689609412265,-360.2528593057526,99.23135010437265,-1.088080726318885,-14.960483956140266,0.0003620538919861411
3.0,15.0,2070.8702107102986,-359.840251856669,99.23135689851321,-1.0340286544533717,-14.96431704480001,0.0003528133180696186
3.0,16.0,2457.989727253548,-3.7355968909227215,100.0,14.999955984582003,0.036338142529694445,0.0
3.0,17.0,2427.9179070412824,-3.808447376388465,100.0,14.999955984582613,0.03633814227887937,0.0
3.0,18.0,2467.893002324921,-3.7116057126713624,100.0,14.99995598458117,0.036338142874230046,0.0
3.0,19.0,2077.820958935983,-375.5235235934204,99.2314823816062,-0.5731435519189916,-14.989046215959064,-6.882588630994139e-05
3.0,20.0,2070.085024531711,-375.1032151412868,99.23148196315238,-0.45501879096585074,-14.993097008108524,-7.290524248733821e-05
3.0,21.0,2473.289682357822,-3.6985319855341707,100.0,14.999955984581979,0.03633814254076961,0.0
3.0,22.0,2443.2178621455564,-3.7713824712473687,100.0,14.999955984582531,0.03633814231292218,0.0
3.0,23.0,2483.192957429195,-3.6745408070221113,100.0,14.99995598458155,0.03633814271717829,0.0
3.0,24.0,2077.6348261110425,-390.7964868146741,99.2312872763903,0.2794755666471156,-14.997396218373927,-0.0002770391584682709
3.0,25.0,2070.096568938917,-390.3510395182599,99.231282977294,0.5788079044430039,-14.988828550956928,-0.0002824407169998995
3.0,26.0,2488.589637462096,-3.6614670801472124,100.0,14.999955984582005,0.03633814252914091,0.0
3.0,27.0,2458.5178172498304,-3.7343175660689325,100.0,14.99995598458244,0.0363381423504774,0.0
3.0,28.0,2498.492912533469,-3.6374759015175733,100.0,14.999955984581854,0.036338142591764246,0.0
3.0,29.0,2078.572082292726,-406.02356999755136,99.23098468572418,1.6584544725526946,-14.908035708229283,-0.00029091334253441794
3.0,30.0,2071.5128128261454,-405.50042150504714,99.23097353235038,2.3314229571747522,-14.81770788295974,-0.0003000521843905713
3.0,31.0,2503.88959256637,-3.624402174778042,100.0,14.999955984582058,0.03633814250764135,0.0
3.0,32.0,2473.8177723541044,-3.6972526608536938,100.0,14.999955984582359,0.0363381423842303,0.0
3.0,33.0,2513.792867637743,-3.600410996122978,100.0,14.999955984582073,0.03633814250154336,0.0
3.0,34.0,2081.1478333157793,-421.06512284102746,99.2307357489267,3.395097268097034,-14.610726008845726,-0.00018600844042018414
3.0,35.0,2074.8808046986837,-420.3426159545042,99.23071599904537,4.16120089452585,-14.41125973250004,-0.00019447411008034266
3.0,36.0,2519.189547670644,-3.587337269432136,100.0,14.999955984582115,0.03633814248457623,0.0
3.0,37.0,2489.1177274583783,-3.6601877556075553,100.0,14.999955984582293,0.03633814241075925,0.0
3.0,38.0,2529.092822742017,-3.5633460908034427,100.0,14.999955984582215,0.03633814244373825,0.0
3.0,39.0,2085.268411106542,-435.7876205050083,99.23061488883279,4.49421899330673,-14.310904780526197,-5.397722599491959e-05
3.0,40.0,2079.4398577326997,-434.88903635554584,99.2305877287153,4.534301507161804,-14.298255482347614,-6.0552418758163296e-05
3.0,41.0,2534.489502774918,-3.550272364108452,100.0,14.999955984582163,0.03633814246458476,0.0
3.0,42.0,2504.4176825626523,-3.623122850338453,100.0,14.999955984582249,0.036338142429298635,0.0
3.0,43.0,2544.3927778462908,-3.5262811855288487,100.0,14.99995598458229,0.03633814241223412,0.0
3.0,44.0,2089.8922517867063,-450.36446548701593,99.2306116338219,4.393430261325725,-14.34216756761029,3.8143936652875775e-05
3.0,45.0,2083.7118084405924,-449.5232627755167,99.23058000853851,3.7753387306953217,-14.517121528291522,3.642353679863356e-05
3.0,46.0,2549.789457879192,-3.513207458802668,100.0,14.999955984582199,0.03633814244962937,0.0
3.0,47.0,2519.7176376669263,-3.5860579450542165,100.0,14.999955984582222,0.036338142440661164,0.0
3.0,48.0,2559.6927329505647,-3.4892162802760294,100.0,14.99995598458232,0.03633814239981727,0.0
3.0,49.0,2093.9397932022853,-465.08773379107066,99.23067314461524,3.467651735570404,-14.59367641944111,7.378414228991804e-05
3.0,50.0,2087.0482352801323,-464.4033609612581,99.23064261907398,2.794060220394127,-14.737476971272947,7.752841674668708e-05
3.0,51.0,2565.089412983466,-3.4761425535094235,100.0,14.999955984582224,0.03633814243992567,0.0
3.0,52.0,2535.0175927712003,-3.5489930397614056,100.0,14.999955984582206,0.03633814244640336,0.0
3.0,53.0,2574.9926880548387,-3.452151375029081,100.0,14.99995598458232,0.03633814239965542,0.0
3.0,54.0,2096.8540803869732,-480.0555627032503,99.23074686315213,2.2570031624016442,-14.829225762682006,6.570595324283031e-05
3.0,55.0,2089.4232773560175,-479.46843805845566,99.23072189829952,1.891698848332658,-14.880237748839004,7.241261788654836e-05
3.0,56.0,2580.38936808774,-3.4390776482236967,100.0,14.999955984582234,0.03633814243471171,0.0
3.0,57.0,2550.3175478754742,-3.5119281344648696,100.0,14.999955984582202,0.03633814244824985,0.0
3.0,58.0,2590.2926431591127,-3.4150864697784993,100.0,14.999955984582305,0.03633814240611798,0.0
3.0,59.0,2098.5633717641986,-495.19619755703656,99.23079948775042,1.1425558831268925,-14.956422234365432,3.6214524692007415e-05
3.0,60.0,2090.9106562465695,-494.64031684928807,99.23078173243239,1.0407871449786805,-14.9638485062157,4.328140906973256e-05
3.0,61.0,2595.689323192014,-3.4020127429414866,100.0,14.99995598458224,0.036338142432818514,0.0
3.0,62.0,2565.617502979748,-3.4748632291677692,100.0,14.999955984582202,0.03633814244774792,0.0
3.0,63.0,2605.5925982633867,-3.378021564519762,100.0,14.999955984582282,0.0363381424150859,0.0
3.0,64.0,2099.251332321003,-510.40740278179925,99.23082004203314,0.2496483457471625,-14.997922379564349,5.340444032317664e-06
3.0,65.0,2091.5507429378595,-509.86032506477426,99.23080892125263,0.23031779801022373,-14.998231686162049,1.1154641248761022e-05
3.0,66.0,2610.989278296288,-3.364947837660029,100.0,14.999955984582238,0.03633814243304732,0.0
3.0,67.0,2580.917458084022,-3.437798323871849,100.0,14.999955984582208,0.036338142446103484,0.0
3.0,68.0,2620.8925533676606,-3.340956659251781,100.0,14.999955984582261,0.03633814242391297,0.0
3.0,69.0,2099.131544782433,-525.6220681143054,99.23081393382967,-0.4609286481415418,-14.992916486831152,-1.5134677245516479e-05
3.0,70.0,2091.407459166477,-525.0802769221892,99.23080783628963,-0.4938190995754686,-14.991869219572735,-1.1050623392000875e-05
3.0,71.0,2626.289233400562,-3.327882932377697,100.0,14.999955984582234,0.03633814243438213,0.0
3.0,72.0,2596.217413188296,-3.4007334185778224,100.0,14.999955984582211,0.03633814244414428,0.0
3.0,73.0,2636.1925084719346,-3.303891753975513,100.0,14.999955984582243,0.03633814243118517,0.0
3.0,74.0,2098.3558682669423,-540.8041381856184,99.23079399900222,-1.0533171349332482,-14.962971730668016,-2.204127581448133e-05
3.0,75.0,2090.589128400295,-540.2650354009962,99.23079122126508,-1.1000023021058642,-14.95961212515155,-1.950787850310097e-05
3.0,76.0,2641.589188504836,-3.290818027093768,100.0,14.99995598458223,0.03633814243607735,0.0
3.0,77.0,2611.51736829257,-3.3636685132857345,100.0,14.999955984582217,0.036338142442359576,0.0
3.0,78.0,2651.4924635762086,-3.266826848692865,100.0,14.99995598458223,0.03633814243639616,0.0
3.0,79.0,2097.026137558056,-555.9334460393444,99.23077292303263,-1.5596120747034194,-14.918700016291865,-1.8230824744343396e-05
3.0,80.0,2089.21529605575,-555.3947678109929,99.23077207568907,-1.5962343932989884,-14.914826038588739,-1.6874431861919047e-05
3.0,81.0,2656.88914360911,-3.253753121808137,100.0,14.999955984582227,0.036338142437662854,0.0
3.0,82.0,2626.817323396844,-3.326603607995272,100.0,14.99995598458222,0.0363381424409763,0.0
3.0,83.0,2666.7924186804826,-3.229761943405939,100.0,14.999955984582224,0.036338142439622134,0.0
3.0,84.0,2095.2246725514965,-570.9989129884126,99.2307588594583,-1.9897482047470239,-14.867444369548576,-9.185499021569712e-06
3.0,85.0,2087.385389806184,-570.4604567713229,99.2307589496477,-2.0089055936194082,-14.864867921237993,-8.62037291915098e-06
3.0,86.0,2672.189098713384,-3.2166882165210544,100.0,14.999955984582224,0.036338142438900926,0.0
3.0,87.0,2642.117278501118,-3.2895387027059897,100.0,14.999955984582224,0.03633814244004342,0.0
3.0,88.0,2682.0923737847565,-3.192697038116579,100.0,14.99995598458222,0.036338142441245794,0.0
3.0,89.0,2093.02577448044,-585.9960640038316,99.2307543284665,-2.351553044083138,-14.81452659658294,-1.3241763351779157e-07
3.0,90.0,2085.172819437141,-585.4585580714609,99.23075473375211,-2.360169671776748,-14.813156284884908,-2.2628390298012566e-08
3.0,91.0,2687.489053817658,-3.1796233112329215,100.0,14.999955984582224,0.03633814243972334,0.0
3.0,92.0,2657.417233605392,-3.252473797417449,100.0,14.999955984582224,0.036338142439507407,0.0
3.0,93.0,2697.3923288890305,-3.155632132826176,100.0,14.999955984582218,0.03633814244175132,0.0
3.0,94.0,2090.4936201935025,-600.9247068563681,99.23075745876822,-2.6567052447348387,-14.762855998842722,5.6373459262340184e-06
3.0,95.0,2082.6334821314517,-600.3883835391001,99.23075785471622,-2.6623995423549927,-14.76183012626948,5.541732771941431e-06
3.0,96.0,2702.789008921932,-3.1425584059441483,100.0,14.999955984582222,0.036338142440167365,0.0
3.0,97.0,2672.717188709666,-3.215408892129294,100.0,14.999955984582224,0.03633814243927,0.0
3.0,98.0,2712.6922839933045,-3.1185672275356313,100.0,14.99995598458222,0.036338142441594196,0.0
3.0,99.0,2087.6798025717503,-615.7867214644314,99.23076425957449,-2.917321135655454,-14.713573236688854,7.175868953007631e-06
3.0,100.0,2079.813767160878,-615.2512363316922,99.23076452530266,-2.9226656698213813,-14.712512544851004,7.030159023258102e-06
3.0,101.0,2718.0889640262058,-3.105493500655078,100.0,14.999955984582222,0.036338142440322296,0.0
3.0,102.0,2688.01714381394,-3.178343986841273,100.0,14.999955984582224,0.03633814243922682,0.0
3.0,103.0,2727.9922390975785,-3.081502322245427,100.0,14.99995598458222,0.036338142441133266,0.0
3.0,104.0,2084.624847729082,-630.58478494159,99.23077079019015,-3.1426442641832213,-14.667098793857203,5.37007122241099e-06
3.0,105.0,2076.753492508103,-630.0497822471433,99.23077091923794,-3.1470707227773356,-14.666149660555432,5.2505701377190875e-06
3.0,106.0,2733.3889191304797,-3.068428595365954,100.0,14.999955984582222,0.03633814244029005,0.0
3.0,107.0,2703.317098918214,-3.141279081553235,100.0,14.999955984582224,0.03633814243928902,0.0
3.0,108.0,2743.2921942018525,-3.0444374169557396,100.0,14.999955984582222,0.03633814244061096,0.0
3.0,109.0,2081.3614619509026,-645.321933413555,99.23077455304045,-3.338883933230348,-14.623674438403372,2.011064929250793e-06
3.0,110.0,2073.48615592862,-644.7873228905256,99.2307745863933,-3.341749992627262,-14.623019762920787,1.94047679436996e-06
3.0,111.0,2748.6888742347537,-3.0313636900769185,100.0,14.999955984582222,0.03633814244016108,0.0
3.0,112.0,2718.617054022488,-3.1042141762651094,100.0,14.999955984582224,0.03633814243939209,0.0
3.0,113.0,2758.5921493061264,-3.0073725116665546,100.0,14.999955984582222,0.03633814244016295,0.0
3.0,114.0,2077.916957288007,-660.0014070657064,99.2307749197729,-3.510583167000438,-14.583408580560716,-1.1225283480962962e-06
3.0,115.0,2070.0392443947826,-659.4672455194864,99.23077490485167,-3.5121580207230214,-14.583029384783863,-1.1503467466042203e-06
3.0,116.0,2763.9888293390277,-2.9942987847880342,100.0,14.999955984582224,0.03633814244000302,0.0
3.0,117.0,2733.917009126762,-3.0671492709768753,100.0,14.999955984582224,0.036338142439495784,0.0
3.0,118.0,2773.8921044104004,-2.970307606377763,100.0,14.999955984582224,0.03633814243984349,0.0
3.0,119.0,2074.314369354129,-674.6264730828394,99.23077276815036,-3.6616312220329594,-14.546217954981463,-2.88328600815333e-06
3.0,120.0,2066.435260668906,-674.0927825093371,99.23077273991979,-3.662558112341285,-14.545984603103179,-2.884613050997046e-06
3.0,121.0,2779.2887844433017,-2.957233879499308,100.0,14.999955984582224,0.036338142439858376,0.0
3.0,122.0,2749.216964231036,-3.030084365688544,100.0,14.999955984582224,0.03633814243957984,0.0
3.0,123.0,2789.1920595146744,-2.9332427010892297,100.0,14.999955984582224,0.03633814243965391,0.0
3.0,124.0,2070.572965964597,-689.200238269069,99.23076970024657,-3.7954897404483634,-14.511866097443924,-2.9721637967770664e-06
3.0,125.0,2062.692906286482,-688.6669613675975,99.23076967720007,-3.796180285456327,-14.511685472070567,-2.9624296106633994e-06
3.0,126.0,2794.5887395475756,-2.9201689742107124,100.0,14.999955984582224,0.03633814243974789,0.0
3.0,127.0,2764.51691933531,-2.993019460400141,100.0,14.999955984582224,0.03633814243963804,0.0
3.0,128.0,2804.4920146189484,-2.8961777958008343,100.0,14.999955984582224,0.036338142439567934,0.0
3.0,129.0,2066.7087417557914,-703.7255373147145,99.23076723245975,-3.915083347358277,-14.480059474437066,-1.8041072477943758e-06
3.0,130.0,2058.8279305940814,-703.192591882096,99.2307672201466,-3.9156270770201673,-14.479912451175363,-1.793441637772873e-06
3.0,131.0,2809.8886946518496,-2.8831040689222096,100.0,14.999955984582224,0.036338142439676285,0.0
3.0,132.0,2779.816874439584,-2.955954555111691,100.0,14.999955984582224,0.03633814243967237,0.0
3.0,133.0,2819.7919697232223,-2.8591128905124883,100.0,14.999955984582224,0.03633814243955044,0.0
3.0,134.0,2062.7350006145616,-718.2049083308958,99.2307662425676,-4.022768451613913,-14.450513277551762,-1.6531462362406016e-07
3.0,135.0,2054.8536217076316,-717.6722357950811,99.23076623928254,-4.023136451131243,-14.450410827916938,-1.5825356681949683e-07
3.0,136.0,2825.1886497561236,-2.846039163633762,100.0,14.999955984582224,0.03633814243963887,0.0
3.0,137.0,2795.116829543858,-2.9188896498232157,100.0,14.999955984582224,0.03633814243968846,0.0
3.0,138.0,2835.091609066708,-2.822048750170418,100.0,14.999955984582222,0.03633814243956959,0.0
3.0,139.0,2058.664834248168,-732.6337359094465,99.23076679528278,-4.106910380056437,-14.375335506081838,1.165979499906421e-06
3.0,140.0,2050.782864942816,-732.1021005093683,99.23076679695188,-4.1078996525185065,-14.37821620114018,1.1690116248215635e-06
3.0,141.0,2840.4886048603976,-2.8089742583453385,100.0,14.999955984582224,0.03633814243962646,0.0
3.0,142.0,2810.416784648132,-2.8818247445347307,100.0,14.999955984582224,0.036338142439692724,0.0
3.0,143.0,2850.3818585414933,-2.7850073572541563,100.0,14.999955984582222,0.03633814243960088,0.0
3.0,144.0,2054.547675744057,-746.8744919221997,99.23076829932607,-4.114819497317564,-14.068528310598083,1.688485611537604e-06
3.0,145.0,2046.6646611061233,-746.3469059582552,99.23076830256572,-4.115726023832854,-14.073307732742329,1.6888446444450387e-06
3.0,146.0,2855.7885599646715,-2.7719093530569197,100.0,14.999955984582224,0.036338142439629385,0.0
3.0,147.0,2825.716739752406,-2.844759839246245,100.0,14.999955984582224,0.036338142439690496,0.0
3.0,148.0,2865.657793992198,-2.7480006407760107,100.0,14.999955984582224,0.03633814243963083,0.0
3.0,149.0,2050.457795981782,-760.7056112472419,99.23076988108103,-4.054860867195346,-13.5658358353651,1.3511124629950955e-06
3.0,150.0,2042.5741849933347,-760.1829771520676,99.23076988394521,-4.055157450736549,-13.570792859721884,1.3502127970643296e-06
3.0,151.0,2871.0885150689455,-2.7348444477684932,100.0,14.999955984582224,0.036338142439639495,0.0
3.0,152.0,2841.01669485668,-2.8076949339577633,100.0,14.999955984582224,0.036338142439685764,0.0
3.0,153.0,2880.919979137048,-2.711027235100431,100.0,14.999955984582224,0.036338142439653366,0.0
3.0,154.0,2046.455831567012,-773.9588664036355,99.23077082624425,-3.941220488787723,-12.920941827422158,4.930062481890068e-07
3.0,155.0,2038.5720998185582,-773.4409908698393,99.23077082802244,-3.9412457096995603,-12.925446798204925,4.918593114562221e-07
3.0,156.0,2886.3884701732195,-2.697779542480055,100.0,14.999955984582224,0.03633814243965119,0.0
3.0,157.0,2856.316649960954,-2.770630028669286,100.0,14.999955984582224,0.036338142439680796,0.0
3.0,158.0,2896.168955493789,-2.674085828373651,100.0,14.999955984582222,0.03633814243966812,0.0
3.0,159.0,2042.5893232815033,-786.5160846416569,99.23077085920531,-3.785483880770124,-12.182130405627927,-3.9244269832201205e-07
3.0,160.0,2034.7053665120416,-786.001789052649,99.23077085994477,-3.7860033511121554,-12.184476838312536,-3.9332468719429526e-07
3.0,161.0,2901.6884252774935,-2.6607146371916053,100.0,14.999955984582224,0.036338142439661256,0.0
3.0,162.0,2871.6166050652278,-2.733565123380814,100.0,14.999955984582224,0.0363381424396767,0.0
3.0,163.0,2911.4052432539847,-2.637175160405631,100.0,14.999955984582224,0.036338142439676716,0.0
3.0,164.0,2038.89553830032,-798.3057411071532,99.23077016729172,-3.597667729184252,-11.390797546524347,-9.090542232179016e-07
3.0,165.0,2031.011007651331,-797.7930115508093,99.23077016734827,-3.5981692340061944,-11.391782244161833,-9.095379994825206e-07
3.0,166.0,2916.9883803817675,-2.623649731903147,100.0,14.999955984582224,0.036338142439668555,0.0
3.0,167.0,2886.9165601695017,-2.6965002180923454,100.0,14.999955984582224,0.03633814243967395,0.0
3.0,168.0,2926.629342122897,-2.6002940206354275,100.0,14.999955984582222,0.036338142439679956,0.0
3.0,169.0,2035.4012368854283,-809.2889216156976,99.23076921574904,-3.3880382318177005,-10.573009977585745,-9.108373502191502e-07
3.0,170.0,2027.5164132523441,-808.7768582940953,99.23076921549546,-3.3881167943351405,-10.573439673180133,-9.109945903839563e-07
3.0,171.0,2932.2883354860414,-2.5865848266146823,100.0,14.999955984582224,0.03633814243967282,0.0
3.0,172.0,2902.2165152737757,-2.659435312803879,100.0,14.999955984582224,0.03633814243967246,0.0
3.0,173.0,2941.8417321262773,-2.5634412461766907,100.0,14.999955984582222,0.03633814243968003,0.0
3.0,174.0,2032.1239589151114,-819.4498120443633,99.23076848126372,-3.164872897733298,-9.74922549301616,-5.109178671963729e-07
3.0,175.0,2024.2391993745973,-818.938045775798,99.23076848095957,-3.1647226022005084,-9.749421088662983,-5.108847317192869e-07
3.0,176.0,2947.5882905903154,-2.549519921326216,100.0,14.999955984582224,0.03633814243967483,0.0
3.0,177.0,2917.5164703780497,-2.6223704075154126,100.0,14.999955984582224,0.03633814243967186,0.0
3.0,178.0,2957.0428743853918,-2.5266157199401276,100.0,14.999955984582224,0.03633814243967858,0.0
3.0,179.0,2029.073698732024,-828.7907300858548,99.23076823942658,-2.9350431064724405,-8.935389018866312,2.5640593548894804e-08
3.0,180.0,2021.1890767520779,-828.2790979332832,99.23076823919911,-2.934949721125595,-8.935474511095533,2.574437409353996e-08
3.0,181.0,2962.8882456945894,-2.512455016037746,100.0,14.999955984582224,0.036338142439675473,0.0
3.0,182.0,2932.8164254823237,-2.585305502226946,100.0,14.999955984582224,0.036338142439671706,0.0
3.0,183.0,2972.2332118615213,-2.489816368829916,100.0,14.999955984582222,0.036338142439676854,0.0
3.0,184.0,2026.2542087013267,-837.3280064080978,99.23076848781612,-2.704163427125639,-8.143698482839175,4.3222399159373136e-07
3.0,185.0,2018.3696168338738,-836.816429717665,99.23076848769495,-2.704188283779496,-8.143730820827635,4.3232442195599097e-07
3.0,186.0,2978.1882007988634,-2.475390110749276,100.0,14.999955984582224,0.03633814243967499,0.0
3.0,187.0,2948.1163805865976,-2.54824059693848,100.0,14.999955984582224,0.03633814243967187,0.0
3.0,188.0,2987.413170071143,-2.45304216201114,100.0,14.999955984582224,0.03633814243967534,0.0
3.0,189.0,2023.664250008367,-845.0885689148967,99.23076900857322,-2.476612420857295,-7.3832483441220935,5.584619780481832e-07
3.0,190.0,2015.779610325915,-844.5770119923424,99.23076900853665,-2.4766662115109166,-7.38325936515592,5.585285127686916e-07
3.0,191.0,2993.4881559031373,-2.4383252054608096,100.0,14.999955984582224,0.03633814243967452,0.0
3.0,192.0,2963.4163356908716,-2.5111756916500134,100.0,14.999955984582224,0.03633814243967206,0.0
3.0,193.0,3002.583157772945,-2.416292109245466,100.0,14.999955984582224,0.03633814243967427,0.0
3.0,194.0,2021.298770636208,-852.1071162808247,99.23076951203805,-2.255672260255497,-6.660567587784746,4.10753016641044e-07
3.0,195.0,2013.414094004654,-851.5955667360265,99.23076951204945,-2.255688032842468,-6.660572766659495,4.1078355832247277e-07
3.0,196.0,3008.7881110074113,-2.401260300172343,100.0,14.999955984582224,0.03633814243967429,0.0
3.0,197.0,2978.7162907951456,-2.474110786361547,100.0,14.999955984582224,0.0363381424396722,0.0
3.0,198.0,3017.743567627786,-2.379565259292354,100.0,14.99995598458222,0.036338142439673524,0.0
3.0,199.0,2019.14989058765,-858.4237851809266,99.23076978024031,-2.0437545769923133,-5.980072821138158,1.147643138870786e-07
3.0,200.0,2011.265216272856,-857.9122399644069,99.23076978026852,-2.0437394459565734,-5.980076453723588,1.1476960804975429e-07
3.0,201.0,3024.0880661116853,-2.3641953948838768,100.0,14.999955984582224,0.03633814243967415,0.0
3.0,202.0,2994.0162458994196,-2.4370458810730806,100.0,14.999955984582224,0.03633814243967224,0.0
3.0,203.0,3032.894776832662,-2.342860698373244,100.0,14.999955984582224,0.03633814243967318,0.0
3.0,204.0,2017.2076695504913,-864.0822366923001,99.2307697470651,-1.8425943507696676,-5.344456210295861,-1.663126380662456e-07
3.0,205.0,2009.3230118694778,-863.5706943406819,99.23076974709139,-1.8425805986980606,-5.34445823554582,-1.6631984828100726e-07
3.0,206.0,3039.3880212159593,-2.3271304895954104,100.0,14.999955984582224,0.036338142439674107,0.0
3.0,207.0,3009.3162010036935,-2.3999809757846142,100.0,14.999955984582224,0.03633814243967229,0.0
3.0,208.0,3048.037147729711,-2.306177548696213,100.0,14.99995598458222,0.036338142439672975,0.0
3.0,209.0,2015.4607173023137,-869.1281032193651,99.23076949378795,-1.653372200158476,-4.75501981744535,-3.119534631537238e-07
3.0,210.0,2007.5760664074314,-868.6165620712683,99.23076949380493,-1.653372217136208,-4.755020300622857,-3.1196369361090594e-07
3.0,211.0,3054.6879763202332,-2.290065584306944,100.0,14.999955984582224,0.03633814243967407,0.0
3.0,212.0,3024.6161561079675,-2.362916070496148,100.0,14.999955984582224,0.03633814243967232,0.0
3.0,213.0,3063.1710283912266,-2.2695149670387442,100.0,14.999955984582224,0.036338142439672885,0.0
3.0,214.0,2013.8967045300828,-873.6077452169427,99.23076918066796,-1.476798962468109,-4.211961487273348,-2.879570420540491e-07
3.0,215.0,2006.0120496960371,-873.0962041395054,99.23076918067548,-1.476804878218746,-4.211961310458998,-2.87965261962241e-07
3.0,216.0,3069.987931424507,-2.2530006790184776,100.0,14.999955984582224,0.03633814243967406,0.0
3.0,217.0,3039.9161112122415,-2.3258511652076814,100.0,14.999955984582224,0.03633814243967236,0.0
3.0,218.0,3078.296753181641,-2.2328721433863072,100.0,14.999955984582224,0.03633814243967287,0.0
3.0,219.0,2012.502792070786,-877.5672712163652,99.23076895887829,-1.31319752353178,-3.7146163434319934,-1.4241709298540715e-07
3.0,220.0,2004.618132448518,-877.0557299677105,99.23076895887932,-1.313200333774054,-3.714616249578753,-1.424217946085971e-07
3.0,221.0,3085.2818726681808,-2.215950342607633,100.0,14.999955984582224,0.03633814243967374,0.0
3.0,222.0,3055.2160663165155,-2.288786259919215,100.0,14.999955984582224,0.03633814243967243,0.0
3.0,223.0,3093.41458038975,-2.196248452021394,100.0,14.999955984582222,0.03633814243967279,0.0
3.0,224.0,2011.2659770302005,-881.0517793363684,99.23076890592033,-1.1625857643932624,-3.2616592357098915,3.36679560955649e-08
3.0,225.0,2003.38131681284,-880.5402381087011,99.23076890591827,-1.1625845737271316,-3.261659350771276,3.3666275400067435e-08
3.0,226.0,3100.558340150897,-2.1789423372553127,100.0,14.999955984582222,0.03633814243967335,0.0
3.0,227.0,3070.5160214207895,-2.2517213546307486,100.0,14.999955984582224,0.03633814243967251,0.0
3.0,228.0,3108.5245027658275,-2.1596439105068286,100.0,14.999955984582222,0.03633814243967277,0.0
3.0,229.0,2010.1733602284824,-884.1047841319348,99.23076900777845,-1.0247491324070168,-2.8512738734024876,1.5597240443452647e-07
3.0,230.0,2002.2887017718786,-883.5932430439739,99.23076900777575,-1.0247473690752977,-2.851274003965955,1.5597255355567816e-07
3.0,231.0,3115.8172627811296,-2.14197683518429,100.0,14.999955984582224,0.03633814243967314,0.0
3.0,232.0,3085.8159765250634,-2.2146564493422822,100.0,14.999955984582224,0.03633814243967256,0.0
3.0,233.0,3123.626488529064,-2.123058595833207,100.0,14.999955984582222,0.036338142439672705,0.0
3.0,234.0,2009.2123490751471,-886.7677979824606,99.23076918533751,-0.8992972046187333,-2.4812934740244454,1.825146548317573e-07
3.0,235.0,2001.3276917061305,-886.256256975947,99.23076918533536,-0.8992968785021894,-2.48129350209012,1.8251554175842334e-07
3.0,236.0,3131.059178770655,-2.105052532549655,100.0,14.999955984582222,0.036338142439673114,0.0
3.0,237.0,3101.1159316293374,-2.177591544053816,100.0,14.999955984582224,0.03633814243967257,0.0
3.0,238.0,3138.7205215773283,-2.0864925470087483,100.0,14.999955984582222,0.03633814243967257,0.0
3.0,239.0,2008.3708105928688,-889.0800404829578,99.23076934363444,-0.7857078156997477,-2.149316683789514,1.2278460233143527e-07
3.0,240.0,2000.486152986245,-888.5684994656821,99.23076934363326,-0.7857084151869083,-2.1493166478485017,1.2278551907959463e-07
3.0,241.0,3146.28460499269,-2.0681681772002314,100.0,14.999955984582222,0.03633814243967286,0.0
3.0,242.0,3116.4158867336114,-2.1405266387653494,100.0,14.999955984582224,0.03633814243967267,0.0
3.0,243.0,3153.806596449138,-2.049945777264166,100.0,14.999955984582224,0.03633814243967237,0.0
3.0,244.0,2007.818885257644,-890.5886148588731,99.23076942495399,-0.29672572433500777,-0.8109884278291335,4.351386015962793e-08
3.0,245.0,1999.9342272085528,-890.0770738148326,99.23076942495344,-0.29672596303595933,-0.8109884133810137,4.351420294234166e-08
3.0,246.0,3161.494038013954,-2.0313225661783436,100.0,14.999955984582224,0.0363381424396728,0.0
3.0,247.0,3131.7158418378854,-2.103461733476883,100.0,14.999955984582224,0.036338142439672726,0.0
3.0,248.0,3168.884717510794,-2.0134182760218793,100.0,14.999955984582224,0.03633814243967221,0.0
3.0,249.0,2007.7169771417114,-890.8671424550516,99.2307694398985,0.05687141210257596,0.15543666526679903,-8.340005328476994e-09
3.0,250.0,1999.8323190106398,-890.3556014060491,99.23076943989804,0.056871457852740316,0.15543666249772103,-8.34006802935749e-09
3.0,251.0,3176.687955071269,-1.9945145433539593,100.0,14.999955984582222,0.036338142439672774,0.0
3.0,252.0,3147.0157969421593,-2.0663968281884166,100.0,14.999955984582224,0.036338142439672746,0.0
3.0,253.0,3183.954898194486,-1.9769100107417354,100.0,14.999955984582222,0.03633814243967198,0.0
3.0,254.0,2007.8631565629528,-890.4676158576221,99.23076941846175,0.20470628356193338,0.559487814697464,-3.0019506748076194e-08
3.0,255.0,1999.9784985494753,-889.9560748157373,99.23076941846112,0.20470644823791068,0.5594878047300976,-3.0019733825173665e-08
3.0,256.0,3191.866814995807,-1.9577429971856461,100.0,14.999955984582224,0.036338142439672615,0.0
3.0,257.0,3162.3157520464333,-2.0293319228999502,100.0,14.999955984582224,0.036338142439672746,0.0
3.0,258.0,3199.017160284351,-1.940420928650576,100.0,14.99995598458222,0.03633814243967207,0.0
3.0,259.0,2008.0363151168046,-889.9887958772837,99.23076936325643,0.1167503801990476,0.33252119465582003,-8.597130196314112e-08
3.0,260.0,2000.1516571720408,-889.4772548392754,99.2307693632557,0.11675031532622415,0.33252119924428647,-8.597121411483973e-08
3.0,261.0,3207.031059087941,-1.921006858601219,100.0,14.999955984582224,0.0363381424396725,0.0
3.0,262.0,3177.6157071507073,-1.9922670176114838,100.0,14.999955984582224,0.03633814243967279,0.0
3.0,263.0,3214.0715332476266,-1.9039509583625454,100.0,14.999955984582222,0.036338142439671955,0.0
3.0,264.0,2008.101602460021,-889.7900289708726,99.23076926318828,0.01773107402350784,0.07507349954600397,-1.0463519852209179e-07
3.0,265.0,2000.216944393957,-889.278487924739,99.23076926318771,0.017730939787358915,0.07507350841724654,-1.0463494076636447e-07
3.0,266.0,3222.1811119454387,-1.8843050989913792,100.0,14.999955984582222,0.03633814243967241,0.0
3.0,267.0,3192.9156622549813,-1.9552021123230174,100.0,14.999955984582224,0.036338142439672844,0.0
3.0,268.0,3229.1180536082275,-1.8675000113966378,100.0,14.999955984582222,0.03633814243967177,0.0
3.0,269.0,2008.0789685110449,-889.8201221131914,99.23076917097393,-0.05969856006966726,-0.12675324772700847,-7.307680130561935e-08
3.0,270.0,2000.1943103548253,-889.3085810610996,99.23076917097364,-0.05969859597537688,-0.12675324532816187,-7.307655369028812e-08
3.0,271.0,3237.317382247644,-1.8476367283100088,100.0,14.999955984582222,0.036338142439672545,0.0
3.0,272.0,3208.2156173592552,-1.918137207034551,100.0,14.999955984582224,0.03633814243967283,0.0
3.0,273.0,3244.1567643602116,-1.8310679835976007,100.0,14.999955984582224,0.036338142439671754,0.0
3.0,274.0,2007.9882612166914,-890.027919997976,99.23076912549837,-0.11894615497464983,-0.281696791039241,-1.630734952299421e-08
3.0,275.0,2000.1036030695807,-889.5163789464285,99.2307691254983,-0.11894611461878243,-0.2816967936278066,-1.6307190820878677e-08
3.0,276.0,3252.440263498085,-1.8110007932751566,100.0,14.999955984582224,0.036338142439672746,0.0
3.0,277.0,3223.515572463529,-1.8810723017460846,100.0,14.999955984582224,0.036338142439672726,0.0
3.0,278.0,3259.187714418762,-1.7946547564659627,100.0,14.999955984582222,0.036338142439672136,0.0
3.0,279.0,2007.8461408492656,-890.370443416583,99.23076913645586,-0.1629868344170612,-0.3973903512049005,3.508843804340716e-08
3.0,280.0,1999.9614827450107,-889.8589023677958,99.23076913645588,-0.16298679993519485,-0.39739035342934587,3.508850889724355e-08
3.0,281.0,3267.55013472785,-1.7743963756650885,100.0,14.999955984582222,0.036338142439673086,0.0
3.0,282.0,3238.815527567803,-1.8440073964576182,100.0,14.999955984582224,0.03633814243967257,0.0
3.0,283.0,3274.2109581064396,-1.7582601984026016,100.0,14.999955984582224,0.03633814243967276,0.0
3.0,284.0,2007.666490734931,-890.8118400000455,99.23076918653646,-0.1944063289498682,-0.4804720930076389,5.965836971605245e-08
3.0,285.0,1999.7818326471022,-890.3002989523158,99.23076918653652,-0.19440632984945166,-0.4804720929438603,5.965838472857878e-08
3.0,286.0,3282.647361161899,-1.7378225907040952,100.0,14.999955984582224,0.0363381424396732,0.0
3.0,287.0,3254.115482672077,-1.8069424911691518,100.0,14.999955984582224,0.03633814243967255,0.0
3.0,288.0,3289.2265546726117,-1.7218841658729698,100.0,14.999955984582222,0.03633814243967306,0.0
3.0,289.0,2007.4607862151024,-891.3224411516327,99.23076924502466,-0.21544138420343273,-0.5366879605929038,5.251277640856177e-08
3.0,290.0,1999.576128116745,-890.8109001032162,99.23076924502472,-0.21544139936753928,-0.536687959606772,5.251276366562821e-08
3.0,291.0,3297.7322948504043,-1.701278585533057,100.0,14.999955984582224,0.0363381424396733,0.0
3.0,292.0,3269.415437776351,-1.7698775858806854,100.0,14.999955984582224,0.03633814243967255,0.0
3.0,293.0,3304.2345678440474,-1.6855265044957837,100.0,14.999955984582224,0.03633814243967317,0.0
3.0,294.0,2007.2384245719672,-891.8779183420357,99.23076928429555,-0.22801741729156827,-0.5709875267965768,2.3814884748003683e-08
3.0,295.0,1999.3537664615974,-891.3663772928386,99.23076928429558,-0.2280174240964848,-0.570987526354098,2.3814864795966825e-08
3.0,296.0,3312.805272352319,-1.6647635448210996,100.0,14.999955984582222,0.036338142439673364,0.0
3.0,297.0,3284.715392880625,-1.732812680592219,100.0,14.999955984582224,0.03633814243967255,0.0
3.0,298.0,3319.234797119791,-1.6491876999946264,100.0,14.99437367934558,0.03632461902646868,0.0
3.0,299.0,2007.0070186930077,-892.4585316915353,99.23076929130035,-0.23378337498984425,-0.5876127077394006,-9.025982532425302e-09
3.0,300.0,1999.1223605814428,-891.9469906422602,99.23076929130035,-0.23378337173459618,-0.5876127079501717,-9.02599347317226e-09
3.0,301.0,3327.8660634601592,-1.6282780262573533,100.0,14.999955984582222,0.036338142439673274,0.0
3.0,302.0,3300.015347984899,-1.6957477753037526,100.0,14.999955984582224,0.03633814243967255,0.0
3.0,303.0,3334.1923641925096,-1.6129522468107584,100.0,14.911606132345979,0.0361241105106207,0.0
3.0,304.0,2006.77265728812,-893.0484636990026,99.23076927009056,-0.23414377137716533,-0.5901793552598199,-3.062635412930388e-08
3.0,305.0,1998.8879991811232,-892.5369226500236,99.23076927009056,-0.23414376692551486,-0.5901793555484535,-3.062635872197951e-08
3.0,306.0,3342.9131244979235,-1.5918257694740172,100.0,14.999955984582224,0.036338142439673114,0.0
3.0,307.0,3315.315303089173,-1.6586828700152862,100.0,14.999955984582224,0.03633814243967258,0.0
3.0,308.0,3349.049193517537,-1.5769608358513103,100.0,14.807993165624168,0.03587310292451808,0.0
3.0,309.0,2006.540134464929,-893.6352310542712,99.23076923625054,-0.23028794643973197,-0.5817518622139197,-3.395723617116304e-08
3.0,310.0,1998.6554763606086,-893.1236900054658,99.23076923625054,-0.23028794572067277,-0.5817518622604937,-3.395723812950425e-08
3.0,311.0,3357.945251189256,-1.5554096918907032,100.0,14.999955984582224,0.036338142439673156,0.0
3.0,312.0,3330.615258193447,-1.6216179647268198,100.0,14.999955984582224,0.03633814243967255,0.0
3.0,313.0,3363.821184795837,-1.5411749492966949,100.0,14.747688721534397,0.03572701239723042,0.0
3.0,314.0,2006.313151394684,-894.2091676537749,99.23076920748129,-0.22321664655511753,-0.5649110079758684,-2.159250411320694e-08
3.0,315.0,1998.42849328968,-893.6976266049251,99.23076920748127,-0.22321664811718162,-0.5649110078744918,-2.1592502554676968e-08
3.0,316.0,3372.962371060752,-1.519029969077852,100.0,14.999955984582224,0.036338142439673114,0.0
3.0,317.0,3345.915213297721,-1.5845530594383535,100.0,14.999955984582224,0.03633814243967257,0.0
3.0,318.0,3378.5602501739763,-1.50546882737947,100.0,14.739786057384334,0.03570786779868398,0.0
3.0,319.0,2007.8937954539804,-893.1431499829952,99.24949907612377,3.7843082081129,3.05721033812353,0.041458448836244145
3.0,320.0,2000.0159699365909,-892.6392028453605,99.24942266472269,3.7994917761993388,3.040335956009156,0.04129000156928458
3.0,321.0,3387.9650737011634,-1.4826851727272699,100.0,14.99331698872513,0.03632205914067123,0.0
3.0,322.0,3361.215168401995,-1.547488154149887,100.0,14.999955984582224,0.03633814243967269,0.0
3.0,323.0,3393.307993515835,-1.4697416826617788,100.0,14.759716383436992,0.03575615000882582,0.0
3.0,324.0,2013.9037109108613,-888.0744273570033,99.31310454204521,8.23538235441526,7.080397111938292,0.08511337534327071
3.0,325.0,2006.0495043982844,-887.5967264340273,99.31277348433449,8.267436856205592,7.044780263334832,0.08477789190856336
3.0,326.0,3402.8990949646004,-1.4465067604422155,100.0,14.855342181492224,0.035987808279970605,0.0
3.0,327.0,3376.515123506269,-1.5104232488614207,100.0,14.999955984582224,0.036338142439672774,0.0
3.0,328.0,3408.073130047772,-1.4339724020725388,100.0,14.764913799243079,0.03576874100816406,0.0
3.0,329.0,2024.2151751607412,-879.1122649214218,99.41650458474291,11.285617988670936,9.880423581809525,0.10980190257587964
3.0,330.0,2016.4006281834174,-878.6791299098,99.4157750101023,11.328357504150501,9.83139617214849,0.10938722238450686
3.0,331.0,3417.6594117388186,-1.4107491559567422,100.0,14.671198665156036,0.03554171141589646,0.0
3.0,332.0,3391.815078610543,-1.4733583435729543,100.0,14.999955984582224,0.0363381424396729,0.0
3.0,333.0,3422.814614709984,-1.3982604193188344,100.0,14.70911055132845,0.03563355485339091,0.0
3.0,334.0,2035.6989266301644,-869.0028302839222,99.52355782737268,11.23518097976289,9.937845149482063,0.09971026471756825
3.0,335.0,2027.9278782125373,-868.6193196018027,99.52244523868934,11.277743881368885,9.88952057169982,0.09937710084686649
3.0,336.0,3432.25912339538,-1.3753806253890808,100.0,14.542887131429959,0.03523087031783038,0.0
3.0,337.0,3407.115033714817,-1.4362934382844879,100.0,14.999955984582224,0.036338142439672844,0.0
3.0,338.0,3437.4736126429125,-1.3627482647860392,100.0,14.607502844232492,0.03538740510887073,0.0
3.0,339.0,2047.1407508001087,-858.8458176123584,99.61931566773143,11.202156944194188,9.975166959030673,0.08788593234816272
3.0,340.0,2039.413049158253,-858.5113454268426,99.61791069979496,11.244595655444616,9.927305102986473,0.08764666436762299
3.0,341.0,3446.767718954401,-1.340232828117861,100.0,14.486950769808704,0.03509536168845579,0.0
3.0,342.0,3422.414988819091,-1.3992285329960215,100.0,14.999955984582224,0.036338142439672795,0.0
3.0,343.0,3452.0308614520227,-1.3274826025868347,100.0,14.515000757402431,0.03516331418416063,0.0
3.0,344.0,2058.5551501188875,-848.6578700119496,99.70264224567958,11.180581818346127,9.999444499605264,0.07549769918375673
3.0,345.0,2050.8706891777338,-848.372050471395,99.70104187411313,11.222934356541877,9.951887576880118,0.07535307486171129
3.0,346.0,3461.247723507334,-1.3051542939866685,100.0,14.481175692804529,0.035081371276017695,0.0
3.0,347.0,3437.714943923365,-1.362163627707555,100.0,14.999955984582224,0.03633814243967276,0.0
3.0,348.0,3466.5188478312775,-1.2923847320827788,100.0,14.472768829002044,0.03506100522863496,0.0
3.0,349.0,2069.951645089378,-838.4497965666586,99.77340150036446,11.16650845665628,10.01524214911715,0.06335283711941064
3.0,350.0,2062.310351543603,-838.2123753228265,99.77169913635468,11.20880172576569,9.967886311954352,0.06329569041534171
3.0,351.0,3475.736726115682,-1.2700539616168873,100.0,14.501700141793213,0.035131092778641716,0.0
3.0,352.0,3453.014899027639,-1.3250987224190887,100.0,14.999955984582224,0.0363381424396727,0.0
3.0,353.0,3480.9925218670396,-1.2573215339455628,100.0,14.48395341638885,0.035088100450115095,0.0
3.0,354.0,2081.3364672236853,-828.2286271128193,99.83213227120049,11.157338897163601,10.025521771741603,0.05198017098075772
3.0,355.0,2073.7382907971464,-828.0394364044689,99.83041129024484,11.19959165217034,9.978298601790469,0.051998443657789786
3.0,356.0,3490.2527327636744,-1.2348882106125418,100.0,14.533198726168685,0.03520739967226575,0.0
3.0,357.0,3468.314854131913,-1.2880338171306223,100.0,14.999955984582224,0.03633814243967273,0.0
3.0,358.0,3495.4946186908924,-1.2221894801848203,100.0,14.524637542487659,0.03518665977727137,0.0
3.0,359.0,2092.713686870437,-817.998937001591,99.87979990445575,11.151369516528082,10.032209090006646,0.04169748477149665
3.0,360.0,2085.1585932676794,-817.8578661317559,99.87812991945991,11.193594702570431,9.985073477473907,0.04177659672936709
3.0,361.0,3504.801299855843,-1.1996435803061771,100.0,14.565265446862215,0.035285082904491755,0.0
3.0,362.0,3483.614809236187,-1.2509689118421559,100.0,14.999955984582224,0.03633814243967274,0.0
3.0,363.0,3510.04021087359,-1.1869520567452083,100.0,14.566987282282433,0.03528925413678353,0.0
3.0,364.0,2104.0859588277135,-807.7637049361648,99.91760974844682,11.14748601783321,10.036557598285867,0.0326658614349905
3.0,365.0,2096.5739247482675,-807.6706808404797,99.9160449961487,11.189692507722437,9.989479784548218,0.03279049744780878
3.0,366.0,3519.378611152207,-1.1643293157297234,100.0,14.589476071877247,0.03534373435261956,0.0
3.0,367.0,3498.914764340461,-1.2139040065536895,100.0,14.999955984582224,0.03633814243967271,0.0
3.0,368.0,3524.6214299906183,-1.1516283252780442,100.0,14.594314513537247,0.035355455719164465,0.0
3.0,369.0,2115.455012781972,-797.5248700590129,99.94687033708455,11.144960890275819,10.039383700922883,0.024933107836208467
3.0,370.0,2107.986022443532,-797.4798445037233,99.94544962214498,11.187154733957687,9.992344045602778,0.025088499254177343
3.0,371.0,3533.9738515778727,-1.1289716169421917,100.0,14.600665678518732,0.035370841733494494,0.0
3.0,372.0,3514.214719444735,-1.176839101265223,100.0,14.999955984582224,0.036338142439672684,0.0
3.0,373.0,3539.2206183364065,-1.1162610624568634,100.0,14.603243499885014,0.03537708663448753,0.0
3.0,374.0,2126.821974788386,-787.283694391478,99.96889607910404,11.14331977231624,10.041219217900274,0.01846807992704221
3.0,375.0,2119.3960175253887,-787.2866355332766,99.96764380237332,11.185505078295176,9.994204753839327,0.018640862862427637
3.0,376.0,3548.573558982966,-1.0936030966739256,100.0,14.598863080405023,0.03536647484954596,0.0
3.0,377.0,3529.5146745490088,-1.1397741959767567,100.0,14.999955984582224,0.036338142439672594,0.0
3.0,378.0,3553.8213593354562,-1.0808900382556195,100.0,14.59856055602737,0.0353657419691362,0.0
3.0,379.0,2138.187577488502,-777.0409988914381,99.98494098130556,11.142253658748162,10.04241054205272,0.01318745546416047
3.0,380.0,2130.8046461050203,-777.0918857097442,99.98386886110384,11.184433208237635,9.995412705615413,0.013366184689453475
3.0,381.0,3563.166774053717,-1.0582503044098182,100.0,14.588700794028165,0.035341856203314106,0.0
3.0,382.0,3544.8146296532827,-1.1027092906882903,100.0,14.999955984582224,0.03633814243967255,0.0
3.0,383.0,3568.413594891527,-1.0455396189147357,100.0,14.587391798219134,0.0353386850956013,0.0
3.0,384.0,2149.5522973334005,-766.7973172823796,99.99615639569953,11.141561399561786,10.043183210826257,0.008976278314924216
3.0,385.0,2142.212386979538,-766.8961359045397,99.99526556909485,11.183737070689107,9.99619634564178,0.009151670456516646
3.0,386.0,3577.748305129265,-1.022925817207563,100.0,14.576514563139385,0.03531233445043026,0.0
3.0,387.0,3560.1145847575567,-1.0656443853998239,100.0,14.999955984582224,0.03633814243967258,0.0
3.0,388.0,3582.9940133404375,-1.0102178271060682,100.0,14.575747359279363,0.03531047586077074,0.0
3.0,389.0,2160.9164440453114,-756.5529963129352,100.00356703079876,11.141112120849742,10.043683994521592,0.005703406502442832
3.0,390.0,2153.6195514540896,-756.699737587592,100.00285029314864,11.183285179696675,9.996704364524868,0.0058683784902371205
3.0,391.0,3592.318827530528,-0.9876279990685152,100.0,14.56729299609083,0.03528999474374836,0.0
3.0,391.1,3575.4145398618307,-1.0285794801113575,100.0,14.999955984582224,0.03633814243967277,0.0
4.0,0.0,3597.5641923840917,-0.9749208407679696,100.0,14.567327037852355,0.035290077211620426,0.0
4.0,1.0,2172.28021888812,-746.3082610924708,100.00806053488043,11.140820704693684,10.04400834202587,0.0032328289815981826
4.0,2.0,2165.0263418590607,-746.5029189864555,100.00750453883583,11.182992003862942,9.997033480037038,0.003382389106171216
4.0,3.0,3606.882621907072,-0.9523464799053345,100.0,14.563167270236878,0.03527999996683609,0.0
4.0,4.0,3590.7144949661047,-0.9915145748228911,100.0,14.999955984582224,0.03633814243967291,0.0
4.0,5.0,3612.128227155715,-0.9396387392356965,100.0,14.563518500095807,0.03528085083871503,0.0
4.0,6.0,2183.643752596921,-736.0632576517626,100.01038686697808,11.140631808711845,10.044218279838377,0.0014316698015597775
4.0,7.0,2176.4328896475777,-736.3058281906851,100.00997415610907,11.182801922149816,9.997246557322688,0.0015627098442298963
4.0,8.0,3621.444716866826,-0.9170690776641908,100.0,14.56365326567224,0.035281177315046604,0.0
4.0,9.0,3606.0144500703786,-0.9544496695344247,100.0,14.999955984582224,0.03633814243967327,0.0
4.0,10.0,3626.6906335142935,-0.9043605826153435,100.0,14.563879266678532,0.03528172481377793,0.0
4.0,11.0,2195.0071300561244,-725.8180806519816,100.01116443951167,11.140509459949222,10.044354082864512,0.00017557017171705412
4.0,12.0,2187.8392801874247,-726.1085612200187,100.01087523668707,11.182678774107433,9.99738442558795,0.00028659840276617
4.0,13.0,3636.0088346615566,-0.8817867750043026,100.0,14.566848563280107,0.0352889180830671,0.0
4.0,14.0,3621.3144051746526,-0.9173847642459583,100.0,14.999955984582224,0.03633814243967346,0.0
4.0,15.0,3641.2548618317455,-0.8690780122086372,100.0,14.566853226006147,0.035288929378763025,0.0
4.0,16.0,2206.3704063509513,-715.5727914116577,100.01089066231943,11.140430282583306,10.04444188091264,-0.0006479730195299001
4.0,17.0,2199.245568889372,-715.9111802887908,100.01070436935898,11.182599057846648,9.997473580913205,-0.0005571263022893164
4.0,18.0,3650.5766177334863,-0.8464955930273651,100.0,14.570671734175894,0.03529817990548221,0.0
4.0,19.0,3636.6143602789266,-0.8803198589574912,100.0,14.999955984582224,0.03633814243967356,0.0
4.0,20.0,3655.8225875018284,-0.8337869692905294,100.0,14.570578331127612,0.035297953631944774,0.0
4.0,21.0,2217.7336172057844,-705.3274296250812,100.00995505702261,11.140379092109558,10.044498613142837,-0.0011378311931847691
4.0,22.0,2210.6517916972384,-705.7137256813828,100.00985145061287,11.18254750408409,9.997531204346549,-0.0010663112817895215
4.0,23.0,3665.147884883961,-0.8111959706961633,100.0,14.573639246022132,0.03530536885111963,0.0
4.0,24.0,3651.9143153832006,-0.8432549536690237,100.0,14.999955984582224,0.036338142439673655,0.0
4.0,25.0,3670.393768099625,-0.7984875566375021,100.0,14.573573283032813,0.03530520905249808,0.0
4.0,26.0,2229.0967857712,-695.0820209731007,100.00865355709182,11.140346029613495,10.044535252556129,-0.0013786341038737578
4.0,27.0,2222.0579719096477,-695.5162234669169,100.00861368735201,11.182514196836769,9.997568428489508,-0.0013248448487419942
4.0,28.0,3679.7213912694806,-0.7758909237062462,100.0,14.575110934629748,0.03530893409026255,0.0
4.0,29.0,3667.2142704874746,-0.8061900483805562,100.0,14.999955984582224,0.0363381424396739,0.0
4.0,30.0,3684.9672397412455,-0.7631825938163977,100.0,14.575105679731992,0.03530892136002822,0.0
4.0,31.0,2240.45992703613,-684.836582061678,100.00720297518063,11.140324697902306,10.044558902650724,-0.0014410024263580212
4.0,32.0,2233.464124615494,-685.318690506534,100.00720978849552,11.182492700436763,9.997592462020833,-0.0014028623342335425
4.0,33.0,3694.295631138284,-0.7405840998164491,100.0,14.575164342974292,0.03530906347464146,0.0
4.0,34.0,3682.5142255917485,-0.7691251430920887,100.0,14.999955984582224,0.03633814243967416,0.0
4.0,35.0,3699.5414928085866,-0.7278757379524641,100.0,14.575188937632149,0.035309123056451404,0.0
4.0,36.0,2251.8230506954446,-674.591123623653,100.00575491640389,11.140310949250738,10.044574159369782,-0.0013823621048195986
4.0,37.0,2244.8702595771697,-675.1211377005966,100.00579363414674,11.182478841172287,9.997607970102509,-0.0013575260153372093
4.0,38.0,3708.86941440427,-0.7052783820697812,100.0,14.574298938247411,0.035306966988470315,0.0
4.0,39.0,3697.8141806960225,-0.7320602378036212,100.0,14.999955984582224,0.03633814243967456,0.0
4.0,40.0,3714.1152999641145,-0.6925699623321628,100.0,14.574318028712984,0.03530701323610652,0.0
4.0,41.0,2263.1861630129624,-664.3456525928484,100.00440865420693,11.140302096966355,10.044583994894495,-0.001248133152060281
4.0,42.0,2256.276383104083,-664.9235720928015,100.00446694466518,11.182469914770346,9.997617970400068,-0.001234175740180061
4.0,43.0,3723.4420312146403,-0.6699754901200984,100.0,14.57232587333638,0.03530218714018707,0.0
4.0,44.0,3713.110751040496,-0.6950035322647973,100.0,14.999955984582222,0.036338142439675564,0.0
4.0,45.0,3728.6879274947332,-0.6572670444121066,100.0,14.572328435900033,0.03530219334816523,0.0
4.0,46.0,2274.549268031114,-654.1001734467478,100.00322267312906,11.140296402654704,10.044590330590324,-0.0010731309211764275
4.0,47.0,2267.682499269413,-654.7259982326499,100.00329065618227,11.182464170930173,9.997624414124507,-0.0010676912611559174
4.0,48.0,3738.0084681668855,-0.6346875691853396,100.0,14.559668961710488,0.03527152513970513,0.0
4.0,49.0,3728.3731163772645,-0.6580296900652651,100.0,14.999955984582222,0.0363381424396773,0.0
4.0,50.0,3743.2543615783093,-0.621979130426794,100.0,14.559662557192619,0.03527150962449439,0.0
4.0,51.0,2285.912368355787,-643.8546890752013,100.00222472793845,11.140292742867906,10.044594408109106,-0.0008830560004189183
4.0,52.0,2279.088610699741,-644.5284190571832,100.00229485160594,11.182460478139776,9.997628562488394,-0.0008839446844288893
4.0,53.0,3752.5542010011823,-0.5994498050102419,100.0,14.530543981088755,0.03520096841969575,0.0
4.0,54.0,3743.593355079909,-0.6211579017406155,100.0,14.999955984582224,0.03633814243968,0.0
4.0,55.0,3757.8000878659004,-0.5867413821113552,100.0,14.530538499468989,0.03520095514027134,0.0
4.0,56.0,2297.2754656650222,-633.609201342244,100.00142037820734,11.140290392488225,10.044597029579908,-0.0006959806621948723
4.0,57.0,2290.494719086996,-634.3308364613634,100.00148720378607,11.18245810582596,9.997631230431143,-0.0007012525801394677
4.0,58.0,3767.0635150733024,-0.5643002671052102,100.0,14.487377693311638,0.035096395931902793,0.0
4.0,59.0,3758.7717263275867,-0.5843875394163928,100.0,14.999955984582224,0.03633814243968452,0.0
4.0,60.0,3772.3093986804142,-0.5515918520979496,100.0,14.487376676443171,0.035096393468590066,0.0
4.0,61.0,2308.638561038337,-623.363711449339,100.00080003748093,11.14028888407922,10.044598712986504,-0.0005237660108756386
4.0,62.0,2301.900825519983,-624.1332516669304,100.00085996624014,11.182456582870843,9.997632944324208,-0.000531762957693972
4.0,63.0,3781.52525132834,-0.5292659888380187,100.0,14.436233839394541,0.034972497391743594,0.0
4.0,64.0,3773.9080355106503,-0.5477190745441839,100.0,14.999955984582222,0.0363381424396925,0.0
4.0,65.0,3786.7711355025444,-0.5165575724568279,100.0,14.43623548589163,0.03497250138060967,0.0
4.0,66.0,2320.0016551696226,-613.1182201701876,100.00034463207498,11.140287916662766,10.044599792647585,-0.00037336533081898913
4.0,67.0,2313.3069306987813,-613.9356654608877,100.00039560188563,11.182455605821222,9.997634043980247,-0.0003827332031330986
4.0,68.0,3795.934695930148,-0.4943583897121471,100.0,14.383460502790284,0.034844651348385935,0.0
4.0,69.0,3789.0019103522527,-0.5111534089832379,100.0,14.999955984582224,0.03633814243970799,0.0
4.0,70.0,3801.180581885096,-0.48164996901684043,100.0,14.383462065072372,0.0348446551333037,0.0
4.0,71.0,2331.36474850459,-602.8727280024898,100.0000300008397,11.140287296634666,10.044600484187667,-0.0002479862789616955
4.0,72.0,2324.713035073212,-603.7380783496685,100.00007117611928,11.182454979416596,9.997634748625607,-0.0002576718403173746
4.0,73.0,3810.2926651502894,-0.45957549226899236,100.0,14.33353307283346,0.034723699655971975,0.0
4.0,74.0,3804.0530283172043,-0.4746913240911444,100.0,14.999955984582222,0.03633814243973901,0.0
4.0,75.0,3815.5385520824525,-0.44686706920607255,100.0,14.333533439072758,0.034723700543524846,0.0
4.0,76.0,2342.7278413293693,-592.6272352660076,99.99983018794603,11.140286899557456,10.044600926548325,-0.0001480980773358502
4.0,77.0,2336.119138932125,-593.54049065877,99.99986166124019,11.182454578116689,9.99763519956616,-0.0001573301907414146
4.0,78.0,3824.603115588692,-0.42490771144768374,100.0,14.287748213792307,0.03461278354841737,0.0
4.0,79.0,3819.0586238844253,-0.4383395194808041,100.0,14.957321771842746,0.0362348589303785,0.0
4.0,80.0,3829.849002429014,-0.41219928860685034,100.0,14.287747796878575,0.03461278253892944,0.0
4.0,81.0,2354.0909338275524,-582.3817421659029,99.99971978931598,11.14028664549588,10.04460120915518,-7.228026462717309e-05
4.0,82.0,2347.525242460911,-583.3429025971211,99.99974230798094,11.18245432125549,9.997635487781482,-8.054018596063644e-05
4.0,83.0,3838.850147341721,-0.3903935655588681,100.0,14.18258631859237,0.03435802360549486,0.0
4.0,84.0,3833.798443571068,-0.4026315702133699,100.0,14.455429058857575,0.035018998769813195,0.0
4.0,85.0,3844.0960337014644,-0.3776851438816022,100.0,14.182585876519274,0.03435802253538857,0.0
4.0,86.0,2365.4540261168727,-572.1362488336243,99.99967551265638,11.140286483121693,10.044601389485553,-1.7917334511725233e-05
4.0,87.0,2358.931345778493,-573.1453142986427,99.99969023964717,11.182454157022379,9.99763567177124,-2.4902195872128714e-05
4.0,88.0,3852.897338014405,-0.35636354466714326,100.0,13.869586035313052,0.03359976478827502,0.0
4.0,89.0,3847.912072622831,-0.36844059902943105,100.0,13.77026460419935,0.03335915366291692,0.0
4.0,90.0,3858.1432240842646,-0.3436551236910454,100.0,13.869585910740655,0.033599764487879144,0.0
4.0,91.0,2376.817118272786,-561.8907553532737,99.99967710363315,11.14028637948522,10.044601504426296,1.825085522545402e-05
4.0,92.0,2370.3374489611115,-562.9477258490574,99.99968541747351,11.18245405214996,9.997635789095064,1.2667809955389451e-05
4.0,93.0,3866.5068430733736,-0.3233938390322394,100.0,13.313204984438283,0.03225190390743274,0.0
4.0,94.0,3861.3564546417947,-0.33587091220301096,100.0,13.128564150157203,0.03180460226809501,0.0
4.0,95.0,3871.752729150104,-0.31068541803772,100.0,13.313205088069441,0.032251904160713905,0.0
4.0,96.0,2388.180210343612,-551.6452617785897,99.99970777859923,11.140286313441072,10.04460157761276,3.9709297551836444e-05
4.0,97.0,2381.743552057607,-552.7501373031638,99.99971111429056,11.182453985283543,9.997635863830741,3.551878327858897e-05
4.0,98.0,3879.468026197295,-0.2919947256615493,100.0,12.590090678934683,0.030500123390663464,0.0
4.0,99.0,3874.1761511388268,-0.30481455724863815,100.0,12.506085075349887,0.030296615624450407,0.0
4.0,100.0,3884.7139124026316,-0.27928630435265295,100.0,12.590090803152874,0.030500123695099395,0.0
4.0,101.0,2399.543302360256,-541.3997681438689,99.99975428916514,11.140286271425424,10.044601624166283,4.986284864665957e-05
4.0,102.0,2393.149655099231,-542.5525486959503,99.99975401911445,11.182453942721118,9.997635911390047,4.6957608259306155e-05
4.0,103.0,3891.6638992001767,-0.262449614278153,100.0,11.795995536967244,0.028576388252447606,0.0
4.0,104.0,3886.3456987432487,-0.27533322045321557,100.0,11.817380074930547,0.028628193369045145,0.0
4.0,105.0,3896.909785490656,-0.24974119275855572,100.0,11.79599557774818,0.02857638835676395,0.0
4.0,106.0,2410.9063943424576,-531.1542744709774,99.9998067271468,11.140286244744257,10.04460165374793,5.1829194768658654e-05
4.0,107.0,2404.5557581059566,-532.3549600497334,99.99980407915783,11.182453915677026,9.997635941624184,5.00383749092784e-05
4.0,108.0,3903.0554175962047,-0.23485309209937283,100.0,10.98667087656678,0.026615758844472783,0.0
4.0,109.0,3897.779661008176,-0.2476338758755221,100.0,11.03722210744883,0.02673822173438648,0.0
4.0,110.0,3908.301303890028,-0.22214467056466347,100.0,10.986670851404359,0.02661575879226858,0.0
4.0,111.0,2422.2694863028064,-520.908780773844,99.99985816113917,11.140286227831373,10.044601672523232,4.831285866125533e-05
4.0,112.0,2415.961861090526,-522.1573713787346,99.9998541690813,11.182453898523987,9.997635960822738,4.7431571788544396e-05
4.0,113.0,3913.6375660075023,-0.20921730912963976,100.0,10.177902783451025,0.02465647774720009,0.0
4.0,114.0,3908.40213035929,-0.22190041340445107,100.0,10.203384315226925,0.024718208044339794,0.0
4.0,115.0,3918.8834522672246,-0.19650888766638983,100.0,10.177902748787776,0.024656477677182438,0.0
4.0,116.0,2433.6325782493145,-510.66328706133373,99.99990417898964,11.140286217128772,10.044601684423569,4.154397816507019e-05
4.0,117.0,2427.3679640610535,-511.9597826920086,99.99989966088245,11.182453887663096,9.997635972997719,4.1357440813606995e-05
4.0,118.0,3923.4119207551153,-0.1855384466541886,100.0,9.371446229675731,0.022702796467325138,0.0
4.0,119.0,3918.185958999888,-0.1981985999323445,100.0,9.367291662544977,0.02269273184329061,0.0
4.0,120.0,3928.6578069900534,-0.17283002523318652,100.0,9.371446216690636,0.022702796458137615,0.0
4.0,121.0,2444.995670187069,-500.4177933390844,99.9999423944133,11.140286210366646,10.044601691954147,3.326676185682225e-05
4.0,122.0,2438.7740670226967,-501.76219399531607,99.99993795227235,11.182453880797079,9.997635980706615,3.35688355533343e-05
4.0,123.0,3932.3831626222745,-0.1638051652445188,100.0,8.573341569954538,0.02076934806462844,0.0
4.0,124.0,3927.1464555474627,-0.1764913495675336,100.0,8.559604965254419,0.020736070489317665,0.0
4.0,125.0,3937.6290488548134,-0.15109674380096336,100.0,8.573341575878052,0.020769348114444624,0.0
4.0,126.0,2456.3587621192983,-490.1722996106773,99.9999719613528,11.14028620610021,10.044601696710533,2.476405706635759e-05
4.0,127.0,2450.180169978727,-491.564605292318,99.99996799715402,11.182453876462697,9.997635985578826,2.5370374818216713e-05
4.0,128.0,3940.5654846048333,-0.14398308166350748,100.0,7.795874748190165,0.018885895849872412,0.0
4.0,129.0,3935.317368959996,-0.15669690377192694,100.0,7.788242523937126,0.018867406461918028,0.0
4.0,130.0,3945.811370846323,-0.13127466015314349,100.0,7.795874757797163,0.01888589592953135,0.0
4.0,131.0,2467.721854048042,-479.9268058783846,99.99999312672979,11.140286203411925,10.04460169970836,1.690621437643504e-05
4.0,132.0,2461.586272931217,-481.36701658533843,99.99998986918347,11.182453873730092,9.997635988651862,1.7662350130772064e-05
4.0,133.0,3947.986007968312,-0.12600649329758548,100.0,7.05152808147631,0.017082678856489803,0.0
4.0,134.0,3942.734671521831,-0.13872811788709916,100.0,7.052172154383692,0.017084239244847765,0.0
4.0,135.0,3953.231894216957,-0.11329807169816708,100.0,7.051528085524037,0.01708267895591067,0.0
4.0,136.0,2479.084945974592,-469.68131214364536,100.00000684112288,11.14028620172031,10.044601701593537,1.0214283484994865e-05
4.0,137.0,2472.9923758814757,-471.16942787585026,100.00000437852053,11.182453872009587,9.997635990585815,1.0999616514159884e-05
4.0,138.0,3954.6823281381735,-0.10978432336159266,100.0,6.3483795439378605,0.015379266375271178,0.0
4.0,139.0,3949.433662028999,-0.12249947881168788,100.0,6.352082793270046,0.015388237824112926,0.0
4.0,140.0,3959.928214387893,-0.09707590164555642,100.0,6.348379542603664,0.01537926651453818,0.0
4.0,141.0,2490.4480378997623,-459.43581840736925,100.00001443769435,11.140286200657473,10.044601702776292,4.929433663724045e-06
4.0,142.0,2484.398478830331,-460.97183916478485,100.0000127528245,11.182453870927905,9.997635991800136,5.657479578547539e-06
4.0,143.0,3960.6976730227043,-0.09521185010570456,100.0,5.689866403934757,0.01378398535267328,0.0
4.0,144.0,3955.4522124018663,-0.10791923991897025,100.0,5.692127405560675,0.013789462968658479,0.0
4.0,145.0,3965.9435592701016,-0.08250342821394638,100.0,5.689866401290231,0.013783985572967375,0.0
4.0,146.0,2501.811129824066,-449.19032467013,100.00001738234253,11.140286199990932,10.044601703516692,1.0822828753977735e-06
4.0,147.0,2495.8045817783045,-450.7742504527302,100.00001638629026,11.182453870249043,9.997635992560905,1.6983155182869238e-06
4.0,148.0,3966.077240963455,-0.08217957831700014,100.0,5.076873241961572,0.012298978716808111,0.0
4.0,149.0,3960.83283437871,-0.09488441438667852,100.0,5.076838932910338,0.012298895962151238,0.0
4.0,150.0,3971.323127208801,-0.06947115614167713,100.0,5.076873240720125,0.012298979074498098,0.0
4.0,151.0,2513.1742217478263,-438.94483093228837,100.00001709247728,11.140286199573872,10.0446017039792,-1.4425142908540668e-06
4.0,152.0,2507.210684725725,-440.5766617400563,100.00001665496491,11.182453869823918,9.997635993036514,-9.657310249900507e-07
4.0,153.0,3970.866629898109,-0.07057704475660613,100.0,4.509505998916462,0.010924503095267471,0.0
4.0,154.0,3965.6215751264194,-0.0832834506323957,100.0,4.508516112803629,0.010922105620657417,0.0
4.0,155.0,3976.112516143042,-0.05786862212323194,100.0,4.5095059991956585,0.010924503669766963,0.0
4.0,156.0,2524.5373136712483,-428.6993371940708,100.00001481785446,11.14028619931362,10.04460170426754,-2.8495699880292732e-06
4.0,157.0,2518.6167876727995,-430.3790730269957,100.00001479259333,11.182453869558374,9.997635993333255,-2.517173940201555e-06
4.0,158.0,3975.1114192528926,-0.060293831055425996,100.0,3.9876216795581545,0.00966021204384539,0.0
4.0,159.0,3969.865470037664,-0.07300240303502117,100.0,3.9869583886334015,0.00965860610129031,0.0
4.0,160.0,3980.3573054984186,-0.04758540769038308,100.0,3.987621680278861,0.009660212958345656,0.0
4.0,161.0,2535.900405594459,-418.45384345561905,100.00001157437633,11.140286199151713,10.044601704446942,-3.385802337542744e-06
4.0,162.0,2530.022890619658,-420.181484313694,100.00001181863828,11.182453869393006,9.997635993518031,-3.1866708580014267e-06
4.0,163.0,3978.856838519893,-0.0512203666169157,100.0,3.5106084545113467,0.008504623325767673,0.0
4.0,164.0,3973.6105537619223,-0.06392975030401973,100.0,3.5105772717508676,0.008504549235762032,0.0
4.0,165.0,3984.102724765999,-0.03851194208895401,100.0,3.51060845488344,0.008504624778488477,0.0
4.0,166.0,2547.263497517538,-408.20834971702175,100.00000812046137,11.14028619905131,10.044601704558325,-3.3039593526492376e-06
4.0,167.0,2541.4289935663824,-409.98389560024236,100.00000850871312,11.182453869290342,9.997635993632851,-3.2164294865912077e-06
4.0,168.0,3982.147163931403,-0.04324939022708169,100.0,3.0771565399298924,0.007454563845354171,0.0
4.0,169.0,3976.9010316658064,-0.05595840264636065,100.0,3.0774186846246514,0.007455201213173845,0.0
4.0,170.0,3987.393050177651,-0.030540963851260993,100.0,3.0771565398726666,0.007454566154540153,0.0
4.0,171.0,2558.626589440536,-397.9628559783343,100.00000496529042,11.140286198989243,10.044601704627306,-2.8364956437499298e-06
4.0,172.0,2552.8350965130235,-399.7863068866976,100.00000539724425,11.182453869226807,9.997635993704032,-2.8335317487532957e-06
4.0,173.0,3985.0250273846236,-0.03627762425622052,100.0,2.685318977509479,0.006505316873403029,0.0
4.0,174.0,3979.779142974666,-0.048986033294153665,100.0,2.685511843694559,0.006505787774720288,0.0
4.0,175.0,3990.2709136307144,-0.023569194941976932,100.0,2.68531897730476,0.006505320546356198,0.0
4.0,176.0,2569.989681363484,-387.7173622395909,100.0000023987304,11.140286198950987,10.044601704669898,-2.179000596950216e-06
4.0,177.0,2564.2411994596123,-389.58871817309523,100.00000280254022,11.182453869187608,9.997635993748027,-2.2325077700900026e-06
4.0,178.0,3987.5308944402645,-0.03020703929259281,100.0,2.3327538906064955,0.0056512088973033215,0.0
4.0,179.0,3982.285114604466,-0.04291519031963993,100.0,2.3327739363118325,0.005651263302488364,0.0
4.0,180.0,3992.776780686179,-0.017498605303972303,100.0,2.332753890479929,0.005651214740436054,0.0
4.0,181.0,2581.3527732864013,-377.4718685008132,100.00000053381046,11.140286198927472,10.044601704696104,-1.4819077845322264e-06
4.0,182.0,2575.64730240617,-379.3911294594573,100.0000008653827,11.18245386916349,9.99763599377513,-1.5660187666160636e-06
4.0,183.0,3989.7027890089385,-0.024945521197578806,100.0,2.016948942570478,0.004886153338811042,0.0
4.0,184.0,3984.4569748565973,-0.03765374792178624,100.0,2.0168802373869106,0.004885996192424748,0.0
4.0,185.0,3994.948675254786,-0.012237079772827118,100.0,2.0169489425546625,0.004886162633994619,0.0
4.0,186.0,2592.7158652092994,-367.22637476201425,99.99999935408049,11.140286198913056,10.044601704712168,-8.489299626237544e-07
4.0,187.0,2587.0534053527085,-369.19354074579746,99.99999959358426,11.18245386914869,9.997635993791764,-9.422111753942716e-07
4.0,188.0,3991.576191220291,-0.020407118672705404,100.0,1.7353403885686423,0.004203938893373134,0.0
4.0,189.0,3986.33030886847,-0.033115498784503566,100.0,1.7352847657430244,0.004203818930267988,0.0
4.0,190.0,3996.8220774661468,-0.0076986654190131475,100.0,1.7353403885856642,0.00420395367926573,0.0
4.0,191.0,2604.078957132186,-356.98088102320247,99.9999987598451,11.140286198904244,10.044601704721972,-3.40540738480094e-07
4.0,192.0,2598.4595082992355,-358.99595203212425,99.9999989065083,11.182453869139632,9.99763599380193,-4.2716404565316424e-07
4.0,193.0,3993.1840104531566,-0.0165121088340037,100.0,1.4853541375184274,0.003598328893904299,0.0
4.0,194.0,3987.9380960601493,-0.029220547750983518,100.0,1.485345408105387,0.0035983312661165977,0.0
4.0,195.0,3998.429896699014,-0.003803636764173145,100.0,1.4853541374943018,0.003598352413511131,0.0
4.0,196.0,2615.442049055065,-346.73538728438285,99.99999860898231,11.140286198898878,10.044601704727928,1.9161562793394046e-08
4.0,197.0,2609.8656112457547,-348.7983633184428,99.99999867516921,11.18245386913411,9.997635993808116,-5.0844841646418324e-08
4.0,198.0,3994.5565854182173,-0.013186997391279603,100.0,1.264427032211815,0.0030631126868051178,0.0
4.0,199.0,3989.3106782302784,-0.025895388923093815,100.0,1.2644448276177043,0.0030631932094237297,0.0
4.0,200.0,3999.8024716640175,-0.00047849539097816895,100.0,1.2644270321208784,0.0030631500990849214,0.0
4.0,201.0,2626.8051409779405,-336.48989354555835,99.99999874969669,11.140286198895625,10.044601704731532,2.3374701166412968e-07
4.0,202.0,2621.27171419227,-338.60077460475645,99.99999875510464,11.182453869130754,9.997635993811869,1.849094729752905e-07
4.0,203.0,3995.721709713121,-0.010364457343177855,100.0,1.0700382431035371,0.002592181404897146,0.0
4.0,204.0,3990.4758211546377,-0.023072756133952158,100.0,1.0700541618418198,0.0025922794805698164,0.0
4.0,205.0,4000.9675959587967,0.0023440922672270537,100.0,1.0700382429449096,0.002592240916385525,0.0
4.0,206.0,2638.168232900812,-326.24439980673094,99.99999904402766,11.140286198893666,10.044601704733704,3.2523460708698366e-07
4.0,207.0,2632.677817138782,-328.4031858910671,99.99999901063516,11.182453869128729,9.99763599381413,2.9768475754764905e-07
4.0,208.0,3996.704693441269,-0.007983180662652842,100.0,0.8997479038549693,0.0021796211184182553,0.0
4.0,209.0,3991.458814562067,-0.0206913802712677,100.0,0.8997512001004261,0.0021797237690903584,0.0
4.0,210.0,4001.9505796867484,0.004725444680969499,100.0,0.8997479036159114,0.002179715783190406,0.0
4.0,211.0,2649.531324823684,-315.9989060679018,99.99999938215805,11.140286198892491,10.044601704735008,3.2542584712164705e-07
4.0,212.0,2644.083920085294,-318.2055971773759,99.99999933033276,11.182453869127508,9.997635993815495,3.161128290219535e-07
4.0,213.0,3997.5284613673502,-0.0059876420373565714,100.0,0.7512295810845934,0.0018197907857786385,0.0
4.0,214.0,3992.2825811545695,-0.018695724407216178,100.0,0.7512250344292485,0.0018199303552489147,0.0
4.0,215.0,4002.7743476125333,0.0067211037748811115,100.0,0.7512295807189279,0.0018199413687112439,0.0
4.0,216.0,2660.8944167465556,-305.7534123290717,99.99999968850646,11.140286198891783,10.044601704735793,2.6856249379080357e-07
4.0,217.0,2655.490023031803,-308.00800846368367,99.99999963445941,11.182453869126775,9.997635993816317,2.726094268154646e-07
4.0,218.0,3998.213677198641,-0.0043278002211922266,100.0,0.622289784791068,0.001507368390864672,0.0
4.0,219.0,3992.9677919350925,-0.017035703196585646,100.0,0.6222852615718968,0.0015075969662221697,0.0
4.0,220.0,4003.459563443362,0.008381137219956019,100.0,0.6222897842138437,0.001507607922384867,0.0
4.0,221.0,2672.257508669424,-295.50791859024093,99.99999992121955,11.140286198891358,10.044601704736266,1.8577983096651373e-07
4.0,222.0,2666.8961259783105,-297.8104197499908,99.99999987579336,11.182453869126348,9.997635993816793,1.977288433002644e-07
4.0,223.0,3998.7788815328186,-0.0029587677130981723,100.0,0.5108766015815932,0.001237370063685404,0.0
4.0,224.0,3993.5329933795383,-0.015666372864069366,100.0,0.5108754463419499,0.0012377482887296915,0.0
4.0,225.0,4004.024767776804,0.009750474551112843,100.0,0.510876600661238,0.0012377510851117322,0.0
4.0,226.0,2683.6206005922913,-285.2624248514097,100.0000000670149,11.140286198891122,10.044601704736532,1.0154320628038702e-07
4.0,227.0,2678.302228924818,-287.61283103629745,100.00000003563154,11.182453869126109,9.997635993817063,1.163665595133162e-07
4.0,228.0,3999.240635195113,-0.0018404696625737525,100.0,0.4150826444366081,0.0010051543730959977,0.0
4.0,229.0,3993.9947472206195,-0.014547589497344218,100.0,0.41508378544612307,0.0010057632293088699,0.0
4.0,230.0,4004.4865214379247,0.010869257481956827,100.0,0.4150826429689053,0.0010057604617619955,0.0
4.0,231.0,2694.9836925151585,-275.0169311125784,100.00000013338482,11.140286198890996,10.044601704736671,3.200666171847875e-08
4.0,232.0,2689.7083318713253,-277.4152423226041,100.00000011686743,11.182453869125977,9.997635993817214,4.580017534938769e-08
4.0,233.0,3999.613664227832,-0.000937302403148197,100.0,0.3331457257575931,0.0008064194188193628,0.0
4.0,234.0,3994.3677776095246,-0.01364364765162667,100.0,0.33314699925774843,0.0008073866115052681,0.0
4.0,235.0,4004.8595504687755,0.011773196037913013,100.0,0.3331457234214108,0.0008073835209189131,0.0
4.0,236.0,2706.3467844380257,-264.77143737374706,100.00000014000327,11.140286198890935,10.044601704736737,-1.49674446385212e-08
4.0,237.0,2701.1144348178327,-267.2176536089106,100.00000013592809,11.182453869125904,9.997635993817292,-4.638741888153337e-09
4.0,238.0,3999.9110048007574,-0.00021779795307735845,100.0,0.2634479966111564,0.0006371935269213542,0.0
4.0,239.0,3994.665119032666,-0.01292291423729798,100.0,0.26344837837927143,0.000638728053139284,0.0
4.0,240.0,4005.156891038728,0.012493927385472114,100.0,0.26344799289464177,0.0006387271193170975,0.0
4.0,241.0,2717.709876360893,-254.52594363491568,100.00000011083387,11.14028619889091,10.044601704736765,-3.853011424854524e-08
4.0,242.0,2712.52053776434,-257.0200648952167,100.0000001150638,11.182453869125872,9.99763599381733,-3.261352764298412e-08
4.0,243.0,4000.144146324002,0.0003456979421243891,100.0,0.20451313765846577,0.0004938169608524443,0.0
4.0,244.0,3994.8982605550623,-0.01235746671291262,100.0,0.2045128504471396,0.000496255757291106,0.0
4.0,245.0,4005.390032557243,0.01305937490038347,100.0,0.20451313174780245,0.0004962564385861501,0.0
4.0,246.0,2729.07296828376,-244.28044989608406,100.00000006798182,11.14028619889091,10.044601704736763,-4.278776981778516e-08
4.0,247.0,2723.9266407108476,-246.82247618152306,100.00000007607736,11.182453869125862,9.99763599381734,-4.098878102397807e-08
4.0,248.0,4000.32317068613,0.0007773237662132088,100.0,0.15500144834056226,0.00037291175729453065,0.0
4.0,249.0,3995.077284547661,-0.011922737334008506,100.0,0.15500108152089775,0.00037679135641342597,0.0
4.0,250.0,4005.569056911849,0.013494105156056112,100.0,0.15500143893933635,0.0003767922220560754,0.0
4.0,251.0,2740.436060206627,-234.03495615725245,100.0000000278329,11.140286198890927,10.044601704736747,-3.4456221439563515e-08
4.0,252.0,2735.332743657355,-236.62488746782944,100.00000003611561,11.182453869125862,9.99763599381734,-3.5655843900638597e-08
4.0,253.0,4000.456885699183,0.0010979629078527887,100.0,0.11370328043125255,0.00027133676061981806,0.0
4.0,254.0,3995.2109992991604,-0.011597160593515,100.0,0.11370314092367294,0.0002775090941845921,0.0
4.0,255.0,4005.7027719129374,0.013819682501035439,100.0,0.1137032654753943,0.0002775093958598939,0.0
4.0,256.0,2751.7991521294944,-223.789462418421,99.99999999953978,11.140286198890953,10.044601704736719,-2.0670217209680245e-08
4.0,257.0,2746.7388466038624,-226.42729875413582,100.00000000568826,11.182453869125878,9.997635993817324,-2.340685562746259e-08
4.0,258.0,4000.552951435571,0.0013254501378462242,100.0,0.07953149691665874,0.00018612313189207534,0.0
4.0,259.0,3995.307065000312,-0.011361818228317,100.0,0.07953154059875783,0.0001959420741681817,0.0
4.0,260.0,4005.798837630291,0.014055024905546708,100.0,0.07953147312229931,0.00019594191087989613,0.0
4.0,261.0,2763.1622440523615,-213.54396867958968,99.99999998551111,11.140286198890982,10.044601704736687,-7.2938240802881206e-09
4.0,262.0,2758.14494955037,-216.2297100404422,99.9999999886773,11.18245386912589,9.99763599381731,-1.020537118137661e-08
4.0,263.0,4000.6179987684827,0.0014747003775707134,100.0,0.05151348626290941,0.00011438147771982613,0.0
4.0,264.0,3995.372112398544,-0.011200072571593533,100.0,0.051513547887450835,0.0001300003997257826,0.0
4.0,265.0,4005.863884932919,0.014216770330900286,100.0,0.051513448404068886,0.00013000015897708498,0.0
4.0,266.0,2774.5253359752287,-203.29847494075835,99.99999998327242,11.140286198891014,10.044601704736651,2.0586550980431493e-09
4.0,267.0,2769.551052496877,-206.03212132674858,99.99999998380471,11.18245386912591,9.997635993817289,-8.27262441106521e-11
4.0,268.0,4000.657739828762,0.0015577243178138732,100.0,0.028783010732137293,5.3165146118344675e-05,0.0
4.0,269.0,3995.4118534830955,-0.011097172428338258,100.0,0.0287829898701714,7.800979765316656e-05,0.0
4.0,270.0,4005.9036259450118,0.014319670298809224,100.0,0.028782950490794438,7.800970234099576e-05,0.0
4.0,271.0,2785.8875528473654,-193.05377018848515,99.99999998793045,11.140286198891046,10.044601704736616,6.222771589277004e-09
4.0,272.0,2780.9571554433846,-195.83453261305496,99.99999998686245,11.182453869125931,9.997635993817262,5.250368399309823e-09
4.0,273.0,4000.6770702838994,0.0015834753899551797,100.0,0.01057201893895927,-7.356498761894375e-07,0.0
4.0,274.0,3995.431183870455,-0.011039804639239651,100.0,0.010571907729716244,3.8784421355747094e-05,0.0
4.0,275.0,4005.9229563234667,0.014377038066287873,100.0,0.010571923063714928,3.8784458321660815e-05,0.0
4.0,276.0,2797.2336360976847,-182.82361226223819,99.99999999449493,11.140286198891069,10.04460170473659,6.140388711090792e-09
4.0,277.0,2792.3540722538273,-185.64515673400825,99.99999999297795,11.182453869125947,9.997635993817246,6.13878888595391e-09
4.0,278.0,4000.6801634533413,0.0015574402068436915,100.0,-0.003797476070820608,-5.110944407958224e-05,0.0
4.0,279.0,3995.4342768933216,-0.011015547366481472,100.0,-0.003797655491069442,1.1754924401242857e-05,0.0
4.0,280.0,4005.9260493708475,0.014401295398175338,100.0,-0.00379762870665714,1.175498899676821e-05,0.0
4.0,281.0,2808.5573288392143,-172.61364266318054,99.99999999972972,11.140286198891085,10.044601704736571,3.983124063397224e-09
4.0,282.0,2803.728741684847,-175.47567105114697,99.9999999984989,11.182453869125956,9.997635993817237,4.464157318230839e-09
4.0,283.0,4000.670556382454,0.0014808329205719644,100.0,-0.014921337570512167,-0.00010281349814938433,0.0
4.0,284.0,3995.4246696083724,-0.01101215465528158,100.0,-0.014921591093705004,-2.8153931457934604e-06,0.0
4.0,285.0,4005.9164421055875,0.01440468815684937,100.0,-0.014921580691886843,-2.8153680676852933e-06,0.0
4.0,286.0,2819.8586752576757,-162.42382155140382,100.00000000248056,11.140286198891086,10.044601704736568,1.490264448002502e-09
4.0,287.0,2815.0809641947335,-165.32625396407795,100.00000000181592,11.182453869125961,9.99763599381723,2.069297358765714e-09
4.0,288.0,4000.6512281144064,0.0013491716196432002,100.0,-0.023320951484502844,-0.00016254113526538387,0.0
4.0,289.0,3995.405341029886,-0.011016560298724276,100.0,-0.02332133119861128,-3.4746066927805026e-06,0.0
4.0,290.0,4005.89711352782,0.014400282515178976,100.0,-0.023321339037675817,-3.4746255001367995e-06,0.0
4.0,291.0,2831.1377194515953,-152.25410916562024,100.0000000029767,11.140286198891085,10.044601704736571,-3.5804497259616524e-10
4.0,292.0,2826.410784080535,-155.19686586917234,100.00000000284474,11.182453869125968,9.997635993817223,8.838427548155647e-11
4.0,293.0,4000.6246704998835,0.0011498837278611886,100.0,-0.029450493275667396,-0.0002400304723586234,0.0
4.0,294.0,3995.3787829350586,-0.01101342323765764,100.0,-0.029451093121616156,1.299584687117819e-05,0.0
4.0,295.0,4005.8705554192734,0.014403419543292205,100.0,-0.02945111183085004,1.2995801877318681e-05,0.0
4.0,296.0,2842.3945054324727,-142.1044658230074,100.00000000208684,11.14028619889108,10.044601704736579,-1.2429128678329464e-09
4.0,297.0,2837.718245551883,-145.08746724095542,100.00000000229682,11.182453869125967,9.997635993817225,-1.015989391769992e-09
4.0,298.0,4000.592951951686,0.0008583785063374621,100.0,-0.03370376552163516,-0.00034997570438204703,0.0
4.0,299.0,3995.3470636219645,-0.01098293213048406,100.0,-0.0337047227342336,5.251195060525728e-05,0.0
4.0,300.0,4005.838836081814,0.014433910591711396,100.0,-0.033704754703834286,5.251187331896998e-05,0.0
4.0,301.0,2853.629077124958,-131.97485191905352,100.00000000075225,11.14028619889107,10.044601704736587,-1.288781814879559e-09
4.0,302.0,2849.0033927311615,-134.9980186319528,100.00000000108348,11.182453869125965,9.997635993817227,-1.2645981258152026e-09
4.0,303.0,4000.5577745872083,0.0004316923552017928,100.0,-0.036420581984609915,-0.0005150564877272188,0.0
4.0,304.0,3995.311885041284,-0.010897420384423385,100.0,-0.03642209790620395,0.0001251785536180416,0.0
4.0,305.0,4005.80365745321,0.014519422221665258,100.0,-0.03642216875384896,0.00012517838180510404,0.0
4.0,306.0,2864.841478367016,-121.86522792740294,99.99999999965904,11.140286198891056,10.044601704736603,-8.312123634736322e-10
4.0,307.0,2860.2662696536886,-124.92848067253612,99.99999999994098,11.18245386912597,9.99763599381722,-9.374645477275649e-10
4.0,308.0,4000.520525218407,-0.00020171623669147697,100.0,-0.03789268743478052,-0.0007707464901731586,0.0
4.0,309.0,3995.2746337560334,-0.010716078415138433,100.0,-0.03789506615240706,0.00024767209131959826,0.0
4.0,310.0,4005.766406051674,0.01470076390894342,100.0,-0.03789524510760896,0.00024767165741972487,0.0
4.0,311.0,2876.031752910103,-111.77555439970175,99.99999999912704,11.140286198891047,10.044601704736612,-2.3038624212717673e-10
4.0,312.0,2871.5069202678783,-114.87881407076961,99.99999999927242,11.18245386912598,9.997635993817207,-3.8164652168150756e-10
4.0,313.0,4000.4823206560054,-0.0011582865103953895,100.0,-0.03836920907102926,-0.0011729526612029439,0.0
4.0,314.0,3995.2364262014635,-0.01037662921721668,100.0,-0.0383729056929974,0.0004470403878737679,0.0
4.0,315.0,4005.7281982004124,0.01504021238779323,100.0,-0.03837336258588129,0.00044703928081830653,0.0
4.0,316.0,2887.199944419337,-101.70579196544399,99.99999999915252,11.140286198891035,10.044601704736627,2.452240730090525e-10
4.0,317.0,2882.725388435418,-104.84897961225667,99.99999999915369,11.182453869125986,9.997635993817203,1.1804325542096528e-10
4.0,318.0,4000.4440477963894,-0.0026253925854662595,100.0,-0.038061640209218636,-0.0018101578058960885,0.0
4.0,319.0,3995.1981487246303,-0.009782164235641624,100.0,-0.03806730334542082,0.0007667558474401947,0.0
4.0,320.0,4005.6899199690447,0.015634675541448293,100.0,-0.038068462353952726,0.000766753039858281,0.0
4.0,321.0,2898.345661251983,-91.65629374798759,99.99999999953103,11.127268865914465,10.032864670097382,4.649048360397145e-10
4.0,322.0,2893.9217179314383,-94.83893815998692,99.99999999943451,11.18245386912599,9.997635993817196,4.0045346251002896e-10
4.0,323.0,4000.4063989567794,-0.004902828799994412,100.0,-0.03714836114751944,-0.0028227264956505378,0.0
4.0,324.0,3995.1604928962765,-0.008780272350211931,100.0,-0.037156824630647185,0.0012763521044173599,0.0
4.0,325.0,4005.6522622299267,0.016636562798278427,100.0,-0.03715975753749747,0.0012763449997205962,0.0
4.0,326.0,2909.3582995089037,-81.72678538220325,99.99999999999218,10.842493484027232,9.776097901694582,4.185388680230176e-10
4.0,327.0,2905.056169194901,-84.88421873741582,99.99999999986863,11.024275580971018,9.856217217079417,4.268443876876659e-10
4.0,328.0,4000.3699029179684,-0.008468858398183754,100.0,-0.03577870435850309,-0.004433603419385566,0.0
4.0,329.0,3995.1239866378546,-0.007129902523657874,100.0,-0.035790790045585594,0.002086758884344464,0.0
4.0,330.0,4005.6157511372544,0.01828692091399409,100.0,-0.03579821010425293,0.0020867409091470477,0.0
4.0,331.0,2919.9405539089053,-72.18533117819933,100.0000000003125,10.286311378885985,9.274618171128767,2.065068229932836e-10
4.0,332.0,2915.864981848077,-75.22063544017868,100.00000000022354,10.550963761769172,9.433054346449032,2.6131633195218685e-10
4.0,333.0,4000.334952127235,-0.01408531932306676,100.0,-0.03407656945704032,-0.006997122534899461,0.0
4.0,334.0,3995.0890218612576,-0.004448710996582563,100.0,-0.03409230865669782,0.003374694851698076,0.0
4.0,335.0,4005.580774129651,0.020968082810903933,100.0,-0.034111082649433244,0.0033746493706015507,0.0
4.0,336.0,2929.8752027165547,-63.22778838551904,100.00000000039809,9.562084634333761,8.62162155478785,-2.8103415983680366e-11
4.0,337.0,2926.0908342360217,-66.07824584504286,100.00000000037124,9.874894499439135,8.828616852631555,3.506570745878244e-11
4.0,338.0,4000.3018265115898,-0.022964817364867107,100.0,-0.032143586383446075,-0.011076578281032463,0.0
4.0,339.0,3995.0558797443914,-0.00012937463773189997,100.0,-0.032159802327001406,0.005421445692015654,0.0
4.0,340.0,4005.5476010656366,0.02528734419840155,100.0,-0.0322073048829297,0.005421330614241223,0.0
4.0,341.0,2939.034481430356,-54.96935543861963,100.00000000028557,8.746439551766073,7.88619790044447,-1.7723827438960258e-10
4.0,342.0,2935.5760654981464,-57.59800612433992,100.00000000031297,9.08194816424723,8.119685797367612,-1.3553091399489285e-10
4.0,343.0,4000.270714359308,-0.03703653857699923,100.0,-0.030061811562843484,-0.017567358583923567,0.0
4.0,344.0,3995.0247558830974,0.0067934014890148635,100.0,-0.030065289379049582,0.008674431507336983,0.0
4.0,345.0,4005.516398902258,0.03220993063400561,100.0,-0.030185477231260867,0.008674140345937668,0.0
4.0,346.0,2947.3563560814937,-47.46596505752419,100.00000000008532,7.895079772134143,7.118572209222438,-2.034420244655273e-10
4.0,347.0,2944.2369389880123,-49.854780750592674,100.00000000013819,8.235034995908139,7.3625058729503525,-1.9444153200174027e-10
4.0,348.0,4000.2417307532087,-0.05936837905250052,100.0,-0.027895919652058104,-0.02789178720017486,0.0
4.0,349.0,3994.995790434475,0.01785404436447518,100.0,-0.027844998570104976,0.01384464807124576,0.0
4.0,350.0,4005.487235349881,0.04327009359312591,100.0,-0.028149056149105647,0.013843911476721898,0.0
4.0,351.0,2954.8260309127922,-40.73095778708619,99.99999999991095,7.04747714688094,6.354334143650586,-1.3387680915293556e-10
4.0,352.0,2952.0433092064627,-42.87552120787989,99.99999999995856,7.379186656771507,6.597337488556248,-1.512246353807394e-10
4.0,353.0,4000.214934091679,-0.09483550988758821,100.0,-0.025694821716033194,-0.04430495576918424,0.0
4.0,354.0,3994.969115680019,0.035490530731727234,100.0,-0.02547108761138577,0.022059649408251104,0.0
4.0,355.0,4005.4600594919125,0.06090536601244913,100.0,-0.02624009440884813,0.022057786451385383,0.0
4.0,356.0,2961.461668368905,-34.747957519973,99.99999999982944,6.230635349598199,5.617831475496245,-2.84294681295742e-11
4.0,357.0,2959.0028654633734,-36.65335289407225,99.99999999985295,6.545649975608225,5.8521167683731115,-5.641992805969657e-11
4.0,358.0,4000.19034132036,-0.15117205574854384,100.0,-0.023492606578754224,-0.070364769205338,0.0
4.0,359.0,3994.9449518694787,0.06357047701591464,100.0,-0.022776307649105248,0.035098751853482386,0.0
4.0,360.0,4005.43462876095,0.0889822431191437,100.0,-0.02471987536685479,0.035094043464028286,0.0
4.0,361.0,2967.303478902196,-29.48070863661067,99.99999999984686,5.462091070933902,4.92487610309249,5.627862931983903e-11
4.0,362.0,2965.149044895881,-31.158381447013728,99.99999999984367,5.755158811052266,5.1453807503172815,3.303048132782767e-11
4.0,363.0,4000.1679426030937,-0.2405966549441929,100.0,-0.021308714338796417,-0.11161408057239681,0.0
4.0,364.0,3994.92382797138,0.10820447191006183,100.0,-0.0192623947519231,0.05573456546073524,0.0
4.0,365.0,4005.4103057160296,0.1336084879205306,100.0,-0.024165826049701213,0.05572268665345455,0.0
4.0,366.0,2972.40548952659,-24.88049786101368,99.99999999992477,4.752291437822605,4.284887643417104,9.026336331946265e-11
4.0,367.0,2970.5318692280657,-26.345885109297452,99.99999999990459,5.020532272289924,4.488590316670018,8.028922013292307e-11
4.0,368.0,4000.147716154487,-0.3822102022700917,100.0,-0.019147528516342927,-0.17640783523841266,0.0
4.0,369.0,3994.907113697145,0.17894625461827066,100.0,-0.0136304126554278,0.08814770434214102,0.0
4.0,370.0,4005.3855382575257,0.20433076138733247,100.0,-0.02594637012018165,0.08811786831959564,0.0
4.0,371.0,2976.829427100855,-20.89166937790563,100.00000000001069,4.106463681002943,3.702579211541916,7.475886998347627e-11
4.0,372.0,2975.2110956190127,-22.162438189966934,99.99999999998751,4.348723574378637,3.887961966416653,7.821291174735634e-11
4.0,373.0,4000.129643241693,-0.605078673488993,100.0,-0.01699895073202606,-0.2762490389888643,0.0
4.0,374.0,3994.898288788638,0.29033722017956687,100.0,-0.002705771597875226,0.13809737422432905,0.0
4.0,375.0,4005.356597938129,0.31567299636065427,100.0,-0.033299500082457995,0.1380232593888196,0.0
4.0,376.0,2980.6402583931986,-17.45564611852517,100.00000000006511,3.5260736730711395,3.1792725065791334,3.192422409055733e-11
4.0,377.0,2979.2511856592655,-18.550409016637666,100.00000000004988,3.742423206376799,3.3459011224246686,4.312611911829539e-11
4.0,378.0,4000.1137197635157,-0.9504371943860119,100.0,-0.014846553780622952,-0.4229196615525558,0.0
4.0,379.0,3994.9057603573256,0.4630152931659115,100.0,0.0206103765158583,0.21149177718363313,0.0
4.0,380.0,4005.3147697633744,0.4882316382563626,100.0,-0.05337683664915771,0.21131253946502032,0.0
4.0,381.0,2983.9030171045906,-14.513790664411433,100.00000000007448,3.009953412517946,2.7139144038835306,-1.1245988152642447e-11
4.0,382.0,2982.717691217059,-15.45119115775185,100.00000000007131,3.201302486071877,2.86211392744618,4.4218900604722825e-13
4.0,383.0,4000.099948633957,-1.466431853184692,100.0,-0.012702293215526671,-0.6145799247579256,0.0
4.0,384.0,3994.9479098644624,0.7210980512264621,100.0,0.06921431697000714,0.3074422515481613,0.0
4.0,385.0,4005.241328193099,0.7460343711598184,100.0,-0.09908520522324481,0.3070345375516391,0.0
4.0,386.0,2986.6806208907255,-12.00937352223086,100.00000000004886,2.555163494647016,2.3038545990646586,-3.6065822477759524e-11
4.0,387.0,2985.674734222866,-12.807456612890771,100.00000000005534,2.722968614256757,2.4344611072432603,-2.9096243394313516e-11
4.0,388.0,4000.088273739049,-2.1791403895032104,100.0,-0.010688971345669243,-0.8020949904560205,0.0
4.0,389.0,3995.057028683817,1.0777025236665345,100.0,0.15543564001327648,0.4014110985444087,0.0
4.0,390.0,4005.1036801038185,1.1020410384412418,100.0,-0.18264270580847092,0.400592086869188,0.0
4.0,391.0,2989.032441372619,-9.8888624689321,100.00000000001023,2.1576447689452114,1.9454331726701677,-3.7597052063462346e-11
4.0,391.1,2988.1833220906633,-10.56466190483574,100.00000000002052,2.303689694929166,2.0596061725055765,-3.687181755661493e-11
5.0,0.0,4000.0784324534593,-3.030314625522854,100.0,-0.009089549991555899,-0.8689921268111219,0.0
5.0,1.0,3995.2667255962974,1.5037857224156377,100.0,0.2634726138866614,0.43512332902555867,0.0
5.0,2.0,4004.868114793453,1.527045567220298,100.0,-0.28796704724199323,0.4337874389087905,0.0
5.0,3.0,2991.0134392082505,-8.102702411496033,99.9999999999793,1.8127034421916364,1.6344179817778273,-2.2470295526795305e-11
5.0,4.0,2990.300293467226,-8.671990628932639,99.99999999998776,1.9389375522168089,1.7335007225317245,-2.634253621596001e-11
5.0,5.0,4000.0686131555085,-3.7512625346089,100.0,-0.016153469900578143,-0.1314268200922561,0.0
5.0,6.0,3995.651728863043,1.865180472728865,100.0,0.8518672121338288,0.06775753461440036,0.0
5.0,7.0,4004.4582335374985,1.8865146700822621,100.0,-0.8851290260340029,0.06354957448515086,0.0
5.0,8.0,2992.6737162791883,-6.605719156367318,99.99999999996695,1.5153655833404076,1.3663242981346464,-2.4090871079868324e-12
5.0,9.0,2992.077732247719,-7.082877350519679,99.99999999997053,1.6237872749797646,1.4517416567630046,-7.769744296768771e-12
5.0,10.0,4000.045128893386,-3.1236039352838483,100.0,-0.027439311795735024,1.1705680826894571,0.0
5.0,11.0,3997.0288591590875,1.554658894080851,100.0,1.6831053767471922,-0.5812398710701094,0.0
5.0,12.0,4003.038696706808,1.5692180256596036,100.0,-1.7294762882572094,-0.5895070205712372,0.0
5.0,13.0,2994.058369443431,-5.357251272714738,99.99999999997269,1.2606300841167148,1.136642889230262,1.2411658979459156e-11
5.0,14.0,2993.5627229067636,-5.755226350380999,99.99999999997137,1.353205009008602,1.2098284744487813,8.335381885153094e-12
5.0,15.0,4000.0188058953813,-1.7729846466662917,100.0,-0.023510319279104873,1.3905510015595295,0.0
5.0,16.0,3998.6820515592617,0.8833223065300887,100.0,1.5077506506887797,-0.6916513769956277,0.0
5.0,17.0,4001.3426745444854,0.8897677985779902,100.0,-1.544664896903224,-0.6990460060912889,0.0
5.0,18.0,2995.207556413465,-4.321090693696974,99.9999999999884,1.0436434196302045,0.9409975906181641,1.7247092752140914e-11
5.0,19.0,2994.7973485459947,-4.651413370320516,99.99999999998427,1.1222493753323517,1.0033433520203552,1.5815182373087198e-11
5.0,20.0,4000.000025294111,-0.5366614218034085,100.0,-0.01372027886437412,1.0251891295838906,0.0
5.0,21.0,3999.9077374450217,0.2681072308930128,100.0,0.9160926715127191,-0.5103919035777094,0.0
5.0,22.0,4000.0884128983625,0.26854492620124715,100.0,-0.9360823158199155,-0.514878889978469,0.0
5.0,23.0,2996.1567052356063,-3.4652938401229254,100.00000000000419,0.8598148530566875,0.7752491798307102,1.314273457289831e-11
5.0,24.0,2995.818855822973,-3.738138159013286,99.99999999999991,0.9262068285200241,0.8280721597338432,1.4143679681180263e-11
5.0,25.0,3999.99114542909,0.22844552759527548,100.0,-0.004465556757688404,0.5066299641565402,0.0
5.0,26.0,4000.51784671977,-0.11297897957883489,100.0,0.32745597199160437,-0.2525271126507511,0.0
5.0,27.0,3999.466104546658,-0.11552687751516647,100.0,-0.332705019330202,-0.25412638561934,0.0
5.0,28.0,2998.9066462844867,-2.7131529371537884,100.00000000001593,5.626638409747609,0.7544260003902351,1.1485665887985246e-11
5.0,29.0,2997.1526367059923,-2.9738275463463153,100.00000000001131,3.2234895143517495,0.7410735122165009,1.0091819182353805e-11
5.0,30.0,3999.989939062594,0.5127621339642594,100.0,0.0014130731062970527,0.09070561755737122,0.0
5.0,31.0,4000.6312822955047,-0.25486394065791346,100.0,-0.06110414315519604,-0.04549912499682682,0.0
5.0,32.0,3999.352322560576,-0.25796228448451924,100.0,0.06458947728442921,-0.04519462592439992,0.0
5.0,33.0,3007.5332819471046,-1.9547025832076752,100.0000000000273,11.626633838336204,0.7617145918417196,1.1249678252267527e-11
5.0,34.0,3003.3761222412036,-2.227896099142999,100.00000000002132,9.22348266766783,0.7500457593513773,9.90201715035168e-12
5.0,35.0,3999.9927645175912,0.47402004618067195,100.0,0.003713066479808231,-0.13637391997157566,0.0
5.0,36.0,4000.4718242718327,-0.23587576938857618,100.0,-0.2240259226708802,0.06764874354518378,0.0
5.0,37.0,3999.5171498822206,-0.23818851577196742,100.0,0.23046087818000874,0.06874976051643127,0.0
5.0,38.0,3021.7025313421395,-1.2130563610520824,100.00000000003807,14.98620385954385,0.6431903918693394,9.197638053419524e-12
5.0,39.0,3015.599603726862,-1.4752423426304198,100.0000000000311,14.981611376859837,0.7425096314149006,9.496306632068358e-12
5.0,40.0,3999.996540953547,0.29575025632701324,100.0,0.003546444089833913,-0.19761609310971243,0.0
5.0,41.0,4000.237273320984,-0.14730451155084956,100.0,-0.22538186346146155,0.09826634345444744,0.0
5.0,42.0,3999.7579580436895,-0.1484656767461466,100.0,0.23103849306864183,0.09937204456087767,0.0
5.0,43.0,3036.992576859527,-0.6700368216277744,100.0000000000457,14.993686918616342,0.43514662645267516,5.93938418711549e-12
5.0,44.0,3030.8863280871997,-0.8481439914274028,100.00000000003897,14.99157215206005,0.502756809578532,6.17629476652423e-12
5.0,45.0,3999.999492153159,0.11173361309674931,100.0,0.0022709054599929714,-0.1598546072575351,0.0
5.0,46.0,4000.046405767126,-0.055755001402271485,100.0,-0.14996190259108677,0.0795667641218802,0.0
5.0,47.0,3999.9533905841386,-0.05598033532804385,100.0,0.1533419130414326,0.08030153276164283,0.0
5.0,48.0,3052.2880304713512,-0.3031038267413954,100.00000000005056,14.997126732652426,0.2935809339210711,3.722258273353871e-12
5.0,49.0,3046.180253777196,-0.42398331161662284,100.00000000004404,14.996155391611083,0.33959309570988544,3.917058965954087e-12
5.0,50.0,4000.0010575862857,-0.012896865625164986,100.0,0.0009020126287208646,-0.08807060893943751,0.0
5.0,51.0,3999.9405855799664,0.006305779440804346,100.0,-0.0637278262723454,0.043882013213452635,0.0
5.0,52.0,4000.0614358446314,0.006598545241987486,100.0,0.06489177306112497,0.044193600615843306,0.0
5.0,53.0,3067.5859671636626,-0.055980753436402624,100.00000000005352,14.998702794061325,0.19726757315134402,2.2139198903825433e-12
5.0,54.0,3061.4774895756323,-0.13791383880886945,100.0000000000472,14.998258245351359,0.22858172663181547,2.379988903163204e-12
5.0,55.0,4000.0014401370154,-0.06741578856872155,100.0,-4.9012216752999485e-05,-0.02444072670934852,0.0
5.0,56.0,3999.9106504640467,0.03349318497349092,100.0,-0.001487259793661864,0.01221670102628353,0.0
5.0,57.0,4000.091739833161,0.0339318830134223,100.0,0.0012116106228504432,0.012223239174639624,0.0
5.0,58.0,3082.8850396172384,0.10963113330365586,100.00000000005521,14.99942145341923,0.13174241043387847,1.1878779157382917e-12
5.0,59.0,3076.7762418659026,0.0542056961338674,100.00000000004907,14.999219090774856,0.15305772419281605,1.3342698082330135e-12
5.0,60.0,4000.001134832771,-0.07041764849142185,100.0,-0.00048170426085345,0.013864008568543858,0.0
5.0,61.0,3999.9266632375857,0.0350325368709977,100.0,0.028415016622621875,-0.006863750963826059,0.0
5.0,62.0,4000.0750946401704,0.03539211935613217,100.0,-0.02927765849564134,-0.007003514350361736,0.0
5.0,63.0,3098.184628624752,0.21978680841154039,100.00000000005606,14.999746763914969,0.08716087667279906,4.897772092205788e-13
5.0,64.0,3092.0756855555537,0.18240755630636757,100.00000000005006,14.999655403644438,0.10167483425187751,6.227370964718723e-13
5.0,65.0,4000.0006076409722,-0.04807151917308966,100.0,-0.0005235309921209513,0.027279147526817083,0.0
5.0,66.0,3999.9589763691324,0.023937113812430733,100.0,0.032950531373831395,-0.013560383595656894,0.0
5.0,67.0,4000.041889537198,0.024137975102588152,100.0,-0.03379933001301743,-0.01372208846822427,0.0
5.0,68.0,3113.4844505285887,0.2922099359764984,100.0000000000563,14.999892360040459,0.05682593773874671,1.4710793540367142e-14
5.0,69.0,3107.375442149059,0.26712123251976194,100.00000000005042,14.999851643099365,0.06671345448443652,1.3858301437713784e-13
5.0,70.0,4000.0001535502947,-0.02129307814937206,100.0,-0.0003666105774706827,0.024410015077800842,0.0
5.0,71.0,3999.988084411916,0.010617858959142959,100.0,0.023973017797057697,-0.01214737577233825,0.0
5.0,72.0,4000.012067936243,0.010675960244512435,100.0,-0.024528830097302792,-0.012264873920949009,0.0
5.0,73.0,3128.7843760171972,0.33895706844510815,100.00000000005613,14.999956360692044,0.03618255566276311,-3.0856073664404136e-13
5.0,74.0,3122.6753387393774,0.32224367267815746,100.00000000005039,14.999938587526113,0.04292284292857556,-1.9084958206310102e-13
5.0,75.0,3999.9998872338283,-0.0014579819164056036,100.0,-0.0001687651681173901,0.01481699345581595,0.0
5.0,76.0,4000.005855277519,0.0007430390695539142,100.0,0.011642076009962973,-0.007380497638416052,0.0
5.0,77.0,3999.9939085960837,0.0007140976371801369,100.0,-0.011871919287413154,-0.00743746146626561,0.0
5.0,78.0,3144.084346578959,0.3682302782264311,100.0000000000557,14.999983671506035,0.022132658049447633,-5.285890304830909e-13
5.0,79.0,3137.975296836259,0.3572286492900538,100.00000000005008,14.999976180393631,0.026731771801614426,-4.1510571774546825e-13
5.0,80.0,3999.9997994904443,0.008403485835466492,100.0,-1.8355789322112374e-05,0.005285224065341634,0.0
5.0,81.0,4000.0122736385833,-0.004172252287548528,100.0,0.0018884558452340408,-0.002638059387989014,0.0
5.0,82.0,3999.9873864190704,-0.004232542819638551,100.0,-0.0018867561688563367,-0.0026472050276185456,0.0
5.0,83.0,3159.3843360433593,0.3856099859009163,100.00000000005508,14.999994733997434,0.012569011465477122,-6.783854730320612e-13
5.0,84.0,3153.275281156179,0.37850792672866523,100.00000000004957,14.999991771890778,0.01571124466552297,-5.677338013451655e-13
5.0,85.0,3999.9998257101106,0.010225758054626714,100.0,5.888717601403885e-05,-0.0010008898822417888,0.0
5.0,86.0,4000.0111634272243,-0.005086046180361908,100.0,-0.00335613290034887,0.0004923858701324753,0.0
5.0,87.0,3999.9885623128594,-0.0051407985085677906,100.0,0.0034666321403144505,0.0005089143591599974,0.0
5.0,88.0,3174.6843329189937,0.3948933583868321,100.00000000005434,14.99999877660492,0.006058205251017936,-7.803474688274752e-13
5.0,89.0,3168.57527608063,0.3904577583557273,100.00000000004893,14.999997753722514,0.008209038893369758,-6.716605992222468e-13
5.0,90.0,3999.9998969136673,0.007635613712949487,100.0,7.550129769850287e-05,-0.003632466147361765,0.0
5.0,91.0,4000.0068716368332,-0.0038012848389844256,100.0,-0.0047008947514494935,0.0018049363742233307,0.0
5.0,92.0,3999.9929776849585,-0.003834943631236124,100.0,0.0048254966796611376,0.0018280145331950322,0.0
5.0,93.0,3189.9843323114587,0.3986644755983,100.00000000005349,14.999999911969986,0.0016250847547049435,-8.496881280637052e-13
5.0,94.0,3183.8752748668194,0.3960561593198312,100.00000000004822,14.999999679420732,0.003101189760295489,-7.423378729046526e-13
5.0,95.0,3999.9999653367813,0.0038352968432920505,100.0,5.786954814969739e-05,-0.003649672939489956,0.0
5.0,96.0,4000.002525341331,-0.001911572642850568,100.0,-0.0037496867787273724,0.0018158227622062128,0.0
5.0,97.0,3999.9974332062725,-0.0019239085943195727,100.0,0.0038389004664808346,0.001834206493766738,0.0
5.0,98.0,3205.2843322452336,0.3986821060129098,100.00000000005264,14.99999993524154,-0.0013938270352215059,-8.969967548143548e-13
5.0,99.0,3199.175274725903,0.3973299102335103,100.00000000004742,14.999999995262575,-0.00037699165124912794,-7.905717407149881e-13
5.0,100.0,4000.000009355502,0.0007458420559498466,100.0,3.001144503392205e-05,-0.0024261320504295743,0.0
5.0,101.0,3999.9996200600644,-0.0003738301193578484,100.0,-0.002034947046841877,0.0012081726164849234,0.0
5.0,102.0,4000.0004040712606,-0.00037193081308084394,100.0,0.002077337233948551,0.0012181348305137164,0.0
5.0,103.0,3220.584332003905,0.39614345990816924,100.00000000005167,14.999999603249487,-0.003450002215799317,-9.293225762859046e-13
5.0,104.0,3214.4752745938495,0.3956585839272262,100.00000000004657,14.99999974868189,-0.0027458228693175725,-8.232028220868255e-13
5.0,105.0,4000.0000269912384,-0.0009652153366442503,100.0,6.724132766777581e-06,-0.001029416316293407,0.0
5.0,106.0,3999.998375921961,0.0004787059519798148,100.0,-0.0005382200504129737,0.000513412437970874,0.0
5.0,107.0,4000.0016710452364,0.0004866885526688701,100.0,0.0005441868040527163,0.0005160346226280815,0.0
5.0,108.0,3235.8843313910515,0.3918636049147222,100.00000000005068,14.999999215693459,-0.004850690226102442,-9.51061207295412e-13
5.0,109.0,3229.775274133037,0.39198134781519595,100.00000000004572,14.999999366524554,-0.004359387915261341,-8.453472477316253e-13
5.0,110.0,4000.000026212938,-0.0014477268770881435,100.0,-6.545234108731841e-06,-2.2253460591419868e-05,0.0
5.0,111.0,3999.998336316366,0.0007198648329347586,100.0,0.0003504189414996272,1.1967709602667806e-05,0.0
5.0,112.0,4000.001705587538,0.000728027060604722,100.0,-0.00036367102427119593,1.0237790999213073e-05,0.0
5.0,113.0,3251.184330408029,0.38639752537308697,100.00000000004968,14.999998876725728,-0.005805017388212351,-9.657098291314968e-13
5.0,114.0,3245.0752732929204,0.386937648520847,100.00000000004486,14.999999006761213,-0.005458677738776128,-8.604970859381411e-13
5.0,115.0,4000.000016999116,-0.001187079402677532,100.0,-1.0604395291196953e-05,0.00046100660020888284,0.0
5.0,116.0,3999.9988790575558,0.0005908447528937429,100.0,0.0006519251348128668,-0.00022893682374810196,0.0
5.0,117.0,4000.00114631315,0.0005963372927937991,100.0,-0.000669783324033896,-0.00023213872849385476,0.0
5.0,118.0,3266.484329118436,0.3801231711496853,100.00000000004869,14.99999861095148,-0.0064553430330573465,-9.75626775912213e-13
5.0,119.0,3260.375272122267,0.3809629286805485,100.00000000004401,14.999998715467939,-0.006207733899389129,-8.709879753711053e-13
5.0,120.0,4000.000006910059,-0.000663350104956086,100.0,-8.943102442967548e-06,0.0005337048911379869,0.0
5.0,121.0,3999.9995137190176,0.0003305053824963522,100.0,0.0005743389746051931,-0.0002654719132781089,0.0
5.0,122.0,4000.0004952800095,0.00033288326301760516,100.0,-0.0005883462644659683,-0.00026828857633237456,0.0
5.0,123.0,3281.7843275946766,0.37329797077604354,100.00000000004769,14.999998413648557,-0.0068985897666528325,-9.82356127550941e-13
5.0,124.0,3275.6752706928846,0.37435375715726343,100.00000000004316,14.999998495510761,-0.0067182345026228826,-8.783821545931777e-13
5.0,125.0,3999.9999998123617,-0.00019209462731728137,100.0,-5.14030080060104e-06,0.0003879337467134601,0.0
5.0,126.0,3999.9999776189647,9.599286720301087e-05,100.0,0.0003438655374479943,-0.0001931400682387545,0.0
5.0,127.0,4000.0000206096925,9.609701438776143e-05,100.0,-0.0003513266981498478,-0.00019482420614623023,0.0
5.0,128.0,3297.0843258995765,0.3660972924978288,100.0000000000467,14.999998271637363,-0.00720075524248027,-9.869947280878569e-13
5.0,129.0,3290.9752690716064,0.36731215230126274,100.0000000000423,14.999998335617672,-0.007066220142090766,-8.83724746063873e-13
5.0,130.0,3999.99999652297,9.533761796221071e-05,100.0,-1.6092678230194583e-06,0.00018815887046152085,0.0
5.0,131.0,4000.0002043028217,-4.717808683292574e-05,100.0,0.0001189519902454822,-9.379321736072871e-05,0.0
5.0,132.0,3999.9997894360545,-4.818312229302059e-05,100.0,-0.00012080303205969453,-9.437403587539249e-05,0.0
5.0,133.0,3312.384324082212,0.3586406231271678,100.0000000000457,14.999998171317138,-0.007406786247903899,-9.902438649281516e-13
5.0,134.0,3306.275267312282,0.3599757493482536,100.00000000004145,14.999998221975481,-0.0073034739959571375,-8.8771521128067e-13
5.0,135.0,3999.9999961425765,0.00019893706956894544,100.0,6.017600154214693e-07,3.0293210668939412e-05,0.0
5.0,136.0,4000.0002424338672,-9.888589903420843e-05,100.0,-2.7432833143072806e-05,-1.5212333846319216e-05,0.0
5.0,137.0,3999.9997512971513,-0.00010007570225530796,100.0,2.8856502076042586e-05,-1.5075970121014588e-05,0.0
5.0,138.0,3327.6843221789404,0.3510093893680432,100.00000000004471,14.99999810127628,-0.007547298059296149,-9.92572451475413e-13
5.0,139.0,3321.5752654554703,0.35243833581458134,100.0000000000406,14.999998142326849,-0.007465265637831086,-8.90822040203127e-13
5.0,140.0,3999.9999972646706,0.0001807379528043707,100.0,1.4430977171438246e-06,-5.4500418920916745e-05,0.0
5.0,141.0,4000.0001786306348,-8.993954800537439e-05,100.0,-8.73222746989865e-05,2.70404148771215e-05,0.0
5.0,142.0,3999.9998172122896,-9.081510199554202e-05,100.0,8.981235662201397e-05,2.7469532367223764e-05,0.0
5.0,143.0,3342.9843202158954,0.3432590914685386,100.00000000004371,14.999998052743043,-0.007643147581200417,-9.942941446663533e-13
5.0,144.0,3336.87526353061,0.3447638322166755,100.00000000003975,14.999998086998689,-0.007575621137341161,-8.933594606508854e-13
5.0,145.0,3999.999998717812,0.00011114698354414903,100.0,1.3535100553811445e-06,-7.616163752880975e-05,0.0
5.0,146.0,4000.0000882089685,-5.53613542234113e-05,100.0,-8.614307185314738e-05,3.787377234371074e-05,0.0
5.0,147.0,3999.9999100344535,-5.579299088425604e-05,100.0,8.829655416952109e-05,3.82963610493401e-05,0.0
5.0,148.0,3358.284318211524,0.3354275656467027,100.00000000004272,14.99999801927705,-0.0077085462050435274,-9.9559510042439e-13
5.0,149.0,3352.1752615586033,0.3369958116889085,100.0000000000389,14.999998048785677,-0.007650910134843157,-8.955387412647764e-13
5.0,150.0,3999.999999836932,4.076534440123556e-05,100.0,8.544177865013985e-07,-6.0691120679457494e-05,0.0
5.0,151.0,4000.0000157285813,-2.0344766446367728e-05,100.0,-5.651503057429432e-05,3.02096847907456e-05,0.0
5.0,152.0,3999.999984241554,-2.0421045342651366e-05,100.0,5.778277067396701e-05,3.0486576922567007e-05,0.0
5.0,153.0,3373.5843161786975,0.3275406112674117,100.00000000004172,14.999997996273727,-0.007753178973690563,-9.966341465569101e-13
5.0,154.0,3367.475259554089,0.329163982975283,100.00000000003804,14.999998022492006,-0.007702287704819225,-8.975025026278547e-13
5.0,155.0,4000.0000004205986,-6.2378252938108206e-06,100.0,3.303197153644416e-07,-3.290170518804398e-05,0.0
5.0,156.0,3999.9999761832837,3.0617249224569745e-06,100.0,-2.3447393989727505e-05,1.6394450218986352e-05,0.0
5.0,157.0,4000.0000246125724,3.17904729308528e-06,100.0,2.3868910266609934e-05,1.6509076329102426e-05,0.0
5.0,158.0,3388.884314126329,0.31961582388034737,100.00000000004073,14.999997980494266,-0.007783647468887023,-9.975205136665705e-13
5.0,159.0,3382.775257527231,0.32128860613311466,100.00000000003719,14.999998004443492,-0.007737356864509465,-8.993476671127834e-13
5.0,160.0,4000.0000005543625,-2.6335450861348623e-05,100.0,-2.8720958909680906e-08,-8.671451507711155e-06,0.0
5.0,161.0,3999.9999655409215,1.3084918077895798e-05,100.0,8.553325152482001e-08,4.335898173297994e-06,0.0
5.0,162.0,4000.000035376396,1.3254098002269703e-05,100.0,-2.0599564444806274e-07,4.335191930200404e-06,0.0
5.0,163.0,3404.1843120605636,0.31166520658758334,100.00000000003973,14.999997969683962,-0.007804452384802562,-9.983149850816963e-13
5.0,164.0,3398.0752554850474,0.31338350065601267,100.00000000003634,14.999997992073615,-0.007761300636252089,-9.011408146869776e-13
5.0,165.0,4000.000000430465,-2.6941374796330302e-05,100.0,-1.88627320652101e-07,5.7004984737243925e-06,0.0
5.0,166.0,3999.999972142859,1.3403723496090024e-05,100.0,1.1172837240174261e-05,-2.8234109606771985e-06,0.0
5.0,167.0,4000.0000285222623,1.3540305414200406e-05,100.0,-1.1508659083841923e-05,-2.878358017774869e-06,0.0
5.0,168.0,3419.4843099856234,0.303696949421323,100.00000000003874,14.999997962283626,-0.00781866274198845,-9.990588827291083e-13
5.0,169.0,3413.3752534323635,0.3054580950559825,100.00000000003548,14.999997983603643,-0.007777653027436619,-9.02928465008838e-13
5.0,170.0,4000.0000002266697,-1.8135586321972464e-05,100.0,-2.005051083548834e-07,1.0565559158779601e-05,0.0
5.0,171.0,3999.999984662448,9.030911734945459e-06,100.0,1.263957025667152e-05,-5.2524024565338894e-06,0.0
5.0,172.0,4000.0000156590836,9.106002631692489e-06,100.0,-1.2963789665511838e-05,-5.314427873708803e-06,0.0
5.0,173.0,3434.784307904404,0.2957166420251375,100.00000000003774,14.999997957219719,-0.007828371750894604,-9.997806232723337e-13
5.0,174.0,3428.675251372492,0.29751882359243365,100.00000000003463,14.999997977807125,-0.007788824182101095,-9.04743971928558e-13
5.0,175.0,4000.0000000539085,-7.855741613203773e-06,100.0,-1.3845054586743023e-07,9.298052532309543e-06,0.0
5.0,176.0,3999.9999957523046,3.91764585078169e-06,100.0,9.066882884987457e-06,-4.6272289917805436e-06,0.0
5.0,177.0,4000.0000042984175,3.938349236022841e-06,100.0,-9.276205970467447e-06,-4.671666039938605e-06,0.0
5.0,178.0,3450.084305818887,0.28772810027570617,100.00000000003675,14.999997953755164,-0.007835007394646943,-1.0005001076485632e-12
5.0,179.0,3443.975249307702,0.28957007827734327,100.00000000003371,14.999997973841209,-0.007796458145938608,-9.064533674517715e-13
5.0,180.0,3999.999999954109,-3.487796756027544e-07,100.0,-6.241471740768606e-08,5.561476096148811e-06,0.0
5.0,181.0,4000.0000024242677,1.8020716256220952e-07,100.0,4.319429905778509e-06,-2.770349615489171e-06,0.0
5.0,182.0,3999.9999974814154,1.6823285446629862e-07,100.0,-4.4038385558554316e-06,-2.7914821682724943e-06,0.0
5.0,183.0,3465.3843037304305,0.27973392985837775,100.00000000003575,14.99999795138482,-0.00783954406795632,-1.001231665148586e-12
5.0,184.0,3459.2752472395478,0.2816148578834703,100.00000000003271,14.999997971127916,-0.007801676639212709,-9.071363214019871e-13
5.0,185.0,3999.999999922454,3.3149624569285143e-06,100.0,-5.434542036615946e-09,1.919589980311036e-06,0.0
5.0,186.0,4000.0000047577546,-1.6460492604233328e-06,100.0,6.191974368803522e-07,-9.583015367422887e-07,0.0
5.0,187.0,3999.999995111247,-1.6694184050613216e-06,100.0,-6.16114984444413e-07,-9.612941423127757e-07,0.0
5.0,188.0,3480.6843016399625,0.27173591058132224,100.00000000003476,14.99999794976289,-0.007842646819330425,-1.001986034434851e-12
5.0,189.0,3474.5752451690905,0.27365521048020824,100.00000000003172,14.999997969271446,-0.007805245187687849,-9.06945214515702e-13
5.0,190.0,3999.999999933671,3.926879099131912e-06,100.0,2.331495151852887e-08,-4.4852663554606237e-07,0.0
5.0,191.0,4000.000004254398,-1.9532134006156105e-06,100.0,-1.3376317307512922e-06,2.2105107872496748e-07,0.0
5.0,192.0,3999.9999956414845,-1.9740786127312992e-06,100.0,1.3810019724177172e-06,2.2763710430844741e-07,0.0
5.0,193.0,3495.984299548118,0.2637352585035657,100.00000000003376,14.999997948652815,-0.007844769677723101,-1.0027717043587662e-12
5.0,194.0,3489.8752430970576,0.2656925352466125,100.00000000003072,14.999997968000985,-0.007807686361678027,-9.061342091523658e-13
5.0,195.0,3999.9999999613533,2.890709483369194e-06,100.0,2.902722180033141e-08,-1.4157798847943824e-06,0.0
5.0,196.0,4000.0000025808818,-1.4391492382143104e-06,100.0,-1.8105568736424834e-06,7.035389377104822e-07,0.0
5.0,197.0,3999.9999973628355,-1.4517902148975742e-06,100.0,1.8583213596974632e-06,7.124269780703921e-07,0.0
5.0,198.0,3511.284297455332,0.2557328047638805,100.00000000003277,14.999997947892842,-0.007846222692782158,-1.0035958309174184e-12
5.0,199.0,3505.175241023946,0.25772778835553756,100.0000000000298,14.999997967131314,-0.007809356977594943,-9.050482489124417e-13
5.0,200.0,3999.999999987472,1.425718994899027e-06,100.0,2.192960720565393e-08,-1.3948894784332577e-06,0.0
5.0,201.0,4000.000000919388,-7.106474071571051e-07,100.0,-1.4229353898751467e-06,6.940241695235338e-07,0.0
5.0,202.0,3999.999999065918,-7.15137531873919e-07,100.0,1.456656458770073e-06,7.010001245095467e-07,0.0
5.0,203.0,3526.5842953619,0.24772911760991911,100.00000000003178,14.999997947372362,-0.007847217653058153,-1.0044648756595185e-12
5.0,204.0,3520.4752389500973,0.2497616234514024,100.00000000002895,14.999997966535801,-0.0078105007412979195,-9.048575874665716e-13
5.0,205.0,4000.0000000040377,2.5256367507480696e-07,100.0,1.1176265895724686e-08,-9.142829687614276e-07,0.0
5.0,206.0,3999.999999824285,-1.2670262468323618e-07,100.0,-7.596325957400764e-07,4.5531477358174426e-07,0.0
5.0,207.0,4000.000000185626,-1.2582725988885125e-07,100.0,7.753399001625368e-07,4.590333216153581e-07,0.0
5.0,208.0,3541.884293268027,0.2397245856887913,100.00000000003078,14.99999794701576,-0.007847899270303348,-1.00538506360053e-12
5.0,209.0,3535.7752368757424,0.24179448752329888,100.0000000000281,14.999997966127859,-0.007811284152901121,-9.054830128161367e-13
5.0,210.0,4000.0000000104997,-3.868293341014676e-07,100.0,2.3250930950157745e-09,-3.7871400239580854e-07,0.0
5.0,211.0,3999.9999993662937,1.9189220113445554e-07,100.0,-1.8995442775654727e-07,1.8889964305717714e-07,0.0
5.0,212.0,4000.000000651894,1.950066313732799e-07,100.0,1.918519262989664e-07,1.898245884779169e-07,0.0
5.0,213.0,3557.1842911738504,0.2317194749113889,100.00000000002979,14.999997946771327,-0.007848366454991079,-1.0063627274224438e-12
5.0,214.0,3551.0752348010415,0.23382668635287238,100.00000000002711,14.999997965848285,-0.007811821000641205,-9.060522915373049e-13
5.0,215.0,4000.0000000100085,-5.583124962385368e-07,100.0,-2.640471725282222e-09,2.076927231521619e-09,0.0
5.0,216.0,3999.999999363813,2.7762717821666924e-07,100.0,1.4324726234651912e-07,-6.946389202847645e-10,0.0
5.0,217.0,4000.0000006521464,2.807482297618302e-07,100.0,-1.4851315079087373e-07,-1.4014428876125495e-09,0.0
5.0,218.0,3572.4842890794666,0.2237139672854046,100.00000000002879,14.999997946603692,-0.007848686834966664,-1.007404584212202e-12
5.0,219.0,3566.3752327261027,0.22585842920421798,100.00000000002612,14.999997965656592,-0.0078121890741774174,-9.056395620095645e-13
5.0,220.0,4000.0000000063983,-4.508996056652852e-07,100.0,-4.094712860540281e-09,1.8124893868204482e-07,0.0
5.0,221.0,3999.999999577338,2.2443363437724908e-07,100.0,2.5229850822671016e-07,-9.001822443502765e-08,0.0
5.0,222.0,4000.000000432184,2.265045406461463e-07,100.0,-2.5917109731267646e-07,-9.125728454283011e-08,0.0
5.0,223.0,3587.7842869849396,0.21570818744217946,100.0000000000278,14.999997946488664,-0.007848906665571255,-1.008517977790285e-12
5.0,224.0,3581.6752306510007,0.21788985934805208,100.00000000002525,14.999997965525084,-0.007812441571601433,-9.052049245242533e-13
5.0,225.0,4000.0000000025348,-2.479945633132587e-07,100.0,-3.3998039450400243e-09,2.0471705549690942e-07,0.0
5.0,226.0,3999.9999998208373,1.2356632089467e-07,100.0,2.186664832181055e-07,-1.0183291603786308e-07,0.0
5.0,227.0,4000.0000001824296,1.2444229710253724e-07,100.0,-2.2397878249758636e-07,-1.0290524591580399e-07,0.0
5.0,228.0,3603.084284890315,0.20770222076261152,100.0000000000268,14.999997946409689,-0.007849057595825246,-1.0097111115439288e-12
5.0,229.0,3596.9752285757872,0.2099210749164851,100.00000000002437,14.999997965434817,-0.007812614886814295,-9.057448150072178e-13
5.0,230.0,3999.9999999998536,-6.84573420913603e-08,100.0,-1.9242459885435157e-09,1.467159783950558e-07,0.0
5.0,231.0,3999.999999996321,3.42195808002206e-08,100.0,1.2898563137610862e-07,-7.304784606952566e-08,0.0
5.0,232.0,4000.00000000289,3.423549297474465e-08,100.0,-1.317682077882524e-07,-7.367953497211248e-08,0.0
5.0,233.0,3618.384282795623,0.19969612576656237,100.0000000000258,14.999997946355428,-0.007849161289320531,-1.010993292172982e-12
5.0,234.0,3612.275226500497,0.20195214315584076,100.00000000002338,14.999997965372815,-0.007812733927249387,-9.057718029355687e-13
5.0,235.0,3999.9999999986367,3.9452601906875975e-08,100.0,-5.776706989271498e-10,6.980541532258256e-08,0.0
5.0,236.0,4000.0000000804557,-1.9533045934715162e-08,100.0,4.3093922304463144e-08,-3.4799009860411276e-08,0.0
5.0,237.0,3999.9999999171064,-1.9928769231630257e-08,100.0,-4.37430384648667e-08,-3.500937625898374e-08,0.0
5.0,238.0,3633.6842807008857,0.1916899425840645,100.00000000002481,14.999997946318123,-0.007849232580905299,-1.0123752030254802e-12
5.0,239.0,3627.5752244251535,0.19398311017065292,100.00000000002248,14.9999979653302,-0.007812815746167507,-9.053138396120401e-13
5.0,240.0,3999.9999999985216,7.711143874176123e-08,100.0,2.533356666574703e-10,9.917938421662754e-09,0.0
5.0,241.0,4000.000000093046,-3.833210170136978e-08,100.0,-1.2021522469425565e-08,-4.9877845743490834e-09,0.0
5.0,242.0,3999.999999904559,-3.8788721625867726e-08,100.0,1.2599156012851524e-08,-4.928139153916778e-09,0.0
5.0,243.0,3648.9842786061163,0.1836836987495042,100.00000000002382,14.999997946292455,-0.007849281633763997,-1.013869226328583e-12
5.0,244.0,3642.875222349774,0.18601400758747044,100.00000000002159,14.999997965300887,-0.007812872024438642,-9.058205282804653e-13
5.0,245.0,3999.9999999989664,6.887712957930013e-08,100.0,5.60428899291075e-10,-2.1717949760491386e-08,0.0
5.0,246.0,4000.0000000675927,-3.427606991064943e-08,100.0,-3.399919399669873e-08,1.0777289151422406e-08,0.0
5.0,247.0,3999.999999930841,-3.4607358131584724e-08,100.0,3.4961430221684645e-08,1.0944350375436152e-08,0.0
5.0,248.0,3664.2842765113246,0.17567741316622756,100.00000000002282,14.999997946274778,-0.00784931541389361,-1.01548983656429e-12
5.0,249.0,3658.17522027437,0.1780448571138064,100.00000000002059,14.999997965280707,-0.007812910766752529,-9.056218903698024e-13
5.0,250.0,3999.9999999995252,4.174329387088007e-08,100.0,5.163789777788678e-10,-2.9332449070801676e-08,0.0
5.0,251.0,4000.0000000327586,-2.0792862177401103e-08,100.0,-3.290691698398809e-08,1.4587131400445368e-08,0.0
5.0,252.0,3999.9999999665947,-2.095314680928697e-08,100.0,3.372614376003112e-08,1.4748553485978584e-08,0.0
5.0,253.0,3679.5842744165184,0.16767109882034234,100.00000000002183,14.999997946262592,-0.00784933869831865,-1.0172540928276957e-12
5.0,254.0,3673.475218198949,0.17007567365827522,100.00000000001974,14.999997965266802,-0.007812937461294963,-9.054970110795787e-13
5.0,255.0,3999.999999999949,1.4838910124686227e-08,100.0,3.21401751988202e-10,-2.303035277954947e-08,0.0
5.0,256.0,4000.000000005249,-7.4067999577368325e-09,100.0,-2.1285717043338e-08,1.146399976622559e-08,0.0
5.0,257.0,3999.999999994758,-7.4322163489235074e-09,100.0,2.176088814589968e-08,1.1568282394949055e-08,0.0
5.0,258.0,3694.8842723217017,0.15966476463910848,100.00000000002083,14.999997946254185,-0.007849354764727855,-1.0191822670190642e-12
5.0,259.0,3688.7752161235157,0.16210646746687718,100.00000000001877,14.999997965257213,-0.007812955872874158,-9.058080636324665e-13
5.0,260.0,4000.000000000167,-2.8775649763072767e-09,100.0,1.2087106932054064e-10,-1.2281313477010846e-08,0.0
5.0,261.0,3999.999999990483,1.4159293870924652e-09,100.0,-8.612926742621147e-09,6.11993770968271e-09,0.0
5.0,262.0,4000.0000000098303,1.4627976140955588e-09,100.0,8.764913778244955e-09,6.1620369175103426e-09,0.0
5.0,263.0,3710.1842702268777,0.1516584167641116,100.00000000001984,14.999997946248378,-0.007849365863371947,-1.0212986585739794e-12
5.0,264.0,3704.075214048075,0.1541372455862927,100.00000000001786,14.999997965250591,-0.007812968585552032,-9.053107186249898e-13
5.0,265.0,4000.0000000002137,-1.0275133593756493e-08,100.0,-1.4786239915140674e-11,-3.0592053599928803e-09,0.0
5.0,266.0,3999.9999999867196,5.105653126793436e-09,100.0,2.799781234884904e-10,1.5302629301849684e-09,0.0
5.0,267.0,4000.000000013633,5.1708493975234514e-09,100.0,-3.3201001281945775e-10,1.5287813889754962e-09,0.0
5.0,268.0,3725.4842681320492,0.1436520594239171,100.00000000001884,14.999997946244362,-0.00784937354009544,-1.0236326675261104e-12
5.0,269.0,3719.375211972628,0.14616801286665707,100.00000000001695,14.999997965246013,-0.007812977374036795,-9.058429591345799e-13
5.0,270.0,4000.000000000164,-1.0301910153305416e-08,100.0,-7.402040377803586e-11,2.329412068229156e-09,0.0
5.0,271.0,3999.9999999894235,5.1255315221414845e-09,100.0,4.38630859019579e-09,-1.154169743518724e-09,0.0
5.0,272.0,4000.0000000108275,5.177383318932511e-09,100.0,-4.517075243758492e-09,-1.1757373940705538e-09,0.0
5.0,273.0,3740.7842660372166,0.13564569553250116,100.00000000001785,14.999997946241578,-0.007849378857555562,-1.0262202300473246e-12
5.0,274.0,3734.675209897177,0.13819877264908262,100.000000000016,14.999997965242846,-0.007812983457977598,-9.054391061480606e-13
5.0,275.0,4000.0000000000846,-6.8379342827361685e-09,100.0,-7.698731721760438e-11,4.0886995862171465e-09,0.0
5.0,276.0,3999.9999999942697,3.4051890829463672e-09,100.0,4.845834801942024e-09,-2.032704112272353e-09,0.0
5.0,277.0,4000.0000000058485,3.4332387756801758e-09,100.0,-4.969419280407802e-09,-2.0564812543154897e-09,0.0
5.0,278.0,3756.084263942382,0.1276393270998499,100.00000000001685,14.999997946239647,-0.00784938254678428,-1.029105771046949e-12
5.0,279.0,3749.9752078217234,0.1302295272372831,100.0000000000151,14.999997965240647,-0.00781298767615631,-9.058011122933719e-13
5.0,280.0,4000.000000000019,-2.8940444440386754e-09,100.0,-5.243677154187461e-11,3.5398994932533147e-09,0.0
5.0,281.0,3999.999999998493,1.4433948400916625e-09,100.0,3.4276677510438896e-09,-1.7617101384363905e-09,0.0
5.0,282.0,4000.000000001523,1.4507351787477895e-09,100.0,-3.506005294532724e-09,-1.7785068092571556e-09,0.0
5.0,283.0,3771.384261847545,0.1196329555138421,100.00000000001586,14.999997946238306,-0.007849385111075247,-1.0323449087830688e-12
5.0,284.0,3765.2752057462676,0.12226027822127626,100.00000000001415,14.999997965239123,-0.007812990605863218,-9.053666014094759e-13
5.0,285.0,3999.9999999999814,-5.441855455628975e-11,100.0,-2.3137974377220216e-11,2.086041507906283e-09,0.0
5.0,286.0,4000.0000000009964,2.9600882148830755e-11,100.0,1.6009589652441296e-09,-1.0391707121977412e-09,0.0
5.0,287.0,3999.9999999989654,2.4681641868708035e-11,100.0,-1.631505009193993e-09,-1.0470016060604028e-09,0.0
5.0,288.0,3786.684259752708,0.11162658173388453,100.00000000001486,14.99999794623737,-0.007849386897227886,-1.0360082779055454e-12
5.0,289.0,3780.575203670812,0.11429102669969178,100.00000000001326,14.99999796523806,-0.007812992644746377,-9.058014835636093e-13
5.0,290.0,3999.99999999997,1.305290728976094e-09,100.0,-1.4407528226202405e-12,6.953032979706582e-10,0.0
5.0,291.0,4000.0000000018426,-6.482176950961764e-10,100.0,1.979105564470595e-10,-3.471743798565215e-10,0.0
5.0,292.0,3999.9999999981064,-6.57267836645612e-10,100.0,-1.953544089965595e-10,-3.481274189714106e-10,0.0
5.0,293.0,3801.984257657871,0.10362020642401336,100.00000000001387,14.999997946236718,-0.007849388144431445,-1.040187059027572e-12
5.0,294.0,3795.875201595356,0.10632177343254076,100.0000000000123,14.999997965237318,-0.007812994066960266,-9.053068218778237e-13
5.0,295.0,3999.9999999999745,1.5070706378457717e-09,100.0,9.30401383870225e-12,-1.9628160260360874e-10,0.0
5.0,296.0,4000.0000000016207,-7.496401028202634e-10,100.0,-5.317012067953254e-10,9.686381946337557e-11,0.0
5.0,297.0,3999.9999999983393,-7.575873590093893e-10,100.0,5.490801662350168e-10,9.948127494883855e-11,0.0
5.0,298.0,3817.2842555630336,0.09561383004444929,100.00000000001288,14.999997946236261,-0.007849389017825963,-1.0450011900287525e-12
5.0,299.0,3811.175199519897,0.09835251894627038,100.00000000001141,14.999997965236801,-0.007812995061705224,-9.058276033442693e-13
5.0,300.0,3999.9999999999854,1.0937879534922364e-09,100.0,1.1416150632279402e-11,-5.511966500759889e-10,0.0
5.0,301.0,4000.0000000009686,-5.445648069722376e-10,100.0,-6.969163867600528e-10,2.73923641466393e-10,0.0
5.0,302.0,3999.99999999901,-5.49309106618033e-10,100.0,7.155388007259959e-10,2.773443568649475e-10,0.0
5.0,303.0,3832.5842534681965,0.08760745291462119,100.00000000001174,14.99999794623594,-0.007849389631557773,-1.048337391181454e-12
5.0,304.0,3826.4751974444366,0.09038326360605828,100.00000000001047,14.999997965236437,-0.00781299575969617,-9.054012356699287e-13
5.0,305.0,3999.9999999999945,5.294422942984374e-10,100.0,8.713625647610465e-12,-5.328322682858469e-10,0.0
5.0,306.0,4000.0000000003342,-2.639177590195028e-10,100.0,-5.397247022698894e-10,2.6511875129289547e-10,0.0
5.0,307.0,3999.9999999996608,-2.655480123671696e-10,100.0,5.526465523104859e-10,2.6776449820831247e-10,0.0
5.0,308.0,3847.884251373356,0.07960107525658291,100.0000000000106,14.999997946235712,-0.007849390064629038,-1.0483481938918928e-12
5.0,309.0,3841.7751953689763,0.08241400766560078,100.00000000000954,14.999997965236181,-0.007812996251353423,-9.057676463992553e-13
5.0,310.0,4000.0000000000014,8.419137440057467e-11,100.0,4.458036818826942e-12,-3.4434064531801817e-10,0.0
5.0,311.0,3999.999999999922,-4.228414977332294e-11,100.0,-2.8345314721453356e-10,1.7148899672311285e-10,0.0
5.0,312.0,4000.0000000000828,-4.1893263927136116e-11,100.0,2.891643946431284e-10,1.7287580427887987e-10,0.0
5.0,313.0,3863.1842492785145,0.07159469722494669,100.00000000000946,14.999997946235553,-0.007849390371802446,-1.0457231655305562e-12
5.0,314.0,3857.075193293516,0.07444475130142786,100.00000000000865,14.999997965236,-0.00781299659931379,-9.055598748690577e-13
5.0,315.0,4000.000000000004,-1.5454267103939982e-10,100.0,9.19215882091485e-13,-1.3909756879717617e-10,0.0
5.0,316.0,3999.9999999997526,7.667795696508963e-11,100.0,-6.668698715958351e-11,6.938839279436591e-11,0.0
5.0,317.0,4000.000000000254,7.78916477657458e-11,100.0,6.715436299178974e-11,6.971250829232225e-11,0.0
5.0,318.0,3878.484247183673,0.06358831892753491,100.00000000000844,14.999997946235439,-0.007849390591112022,-1.0428562521448942e-12
5.0,319.0,3872.3751912180555,0.066475494636572,100.00000000000769,14.999997965235872,-0.007812996847043608,-9.052959948046292e-13
5.0,320.0,4000.000000000004,-2.151585680442931e-10,100.0,-1.0054322740961503e-12,4.794184892232457e-12,0.0
5.0,321.0,3999.9999999997563,1.0699488636306604e-10,100.0,5.842058755439935e-11,-2.2572841112811843e-12,0.0
5.0,322.0,4000.0000000002497,1.0818765396679501e-10,100.0,-6.037822232559015e-11,-2.5445293278815207e-12,0.0
5.0,323.0,3893.784245088831,0.055581940439634936,100.00000000000745,14.999997946235354,-0.007849390749045025,-1.0442041162877173e-12
5.0,324.0,3887.675189142595,0.05850623775690326,100.00000000000678,14.999997965235778,-0.00781299702477639,-9.058979794042485e-13
5.0,325.0,4000.000000000004,-1.7118112550718522e-10,100.0,-1.9145718802655707e-12,7.114593299167556e-11,0.0
5.0,326.0,3999.999999999841,8.520762623756136e-11,100.0,9.764294907259207e-11,-3.533853537665711e-11,0.0
5.0,327.0,4000.0000000001633,8.598798266890599e-11,100.0,-1.003825721877544e-10,-3.581762926076351e-11,0.0
5.0,328.0,3909.0842429939894,0.04757556181383328,100.00000000000634,14.999997946235295,-0.007849390864130576,-1.046518315751427e-12
5.0,329.0,3902.975187067135,0.050536980722403146,100.00000000000587,14.999997965235712,-0.00781299715361701,-9.05197758077747e-13
5.0,330.0,4000.000000000003,-9.26385142561215e-11,100.0,-2.314808177432028e-12,7.847839858266498e-11,0.0
5.0,331.0,3999.9999999999345,4.616071514987901e-11,100.0,8.313628888873776e-11,-3.903918587671083e-11,0.0
5.0,332.0,4000.0000000000673,4.6482912505465565e-11,100.0,-8.541350418424702e-11,-3.944722105682716e-11,0.0
5.0,333.0,3924.3842408991477,0.03956918308677677,100.00000000000524,14.99999794623525,-0.00784939094945162,-1.0436327274913984e-12
5.0,334.0,3918.2751849916745,0.04256772357493135,100.00000000000492,14.999997965235663,-0.007812997248397815,-9.05494655725795e-13
5.0,335.0,4000.0000000000023,-2.427454083440058e-11,100.0,-1.9235573706438028e-12,5.5457611236497295e-11,0.0
5.0,336.0,4000.000000000001,1.2138228681236015e-11,100.0,4.8156093235063706e-11,-2.761254925452296e-11,0.0
5.0,337.0,3999.9999999999995,1.2135273839243878e-11,100.0,-4.957022959944818e-11,-2.7849317514411253e-11,0.0
5.0,338.0,3939.684238804306,0.031562804283750905,100.00000000000423,14.999997946235217,-0.00784939101447602,-1.0454034396536269e-12
5.0,339.0,3933.575182916214,0.03459846634353081,100.000000000004,14.999997965235625,-0.007812997319712855,-9.058054256371421e-13
5.0,340.0,4000.0000000000023,1.6210337672693656e-11,100.0,-1.7084239126502576e-12,2.5867872122357664e-11,0.0
5.0,341.0,4000.000000000032,-8.029191372840774e-12,100.0,1.5389754810865953e-11,-1.289647720220595e-11,0.0
5.0,342.0,3999.9999999999677,-8.184740073956358e-12,100.0,-1.5991180420085067e-11,-1.2972441615994757e-11,0.0
5.0,343.0,3954.9842367094643,0.02355642542155763,100.00000000000313,14.999997946235188,-0.007849391066667901,-1.044169212481865e-12
5.0,344.0,3948.8751808407537,0.026629209047917088,100.00000000000308,14.999997965235597,-0.007812997375519175,-9.061391419205143e-13
5.0,345.0,4000.0000000000023,2.9863479018522486e-11,100.0,-1.6068020413251963e-12,3.160939680822621e-12,0.0
5.0,346.0,4000.000000000036,-1.4845965880265894e-11,100.0,-5.348929948069764e-12,-1.5928736729990808e-12,0.0
5.0,347.0,3999.999999999963,-1.5021101222005595e-11,100.0,5.3420849009767284e-12,-1.5672437240400515e-12,0.0
5.0,348.0,3970.2657274898725,0.01555973115499108,100.00000000000209,14.999997946235165,-0.00784939111157211,-1.0471363422110252e-12
5.0,349.0,3964.1751787652934,0.018659951700252364,100.00000000000217,14.999997965235572,-0.00781299742319167,-9.063624617764867e-13
5.0,350.0,4000.0000000000023,2.623462691744184e-11,100.0,-1.5587992581787588e-12,-8.631791138384562e-12,0.0
5.0,351.0,4000.0000000000255,-1.3055858796251487e-11,100.0,-1.337771485437754e-11,4.2841242339792206e-12,0.0
5.0,352.0,3999.9999999999736,-1.3181142632937735e-11,100.0,1.3694401305276738e-11,4.349094532566124e-12,0.0
5.0,353.0,3985.15207800422,0.007769810914960139,100.0000000000011,14.114395788025746,-0.007385961889314636,-9.98894874735741e-13
5.0,354.0,3979.3196126557145,0.010771722414398251,100.00000000000131,14.947953642239247,-0.0077858893070795136,-9.145260236455696e-13
5.0,355.0,4000.0000000000023,1.5666980505433857e-11,100.0,-1.5361243442083873e-12,-1.1289280496136749e-11,0.0
5.0,356.0,4000.000000000012,-7.8042623932096e-12,100.0,-1.2590897602923439e-11,5.614442342879885e-12,0.0
5.0,357.0,3999.9999999999873,-7.863718037704143e-12,100.0,1.30247407888432e-11,5.676069938862863e-12,0.0
5.0,358.0,3997.1029152510687,0.001516023656701716,100.00000000000024,9.387656434981734,-0.004912493162825041,-6.776702649755163e-13
5.0,359.0,3992.917707086843,0.0036889296337064424,100.00000000000048,11.544844329218256,-0.006013323452997426,-7.242547732199128e-13
5.0,360.0,4000.0000000000023,5.387982593875206e-12,100.0,-1.525413471007655e-12,-8.734753937725042e-12,0.0
5.0,361.0,4000.0000000000014,-2.6898499383108045e-12,100.0,-7.893109487457512e-12,4.348113299700805e-12,0.0
5.0,362.0,3999.999999999998,-2.6981458237927575e-12,100.0,8.305687631422724e-12,4.387364218842634e-12,0.0
5.0,363.0,4003.725781752959,-0.0019496748032976298,99.99999999999976,3.9868150039500674,-0.002086271654016166,-2.972689145713037e-13
5.0,364.0,4001.731080759893,-0.0009016620755776779,99.99999999999991,6.041247248547618,-0.0031466837336123774,-3.893997442018718e-13
5.0,365.0,4000.0000000000023,-1.2857754614576264e-12,100.0,-1.520354011691864e-12,-4.5803307491417256e-12,0.0
5.0,366.0,3999.999999999996,6.337814642083016e-13,100.0,-3.0072757807882893e-12,2.282567656012136e-12,0.0
5.0,367.0,4000.000000000004,6.524513841283699e-13,100.0,3.2297681052107063e-12,2.298002425445973e-12,0.0
5.0,368.0,4005.5968492095244,-0.002928790968162804,99.9999999999996,0.09019245673858123,-4.719707299839237e-05,-1.5584109564684666e-14
5.0,369.0,4005.31002987792,-0.0027658170315890958,99.99999999999967,1.4027694156030615,-0.0007306557014330609,-9.80639015378083e-14
5.0,370.0,4000.0000000000023,-4.004320454995616e-12,100.0,-1.517964091833005e-12,-1.0721785769527537e-12,0.0
5.0,371.0,3999.999999999995,1.989869351105652e-12,100.0,3.0870260884186637e-13,5.365662059880584e-13,0.0
5.0,372.0,4000.000000000005,2.0149764092250594e-12,100.0,-2.036046544179332e-13,5.355421920850054e-13,0.0
5.0,373.0,4004.591889322234,-0.002402902687092604,99.99999999999967,-1.7808795057199873,0.0009319214438126169,1.2572250636415686e-13
5.0,374.0,4005.2086102529,-0.002712990947507268,99.99999999999966,-1.2616904768125867,0.0006571723829795683,7.335956933744143e-14
5.0,375.0,4000.0000000000023,-3.937117303762014e-12,100.0,-1.5168351733902892e-12,9.46787487793456e-13,0.0
5.0,376.0,3999.999999999995,1.958911320238247e-12,100.0,1.9053798436910737e-12,-4.692635850717113e-13,0.0
5.0,377.0,4000.000000000005,1.9785860945097003e-12,100.0,-1.855735074808511e-12,-4.777166008258221e-13,0.0
5.0,378.0,4002.567537732392,-0.0013435740493946307,99.99999999999982,-2.0637113421665543,0.0010799253148582393,1.4550155248434086e-13
5.0,379.0,4003.402933788656,-0.0017724744480563928,99.9999999999998,-2.0945049458417095,0.001090957601327566,1.2819935354210828e-13
5.0,380.0,4000.0000000000023,-2.576699049322034e-12,100.0,-1.5163019099649154e-12,1.5809637185462943e-12,0.0
5.0,381.0,3999.9999999999977,1.2832066364455525e-12,100.0,2.3419974264073307e-12,-7.860198514153506e-13,0.0
5.0,382.0,4000.0000000000023,1.2936756614213794e-12,100.0,-2.318546893131854e-12,-7.951294086742165e-13,0.0
5.0,383.0,4000.744825058334,-0.00038976160467715153,99.99999999999996,-1.5008632575771934,0.0007853909586800109,1.0680788752852457e-13
5.0,384.0,4001.401591704439,-0.0007300422653673226,99.99999999999994,-1.7810582591578166,0.0009276937038094715,1.041163664885533e-13
5.0,385.0,4000.0000000000023,-1.064514609033292e-12,100.0,-1.5160500141059394e-12,1.346993643324971e-12,0.0
5.0,386.0,3999.999999999998,5.309777547225351e-13,100.0,1.7553450454133667e-12,-6.703838699146285e-13,0.0
5.0,387.0,4000.000000000002,5.335652700389747e-13,100.0,-1.7442677955181128e-12,-6.767293190333841e-13,0.0
5.0,388.0,4000.5985336757763,-0.00031320837531007006,99.99999999999997,-1.4246969714775233,0.0007455336885967192,1.0102555332077838e-13
5.0,389.0,4001.2267272969857,-0.0006389612414889245,99.99999999999996,-1.715590672713691,0.0008935938268903485,9.921306318203601e-14
5.0,390.0,4000.0000000000023,-9.322557051184156e-13,100.0,-1.5160337194607742e-12,1.2976982003217381e-12,0.0
5.0,391.0,3999.999999999998,4.651510801226287e-13,100.0,1.7161324978774607e-12,-6.459068944815996e-13,0.0
5.0,391.1,4000.000000000002,4.671214637820412e-13,100.0,-1.7058556512243574e-12,-6.519032969733076e-13,0.0
